cell_line,target,sens,sens_label
LS513,EGFR+ctrl,0.1761154703001829,0
A101D,EGFR+ctrl,0.0795361734117545,0
HCC827,EGFR+ctrl,0.8144614242944395,1
ONCODG1,EGFR+ctrl,0.0836482178289973,0
HS294T,EGFR+ctrl,0.0313247992544124,0
NCIH1581,EGFR+ctrl,0.059775971527102,0
T24,EGFR+ctrl,0.1157622311522629,0
MCF7,EGFR+ctrl,0.1170706564020537,0
NCIH1693,EGFR+ctrl,0.3094099580411895,1
PATU8988S,EGFR+ctrl,0.3123654480242507,1
PATU8988T,EGFR+ctrl,0.1068157145735337,0
253JBV,EGFR+ctrl,0.3373386161506455,1
NCIH1650,EGFR+ctrl,0.1907803137166261,0
S117,EGFR+ctrl,0.0500322655495474,0
U118MG,EGFR+ctrl,0.0613986462836856,0
PANC0203,EGFR+ctrl,0.2759799341815463,1
ACHN,EGFR+ctrl,0.2746907273263095,1
GCIY,EGFR+ctrl,0.2848165374681592,1
TOV112D,EGFR+ctrl,0.2871138917826135,1
A673,EGFR+ctrl,0.087052592652471,0
HT1080,EGFR+ctrl,0.0285773274410001,0
PANC1005,EGFR+ctrl,0.2193631113619432,1
RERFLCMS,EGFR+ctrl,0.0798163978133945,0
HCC4006,EGFR+ctrl,0.7620029145389157,1
G292CLONEA141B1,EGFR+ctrl,0.0872364562215801,0
SKES1,EGFR+ctrl,0.1628927946593317,0
PC3,EGFR+ctrl,0.1007873430548154,0
OV56,EGFR+ctrl,0.1005257068953783,0
NCIH2452,EGFR+ctrl,0.0108909455373786,0
ZR751,EGFR+ctrl,0.0773424132519223,0
GAMG,EGFR+ctrl,0.001,0
GMS10,EGFR+ctrl,0.0934303884606,0
CAPAN2,EGFR+ctrl,0.2446321101070849,1
KP3,EGFR+ctrl,0.1188502501880168,0
EFM192A,EGFR+ctrl,0.2939058689950005,1
HUPT3,EGFR+ctrl,0.0911713149259444,0
COV434,EGFR+ctrl,0.1872638075724828,0
JHOS2,EGFR+ctrl,0.2166534304295186,1
8MGBA,EGFR+ctrl,0.0752925518827543,0
CFPAC1,EGFR+ctrl,0.2736194280717292,1
PANC0327,EGFR+ctrl,0.248631372791982,1
SNU308,EGFR+ctrl,0.0474597387596384,0
CAL29,EGFR+ctrl,0.2666100066574779,1
NCIH2052,EGFR+ctrl,0.070632856303423,0
OSRC2,EGFR+ctrl,0.0597444864372975,0
CORL105,EGFR+ctrl,0.522822189048006,1
SW579,EGFR+ctrl,0.0385546784048943,0
PANC1,EGFR+ctrl,0.001,0
RD,EGFR+ctrl,0.1171043574931924,0
VMRCRCZ,EGFR+ctrl,0.1117805504036999,0
TM87,EGFR+ctrl,0.1076769289609955,0
CAL62,EGFR+ctrl,0.0960533519990153,0
LOUNH91,EGFR+ctrl,0.255114798414525,1
HS766T,EGFR+ctrl,0.0774525849019445,0
SNU869,EGFR+ctrl,0.1776187309417958,0
NCIH2444,EGFR+ctrl,0.0614398772756985,0
SCC25,EGFR+ctrl,0.4380338643068341,1
BHT101,EGFR+ctrl,0.0740500140371043,0
MFE280,EGFR+ctrl,0.1999545458636126,0
A204,EGFR+ctrl,0.1948017048232359,0
PK59,EGFR+ctrl,0.2047805031732078,1
DETROIT562,EGFR+ctrl,0.2369010476586104,1
SNU1079,EGFR+ctrl,0.0601138276213386,0
CADOES1,EGFR+ctrl,0.1077505012014528,0
DAOY,EGFR+ctrl,0.058799437444472,0
JHH6,EGFR+ctrl,0.0524985848550673,0
A375,EGFR+ctrl,0.0265776495124426,0
SNU398,EGFR+ctrl,0.113020129619245,0
ASPC1,EGFR+ctrl,0.1435207159689858,0
HCC1937,EGFR+ctrl,0.1315700670519535,0
BICR31,EGFR+ctrl,0.1886558725461363,0
KALS1,EGFR+ctrl,0.0022923899330919,0
JHOM1,EGFR+ctrl,0.0898415570569783,0
DANG,EGFR+ctrl,0.1022591008892339,0
DKMG,EGFR+ctrl,0.1345585412426735,0
KMRC20,EGFR+ctrl,0.0613956139293007,0
LS1034,EGFR+ctrl,0.1271438639738213,0
LMSU,EGFR+ctrl,0.0549630079234795,0
KELLY,EGFR+ctrl,0.0667911180821227,0
SKNAS,EGFR+ctrl,0.0332432285122177,0
SNU213,EGFR+ctrl,0.4383775939459393,1
SNU245,EGFR+ctrl,0.2410911825521337,1
HPAC,EGFR+ctrl,0.2219850285955581,1
SF539,EGFR+ctrl,0.1060996181730963,0
HS852T,EGFR+ctrl,0.108181153425502,0
HCC38,EGFR+ctrl,0.0593832945951557,0
HCC1419,EGFR+ctrl,0.3284166276336608,1
COV362,EGFR+ctrl,0.0849882500964362,0
SNU840,EGFR+ctrl,0.1717669735024495,0
BT549,EGFR+ctrl,0.1096657902062738,0
SNU466,EGFR+ctrl,0.0232640810145106,0
NCIH841,EGFR+ctrl,0.1349274732141854,0
OUMS23,EGFR+ctrl,0.077056300536851,0
SNU1077,EGFR+ctrl,0.0940774657817451,0
ECGI10,EGFR+ctrl,0.3744029456638483,1
PK1,EGFR+ctrl,0.2147107600474834,1
EFO21,EGFR+ctrl,0.1323949669848321,0
SKLU1,EGFR+ctrl,0.0550275093935694,0
NCIH2122,EGFR+ctrl,0.14082672148313,0
SKNBE2,EGFR+ctrl,0.0594042710977648,0
SNU886,EGFR+ctrl,0.2128560591262617,1
TE10,EGFR+ctrl,0.2744036540301102,1
MPP89,EGFR+ctrl,0.001,0
HT144,EGFR+ctrl,0.0637242720095008,0
42MGBA,EGFR+ctrl,0.0336228995424958,0
JHOC5,EGFR+ctrl,0.4479808731700814,1
CCFSTTG1,EGFR+ctrl,0.0250107884938839,0
ISTMES2,EGFR+ctrl,0.0364168127584653,0
YAPC,EGFR+ctrl,0.2447006282428043,1
MSTO211H,EGFR+ctrl,0.1475871782255421,0
NCIH522,EGFR+ctrl,0.1759447521958839,0
SNU668,EGFR+ctrl,0.0323760753145638,0
QGP1,EGFR+ctrl,0.0753307583849046,0
MKN1,EGFR+ctrl,0.1813099475838364,0
HCC1428,EGFR+ctrl,0.1141800475261465,0
MKN45,EGFR+ctrl,0.1307954763000473,0
MG63,EGFR+ctrl,0.1171473740399755,0
SKHEP1,EGFR+ctrl,0.0863867514519803,0
U2OS,EGFR+ctrl,0.0661240462409824,0
NCIH226,EGFR+ctrl,0.1009258886870992,0
SNU1105,EGFR+ctrl,0.0428645396458392,0
HCC1143,EGFR+ctrl,0.178566520652511,0
SF295,EGFR+ctrl,0.1067185403229837,0
OE33,EGFR+ctrl,0.1849190657836008,0
SW780,EGFR+ctrl,0.2042141359200693,1
H4,EGFR+ctrl,0.001,0
LUDLU1,EGFR+ctrl,0.1914951302210359,0
MHHES1,EGFR+ctrl,0.0958346962590377,0
HLF,EGFR+ctrl,0.0672968272021886,0
NCIH520,EGFR+ctrl,0.0954580037833732,0
TEN,EGFR+ctrl,0.0670898967724382,0
COLO800,EGFR+ctrl,0.1129841643332258,0
NCIH747,EGFR+ctrl,0.1475626741295013,0
K029AX,EGFR+ctrl,0.0776848367141977,0
TE5,EGFR+ctrl,0.1994593342536412,0
769P,EGFR+ctrl,0.2659585523488585,1
NCIH1944,EGFR+ctrl,0.131769492887699,0
BICR6,EGFR+ctrl,0.1256587464351422,0
PANC0813,EGFR+ctrl,0.1712081118130244,0
SW1353,EGFR+ctrl,0.001,0
SW837,EGFR+ctrl,0.4098829298957536,1
SKMEL3,EGFR+ctrl,0.0757768029416605,0
UACC62,EGFR+ctrl,0.1227315235429569,0
NCIN87,EGFR+ctrl,0.4985704596211407,1
UO31,EGFR+ctrl,0.1342986615301122,0
A704,EGFR+ctrl,0.001,0
NCIH1915,EGFR+ctrl,0.0648817329832827,0
SW1088,EGFR+ctrl,0.0950863855943013,0
KNS60,EGFR+ctrl,0.0885640732481235,0
NCIH2228,EGFR+ctrl,0.0046861661273865,0
TE8,EGFR+ctrl,0.2280171828387869,1
HCC95,EGFR+ctrl,0.235064802696306,1
CAL54,EGFR+ctrl,0.0774530792994954,0
CJM,EGFR+ctrl,0.0657340582062971,0
SNU1196,EGFR+ctrl,0.0840521919080208,0
NCIH460,EGFR+ctrl,0.055780558826407,0
PK45H,EGFR+ctrl,0.1435278046837773,0
YH13,EGFR+ctrl,0.0896993025006148,0
LI7,EGFR+ctrl,0.0676940608944866,0
HSC2,EGFR+ctrl,0.267706614084837,1
RT112,EGFR+ctrl,0.2883302145019129,1
KNS81,EGFR+ctrl,0.0756018309956387,0
HUH7,EGFR+ctrl,0.0940531962681727,0
NCIH2170,EGFR+ctrl,0.419169582404072,1
RERFLCKJ,EGFR+ctrl,0.1050158180735876,0
VMRCRCW,EGFR+ctrl,0.0469312417151503,0
KU1919,EGFR+ctrl,0.1132780807271982,0
SNU423,EGFR+ctrl,0.0724880944268717,0
TUHR4TKB,EGFR+ctrl,0.2281172561214619,1
NCIH1792,EGFR+ctrl,0.0531763106751819,0
SNU46,EGFR+ctrl,0.0280006649593455,0
BICR16,EGFR+ctrl,0.3356302682240173,1
SNB75,EGFR+ctrl,0.0998614916787854,0
RKN,EGFR+ctrl,0.001,0
CAL78,EGFR+ctrl,0.0746895307800639,0
SNU410,EGFR+ctrl,0.001,0
NCIH2030,EGFR+ctrl,0.1649392770448283,0
KURAMOCHI,EGFR+ctrl,0.1053779021294161,0
OVISE,EGFR+ctrl,0.2495671362528411,1
ABC1,EGFR+ctrl,0.0493492333524645,0
BXPC3,EGFR+ctrl,0.0920039047477947,0
OE21,EGFR+ctrl,0.4475480869188549,1
VMCUB1,EGFR+ctrl,0.2583629784169848,1
SNU1076,EGFR+ctrl,0.4562893915413607,1
HT29,EGFR+ctrl,0.0741399249800069,0
SQ1,EGFR+ctrl,0.2599354197726742,1
A172,EGFR+ctrl,0.0757294815235228,0
TT,EGFR+ctrl,0.3738329695814379,1
EBC1,EGFR+ctrl,0.1040206753304965,0
RCM1,EGFR+ctrl,0.1587971273734183,0
SW1710,EGFR+ctrl,0.1383511957007932,0
ISTMES1,EGFR+ctrl,0.1353226765082629,0
T98G,EGFR+ctrl,0.0489259898800427,0
G361,EGFR+ctrl,0.0857289985210054,0
MDAMB436,EGFR+ctrl,0.0951622045555182,0
UACC257,EGFR+ctrl,0.001,0
COLO741,EGFR+ctrl,0.0294406024844815,0
NCIH1975,EGFR+ctrl,0.2432790871936254,1
NCIH1437,EGFR+ctrl,0.0321996878088233,0
TM31,EGFR+ctrl,0.063581898389178,0
BC3C,EGFR+ctrl,0.0626802955898975,0
LN229,EGFR+ctrl,0.0907603789629735,0
PATU8902,EGFR+ctrl,0.1693805251266755,0
MIAPACA2,EGFR+ctrl,0.1066085055971758,0
BEN,EGFR+ctrl,0.0460452824619962,0
HOS,EGFR+ctrl,0.1133800822460029,0
RVH421,EGFR+ctrl,0.1073161325489407,0
SNU1041,EGFR+ctrl,0.1439085495916767,0
PECAPJ15,EGFR+ctrl,0.3196154469205834,1
JHH1,EGFR+ctrl,0.4695096678418691,1
KNS42,EGFR+ctrl,0.0964306783943149,0
HCC1806,EGFR+ctrl,0.1206028917338638,0
HEP3B217,EGFR+ctrl,0.0594715593017303,0
LCLC103H,EGFR+ctrl,0.0434764306876951,0
YD8,EGFR+ctrl,0.040336383695242,0
KYSE520,EGFR+ctrl,0.1503610858449866,0
HDQP1,EGFR+ctrl,0.4011513859929885,1
TE1,EGFR+ctrl,0.2474719899252958,1
NCIH28,EGFR+ctrl,0.1742090425475888,0
786O,EGFR+ctrl,0.0771021701695887,0
SW620,EGFR+ctrl,0.0460145137213536,0
WM1799,EGFR+ctrl,0.0569361113277568,0
CORL23,EGFR+ctrl,0.0476196649485601,0
OVTOKO,EGFR+ctrl,0.2401326020146581,1
SKMES1,EGFR+ctrl,0.1894158789705413,0
NCIH1355,EGFR+ctrl,0.1652716840030423,0
HCC44,EGFR+ctrl,0.1007740404383423,0
SW900,EGFR+ctrl,0.152716444734325,0
SBC5,EGFR+ctrl,0.001,0
HUH6,EGFR+ctrl,0.1186290592730675,0
IALM,EGFR+ctrl,0.2121207820364691,1
NUGC4,EGFR+ctrl,0.442698984519991,1
SW1573,EGFR+ctrl,0.1097303998277887,0
MKN7,EGFR+ctrl,0.2253805914302452,1
OE19,EGFR+ctrl,0.5581890083914902,1
SW948,EGFR+ctrl,0.071699777886519,0
A549,EGFR+ctrl,0.0401535376027137,0
SNU1066,EGFR+ctrl,0.1242980972779943,0
KMRC1,EGFR+ctrl,0.0452531335738682,0
L33,EGFR+ctrl,0.0625089529998438,0
OV7,EGFR+ctrl,0.0642802512380162,0
KYSE180,EGFR+ctrl,0.0784671248313657,0
OVCAR8,EGFR+ctrl,0.0847138439551116,0
RMUGS,EGFR+ctrl,0.1114367694968589,0
CAOV3,EGFR+ctrl,0.1429718908582528,0
SNU1214,EGFR+ctrl,0.229686226222089,1
TT2609C02,EGFR+ctrl,0.0858924559776939,0
COLO680N,EGFR+ctrl,0.1690313520438191,0
RMGI,EGFR+ctrl,0.4940965293522787,1
TCCSUP,EGFR+ctrl,0.0219701521590091,0
YD10B,EGFR+ctrl,0.42204292117822,1
HT1376,EGFR+ctrl,0.1104331974713916,0
TE14,EGFR+ctrl,0.2192263811991116,1
SKMEL5,EGFR+ctrl,0.0749365195548674,0
NCIH1838,EGFR+ctrl,0.2161137365219294,1
JHH5,EGFR+ctrl,0.5827389371131497,1
PECAPJ49,EGFR+ctrl,0.6016903420217935,1
GB1,EGFR+ctrl,0.0718707364811424,0
UBLC1,EGFR+ctrl,0.6658930423575125,1
NCIH1623,EGFR+ctrl,0.3742274558942929,1
NCIH1703,EGFR+ctrl,0.0868058010128339,0
LOXIMVI,EGFR+ctrl,0.0947188797607032,0
JMSU1,EGFR+ctrl,0.159428616529941,0
MKN74,EGFR+ctrl,0.0349991415330905,0
MDAMB175VII,EGFR+ctrl,0.4642206394497765,1
YD38,EGFR+ctrl,0.5701434912669198,1
SH10TC,EGFR+ctrl,0.0919159569410585,0
WM983B,EGFR+ctrl,0.001,0
NCIH1648,EGFR+ctrl,0.2061129815761029,1
MDAMB231,EGFR+ctrl,0.0702883272080809,0
LK2,EGFR+ctrl,0.1036588045852304,0
BICR56,EGFR+ctrl,0.4852179196803848,1
RERFLCAD2,EGFR+ctrl,0.0372758499097437,0
NCIH727,EGFR+ctrl,0.1172495338380981,0
ONS76,EGFR+ctrl,0.0698550256322374,0
KYSE30,EGFR+ctrl,0.2801114742956319,1
HSC3,EGFR+ctrl,0.4573943808196719,1
NCIH2023,EGFR+ctrl,0.1426774783234018,0
CAMA1,EGFR+ctrl,0.0726657884875335,0
KYSE70,EGFR+ctrl,0.1263172966737609,0
NCIH2126,EGFR+ctrl,0.0353047373771981,0
LXF289,EGFR+ctrl,0.092491651728787,0
A2058,EGFR+ctrl,0.066328022286533,0
RERFLCAD1,EGFR+ctrl,0.1625618607608193,0
BFTC909,EGFR+ctrl,0.1343225627682482,0
NCIH446,EGFR+ctrl,0.0900737630660639,0
BFTC905,EGFR+ctrl,0.2247922823876404,1
COLO668,EGFR+ctrl,0.2398099865761659,1
NB1,EGFR+ctrl,0.071750416901184,0
COLO679,EGFR+ctrl,0.1283691707971879,0
HUH28,EGFR+ctrl,0.064924571180591,0
KYSE410,EGFR+ctrl,0.2924895578969787,1
SKMEL30,EGFR+ctrl,0.0308557779607152,0
SKOV3,EGFR+ctrl,0.1407384970653293,0
COLO783,EGFR+ctrl,0.0539676084071755,0
T3M10,EGFR+ctrl,0.5259021336211959,1
HS939T,EGFR+ctrl,0.001,0
SKMEL24,EGFR+ctrl,0.107918024498124,0
KYSE140,EGFR+ctrl,0.4577677762579847,1
KYSE510,EGFR+ctrl,0.0990455061246713,0
WM793,EGFR+ctrl,0.0719585102764641,0
CAL27,EGFR+ctrl,0.438447466057502,1
RH30,EGFR+ctrl,0.0597858026001084,0
GCT,EGFR+ctrl,0.0655545227513603,0
NCIH322,EGFR+ctrl,0.2548173340796436,1
HCC366,EGFR+ctrl,0.0236695207916187,0
NCIH2087,EGFR+ctrl,0.1043824936869669,0
HARA,EGFR+ctrl,0.2549777358182508,1
NCIH1373,EGFR+ctrl,0.0998159776729155,0
FADU,EGFR+ctrl,0.2789045335182319,1
JHH7,EGFR+ctrl,0.0590120307725314,0
MDAMB468,EGFR+ctrl,0.2310276234778179,1
NCIH661,EGFR+ctrl,0.2016331211155143,1
CAL51,EGFR+ctrl,0.0781501190663376,0
KMBC2,EGFR+ctrl,0.1527217510334718,0
DBTRG05MG,EGFR+ctrl,0.0762282205777944,0
HCC1195,EGFR+ctrl,0.0220406814028378,0
NCIH1568,EGFR+ctrl,0.2769604024845084,1
KYSE270,EGFR+ctrl,0.365891324638201,1
NCIH2347,EGFR+ctrl,0.1029135822959077,0
HCC15,EGFR+ctrl,0.1137678528100432,0
MFE296,EGFR+ctrl,0.0471465269875277,0
AGS,EGFR+ctrl,0.1210026105214963,0
MELJUSO,EGFR+ctrl,0.0642413609796753,0
IGR1,EGFR+ctrl,0.0218868525875303,0
MDAMB435S,EGFR+ctrl,0.0747187590544695,0
TOV21G,EGFR+ctrl,0.2004121335141047,1
NCIH2009,EGFR+ctrl,0.0931768684758068,0
SW1271,EGFR+ctrl,0.0530299735596505,0
HCC1438,EGFR+ctrl,0.0319185821664751,0
NCIH1563,EGFR+ctrl,0.0868265390342352,0
NCIH1651,EGFR+ctrl,0.0598078221572799,0
CL34,EGFR+ctrl,0.0343026233088061,0
647V,EGFR+ctrl,0.1683023257698158,0
FTC238,EGFR+ctrl,0.0561653528809985,0
SNU719,EGFR+ctrl,0.0765310521700757,0
WM88,EGFR+ctrl,0.0011181748132333,0
NCIH23,EGFR+ctrl,0.0803900213950954,0
HCC1359,EGFR+ctrl,0.0301239573992653,0
FTC133,EGFR+ctrl,0.1053065572681721,0
5637,EGFR+ctrl,0.2389928623503167,1
JHUEM2,EGFR+ctrl,0.0283581360577209,0
NUGC3,EGFR+ctrl,0.5988477606402797,1
ESS1,EGFR+ctrl,0.0286136385495805,0
IPC298,EGFR+ctrl,0.0468055980113679,0
NCIH1573,EGFR+ctrl,0.0840867074995519,0
TE4,EGFR+ctrl,0.5233868320929411,1
IM95,EGFR+ctrl,0.2070108116222383,1
NCIH1339,EGFR+ctrl,0.0310484833964443,0
HT55,EGFR+ctrl,0.2489326966414246,1
BT474,EGFR+ctrl,0.4093220742826114,1
NCIH2110,EGFR+ctrl,0.1976696172304971,0
EFO27,EGFR+ctrl,0.2393050201583897,1
SKUT1,EGFR+ctrl,0.0769602614698744,0
HEC1B,EGFR+ctrl,0.2371709600219811,1
HEC265,EGFR+ctrl,0.1129486041756963,0
LOVO,EGFR+ctrl,0.1783861642304764,0
HEC1A,EGFR+ctrl,0.1305869205274843,0
22RV1,EGFR+ctrl,0.1887605713409593,0
LS180,EGFR+ctrl,0.3322078857311241,1
SW48,EGFR+ctrl,0.208418790134116,1
OC314,EGFR+ctrl,0.1362232584197162,0
IGROV1,EGFR+ctrl,0.2435965460804989,1
SNUC2A,EGFR+ctrl,0.1683612811932708,0
COLO792,EGFR+ctrl,0.0306601064623581,0
SNUC5,EGFR+ctrl,0.1665292781150193,0
HCT116,EGFR+ctrl,0.1686684182032687,0
HEC151,EGFR+ctrl,0.0812831377721441,0
639V,EGFR+ctrl,0.0906703387358958,0
SNGM,EGFR+ctrl,0.4274214039851625,1
HUCCT1,EGFR+ctrl,0.1461248887766735,0
LNCAPCLONEFGC,EGFR+ctrl,0.054037418659433,0
EN,EGFR+ctrl,0.0299996533427596,0
DU145,EGFR+ctrl,0.2356551392229073,1
GP2D,EGFR+ctrl,0.2313648706528607,1
HEC6,EGFR+ctrl,0.0345072816101457,0
LS411N,EGFR+ctrl,0.1028708109004974,0
MEWO,EGFR+ctrl,0.0957764801800324,0
MFE319,EGFR+ctrl,0.1819108753067009,0
HEC108,EGFR+ctrl,0.1096518849329086,0
SNU81,EGFR+ctrl,0.0695265523637251,0
HEC59,EGFR+ctrl,0.1945308691545055,0
HEC251,EGFR+ctrl,0.0902430070798172,0
HCT15,EGFR+ctrl,0.0836456594193437,0
BECKER,EGFR+ctrl,0.0813372104717764,0
CHL1,EGFR+ctrl,0.4585813877476155,1
NCIH292,EGFR+ctrl,0.3842230986436896,1
LC1SQSF,EGFR+ctrl,0.1345498801869472,0
SKMEL2,EGFR+ctrl,0.0794755405848928,0
WM2664,EGFR+ctrl,0.0261491353693661,0
8305C,EGFR+ctrl,0.0861053261509311,0
8505C,EGFR+ctrl,0.0315788797244275,0
PLCPRF5,EGFR+ctrl,0.1693542461411705,0
TT,EGFR+ctrl,0.0904602660406675,0
NIHOVCAR3,EGFR+ctrl,0.1425822734457437,0
HL60,EGFR+ctrl,0.0707620621073218,0
HEL,EGFR+ctrl,0.0367936809905803,0
MONOMAC6,EGFR+ctrl,0.1369147308023467,0
C2BBE1,EGFR+ctrl,0.1898431237319682,0
MHHCALL2,EGFR+ctrl,0.001,0
OPM2,EGFR+ctrl,0.001,0
EHEB,EGFR+ctrl,0.0800653300313106,0
MV411,EGFR+ctrl,0.1308792919514908,0
NCIH929,EGFR+ctrl,0.091668095410594,0
KARPAS299,EGFR+ctrl,0.0281853417099829,0
D283MED,EGFR+ctrl,0.0287421341770042,0
DOHH2,EGFR+ctrl,0.0580076666052323,0
ML1,EGFR+ctrl,0.1081596054154717,0
SUPB15,EGFR+ctrl,0.0318435683438841,0
HH,EGFR+ctrl,0.1896071046260972,0
OCIAML5,EGFR+ctrl,0.0626101241935197,0
HS683,EGFR+ctrl,0.0442811262568917,0
697,EGFR+ctrl,0.0782348843281252,0
MEG01,EGFR+ctrl,0.0862291237310058,0
GRANTA519,EGFR+ctrl,0.0586868222551301,0
KU812,EGFR+ctrl,0.078884446163443,0
U87MG,EGFR+ctrl,0.4003880784284704,1
MHHNB11,EGFR+ctrl,0.1202910112708253,0
GDM1,EGFR+ctrl,0.0695008985753552,0
HPAFII,EGFR+ctrl,0.2035771046103572,1
G401,EGFR+ctrl,0.2022329319626753,1
SIMA,EGFR+ctrl,0.0398338937977913,0
RH41,EGFR+ctrl,0.0763321044895307,0
KE37,EGFR+ctrl,0.001,0
CAOV4,EGFR+ctrl,0.1078820081491486,0
LOUCY,EGFR+ctrl,0.0593116252902042,0
ALLSIL,EGFR+ctrl,0.1077894396675656,0
JVM2,EGFR+ctrl,0.1278529679889073,0
HCC1187,EGFR+ctrl,0.0773430686473611,0
OCIAML2,EGFR+ctrl,0.001,0
SU8686,EGFR+ctrl,0.1097542395136456,0
VCAP,EGFR+ctrl,0.0480224391912816,0
OAW28,EGFR+ctrl,0.190759713519965,0
CHP212,EGFR+ctrl,0.0653924271758463,0
NCIH2405,EGFR+ctrl,0.0701009184198613,0
OCILY19,EGFR+ctrl,0.091762509123522,0
NCIH1341,EGFR+ctrl,0.0427757048277822,0
HS940T,EGFR+ctrl,0.0658746968220741,0
CHP126,EGFR+ctrl,0.0291224023901365,0
RERFGC1B,EGFR+ctrl,0.1286006041652797,0
SKLMS1,EGFR+ctrl,0.0803031504174853,0
THP1,EGFR+ctrl,0.013410502740024,0
T47D,EGFR+ctrl,0.2244133977648323,1
HS578T,EGFR+ctrl,0.0437131461229117,0
SKNSH,EGFR+ctrl,0.0757441863842067,0
JM1,EGFR+ctrl,0.0215911778524974,0
SW1990,EGFR+ctrl,0.2053131704461838,1
A4FUK,EGFR+ctrl,0.0882499269974949,0
GA10,EGFR+ctrl,0.0400930286590719,0
NOMO1,EGFR+ctrl,0.2441929127791373,1
SCC9,EGFR+ctrl,0.4221235553297726,1
L363,EGFR+ctrl,0.0671911188828773,0
RCC10RGB,EGFR+ctrl,0.2574918367599577,1
HDMYZ,EGFR+ctrl,0.0903425199513251,0
KARPAS620,EGFR+ctrl,0.0265429913412512,0
EOL1,EGFR+ctrl,0.1355841893791816,0
NMCG1,EGFR+ctrl,0.1043534558042867,0
LP1,EGFR+ctrl,0.001,0
CAL120,EGFR+ctrl,0.151035143155072,0
HUPT4,EGFR+ctrl,0.2264037070170569,1
PL21,EGFR+ctrl,0.0806666840046271,0
SUPM2,EGFR+ctrl,0.001,0
KPNYN,EGFR+ctrl,0.0526172369158163,0
U251MG,EGFR+ctrl,0.0640215205930485,0
DEL,EGFR+ctrl,0.0634691104664807,0
PANC0403,EGFR+ctrl,0.2092782675893844,1
SW1417,EGFR+ctrl,0.1398755568584252,0
SCC4,EGFR+ctrl,0.2362940876504635,1
RT4,EGFR+ctrl,0.0298348162238432,0
BL41,EGFR+ctrl,0.001,0
OCUM1,EGFR+ctrl,0.0324603016843982,0
AU565,EGFR+ctrl,0.5413247921403002,1
CL11,EGFR+ctrl,0.0373155873746267,0
SCC15,EGFR+ctrl,0.6328550381624283,1
CORL279,EGFR+ctrl,0.0419043004924065,0
DU4475,EGFR+ctrl,0.0051814481963616,0
KASUMI1,EGFR+ctrl,0.1646057520666399,0
CALU6,EGFR+ctrl,0.1283296553577679,0
KP4,EGFR+ctrl,0.0303055369904913,0
HDLM2,EGFR+ctrl,0.0511226765757956,0
AM38,EGFR+ctrl,0.0269169766725544,0
SUDHL10,EGFR+ctrl,0.001,0
KP2,EGFR+ctrl,0.1624363319980649,0
NCIH1755,EGFR+ctrl,0.0995328704439126,0
NUDUL1,EGFR+ctrl,0.001,0
NCIH209,EGFR+ctrl,0.1200554150647477,0
OV90,EGFR+ctrl,0.1427902445484714,0
KLE,EGFR+ctrl,0.1904818288454797,0
NB4,EGFR+ctrl,0.0364860028217834,0
EM2,EGFR+ctrl,0.1127144725944129,0
NCIH2029,EGFR+ctrl,0.001,0
LAMA84,EGFR+ctrl,0.1059407400535865,0
SNU5,EGFR+ctrl,0.0744364173211118,0
WM115,EGFR+ctrl,0.0839317600751479,0
KARPAS422,EGFR+ctrl,0.0472766034277144,0
PSN1,EGFR+ctrl,0.0234067793106701,0
JURLMK1,EGFR+ctrl,0.0989614155990675,0
NCIH1395,EGFR+ctrl,0.0863477321420983,0
EFM19,EGFR+ctrl,0.1221846991505561,0
DB,EGFR+ctrl,0.2223272530434166,1
OCIAML3,EGFR+ctrl,0.0672329445683105,0
NCIH3122,EGFR+ctrl,0.0357738018080275,0
SR786,EGFR+ctrl,0.1056001394712825,0
SKNFI,EGFR+ctrl,0.0415854904028015,0
JVM3,EGFR+ctrl,0.0716197189008722,0
RPMI7951,EGFR+ctrl,0.0745856829041908,0
HCC1500,EGFR+ctrl,0.0745118276894397,0
COLO678,EGFR+ctrl,0.2702440759882263,1
TE15,EGFR+ctrl,0.3982611944023929,1
CAPAN1,EGFR+ctrl,0.1314358630895267,0
NCIH82,EGFR+ctrl,0.0361713299878467,0
JEKO1,EGFR+ctrl,0.0656514215100415,0
NCIH69,EGFR+ctrl,0.0897013515985429,0
NCIH508,EGFR+ctrl,0.4145139488006498,1
MOLM13,EGFR+ctrl,0.0798874579740177,0
SKMM2,EGFR+ctrl,0.0295318272856442,0
SUDHL4,EGFR+ctrl,0.001,0
SKNDZ,EGFR+ctrl,0.1785241556013881,0
MOLM16,EGFR+ctrl,0.1926013772116187,0
RL,EGFR+ctrl,0.0850853920677056,0
P12ICHIKAWA,EGFR+ctrl,0.001,0
SKM1,EGFR+ctrl,0.1946017069812334,0
G402,EGFR+ctrl,0.1344297206214142,0
NCIH647,EGFR+ctrl,0.0670959241293405,0
NCIH1781,EGFR+ctrl,0.3836220617916437,1
KMS12BM,EGFR+ctrl,0.001,0
T84,EGFR+ctrl,0.1013234132089778,0
KG1,EGFR+ctrl,0.0772175949377537,0
CALU3,EGFR+ctrl,0.3948701138482384,1
NCIH2081,EGFR+ctrl,0.0301081515168744,0
J82,EGFR+ctrl,0.0981992143824409,0
SKCO1,EGFR+ctrl,0.0875720823068554,0
SAOS2,EGFR+ctrl,0.1299332441937574,0
NCIH838,EGFR+ctrl,0.0677436814460441,0
SNU449,EGFR+ctrl,0.1890618172468768,0
TC71,EGFR+ctrl,0.0776155712865126,0
TYKNU,EGFR+ctrl,0.0370219195823152,0
NCIH1694,EGFR+ctrl,0.0593520408527599,0
BV173,EGFR+ctrl,0.0679190304223388,0
CAKI1,EGFR+ctrl,0.2954822817604712,1
LU65,EGFR+ctrl,0.0396547555446169,0
ME1,EGFR+ctrl,0.0251388545329707,0
CA46,EGFR+ctrl,0.0883314072297888,0
SH4,EGFR+ctrl,0.18729549787763,0
RERFLCSQ1,EGFR+ctrl,0.4178913849569173,1
OVKATE,EGFR+ctrl,0.1048315707952344,0
NCIH1666,EGFR+ctrl,0.4818362436558501,1
MESSA,EGFR+ctrl,0.0355028678095503,0
MELHO,EGFR+ctrl,0.0391937415115823,0
NCIH2085,EGFR+ctrl,0.126967786108555,0
BCPAP,EGFR+ctrl,0.0231224715414408,0
CAS1,EGFR+ctrl,0.0676545781428769,0
SKMEL1,EGFR+ctrl,0.0055290750559755,0
HCC56,EGFR+ctrl,0.2118697134156492,1
SW1463,EGFR+ctrl,0.3300743624151333,1
[MERGED,EGFR+ctrl,0.5581304299748171,1
HUH1,EGFR+ctrl,0.0666916772263307,0
JHH4,EGFR+ctrl,0.100635148972567,0
SNU387,EGFR+ctrl,0.0651615127594169,0
SNU182,EGFR+ctrl,0.169857334388355,0
TE11,EGFR+ctrl,0.1725318781322729,0
SW1116,EGFR+ctrl,0.3347849383881843,1
NCIH716,EGFR+ctrl,0.0739785667450916,0
LS123,EGFR+ctrl,0.2319537343140766,1
NCIH146,EGFR+ctrl,0.001,0
CORL88,EGFR+ctrl,0.0503426114859917,0
NCIH1299,EGFR+ctrl,0.2495646684372768,1
NCIH1092,EGFR+ctrl,0.0332406560100386,0
CAL33,EGFR+ctrl,0.458283288207708,1
UMUC3,EGFR+ctrl,0.0643550283324997,0
DMS114,EGFR+ctrl,0.1345657833046744,0
SNU61,EGFR+ctrl,0.1235625917964863,0
WSUDLCL2,EGFR+ctrl,0.0322119588290041,0
BT20,EGFR+ctrl,0.2261168572648846,1
HUTU80,EGFR+ctrl,0.0598880805887765,0
HSC4,EGFR+ctrl,0.5480730611493165,1
HT1197,EGFR+ctrl,0.0754340692822822,0
BHY,EGFR+ctrl,0.4107015816475891,1
K562,EGFR+ctrl,0.0689178016715686,0
UACC893,EGFR+ctrl,0.4672933736987398,1
A498,EGFR+ctrl,0.2332456169733979,1
SIHA,EGFR+ctrl,0.0515038949440883,0
NCIH1836,EGFR+ctrl,0.0758166755932098,0
ECC10,EGFR+ctrl,0.0755724105362857,0
HCC78,EGFR+ctrl,0.2078600435004014,1
ST486,EGFR+ctrl,0.001,0
YKG1,EGFR+ctrl,0.1376508338137521,0
FUOV1,EGFR+ctrl,0.1635885938599968,0
JHH2,EGFR+ctrl,0.0879354018704562,0
C32,EGFR+ctrl,0.0556402685285719,0
SNU16,EGFR+ctrl,0.0201802220447032,0
MC116,EGFR+ctrl,0.001,0
JHOS4,EGFR+ctrl,0.3161320942666223,1
EPLC272H,EGFR+ctrl,0.308825515670905,1
NCIH1876,EGFR+ctrl,0.0767164924032046,0
LCLC97TM1,EGFR+ctrl,0.1724226515688123,0
TE6,EGFR+ctrl,0.2794220101738995,1
KYM1,EGFR+ctrl,0.0841429828056222,0
SF126,EGFR+ctrl,0.0373623453048301,0
NCIH2227,EGFR+ctrl,0.0671491619217546,0
SUDHL6,EGFR+ctrl,0.0041501542235351,0
SKMEL28,EGFR+ctrl,0.1226457113733353,0
HS746T,EGFR+ctrl,0.0814665659380047,0
OVCAR4,EGFR+ctrl,0.2104943231075229,1
MDAMB157,EGFR+ctrl,0.0941162975000479,0
U266B1,EGFR+ctrl,0.1120231663081046,0
NCIH596,EGFR+ctrl,0.1487195934298919,0
KS1,EGFR+ctrl,0.1983383677286807,0
FU97,EGFR+ctrl,0.0574179137350804,0
RPMI8402,EGFR+ctrl,0.0880813098364542,0
NCIH441,EGFR+ctrl,0.2010263840423554,1
NCIH211,EGFR+ctrl,0.0778681887421581,0
SKMEL31,EGFR+ctrl,0.0769752250269925,0
CMK,EGFR+ctrl,0.0895524924860539,0
COLO829,EGFR+ctrl,0.1615950508234812,0
IGR37,EGFR+ctrl,0.0211151316819173,0
SUIT2,EGFR+ctrl,0.138143034579152,0
JJN3,EGFR+ctrl,0.058912495339976,0
RAJI,EGFR+ctrl,0.1220123595398541,0
SF268,EGFR+ctrl,0.074944391093756,0
SUDHL8,EGFR+ctrl,0.0902367696632933,0
A2780,EGFR+ctrl,0.0751152914172984,0
SUDHL5,EGFR+ctrl,0.3324867216406381,1
HCC70,EGFR+ctrl,0.105718198191872,0
NCIH1734,EGFR+ctrl,0.1610319941950707,0
RH18,EGFR+ctrl,0.0953809296190586,0
HCC2157,EGFR+ctrl,0.2979672616898217,1
TE9,EGFR+ctrl,0.1441293788351182,0
A3KAW,EGFR+ctrl,0.0771000190212873,0
DMS53,EGFR+ctrl,0.057102256544997,0
HCC1395,EGFR+ctrl,0.0575986927193968,0
L1236,EGFR+ctrl,0.001,0
DMS79,EGFR+ctrl,0.0347303956749209,0
OAW42,EGFR+ctrl,0.1528954858910397,0
EKVX,EGFR+ctrl,0.3850014225968712,1
JIMT1,EGFR+ctrl,0.2100827970151279,1
KMS11,EGFR+ctrl,0.0343966173966676,0
NCIH2291,EGFR+ctrl,0.1931286883997485,0
SNUC1,EGFR+ctrl,0.1184018688451016,0
HCC202,EGFR+ctrl,0.3783314034521414,1
NCIH2066,EGFR+ctrl,0.0747418363285467,0
NCIH1963,EGFR+ctrl,0.001,0
A253,EGFR+ctrl,0.1437375894626842,0
CORL95,EGFR+ctrl,0.0346339619927902,0
MOLP8,EGFR+ctrl,0.0582047019591781,0
SJSA1,EGFR+ctrl,0.0887762245281758,0
DMS273,EGFR+ctrl,0.080916791348673,0
OCIM1,EGFR+ctrl,0.001,0
NCIH196,EGFR+ctrl,0.0283719535930799,0
L428,EGFR+ctrl,0.001,0
HCC2218,EGFR+ctrl,0.5469178752215929,1
GI1,EGFR+ctrl,0.0718240125263927,0
A427,EGFR+ctrl,0.0349678079505508,0
MM1S,EGFR+ctrl,0.0337500060582466,0
NCIH526,EGFR+ctrl,0.0578301024540925,0
P31FUJ,EGFR+ctrl,0.001,0
NCIH1105,EGFR+ctrl,0.0214669567449278,0
DAUDI,EGFR+ctrl,0.0220739171544754,0
NCIH810,EGFR+ctrl,0.0311019536980475,0
SHP77,EGFR+ctrl,0.0160456142919319,0
KATOIII,EGFR+ctrl,0.0320429799161242,0
BICR22,EGFR+ctrl,0.2922518846069125,1
MOLT13,EGFR+ctrl,0.1352630339098834,0
CL40,EGFR+ctrl,0.3036357684284196,1
L540,EGFR+ctrl,0.0605324421173285,0
KMH2,EGFR+ctrl,0.001,0
NCIH524,EGFR+ctrl,0.001,0
RPMI8226,EGFR+ctrl,0.0834553413652013,0
BT483,EGFR+ctrl,0.0766323467268945,0
LN18,EGFR+ctrl,0.001,0
EJM,EGFR+ctrl,0.001,0
HOP92,EGFR+ctrl,0.108629225435785,0
CAL12T,EGFR+ctrl,0.2314646080994191,1
ZR7530,EGFR+ctrl,0.4468639904232313,1
NCIH1436,EGFR+ctrl,0.1230738029485313,0
AMO1,EGFR+ctrl,0.0518043547526713,0
HGC27,EGFR+ctrl,0.0277726409484189,0
NCIH1435,EGFR+ctrl,0.0885419841024955,0
KYSE150,EGFR+ctrl,0.0553684544787124,0
CAL851,EGFR+ctrl,0.2555736281802219,1
KNS62,EGFR+ctrl,0.2251268377819244,1
HCC1954,EGFR+ctrl,0.2880334276740603,1
NCIH358,EGFR+ctrl,0.2806506194652868,1
HOP62,EGFR+ctrl,0.0344952129962127,0
COLO684,EGFR+ctrl,0.038814211371272,0
KYSE450,EGFR+ctrl,0.5437090476493968,1
NCIH1048,EGFR+ctrl,0.1164660418544566,0
CHAGOK1,EGFR+ctrl,0.063807098339349,0
NCIH510,EGFR+ctrl,0.0622534854019375,0
RS411,EGFR+ctrl,0.0375092095550433,0
MDAMB415,EGFR+ctrl,0.0813709936737,0
SW1783,EGFR+ctrl,0.0624180471898333,0
NCIH1793,EGFR+ctrl,0.1792614218736569,0
NCIH1869,EGFR+ctrl,0.184156283473403,0
ES2,EGFR+ctrl,0.001,0
MDAMB453,EGFR+ctrl,0.1836080753741114,0
HT,EGFR+ctrl,0.1795994282529418,0
MOLT16,EGFR+ctrl,0.1372170688005787,0
CMLT1,EGFR+ctrl,0.0925231189543397,0
RCHACV,EGFR+ctrl,0.0668274033846555,0
NCIH2172,EGFR+ctrl,0.0672702112470564,0
HCC1569,EGFR+ctrl,0.2606373711484159,1
SNU1,EGFR+ctrl,0.0304821178903872,0
MDAMB361,EGFR+ctrl,0.212758375802205,1
MDST8,EGFR+ctrl,0.1412787672203302,0
PF382,EGFR+ctrl,0.001,0
NALM6,EGFR+ctrl,0.0636847123906428,0
AN3CA,EGFR+ctrl,0.0833776853256229,0
RKO,EGFR+ctrl,0.0537606958697071,0
NAMALWA,EGFR+ctrl,0.0008131581432632151,0
NCIH650,EGFR+ctrl,0.079446610098489,0
OVK18,EGFR+ctrl,0.0674117347184272,0
2313287,EGFR+ctrl,0.065997945354254,0
TGBC11TKB,EGFR+ctrl,0.0447524488293724,0
NCIH2342,EGFR+ctrl,0.1524985688520741,0
SUPT1,EGFR+ctrl,0.0175222771141029,0
SNU407,EGFR+ctrl,0.1221204861650385,0
REH,EGFR+ctrl,0.1140922809781711,0
CCK81,EGFR+ctrl,0.239716194077967,1
RL952,EGFR+ctrl,0.2655475156844543,1
KM12,EGFR+ctrl,0.153333899835609,0
NCIH1155,EGFR+ctrl,0.0183409872756258,0
DND41,EGFR+ctrl,0.0947694670189527,0
KCL22,EGFR+ctrl,0.0353395560005378,0
HT115,EGFR+ctrl,0.1963953502750749,0
JURKAT,EGFR+ctrl,0.0457955139338545,0
CW2,EGFR+ctrl,0.2985627364342829,1
SNU1040,EGFR+ctrl,0.1973079842437902,0
451LU,EGFR+ctrl,0.0785269696081081,0
C3A,EGFR+ctrl,0.0409378959361994,0
CGTHW1,EGFR+ctrl,0.0414552902907948,0
COLO205,EGFR+ctrl,0.0452813293891792,0
CPCN,EGFR+ctrl,0.1822760997145731,0
DOV13,EGFR+ctrl,0.2902463597367318,1
EB2,EGFR+ctrl,0.0061544013990104,0
EVSAT,EGFR+ctrl,0.0376039634151573,0
HCC2998,EGFR+ctrl,0.0662260154152749,0
HELA,EGFR+ctrl,0.0241356395522913,0
HLE,EGFR+ctrl,0.0273199900573991,0
HN,EGFR+ctrl,0.444982381892303,1
KOPN8,EGFR+ctrl,0.0025582534013857,0
KP1N,EGFR+ctrl,0.0712534392880984,0
M059J,EGFR+ctrl,0.0506506309951333,0
MOGGCCM,EGFR+ctrl,0.0661456518361044,0
MOGGUVW,EGFR+ctrl,0.1432903639890559,0
MOLT4,EGFR+ctrl,0.0791408859600855,0
MS1,EGFR+ctrl,0.0166426492107232,0
NCIH187,EGFR+ctrl,0.0293680557317799,0
NCIH1993,EGFR+ctrl,0.1092044459641439,0
NCIH2141,EGFR+ctrl,0.0450629778115311,0
OVCAR5,EGFR+ctrl,0.1515099893890287,0
RPMI6666,EGFR+ctrl,0.0751763269831553,0
SJRH30,EGFR+ctrl,0.0789785619718701,0
SKPNDW,EGFR+ctrl,0.0886763558597419,0
SNUC2B,EGFR+ctrl,0.2299665071479993,1
SUPHD1,EGFR+ctrl,0.0551760965316945,0
TK10,EGFR+ctrl,0.4544674543850682,1
UPCISCC090,EGFR+ctrl,0.3632471545186411,1
VMRCLCD,EGFR+ctrl,0.001,0
SW982,EGFR+ctrl,0.0813171185366803,0
A431,EGFR+ctrl,0.2634999826665586,1
BICR10,EGFR+ctrl,0.0757843980731949,0
BICR78,EGFR+ctrl,0.4694918347173977,1
C33A,EGFR+ctrl,0.3816237313656858,1
C4I,EGFR+ctrl,0.238996087022032,1
CASKI,EGFR+ctrl,0.2371559811278482,1
DOTC24510,EGFR+ctrl,0.2525131227294021,1
GIMEN,EGFR+ctrl,0.1074875417940696,0
GP5D,EGFR+ctrl,0.0746126092285863,0
HTCC3,EGFR+ctrl,0.1392380643083955,0
LAN6,EGFR+ctrl,0.0522555628892675,0
MDAMB330,EGFR+ctrl,0.3054099834262042,1
ME180,EGFR+ctrl,0.2947041818343884,1
MS751,EGFR+ctrl,0.0801850155179921,0
NCIH1770,EGFR+ctrl,0.0750453608123926,0
NCIH2135,EGFR+ctrl,0.001,0
NCIH345,EGFR+ctrl,0.03022548941976,0
NCIH847,EGFR+ctrl,0.001,0
OACM51,EGFR+ctrl,0.0345638423795634,0
OV17R,EGFR+ctrl,0.1566915075881618,0
PA1,EGFR+ctrl,0.001,0
PWR1E,EGFR+ctrl,0.0379688343715516,0
RO82W1,EGFR+ctrl,0.091212656351047,0
RPMI2650,EGFR+ctrl,0.1079747076259532,0
SW156,EGFR+ctrl,0.2844068228625609,1
SW626,EGFR+ctrl,0.0900778488794117,0
SW954,EGFR+ctrl,0.2752729104100335,1
SW13,EGFR+ctrl,0.3882138910042078,1
SW756,EGFR+ctrl,0.0804679395350105,0
UMC11,EGFR+ctrl,0.0258853038848129,0
UWB1289,EGFR+ctrl,0.2999676136611391,1
A388,EGFR+ctrl,0.2642499041678722,1
ASH3,EGFR+ctrl,0.0851377179084463,0
BPH1,EGFR+ctrl,0.5835641142600883,1
CORL32,EGFR+ctrl,0.2000359141747589,1
CORL321,EGFR+ctrl,0.026213530391739,0
EGI1,EGFR+ctrl,0.1521053570255728,0
ESO26,EGFR+ctrl,0.3535610383868485,1
ESO51,EGFR+ctrl,0.0946295388090976,0
FARAGE,EGFR+ctrl,0.0657755881272418,0
FLO1,EGFR+ctrl,0.1909958302187988,0
HEC1,EGFR+ctrl,0.092160896156471,0
HEMCSS,EGFR+ctrl,0.0637374339533389,0
HT3,EGFR+ctrl,0.2429829283028719,1
HUO9,EGFR+ctrl,0.1018548370203665,0
IHH4,EGFR+ctrl,0.0669735991919037,0
JAR,EGFR+ctrl,0.1045164565899403,0
JEG3,EGFR+ctrl,0.0394652455018933,0
KON,EGFR+ctrl,0.1884786830941786,0
KYAE1,EGFR+ctrl,0.612478691930685,1
LU135,EGFR+ctrl,0.001,0
NCIH1417,EGFR+ctrl,0.1069470113408778,0
NCIH64,EGFR+ctrl,0.001,0
NH12,EGFR+ctrl,0.1189547327941059,0
NO10,EGFR+ctrl,0.1334730752188959,0
NO11,EGFR+ctrl,0.1329320922511353,0
OCILY7,EGFR+ctrl,0.0853929442166836,0
OSC19,EGFR+ctrl,0.3858750594584953,1
OSC20,EGFR+ctrl,0.2071691080143771,1
PEO1,EGFR+ctrl,0.2326541663830361,1
RCK8,EGFR+ctrl,0.0448727053386202,0
ROS50,EGFR+ctrl,0.0426637354005507,0
SAT,EGFR+ctrl,0.548964946047064,1
SISO,EGFR+ctrl,0.0948718291224111,0
SKGT2,EGFR+ctrl,0.7080746858401588,1
SKGT4,EGFR+ctrl,0.2066619978372439,1
SKN,EGFR+ctrl,0.1862429338082363,0
[MERGED,EGFR+ctrl,0.1056001394712825,0
TGW,EGFR+ctrl,0.0255537829235105,0
U698M,EGFR+ctrl,0.0997377690001164,0
VAESBJ,EGFR+ctrl,0.0593817611401207,0
VAL,EGFR+ctrl,0.0831635058366506,0
VMRCMELG,EGFR+ctrl,0.0246017877987286,0
WSUNHL,EGFR+ctrl,0.0650387345977446,0
PFSK1,EGFR+ctrl,0.0665554466011453,0
CAL72,EGFR+ctrl,0.1291467245479542,0
GOTO,EGFR+ctrl,0.0625377232317273,0
CCRFCEM,EGFR+ctrl,0.0743093097946474,0
201T,EGFR+ctrl,0.1830950463220271,0
BB65RCC,EGFR+ctrl,0.2894075163406985,1
CAL39,EGFR+ctrl,0.3505937738164535,1
CHSA0011,EGFR+ctrl,0.141684180459548,0
CHSA0108,EGFR+ctrl,0.0761971769287714,0
CHSA8926,EGFR+ctrl,0.1574820770291529,0
CP50MELB,EGFR+ctrl,0.0756537525980854,0
CP66MEL,EGFR+ctrl,0.0675759086123024,0
CS1,EGFR+ctrl,0.0416684090106767,0
DJM1,EGFR+ctrl,0.1420164609435035,0
EMCBAC1,EGFR+ctrl,0.560085345828791,1
EMCBAC2,EGFR+ctrl,0.1752571679323613,0
ES1,EGFR+ctrl,0.0951182527828643,0
ES3,EGFR+ctrl,0.2406239329228925,1
ES4,EGFR+ctrl,0.3074187118972228,1
ES5,EGFR+ctrl,0.1402842291825099,0
ES6,EGFR+ctrl,0.0929847451447288,0
ES7,EGFR+ctrl,0.1943175698068788,0
ES8,EGFR+ctrl,0.0872648062494809,0
EW1,EGFR+ctrl,0.0238733424089259,0
EW11,EGFR+ctrl,0.1806350134723853,0
EW13,EGFR+ctrl,0.063062658965775,0
EW16,EGFR+ctrl,0.1666039987519131,0
EW18,EGFR+ctrl,0.0897013515985429,0
EW22,EGFR+ctrl,0.0993209081886915,0
EW24,EGFR+ctrl,0.001,0
EW3,EGFR+ctrl,0.155234005343348,0
EW7,EGFR+ctrl,0.0508980879885893,0
GAK,EGFR+ctrl,0.0454017428790485,0
GMEL,EGFR+ctrl,0.0684106264430414,0
H2369,EGFR+ctrl,0.0520827738671868,0
NCIH2373,EGFR+ctrl,0.0551328779029637,0
NCIH2461,EGFR+ctrl,0.0835620458594902,0
NCIH2591,EGFR+ctrl,0.2234761416588975,1
NCIH2595,EGFR+ctrl,0.1259034954690144,0
NCIH2722,EGFR+ctrl,0.1315342874423102,0
NCIH2731,EGFR+ctrl,0.0456424253402174,0
NCIH2795,EGFR+ctrl,0.1053631167775854,0
NCIH2803,EGFR+ctrl,0.0857851084853769,0
NCIH2804,EGFR+ctrl,0.0371402024605448,0
NCIH2810,EGFR+ctrl,0.0372514570383224,0
NCIH2818,EGFR+ctrl,0.070421422892778,0
NCIH2869,EGFR+ctrl,0.0428347499838637,0
H290,EGFR+ctrl,0.2964608040829036,1
[MERGED,EGFR+ctrl,0.7661380321665443,1
H513,EGFR+ctrl,0.1948454667764081,0
HA7RCC,EGFR+ctrl,0.1586546346519024,0
HEY,EGFR+ctrl,0.1325281531661232,0
HSC39,EGFR+ctrl,0.0679720167753971,0
HUO3N1,EGFR+ctrl,0.0745623194217146,0
ISTMEL1,EGFR+ctrl,0.0883791250844091,0
ISTSL1,EGFR+ctrl,0.0626770400951922,0
ISTSL2,EGFR+ctrl,0.0787865865626072,0
JHOS3,EGFR+ctrl,0.1540188448961655,0
K2,EGFR+ctrl,0.0554501484103644,0
K5,EGFR+ctrl,0.163132672534025,0
KGN,EGFR+ctrl,0.1178928424537848,0
LB1047RCC,EGFR+ctrl,0.3284353936798001,1
LB2241RCC,EGFR+ctrl,0.555312720462261,1
LB2518MEL,EGFR+ctrl,0.0340015285302852,0
LB373MELD,EGFR+ctrl,0.0213436470100928,0
LB647SCLC,EGFR+ctrl,0.0374312920733873,0
LB996RCC,EGFR+ctrl,0.3212913379998031,1
LC1SQ,EGFR+ctrl,0.2055942536199946,1
LC2AD,EGFR+ctrl,0.1002165726336152,0
LU99A,EGFR+ctrl,0.0308570163002119,0
M14,EGFR+ctrl,0.0559338817475756,0
MCIXC,EGFR+ctrl,0.001,0
MKN28,EGFR+ctrl,0.0796398260249467,0
MMACSF,EGFR+ctrl,0.0431932997015648,0
MRKNU1,EGFR+ctrl,0.0053237116943483,0
MZ1PC,EGFR+ctrl,0.1719641730124388,0
MZ2MEL,EGFR+ctrl,0.1222970609764012,0
MZ7MEL,EGFR+ctrl,0.0342353579895707,0
NCC010,EGFR+ctrl,0.135691770890673,0
NCC021,EGFR+ctrl,0.056904363341401,0
NCIH1304,EGFR+ctrl,0.0866007591243857,0
NCIH1688,EGFR+ctrl,0.0359224439300862,0
NCIH322M,EGFR+ctrl,0.1621218160880982,0
NCIH720,EGFR+ctrl,0.0595942892885646,0
NCIH835,EGFR+ctrl,0.0590937779857017,0
NY,EGFR+ctrl,0.1602401644287859,0
OCUBM,EGFR+ctrl,0.3402745311491534,1
OMC1,EGFR+ctrl,0.1422134927523494,0
OVCA420,EGFR+ctrl,0.5691843132365257,1
OVCA433,EGFR+ctrl,0.1919037436965438,0
OVMIU,EGFR+ctrl,0.6713113459260558,1
PC3JPC3,EGFR+ctrl,0.6001871507886534,1
PL18,EGFR+ctrl,0.0355444224608403,0
PL4,EGFR+ctrl,0.1347396744745057,0
RCCAB,EGFR+ctrl,0.3383762354124636,1
RCCER,EGFR+ctrl,0.0811925838329356,0
RCCFG2,EGFR+ctrl,0.1706947668833079,0
RCCJF,EGFR+ctrl,0.339526738528548,1
RCCJW,EGFR+ctrl,0.1689953511284032,0
RCCMF,EGFR+ctrl,0.2875520634754452,1
RH1,EGFR+ctrl,0.0552724876453614,0
RXF393,EGFR+ctrl,0.1456954416131114,0
SBC1,EGFR+ctrl,0.0702882029859143,0
SBC3,EGFR+ctrl,0.0513466453835618,0
SCH,EGFR+ctrl,0.0721130594630177,0
SN12C,EGFR+ctrl,0.2014531910472066,1
SW962,EGFR+ctrl,0.1361877140334717,0
TCYIK,EGFR+ctrl,0.1444427081245457,0
TMK1,EGFR+ctrl,0.1800744177467441,0
[MERGED,EGFR+ctrl,0.2259656110138393,1
WM1552C,EGFR+ctrl,0.0729093634214005,0
WM278,EGFR+ctrl,0.0614358167822137,0
WM35,EGFR+ctrl,0.3721563127601515,1
ALLPO,EGFR+ctrl,0.1218446113390687,0
ARH77,EGFR+ctrl,0.0673224031922461,0
BALL1,EGFR+ctrl,0.001,0
BB30HNC,EGFR+ctrl,0.4463267986063324,1
BB49HNC,EGFR+ctrl,0.1051380334390394,0
BC1,EGFR+ctrl,0.168580780843715,0
BE13,EGFR+ctrl,0.1359351915689861,0
BE2M17,EGFR+ctrl,0.0683036452295112,0
CESS,EGFR+ctrl,0.0328327617248231,0
COLO320HSR,EGFR+ctrl,0.016529914713689,0
CROAP2,EGFR+ctrl,0.1139204335010172,0
CTB1,EGFR+ctrl,0.1490353973732064,0
CTV1,EGFR+ctrl,0.0686410935662599,0
D247MG,EGFR+ctrl,0.0655794712296871,0
D263MG,EGFR+ctrl,0.0888905355154449,0
D336MG,EGFR+ctrl,0.1397065821555014,0
D392MG,EGFR+ctrl,0.0898984160792271,0
D423MG,EGFR+ctrl,0.1004057820071924,0
D502MG,EGFR+ctrl,0.2216079889703959,1
D542MG,EGFR+ctrl,0.0497438196891921,0
D566MG,EGFR+ctrl,0.1337806514053334,0
DG75,EGFR+ctrl,0.1394946005642597,0
DIFI,EGFR+ctrl,0.7522756430533935,1
DOK,EGFR+ctrl,0.5507857469165482,1
DSH1,EGFR+ctrl,0.491345578727976,1
EB3,EGFR+ctrl,0.0814156364278486,0
ETK1,EGFR+ctrl,0.2854407960578027,1
GRST,EGFR+ctrl,0.1357650529635521,0
H3118,EGFR+ctrl,0.7217529156192778,1
H9,EGFR+ctrl,0.083599742334439,0
HAL01,EGFR+ctrl,0.1057849320521945,0
HC1,EGFR+ctrl,0.0758618043650392,0
HO1N1,EGFR+ctrl,0.4419213948667086,1
HS445,EGFR+ctrl,0.0355940944896018,0
HS633T,EGFR+ctrl,0.0705711183321559,0
IM9,EGFR+ctrl,0.001,0
IMR5,EGFR+ctrl,0.1062186195255519,0
JHU011,EGFR+ctrl,0.5158534704123039,1
JHU022,EGFR+ctrl,0.4161692936590603,1
JHU029,EGFR+ctrl,0.5452361478617687,1
JIYOYEP2003,EGFR+ctrl,0.0354473480515049,0
JSC1,EGFR+ctrl,0.0348070667581026,0
KARPAS1106P,EGFR+ctrl,0.001,0
KARPAS231,EGFR+ctrl,0.1598437785801136,0
KARPAS45,EGFR+ctrl,0.0344549912193835,0
KINGS1,EGFR+ctrl,0.1333490107759791,0
KMOE2,EGFR+ctrl,0.0894083932846288,0
KNS81FD,EGFR+ctrl,0.0903943104931086,0
KOSC2,EGFR+ctrl,0.2930977742769899,1
KY821,EGFR+ctrl,0.0394356738628848,0
KYSE220,EGFR+ctrl,0.3129931807667497,1
KYSE50,EGFR+ctrl,0.167315108591148,0
LB771HNC,EGFR+ctrl,0.1207986130048717,0
LB831BLC,EGFR+ctrl,0.0685806049878197,0
LC41,EGFR+ctrl,0.0750815471800916,0
LN405,EGFR+ctrl,0.068269785334514,0
LNZTA3WT4,EGFR+ctrl,0.0235714924079991,0
MCCAR,EGFR+ctrl,0.0516436310829033,0
MFHINO,EGFR+ctrl,0.131244814529157,0
MHHPREB1,EGFR+ctrl,0.1095977339689481,0
ML2,EGFR+ctrl,0.0217758431664638,0
MLMA,EGFR+ctrl,0.0817404542986729,0
MN60,EGFR+ctrl,0.029291187031476,0
MYM12,EGFR+ctrl,0.0562325019156543,0
NBTU110,EGFR+ctrl,0.001,0
NB10,EGFR+ctrl,0.0935617902366872,0
NB12,EGFR+ctrl,0.3688677397974383,1
NB13,EGFR+ctrl,0.001,0
NB14,EGFR+ctrl,0.0521267951032954,0
NB17,EGFR+ctrl,0.0395707816347488,0
NB5,EGFR+ctrl,0.2570836160488005,1
NB6,EGFR+ctrl,0.0423426207419518,0
NB7,EGFR+ctrl,0.2380791784116465,1
NCIH630,EGFR+ctrl,0.1937981404175841,0
NEC8,EGFR+ctrl,0.064758352223267,0
NKM1,EGFR+ctrl,0.1556506875998524,0
NTERA2CLD1,EGFR+ctrl,0.1733033328800703,0
OACP4C,EGFR+ctrl,0.2354922807329602,1
P32ISH,EGFR+ctrl,0.001,0
PCI15A,EGFR+ctrl,0.2110062278041117,1
PCI30,EGFR+ctrl,0.0964095476266158,0
PCI38,EGFR+ctrl,0.1778957244924222,0
PCI4B,EGFR+ctrl,0.5330822360140949,1
PCI6A,EGFR+ctrl,0.4756889993448362,1
QIMRWIL,EGFR+ctrl,0.0304122541092911,0
RAMOS2G64C10,EGFR+ctrl,0.0600089935338403,0
RF48,EGFR+ctrl,0.0494225546048351,0
RPMI8866,EGFR+ctrl,0.125202377295181,0
SKMG1,EGFR+ctrl,0.0749831665268208,0
SKN3,EGFR+ctrl,0.2105944381027905,1
STS0421,EGFR+ctrl,0.0849373312511388,0
SUDHL16,EGFR+ctrl,0.001,0
SUPB8,EGFR+ctrl,0.0377436359984015,0
SW684,EGFR+ctrl,0.1026691500716638,0
SW872,EGFR+ctrl,0.0737271898271453,0
TE12,EGFR+ctrl,0.3102727124118317,1
TGBC24TKB,EGFR+ctrl,0.342261089082828,1
TK,EGFR+ctrl,0.0380781203229456,0
TUR,EGFR+ctrl,0.1139804150657298,0
[MERGED,EGFR+ctrl,0.3632471545186411,1
WIL2NS,EGFR+ctrl,0.0608610864597319,0
YT,EGFR+ctrl,0.0592084078818057,0
NIHOVCAR3,MCL1+ctrl,0.1872036284880976,0
HEL,MCL1+ctrl,0.0409898773473715,0
HEL9217,MCL1+ctrl,0.2199205232998347,1
MONOMAC6,MCL1+ctrl,0.117899155705444,0
LS513,MCL1+ctrl,0.15739205172191,0
A101D,MCL1+ctrl,0.18726142789716,0
NCIH2077,MCL1+ctrl,0.3916180532149976,1
253J,MCL1+ctrl,0.0631910383025596,0
HCC827,MCL1+ctrl,0.1000283557262566,0
ONCODG1,MCL1+ctrl,0.1124412916294782,0
HS294T,MCL1+ctrl,0.2093908275383789,1
NCIH1581,MCL1+ctrl,0.6866091356653234,1
MCF7,MCL1+ctrl,0.3944977939055902,1
NCIH1693,MCL1+ctrl,0.024456749665102,0
PATU8988S,MCL1+ctrl,0.001,0
PATU8988T,MCL1+ctrl,0.2191499248167188,1
CH157MN,MCL1+ctrl,0.2995958184809703,1
GOS3,MCL1+ctrl,0.001,0
KPL1,MCL1+ctrl,0.1878842067798483,0
PC14,MCL1+ctrl,0.0467462520226504,0
NCIH1650,MCL1+ctrl,0.1119318360759977,0
U343,MCL1+ctrl,0.493426669953162,1
S117,MCL1+ctrl,0.107782557569976,0
SKNMC,MCL1+ctrl,0.6869270770465244,1
U118MG,MCL1+ctrl,0.1169658577655015,0
RDES,MCL1+ctrl,0.2912309208412876,1
PANC0203,MCL1+ctrl,0.001,0
ACHN,MCL1+ctrl,0.0443996084337077,0
GCIY,MCL1+ctrl,0.1116525698245417,0
TOV112D,MCL1+ctrl,0.3258247249971756,1
TE617T,MCL1+ctrl,0.6361872406810256,1
A673,MCL1+ctrl,0.1866955912557665,0
KARPAS299,MCL1+ctrl,0.3955776526320447,1
HT1080,MCL1+ctrl,0.3016482635625551,1
DOHH2,MCL1+ctrl,0.0476768451381299,0
SUPB15,MCL1+ctrl,0.2967111408200314,1
HH,MCL1+ctrl,0.4931907010128966,1
RERFLCMS,MCL1+ctrl,0.1032332153611055,0
OCIAML5,MCL1+ctrl,0.1002120899997864,0
HCC4006,MCL1+ctrl,0.2520984482794577,1
HS683,MCL1+ctrl,0.2012057138202883,1
HS611T,MCL1+ctrl,0.099736081543948,0
697,MCL1+ctrl,0.7479464576643564,1
MEG01,MCL1+ctrl,0.1496826180842981,0
GRANTA519,MCL1+ctrl,0.001,0
U87MG,MCL1+ctrl,0.2813060878884381,1
NCO2,MCL1+ctrl,0.0261302066758579,0
MHHNB11,MCL1+ctrl,0.0864552354899139,0
BDCM,MCL1+ctrl,0.1747204393703308,0
G292CLONEA141B1,MCL1+ctrl,0.0616231404455227,0
ACCMESO1,MCL1+ctrl,0.0220625553493942,0
SKES1,MCL1+ctrl,0.5320541730657349,1
PC3,MCL1+ctrl,0.1286502168986398,0
OV56,MCL1+ctrl,0.0094459702687531,0
NCIH2452,MCL1+ctrl,0.1490447120801965,0
PANC0504,MCL1+ctrl,0.0061770662308071,0
G401,MCL1+ctrl,0.0518452504331569,0
ZR751,MCL1+ctrl,0.0893468789027316,0
GAMG,MCL1+ctrl,0.0031578117032313,0
SIMA,MCL1+ctrl,0.001,0
KE37,MCL1+ctrl,0.0907035238868309,0
ALLSIL,MCL1+ctrl,0.0172653129634905,0
CAPAN2,MCL1+ctrl,0.0559867285661923,0
KP3,MCL1+ctrl,0.0070518530774121,0
OCIAML2,MCL1+ctrl,0.7993166629516544,1
EFM192A,MCL1+ctrl,0.5434634706383588,1
CHP212,MCL1+ctrl,0.3164114348546077,1
SUPT11,MCL1+ctrl,0.4951089245798379,1
COV434,MCL1+ctrl,0.6156583359635623,1
OCILY19,MCL1+ctrl,0.5048214769902286,1
NCIH1341,MCL1+ctrl,0.3333730122667888,1
JHOS2,MCL1+ctrl,0.0486013412656491,0
HS729,MCL1+ctrl,0.4748460491393228,1
8MGBA,MCL1+ctrl,0.2622430582412483,1
CFPAC1,MCL1+ctrl,0.1108417609845769,0
PANC0327,MCL1+ctrl,0.4556343415621133,1
SNU308,MCL1+ctrl,0.0303558376148782,0
CAL29,MCL1+ctrl,0.0469826416400096,0
RERFGC1B,MCL1+ctrl,0.4021996076607252,1
THP1,MCL1+ctrl,0.1879764464760285,0
T47D,MCL1+ctrl,0.0332233168856579,0
SKNSH,MCL1+ctrl,0.026413681110944,0
JM1,MCL1+ctrl,0.4876672338691328,1
M059K,MCL1+ctrl,0.0056834242145241,0
NCIH2052,MCL1+ctrl,0.0474157128472814,0
OSRC2,MCL1+ctrl,0.001,0
BT12,MCL1+ctrl,0.5849133533363886,1
SW579,MCL1+ctrl,0.128853958848621,0
PANC1,MCL1+ctrl,0.0172230725658222,0
NOMO1,MCL1+ctrl,0.6660433981930335,1
RD,MCL1+ctrl,0.0789936207829149,0
VMRCRCZ,MCL1+ctrl,0.0025858641368423,0
TM87,MCL1+ctrl,0.0604339200483819,0
SCC9,MCL1+ctrl,0.0958849600877868,0
SNU869,MCL1+ctrl,0.0267317027599336,0
L363,MCL1+ctrl,0.9034287204631056,1
NCIH2444,MCL1+ctrl,0.1731232766857031,0
SCC25,MCL1+ctrl,0.4986122499210813,1
RCC10RGB,MCL1+ctrl,0.001,0
HDMYZ,MCL1+ctrl,0.0249707291235747,0
BHT101,MCL1+ctrl,0.1631071159778188,0
MFE280,MCL1+ctrl,0.1144483528430855,0
KARPAS620,MCL1+ctrl,0.0776191684979785,0
EOL1,MCL1+ctrl,0.001,0
A204,MCL1+ctrl,0.2281009817755395,1
COLO320,MCL1+ctrl,0.0702510556948592,0
LP1,MCL1+ctrl,0.1448987826585627,0
PK59,MCL1+ctrl,0.001,0
C8166,MCL1+ctrl,0.001,0
DETROIT562,MCL1+ctrl,0.138988795697951,0
U178,MCL1+ctrl,0.1703023863297518,0
SNU1079,MCL1+ctrl,0.0922391322955451,0
CADOES1,MCL1+ctrl,0.1049347758228383,0
DAOY,MCL1+ctrl,0.1251232517249698,0
CAL120,MCL1+ctrl,0.0644429713760426,0
HUPT4,MCL1+ctrl,0.3192502532591659,1
LN382,MCL1+ctrl,0.1784789315783957,0
PL21,MCL1+ctrl,0.4862791450274446,1
A375,MCL1+ctrl,0.0474950946940916,0
SNU398,MCL1+ctrl,0.7043789727617864,1
ASPC1,MCL1+ctrl,0.031738194292112,0
HCC1937,MCL1+ctrl,0.0497617459702731,0
KPNYN,MCL1+ctrl,0.001,0
BICR31,MCL1+ctrl,0.3608175767326145,1
KALS1,MCL1+ctrl,0.001,0
U251MG,MCL1+ctrl,0.0349317655661099,0
DEL,MCL1+ctrl,0.7320756689035197,1
PANC0403,MCL1+ctrl,0.001,0
JHOM1,MCL1+ctrl,0.2581656876792111,1
HUG1N,MCL1+ctrl,0.2672073541688592,1
RT4,MCL1+ctrl,0.3547554228017753,1
DANG,MCL1+ctrl,0.4478923377400384,1
DKMG,MCL1+ctrl,0.3245245884931587,1
AU565,MCL1+ctrl,0.3298748910917783,1
CL11,MCL1+ctrl,0.1083532791303234,0
KMRC20,MCL1+ctrl,0.0688119505819713,0
LS1034,MCL1+ctrl,0.001,0
LMSU,MCL1+ctrl,0.4706164482569847,1
COV318,MCL1+ctrl,0.2376637847210955,1
CORL279,MCL1+ctrl,0.2639424271804649,1
DU4475,MCL1+ctrl,0.001,0
KELLY,MCL1+ctrl,0.3164367124649977,1
SKNAS,MCL1+ctrl,0.3174067886094123,1
RERFLCAI,MCL1+ctrl,0.211833693441761,1
CALU6,MCL1+ctrl,0.0581715608634726,0
KP4,MCL1+ctrl,0.0016587401193374,0
SNU213,MCL1+ctrl,0.4554580157448644,1
SNU245,MCL1+ctrl,0.1857660610581811,0
AM38,MCL1+ctrl,0.3457079925386163,1
HPAC,MCL1+ctrl,0.1547779945063111,0
SF539,MCL1+ctrl,0.3063876645792913,1
HS852T,MCL1+ctrl,0.5288439722607272,1
HCC38,MCL1+ctrl,0.3032406041475508,1
HCC1419,MCL1+ctrl,0.0937495550621863,0
COV362,MCL1+ctrl,0.0429575497394772,0
EWS502,MCL1+ctrl,0.3279811989418831,1
SNU840,MCL1+ctrl,0.1986136190864955,0
KP2,MCL1+ctrl,0.470521705794009,1
A1207,MCL1+ctrl,0.3327783613754889,1
TOLEDO,MCL1+ctrl,0.102051854723267,0
BT549,MCL1+ctrl,0.5851387597002009,1
SNU466,MCL1+ctrl,0.0073325352496439,0
NCIH841,MCL1+ctrl,0.3439880610038626,1
KLE,MCL1+ctrl,0.1044174455230729,0
EM2,MCL1+ctrl,0.5350880692493317,1
OUMS23,MCL1+ctrl,0.4960743220507878,1
LAMA84,MCL1+ctrl,0.1174482988145793,0
SNU1077,MCL1+ctrl,0.211243288550714,1
ECGI10,MCL1+ctrl,0.1821442752148326,0
PK1,MCL1+ctrl,0.1649138623826085,0
EFO21,MCL1+ctrl,0.0362114398274672,0
SKLU1,MCL1+ctrl,0.0126061292331306,0
NCIH2122,MCL1+ctrl,0.2800142481603184,1
SKNBE2,MCL1+ctrl,0.1070693130447453,0
KMRC3,MCL1+ctrl,0.001,0
HCC2108,MCL1+ctrl,0.001,0
SNU886,MCL1+ctrl,0.5708308232694231,1
TE10,MCL1+ctrl,0.0145642495980066,0
MPP89,MCL1+ctrl,0.001,0
PSN1,MCL1+ctrl,0.1026065398190489,0
HT144,MCL1+ctrl,0.529137905416938,1
42MGBA,MCL1+ctrl,0.1650724826210341,0
JHOC5,MCL1+ctrl,0.0143410680101589,0
EFM19,MCL1+ctrl,0.4424811397749627,1
ISTMES2,MCL1+ctrl,0.1554219995523875,0
MSTO211H,MCL1+ctrl,0.160729111930107,0
OCIAML3,MCL1+ctrl,0.4577593135646922,1
SR786,MCL1+ctrl,0.5644858533227459,1
SKNFI,MCL1+ctrl,0.0846270770430206,0
NCIH522,MCL1+ctrl,0.542099207990923,1
SNU668,MCL1+ctrl,0.4339532201817933,1
RPMI7951,MCL1+ctrl,0.5923457754943328,1
COLO678,MCL1+ctrl,0.0729207807222688,0
MKN1,MCL1+ctrl,0.0150969046431006,0
HCC1428,MCL1+ctrl,0.2400437394880682,1
TE15,MCL1+ctrl,0.4954879069328105,1
NCIH82,MCL1+ctrl,0.3341164003182729,1
MKN45,MCL1+ctrl,0.0784684890077495,0
JEKO1,MCL1+ctrl,0.4818281293222408,1
SKHEP1,MCL1+ctrl,0.3658284395817213,1
MOLM13,MCL1+ctrl,0.7578080599517457,1
SKMM2,MCL1+ctrl,0.1238707371366373,0
U2OS,MCL1+ctrl,0.0564675131082489,0
SKNDZ,MCL1+ctrl,0.0724786765499223,0
NCIH226,MCL1+ctrl,0.0086676878106731,0
SNU1105,MCL1+ctrl,0.0468656952985655,0
MOLM16,MCL1+ctrl,0.0138796748912866,0
RL,MCL1+ctrl,0.0280757362687703,0
SKM1,MCL1+ctrl,0.6533600330353192,1
HCC1143,MCL1+ctrl,0.2826891385208623,1
G402,MCL1+ctrl,0.5886564711808242,1
SF295,MCL1+ctrl,0.2838878662345061,1
SNU478,MCL1+ctrl,0.3027304644320542,1
NCIH647,MCL1+ctrl,0.2499850747295213,1
KMS12BM,MCL1+ctrl,0.7134708990665685,1
T84,MCL1+ctrl,0.2725373637736881,1
OE33,MCL1+ctrl,0.001,0
SW780,MCL1+ctrl,0.0896557764905257,0
TF1,MCL1+ctrl,0.4733527292738357,1
NUDHL1,MCL1+ctrl,0.7151216119365018,1
H4,MCL1+ctrl,0.4449946213559193,1
LUDLU1,MCL1+ctrl,0.1442615433145089,0
MHHES1,MCL1+ctrl,0.2104054150752238,1
J82,MCL1+ctrl,0.0985115244929321,0
TEN,MCL1+ctrl,0.0017001151877705,0
RI1,MCL1+ctrl,0.0022262270632907,0
NCIH2196,MCL1+ctrl,0.1606741527251742,0
COLO800,MCL1+ctrl,0.0152044590498597,0
NCIH747,MCL1+ctrl,0.001,0
K029AX,MCL1+ctrl,0.3742506972679114,1
U937,MCL1+ctrl,0.3152577873153958,1
SNU685,MCL1+ctrl,0.3297297827774078,1
TE5,MCL1+ctrl,0.0924293688227635,0
OVSAHO,MCL1+ctrl,0.2885512462117997,1
SAOS2,MCL1+ctrl,0.3406743251304205,1
NCIH1944,MCL1+ctrl,0.0072842783983391,0
BICR6,MCL1+ctrl,0.001,0
NCIH838,MCL1+ctrl,0.3538543920817498,1
PANC0813,MCL1+ctrl,0.001202402033441,0
SW1353,MCL1+ctrl,0.4704672514617883,1
KMS28BM,MCL1+ctrl,0.8124872764103244,1
SW837,MCL1+ctrl,0.0328979425646923,0
SKMEL3,MCL1+ctrl,0.0100465803515303,0
TC71,MCL1+ctrl,0.4415369899497716,1
UACC62,MCL1+ctrl,0.4136744589016424,1
KMS20,MCL1+ctrl,0.001,0
UO31,MCL1+ctrl,0.0103667950415826,0
TYKNU,MCL1+ctrl,0.1814361140570624,0
NCIH1694,MCL1+ctrl,0.058989155811998,0
BV173,MCL1+ctrl,0.6281707495205178,1
NCIH1915,MCL1+ctrl,0.083182713883664,0
EFE184,MCL1+ctrl,0.169405197805744,0
SW1088,MCL1+ctrl,0.0619655043840217,0
OVKATE,MCL1+ctrl,0.2825897617099928,1
LU99,MCL1+ctrl,0.0332290812687173,0
KNS60,MCL1+ctrl,0.0510915003892299,0
NCIH2228,MCL1+ctrl,0.0353336582257152,0
MESSA,MCL1+ctrl,0.4722456725192452,1
MELHO,MCL1+ctrl,0.103707527156477,0
TE8,MCL1+ctrl,0.3199280662513524,1
MOLP2,MCL1+ctrl,0.7970775529411047,1
HCC95,MCL1+ctrl,0.2436786085767618,1
BCPAP,MCL1+ctrl,0.1186544533730435,0
CAL54,MCL1+ctrl,0.001,0
CJM,MCL1+ctrl,0.4837528821825907,1
NCIH460,MCL1+ctrl,0.0317650001284477,0
CAS1,MCL1+ctrl,0.0532691380030961,0
SNU216,MCL1+ctrl,0.3277991863438173,1
HCC56,MCL1+ctrl,0.1377604306493431,0
PK45H,MCL1+ctrl,0.001,0
YH13,MCL1+ctrl,0.4794463370185013,1
SW1463,MCL1+ctrl,0.0279913693694883,0
LI7,MCL1+ctrl,0.0551061411251059,0
HSC2,MCL1+ctrl,0.3362790827180293,1
RT112,MCL1+ctrl,0.6538627773833394,1
HUH1,MCL1+ctrl,0.3218635411957505,1
JHH4,MCL1+ctrl,0.0465347766912553,0
MALME3M,MCL1+ctrl,0.2287409061693095,1
KNS81,MCL1+ctrl,0.0023739092256264,0
HUH7,MCL1+ctrl,0.0136739958827065,0
NCIH2170,MCL1+ctrl,0.0286060131470471,0
RERFLCKJ,MCL1+ctrl,0.3414399440593461,1
SNU182,MCL1+ctrl,0.3746803596804163,1
VMRCRCW,MCL1+ctrl,0.0937628628888469,0
GSU,MCL1+ctrl,0.5416960025516689,1
KU1919,MCL1+ctrl,0.1778939806221238,0
TE11,MCL1+ctrl,0.3077337172666379,1
SW1116,MCL1+ctrl,0.0766594580842641,0
SNU423,MCL1+ctrl,0.0499369679122665,0
TUHR4TKB,MCL1+ctrl,0.0253734136487333,0
NCIH1792,MCL1+ctrl,0.3570008173147279,1
EW8,MCL1+ctrl,0.4088108781989173,1
SNU46,MCL1+ctrl,0.0552968181694788,0
BICR16,MCL1+ctrl,0.3951285407314893,1
SNB75,MCL1+ctrl,0.3107245640444422,1
RKN,MCL1+ctrl,0.0665275873136855,0
KE39,MCL1+ctrl,0.001,0
CORL88,MCL1+ctrl,0.1843134554318674,0
HUT78,MCL1+ctrl,0.0086512259757913,0
NCIH1299,MCL1+ctrl,0.1531751769315597,0
NCIH1092,MCL1+ctrl,0.4112455511209134,1
HCC33,MCL1+ctrl,0.3224286227661037,1
CAL78,MCL1+ctrl,0.4775484023371461,1
SNU410,MCL1+ctrl,0.001,0
CAL33,MCL1+ctrl,0.2787323576979932,1
NCIH2030,MCL1+ctrl,0.0156955130689393,0
KURAMOCHI,MCL1+ctrl,0.354983909723791,1
NCIH2171,MCL1+ctrl,0.0709355980075145,0
OVISE,MCL1+ctrl,0.1933494668476614,0
ABC1,MCL1+ctrl,0.2671793963995975,1
SNU61,MCL1+ctrl,0.3406920323650222,1
NCIH2004RT,MCL1+ctrl,0.1323678748826071,0
WSUDLCL2,MCL1+ctrl,0.7283887346887787,1
BXPC3,MCL1+ctrl,0.2021411323428888,1
SNU761,MCL1+ctrl,0.001075384634038,0
HS618T,MCL1+ctrl,0.0080533106428294,0
KMS34,MCL1+ctrl,0.1698418560384255,0
HEYA8,MCL1+ctrl,0.0062519139455086,0
SNU489,MCL1+ctrl,0.1622322479383607,0
OE21,MCL1+ctrl,0.194959900978662,0
VMCUB1,MCL1+ctrl,0.0342395354229352,0
HT1197,MCL1+ctrl,0.0021285728366372,0
BHY,MCL1+ctrl,0.1410650708348958,0
SNU1076,MCL1+ctrl,0.4635521773301657,1
IGR39,MCL1+ctrl,0.0645813054203061,0
K562,MCL1+ctrl,0.001,0
HT29,MCL1+ctrl,0.1079409019817565,0
SQ1,MCL1+ctrl,0.2348846227531005,1
ECC10,MCL1+ctrl,0.2505472779827271,1
TT,MCL1+ctrl,0.5094655275669235,1
HCC78,MCL1+ctrl,0.0294711666168865,0
EBC1,MCL1+ctrl,0.1746990505300468,0
KHM1B,MCL1+ctrl,0.1060862555522155,0
RCM1,MCL1+ctrl,0.0486534491117753,0
SW1710,MCL1+ctrl,0.0201104158336183,0
ISTMES1,MCL1+ctrl,0.2878245095660801,1
YKG1,MCL1+ctrl,0.1088861273319192,0
T98G,MCL1+ctrl,0.0983027499146447,0
G361,MCL1+ctrl,0.5034654324075647,1
KMS27,MCL1+ctrl,0.8663467346288206,1
UACC257,MCL1+ctrl,0.0218118219509871,0
C32,MCL1+ctrl,0.0812940046114967,0
COLO741,MCL1+ctrl,0.342413665216682,1
MC116,MCL1+ctrl,0.7906459074349378,1
NCIH1876,MCL1+ctrl,0.2732951472932075,1
NCIH1975,MCL1+ctrl,0.1963914701104474,0
NCIH1437,MCL1+ctrl,0.2650391949216535,1
TM31,MCL1+ctrl,0.0329657965288409,0
BC3C,MCL1+ctrl,0.001,0
TTC709,MCL1+ctrl,0.001,0
KMS21BM,MCL1+ctrl,0.4605326289316646,1
PATU8902,MCL1+ctrl,0.009510207712934,0
MIAPACA2,MCL1+ctrl,0.4401301023394437,1
BEN,MCL1+ctrl,0.0108112558992979,0
TE6,MCL1+ctrl,0.3073720268411596,1
KYM1,MCL1+ctrl,0.298356647466766,1
COV644,MCL1+ctrl,0.5891336880312917,1
HOS,MCL1+ctrl,0.0873189593583689,0
RVH421,MCL1+ctrl,0.1779940747897276,0
SKMEL28,MCL1+ctrl,0.2976870612779891,1
SNU1041,MCL1+ctrl,0.001,0
PECAPJ15,MCL1+ctrl,0.1426953556072356,0
JHH1,MCL1+ctrl,0.4769042282662327,1
HCC1806,MCL1+ctrl,0.3324222412370647,1
HEP3B217,MCL1+ctrl,0.0592230403463371,0
U266B1,MCL1+ctrl,0.1747413316794961,0
LCLC103H,MCL1+ctrl,0.2091561189775467,1
NCIH596,MCL1+ctrl,0.1586233146844686,0
KS1,MCL1+ctrl,0.0400407696351128,0
HS944T,MCL1+ctrl,0.63344198555687,1
SNU119,MCL1+ctrl,0.461828773146606,1
RPMI8402,MCL1+ctrl,0.3105228813172678,1
NCIH441,MCL1+ctrl,0.0223313137969516,0
NCIH211,MCL1+ctrl,0.2454192529831278,1
HDQP1,MCL1+ctrl,0.0465663226638274,0
JL1,MCL1+ctrl,0.044525788133656,0
TE1,MCL1+ctrl,0.001,0
NCIH28,MCL1+ctrl,0.001,0
786O,MCL1+ctrl,0.0030474984985485,0
IGR37,MCL1+ctrl,0.2282591905397932,1
SW620,MCL1+ctrl,0.0490218799730024,0
SUIT2,MCL1+ctrl,0.001,0
JJN3,MCL1+ctrl,0.7897337924471677,1
SUDHL8,MCL1+ctrl,0.3919769133102485,1
A2780,MCL1+ctrl,0.6705398160243157,1
KMS18,MCL1+ctrl,0.441548483561194,1
SCLC21H,MCL1+ctrl,0.001,0
WM1799,MCL1+ctrl,0.1400467751221336,0
CORL23,MCL1+ctrl,0.0620147182911838,0
OVTOKO,MCL1+ctrl,0.0074735917673031,0
SUDHL1,MCL1+ctrl,0.2127897573349058,1
NCIH1355,MCL1+ctrl,0.0501285853401134,0
HCC44,MCL1+ctrl,0.2715305674431398,1
SW900,MCL1+ctrl,0.1406679580967338,0
SBC5,MCL1+ctrl,0.2964060572070018,1
HUH6,MCL1+ctrl,0.4327840185440368,1
IALM,MCL1+ctrl,0.004511527142756,0
NUGC4,MCL1+ctrl,0.1521389409060869,0
LN464,MCL1+ctrl,0.1581673975737835,0
SW1573,MCL1+ctrl,0.0041124907290077,0
OE19,MCL1+ctrl,0.295415550538477,1
SW948,MCL1+ctrl,0.063211864063491,0
A549,MCL1+ctrl,0.0641805135817563,0
SNU1066,MCL1+ctrl,0.1273112518173836,0
KMRC1,MCL1+ctrl,0.1268467595333129,0
L33,MCL1+ctrl,0.231441086897677,1
SNU878,MCL1+ctrl,0.2841513969107564,1
CI1,MCL1+ctrl,0.4007603908495952,1
SNU899,MCL1+ctrl,0.1503746219169921,0
KYSE180,MCL1+ctrl,0.3342194173599171,1
TE9,MCL1+ctrl,0.4147369289203473,1
A3KAW,MCL1+ctrl,0.7270747037083887,1
DMS53,MCL1+ctrl,0.4158266767971842,1
HCC1395,MCL1+ctrl,0.4056080188040474,1
RMUGS,MCL1+ctrl,0.0588909579237464,0
DMS79,MCL1+ctrl,0.001,0
OAW42,MCL1+ctrl,0.1633627787419432,0
EKVX,MCL1+ctrl,0.3449101570187263,1
JIMT1,MCL1+ctrl,0.001,0
CAOV3,MCL1+ctrl,0.1113231471508059,0
KMS11,MCL1+ctrl,0.4456250167969383,1
SNU1214,MCL1+ctrl,0.2077870788797824,1
TT2609C02,MCL1+ctrl,0.001,0
COLO680N,MCL1+ctrl,0.046519099520506,0
HMC18,MCL1+ctrl,0.5229413966185276,1
YD10B,MCL1+ctrl,0.3077932610039339,1
HT1376,MCL1+ctrl,0.0094476406960102,0
TE14,MCL1+ctrl,0.0045386486253568,0
KASUMI2,MCL1+ctrl,0.001,0
SKMEL5,MCL1+ctrl,0.1327925532300189,0
PECAPJ41CLONED2,MCL1+ctrl,0.1646224676710009,0
NCIH1838,MCL1+ctrl,0.0493292209055156,0
JHH5,MCL1+ctrl,0.208833212132982,1
PECAPJ49,MCL1+ctrl,0.4249934507168079,1
SNU601,MCL1+ctrl,0.0486183760424318,0
HEPG2,MCL1+ctrl,0.001,0
A253,MCL1+ctrl,0.2306477171756807,1
UBLC1,MCL1+ctrl,0.1354225469974646,0
NCIH1623,MCL1+ctrl,0.5098663422718032,1
NCIH1703,MCL1+ctrl,0.479747573705281,1
DMS273,MCL1+ctrl,0.3757635823221608,1
LOXIMVI,MCL1+ctrl,0.3839476237539662,1
NCIH196,MCL1+ctrl,0.2058743481652076,1
JMSU1,MCL1+ctrl,0.4213293595265318,1
GI1,MCL1+ctrl,0.3601353992566314,1
A427,MCL1+ctrl,0.761990534900948,1
MKN74,MCL1+ctrl,0.0652157091474283,0
MDAMB175VII,MCL1+ctrl,0.2677511408905129,1
LNZ308,MCL1+ctrl,0.2946047406660452,1
YD38,MCL1+ctrl,0.5504159364868841,1
MM1S,MCL1+ctrl,0.4341589251036494,1
SH10TC,MCL1+ctrl,0.3192984778720438,1
WM983B,MCL1+ctrl,0.1531843402450865,0
NCIH1648,MCL1+ctrl,0.170929178860318,0
MDAMB231,MCL1+ctrl,0.0319913485258158,0
LK2,MCL1+ctrl,0.0693049060336845,0
BICR56,MCL1+ctrl,0.4423638910151706,1
RERFLCAD2,MCL1+ctrl,0.001,0
ONS76,MCL1+ctrl,0.1343606294445436,0
KYSE30,MCL1+ctrl,0.1096985665691946,0
HSC3,MCL1+ctrl,0.1154851972262183,0
NCIH2023,MCL1+ctrl,0.001,0
SEM,MCL1+ctrl,0.5036856833967485,1
CAMA1,MCL1+ctrl,0.3810635379850123,1
NCIH2126,MCL1+ctrl,0.3002907557116068,1
LXF289,MCL1+ctrl,0.177648920089524,0
A2058,MCL1+ctrl,0.547550073421138,1
RERFLCAD1,MCL1+ctrl,0.001,0
BFTC909,MCL1+ctrl,0.0166544345985566,0
KATOIII,MCL1+ctrl,0.0987851628673476,0
BICR22,MCL1+ctrl,0.2490077042989924,1
MCAS,MCL1+ctrl,0.001,0
NCIH446,MCL1+ctrl,0.5200068827620751,1
BFTC905,MCL1+ctrl,0.1978289638087118,0
COLO668,MCL1+ctrl,0.042297129892864,0
NB1,MCL1+ctrl,0.49110765389738,1
COLO679,MCL1+ctrl,0.157098577279662,0
SNU738,MCL1+ctrl,0.1838356944654802,0
HUH28,MCL1+ctrl,0.2511841815520969,1
SKMEL30,MCL1+ctrl,0.2101795656394114,1
COLO783,MCL1+ctrl,0.3342445260876051,1
T3M10,MCL1+ctrl,0.0303752733354252,0
KMH2,MCL1+ctrl,0.0258474806670752,0
NCIH524,MCL1+ctrl,0.2310188308325289,1
LN18,MCL1+ctrl,0.0075176190410246,0
SKMEL24,MCL1+ctrl,0.0337349895650299,0
KYSE140,MCL1+ctrl,0.001,0
KYSE510,MCL1+ctrl,0.4136148433803164,1
CAL12T,MCL1+ctrl,0.001,0
WM793,MCL1+ctrl,0.176226960558781,0
HEC50B,MCL1+ctrl,0.1664287585325548,0
CAL27,MCL1+ctrl,0.4105171511796905,1
RH30,MCL1+ctrl,0.1681745201349449,0
UMUC1,MCL1+ctrl,0.2344094740536355,1
GCT,MCL1+ctrl,0.3440589706254164,1
YD15,MCL1+ctrl,0.1480757858431963,0
NCIH322,MCL1+ctrl,0.0778381267681556,0
AMO1,MCL1+ctrl,0.6896566296062971,1
SCABER,MCL1+ctrl,0.3989981075826575,1
HCC366,MCL1+ctrl,0.0509422665966011,0
NCIH2087,MCL1+ctrl,0.1094251389614681,0
HARA,MCL1+ctrl,0.229945527929239,1
NCIH1373,MCL1+ctrl,0.1025340941832441,0
FADU,MCL1+ctrl,0.369502425363682,1
HGC27,MCL1+ctrl,0.6049897582215322,1
JHH7,MCL1+ctrl,0.2964833646259256,1
MDAMB468,MCL1+ctrl,0.6272213653682802,1
NCIH1435,MCL1+ctrl,0.0527258003105931,0
NCIH661,MCL1+ctrl,0.5093885281949301,1
KYSE150,MCL1+ctrl,0.0116402423505853,0
CAL51,MCL1+ctrl,0.0059143803282007,0
KNS62,MCL1+ctrl,0.1817734943570407,0
HCC1954,MCL1+ctrl,0.4191156861439447,1
NCIH358,MCL1+ctrl,0.0078556479101543,0
KMBC2,MCL1+ctrl,0.2627268823814314,1
DBTRG05MG,MCL1+ctrl,0.1229637339442277,0
KYSE450,MCL1+ctrl,0.2080540138602906,1
NCIH1048,MCL1+ctrl,0.4175726408924394,1
CHAGOK1,MCL1+ctrl,0.3548945082528514,1
HCC1195,MCL1+ctrl,0.3898477834669718,1
NCIH1568,MCL1+ctrl,0.412782553266846,1
HCC515,MCL1+ctrl,0.0820427942537905,0
KYSE270,MCL1+ctrl,0.274856232901832,1
NCIH2347,MCL1+ctrl,0.0944819337938684,0
HCC15,MCL1+ctrl,0.0346565447364969,0
MFE296,MCL1+ctrl,0.1736279326294928,0
MELJUSO,MCL1+ctrl,0.001,0
IGR1,MCL1+ctrl,0.0968053577220862,0
SW1783,MCL1+ctrl,0.1358965604794419,0
MDAMB435S,MCL1+ctrl,0.4985325608030468,1
TOV21G,MCL1+ctrl,0.0841215976964504,0
NCIH2009,MCL1+ctrl,0.1098750687910848,0
NCIH1793,MCL1+ctrl,0.1167489063428284,0
SW1271,MCL1+ctrl,0.0132518362344977,0
HCC1438,MCL1+ctrl,0.2527036152223945,1
NCIH1563,MCL1+ctrl,0.2554658183379054,1
NCIH1651,MCL1+ctrl,0.1711728417638913,0
FTC238,MCL1+ctrl,0.1740229874231379,0
SNU719,MCL1+ctrl,0.0464462662640492,0
WM88,MCL1+ctrl,0.4920774540599436,1
NCIH23,MCL1+ctrl,0.5576693593936448,1
HCC1359,MCL1+ctrl,0.3215156266599143,1
CAL148,MCL1+ctrl,0.288582299395909,1
FTC133,MCL1+ctrl,0.0156413195335539,0
5637,MCL1+ctrl,0.1583503541970423,0
ES2,MCL1+ctrl,0.0646766372517619,0
JHUEM2,MCL1+ctrl,0.5154729550454542,1
MDAMB453,MCL1+ctrl,0.5660369588721661,1
ESS1,MCL1+ctrl,0.1794330033615907,0
HT,MCL1+ctrl,0.6883094679634649,1
IPC298,MCL1+ctrl,0.014298525675558,0
NCIH1573,MCL1+ctrl,0.0589346200223743,0
TE4,MCL1+ctrl,0.2139188075607037,1
MOLT16,MCL1+ctrl,0.6552248759749376,1
IM95,MCL1+ctrl,0.4424364711996307,1
CMLT1,MCL1+ctrl,0.1533338588754343,0
NCIH1339,MCL1+ctrl,0.5148551037866737,1
RCHACV,MCL1+ctrl,0.4266654034044691,1
NCIH2172,MCL1+ctrl,0.2166169150631607,1
DV90,MCL1+ctrl,0.2197727538351782,1
HT55,MCL1+ctrl,0.0012704516071615,0
BT474,MCL1+ctrl,0.201447593761272,1
NCIH2110,MCL1+ctrl,0.6050646631083829,1
SNU1,MCL1+ctrl,0.3586362059177214,1
MDAMB361,MCL1+ctrl,0.2092384402293424,1
MDST8,MCL1+ctrl,0.0846039022275659,0
EFO27,MCL1+ctrl,0.0148926007605185,0
PF382,MCL1+ctrl,0.2465878148280846,1
NALM6,MCL1+ctrl,0.1227832561326607,0
SKUT1,MCL1+ctrl,0.2900058725948449,1
AN3CA,MCL1+ctrl,0.717460582032884,1
HEC1B,MCL1+ctrl,0.00025064004091834846,0
HPBALL,MCL1+ctrl,0.0284823194568388,0
RKO,MCL1+ctrl,0.0928901933372315,0
NCIH650,MCL1+ctrl,0.0334278967772198,0
HEC265,MCL1+ctrl,0.1775671721119482,0
OVK18,MCL1+ctrl,0.655816298182299,1
2313287,MCL1+ctrl,0.3976789013626205,1
LOVO,MCL1+ctrl,0.2659788815228255,1
HEC1A,MCL1+ctrl,0.0869201386426923,0
SNU407,MCL1+ctrl,0.2840483814359591,1
22RV1,MCL1+ctrl,0.3772825019261896,1
LS180,MCL1+ctrl,0.0698352411862291,0
SNUC4,MCL1+ctrl,0.1247918557481611,0
ISHIKAWAHERAKLIO02ER,MCL1+ctrl,0.0457166731634732,0
OC314,MCL1+ctrl,0.001,0
CCK81,MCL1+ctrl,0.3668363546840238,1
MOLT3,MCL1+ctrl,0.4640185443664123,1
RL952,MCL1+ctrl,0.4366734853069075,1
IGROV1,MCL1+ctrl,0.0197942725828852,0
SNUC2A,MCL1+ctrl,0.0197184986316629,0
COLO792,MCL1+ctrl,0.5103433076837882,1
HCT116,MCL1+ctrl,0.0480215150920293,0
HEC151,MCL1+ctrl,0.1738666601732394,0
639V,MCL1+ctrl,0.4894191456175172,1
SNGM,MCL1+ctrl,0.0642152874355995,0
HUCCT1,MCL1+ctrl,0.0275208487376794,0
LNCAPCLONEFGC,MCL1+ctrl,0.0065879799294006,0
EN,MCL1+ctrl,0.2936599102536774,1
DU145,MCL1+ctrl,0.001,0
DND41,MCL1+ctrl,0.0283886074673654,0
GP2D,MCL1+ctrl,0.6711724137039442,1
KCL22,MCL1+ctrl,0.2681857159332135,1
HEC6,MCL1+ctrl,0.0131195614125322,0
LS411N,MCL1+ctrl,0.0023409037489569,0
HT115,MCL1+ctrl,0.386451514438666,1
MEWO,MCL1+ctrl,0.2344420901986974,1
MFE319,MCL1+ctrl,0.2994063409785626,1
HEC108,MCL1+ctrl,0.0077034695139208,0
SNU81,MCL1+ctrl,0.1280244320356703,0
BICR18,MCL1+ctrl,0.001,0
JHUEM7,MCL1+ctrl,0.2495666771180984,1
HEC59,MCL1+ctrl,0.0980445214161571,0
JURKAT,MCL1+ctrl,0.1728186766571788,0
HEC251,MCL1+ctrl,0.0306208488698194,0
HCT15,MCL1+ctrl,0.1924279646637184,0
143B,MCL1+ctrl,0.0416587075761434,0
A673STAG2KO16,MCL1+ctrl,0.0539783713299055,0
A673STAG2NT14,MCL1+ctrl,0.1629473743116459,0
A673STAG2NT23,MCL1+ctrl,0.1149463943814055,0
BECKER,MCL1+ctrl,0.0028228075636473,0
BT16,MCL1+ctrl,0.0707918592551142,0
CBAGPN,MCL1+ctrl,0.3629167643027748,1
CHL1,MCL1+ctrl,0.2583444757879984,1
CHLA57,MCL1+ctrl,0.0819838349751497,0
COGE352,MCL1+ctrl,0.3862255440850657,1
DL,MCL1+ctrl,0.5462571063142211,1
NCIH292,MCL1+ctrl,0.0776824465261677,0
HCC1588,MCL1+ctrl,0.0760617271847835,0
JR,MCL1+ctrl,0.6209332027870882,1
KD,MCL1+ctrl,0.6078164140216908,1
KOPN8,MCL1+ctrl,0.6653959073760793,1
LC1SQSF,MCL1+ctrl,0.1936310400314659,0
MON,MCL1+ctrl,0.4464578871026393,1
OC316,MCL1+ctrl,0.0136012169182108,0
OCILY132,MCL1+ctrl,0.3089874165112839,1
CCLFPEDS0001T,MCL1+ctrl,0.0012644520088032,0
CCLFPEDS0003T,MCL1+ctrl,0.6622270201402836,1
SKMEL2,MCL1+ctrl,0.6966677489431102,1
SKNEP1,MCL1+ctrl,0.1379891190727278,0
SKPNDW,MCL1+ctrl,0.619864139835407,1
SMSCTR,MCL1+ctrl,0.1609598941085031,0
TC32,MCL1+ctrl,0.2871109422598242,1
TTC1240,MCL1+ctrl,0.7497645946103894,1
TTC549,MCL1+ctrl,0.7406496224073565,1
TTC642,MCL1+ctrl,0.2356616896735411,1
WM2664,MCL1+ctrl,0.0086055588190283,0
TC106,MCL1+ctrl,0.7930609405566639,1
COGAR359,MCL1+ctrl,0.1502954171827757,0
CHLA15,MCL1+ctrl,0.0928621288518856,0
COGN278,MCL1+ctrl,0.2427553333092335,1
8305C,MCL1+ctrl,0.1091241866642815,0
8505C,MCL1+ctrl,0.0381662045706172,0
HA1E,MCL1+ctrl,0.001,0
PLCPRF5,MCL1+ctrl,0.1911830830386409,0
TT,MCL1+ctrl,0.1450892480909258,0
TC205,MCL1+ctrl,0.5706053220088785,1
SKNO1,MCL1+ctrl,0.5746081532420856,1
RH28,MCL1+ctrl,0.6438166145274011,1
RHJT,MCL1+ctrl,0.1254000952762128,0
TTC442,MCL1+ctrl,0.5563488964414617,1
RH36,MCL1+ctrl,0.1875294080302403,0
RH4,MCL1+ctrl,0.3075989489965107,1
PEDS005TSUSP,MCL1+ctrl,0.1773724815867965,0
LS513,PSMB5+ctrl,0.2932597178657405,1
A101D,PSMB5+ctrl,0.7302042956181135,1
253J,PSMB5+ctrl,0.5517412151885104,1
HCC827,PSMB5+ctrl,0.588140186175089,1
ONCODG1,PSMB5+ctrl,0.6180393081839919,1
HS294T,PSMB5+ctrl,0.6806596312326817,1
NCIH1581,PSMB5+ctrl,0.3810732243933572,1
T24,PSMB5+ctrl,0.5499138824773866,1
MCF7,PSMB5+ctrl,0.3769052306746009,1
NCIH1693,PSMB5+ctrl,0.6774238491502013,1
PATU8988S,PSMB5+ctrl,0.4728349710837316,1
PATU8988T,PSMB5+ctrl,0.5071518564301758,1
253JBV,PSMB5+ctrl,0.2903835277179705,1
GOS3,PSMB5+ctrl,0.6187444405816437,1
PC14,PSMB5+ctrl,0.4659464283333544,1
NCIH1650,PSMB5+ctrl,0.686481318273253,1
S117,PSMB5+ctrl,0.4360174053033335,1
U118MG,PSMB5+ctrl,0.6431008135513117,1
PANC0203,PSMB5+ctrl,0.400711528586695,1
ACHN,PSMB5+ctrl,0.4533606833880437,1
GCIY,PSMB5+ctrl,0.5455611231162352,1
TOV112D,PSMB5+ctrl,0.4752318627572375,1
A673,PSMB5+ctrl,0.4976002372724561,1
HT1080,PSMB5+ctrl,0.6339523212362396,1
PANC1005,PSMB5+ctrl,0.4629386771857017,1
RERFLCMS,PSMB5+ctrl,0.4637302990001057,1
HCC4006,PSMB5+ctrl,0.4916339970203149,1
G292CLONEA141B1,PSMB5+ctrl,0.3465095330929612,1
SKES1,PSMB5+ctrl,0.4680750626330312,1
PC3,PSMB5+ctrl,0.4813725647234012,1
OV56,PSMB5+ctrl,0.5536481762123368,1
NCIH2452,PSMB5+ctrl,0.4332970772974556,1
G401,PSMB5+ctrl,0.5217895523142191,1
ZR751,PSMB5+ctrl,0.3788504779739421,1
GAMG,PSMB5+ctrl,0.1845775168814918,0
SIMA,PSMB5+ctrl,0.3973186435434016,1
GMS10,PSMB5+ctrl,0.4315316697946036,1
CAPAN2,PSMB5+ctrl,0.2805099085506518,1
KP3,PSMB5+ctrl,0.5162628104182759,1
EFM192A,PSMB5+ctrl,0.7095647569262689,1
HUPT3,PSMB5+ctrl,0.529876970320825,1
COV434,PSMB5+ctrl,0.526324023296402,1
JHOS2,PSMB5+ctrl,0.3997281182738377,1
HS729,PSMB5+ctrl,0.522115410793909,1
8MGBA,PSMB5+ctrl,0.6178236641587953,1
CFPAC1,PSMB5+ctrl,0.5919062098006489,1
PANC0327,PSMB5+ctrl,0.5105549747046102,1
SNU308,PSMB5+ctrl,0.2890055968987751,1
CAL29,PSMB5+ctrl,0.4532167256180039,1
T47D,PSMB5+ctrl,0.3611430802893675,1
NCIH2052,PSMB5+ctrl,0.2400426291541008,1
SW1990,PSMB5+ctrl,0.5075915994405107,1
OSRC2,PSMB5+ctrl,0.7078970606750922,1
CORL105,PSMB5+ctrl,0.362869115187317,1
SW579,PSMB5+ctrl,0.5965041893039176,1
PANC1,PSMB5+ctrl,0.6333537950749113,1
RD,PSMB5+ctrl,0.5925451889479392,1
VMRCRCZ,PSMB5+ctrl,0.536787822201884,1
TM87,PSMB5+ctrl,0.5224771947344672,1
CAL62,PSMB5+ctrl,0.4101198600179899,1
LOUNH91,PSMB5+ctrl,0.6146400993291943,1
HS766T,PSMB5+ctrl,0.4735875033814136,1
SNU869,PSMB5+ctrl,0.420710472731164,1
NCIH2444,PSMB5+ctrl,0.5437836060673154,1
SCC25,PSMB5+ctrl,0.3690382674642715,1
RCC10RGB,PSMB5+ctrl,0.5424874298769147,1
BHT101,PSMB5+ctrl,0.2842901832551334,1
MFE280,PSMB5+ctrl,0.4788905276120494,1
A204,PSMB5+ctrl,0.5127278702038476,1
PK59,PSMB5+ctrl,0.4576913203706352,1
DETROIT562,PSMB5+ctrl,0.5297046507678114,1
SNU1079,PSMB5+ctrl,0.3328035747671887,1
CADOES1,PSMB5+ctrl,0.2725060973696019,1
DAOY,PSMB5+ctrl,0.537395813914695,1
CAL120,PSMB5+ctrl,0.5377767802560142,1
JHH6,PSMB5+ctrl,0.3508294573747104,1
A375,PSMB5+ctrl,0.4871834416705013,1
SNU398,PSMB5+ctrl,0.6796061697407685,1
ASPC1,PSMB5+ctrl,0.4687721210816042,1
HCC1937,PSMB5+ctrl,0.3020420012550955,1
BICR31,PSMB5+ctrl,0.485666219164244,1
KALS1,PSMB5+ctrl,0.5667207062046773,1
U251MG,PSMB5+ctrl,0.4779070345605591,1
PANC0403,PSMB5+ctrl,0.4667548040283247,1
JHOM1,PSMB5+ctrl,0.7029663277189397,1
RT4,PSMB5+ctrl,0.3966017071210214,1
DANG,PSMB5+ctrl,0.5614576626341534,1
DKMG,PSMB5+ctrl,0.6954179965798979,1
KMRC20,PSMB5+ctrl,0.6457172258329333,1
LS1034,PSMB5+ctrl,0.2815891717346572,1
LMSU,PSMB5+ctrl,0.6043096221867048,1
KELLY,PSMB5+ctrl,0.6220873840359861,1
SKNAS,PSMB5+ctrl,0.5733994877609592,1
RERFLCAI,PSMB5+ctrl,0.4554218083186695,1
CALU6,PSMB5+ctrl,0.5963671915894748,1
SNU213,PSMB5+ctrl,0.4137731413258542,1
SNU245,PSMB5+ctrl,0.1909057447227697,0
HPAC,PSMB5+ctrl,0.6159722775840399,1
SF539,PSMB5+ctrl,0.4740270452655666,1
HS852T,PSMB5+ctrl,0.3651295582340256,1
HCC38,PSMB5+ctrl,0.6184227169276397,1
HCC1419,PSMB5+ctrl,0.4387219483505783,1
COV362,PSMB5+ctrl,0.2747029079413753,1
EWS502,PSMB5+ctrl,0.5151636944255654,1
SNU840,PSMB5+ctrl,0.52093506449604,1
KP2,PSMB5+ctrl,0.4652146198073135,1
BT549,PSMB5+ctrl,0.2819141010945026,1
SNU466,PSMB5+ctrl,0.5096632353122641,1
NCIH841,PSMB5+ctrl,0.4373824818657706,1
OUMS23,PSMB5+ctrl,0.4703736801840773,1
SNU1077,PSMB5+ctrl,0.4517675958100277,1
ECGI10,PSMB5+ctrl,0.3733069756946323,1
PK1,PSMB5+ctrl,0.4295270388505137,1
EFO21,PSMB5+ctrl,0.3399922781229614,1
SKLU1,PSMB5+ctrl,0.6618484228765893,1
NCIH2122,PSMB5+ctrl,0.4095568570331264,1
SKNBE2,PSMB5+ctrl,0.4741624683712293,1
KMRC3,PSMB5+ctrl,0.6881063402670334,1
SNU886,PSMB5+ctrl,0.4644241140713547,1
TE10,PSMB5+ctrl,0.615890829355179,1
MPP89,PSMB5+ctrl,0.3851545968036239,1
PSN1,PSMB5+ctrl,0.5434517241841675,1
HT144,PSMB5+ctrl,0.5616039176686661,1
42MGBA,PSMB5+ctrl,0.2987170006500952,1
JHOC5,PSMB5+ctrl,0.5747330104356188,1
CCFSTTG1,PSMB5+ctrl,0.4236105895570679,1
ISTMES2,PSMB5+ctrl,0.2124153014769173,1
YAPC,PSMB5+ctrl,0.3937285519274019,1
MSTO211H,PSMB5+ctrl,0.4361260621579264,1
NCIH522,PSMB5+ctrl,0.4191657675442947,1
SNU668,PSMB5+ctrl,0.5305926170632937,1
QGP1,PSMB5+ctrl,0.3091511076041301,1
MKN1,PSMB5+ctrl,0.5226268683045119,1
HCC1428,PSMB5+ctrl,0.689281670137837,1
MKN45,PSMB5+ctrl,0.1730109359131656,0
MG63,PSMB5+ctrl,0.7662227022058362,1
SKHEP1,PSMB5+ctrl,0.4823365965932447,1
U2OS,PSMB5+ctrl,0.453827649481914,1
NCIH226,PSMB5+ctrl,0.4203555597874694,1
SNU1105,PSMB5+ctrl,0.6761955000608002,1
HCC1143,PSMB5+ctrl,0.2237155412103704,1
G402,PSMB5+ctrl,0.2671071532125297,1
SF295,PSMB5+ctrl,0.5077267948659743,1
OE33,PSMB5+ctrl,0.4307322343272229,1
SW780,PSMB5+ctrl,0.151010640970618,0
H4,PSMB5+ctrl,0.3640595944175854,1
LUDLU1,PSMB5+ctrl,0.4774490828048694,1
MHHES1,PSMB5+ctrl,0.5558139311413581,1
HLF,PSMB5+ctrl,0.3831123078077786,1
NCIH520,PSMB5+ctrl,0.3623451429318722,1
J82,PSMB5+ctrl,0.1598713899123627,0
TEN,PSMB5+ctrl,0.4738658728998987,1
COLO800,PSMB5+ctrl,0.4446976124528212,1
NCIH747,PSMB5+ctrl,0.6102572248829943,1
K029AX,PSMB5+ctrl,0.6090014745868045,1
SNU685,PSMB5+ctrl,0.3027457559972407,1
TE5,PSMB5+ctrl,0.5991496774472207,1
769P,PSMB5+ctrl,0.6261120552882851,1
NCIH1944,PSMB5+ctrl,0.3037042740522268,1
BICR6,PSMB5+ctrl,0.4933924861211005,1
NCIH838,PSMB5+ctrl,0.5359398756037512,1
PANC0813,PSMB5+ctrl,0.510278019847237,1
SW1353,PSMB5+ctrl,0.2104093158217861,1
SNU449,PSMB5+ctrl,0.3917277806550744,1
SW837,PSMB5+ctrl,0.4300333357974977,1
SKMEL3,PSMB5+ctrl,0.2874341722041108,1
UACC62,PSMB5+ctrl,0.6068916690281305,1
NCIN87,PSMB5+ctrl,0.6075918378242906,1
UO31,PSMB5+ctrl,0.3678222101401441,1
A704,PSMB5+ctrl,0.6162377198249374,1
CAKI1,PSMB5+ctrl,0.4336328585360771,1
NCIH1915,PSMB5+ctrl,0.5808089561294105,1
SW1088,PSMB5+ctrl,0.5477200727079636,1
SH4,PSMB5+ctrl,0.7107595985526389,1
LU99,PSMB5+ctrl,0.611333397993399,1
KNS60,PSMB5+ctrl,0.6403557605277301,1
NCIH2228,PSMB5+ctrl,0.24379213666621,1
MESSA,PSMB5+ctrl,0.6674606772236829,1
MELHO,PSMB5+ctrl,0.5839425359421082,1
TE8,PSMB5+ctrl,0.5751287934558634,1
HCC95,PSMB5+ctrl,0.5293451101732816,1
BCPAP,PSMB5+ctrl,0.7588136239598262,1
CAL54,PSMB5+ctrl,0.5703950825502614,1
CJM,PSMB5+ctrl,0.5083737585868005,1
SNU1196,PSMB5+ctrl,0.4506949039298502,1
NCIH460,PSMB5+ctrl,0.4398919232387617,1
HCC56,PSMB5+ctrl,0.629525188176046,1
PK45H,PSMB5+ctrl,0.4764169590328397,1
YH13,PSMB5+ctrl,0.3556404845215102,1
LI7,PSMB5+ctrl,0.4887586852108084,1
HSC2,PSMB5+ctrl,0.5300349624945511,1
RT112,PSMB5+ctrl,0.7546652731567816,1
MALME3M,PSMB5+ctrl,0.6555262509513538,1
KNS81,PSMB5+ctrl,0.7188404444370522,1
NCIH2170,PSMB5+ctrl,0.6695915017223002,1
RERFLCKJ,PSMB5+ctrl,0.6386957965609263,1
VMRCRCW,PSMB5+ctrl,0.705731016316556,1
KU1919,PSMB5+ctrl,0.4562750461690386,1
TE11,PSMB5+ctrl,0.4870566413780721,1
SNU423,PSMB5+ctrl,0.6213114010862527,1
TUHR4TKB,PSMB5+ctrl,0.4958758568014078,1
NCIH1792,PSMB5+ctrl,0.4367447251809976,1
SNU46,PSMB5+ctrl,0.2075092805249679,1
TCCPAN2,PSMB5+ctrl,0.4794897294936842,1
BICR16,PSMB5+ctrl,0.3447123594868861,1
SNB75,PSMB5+ctrl,0.5029879796710625,1
RKN,PSMB5+ctrl,0.4486474885250721,1
CAL78,PSMB5+ctrl,0.4818030857576558,1
SNU410,PSMB5+ctrl,0.4982593004783511,1
NCIH2030,PSMB5+ctrl,0.5402635496153825,1
KURAMOCHI,PSMB5+ctrl,0.4073505171003651,1
OVISE,PSMB5+ctrl,0.4086243715424136,1
ABC1,PSMB5+ctrl,0.6985258667782206,1
SNU61,PSMB5+ctrl,0.3585508939318451,1
BXPC3,PSMB5+ctrl,0.2002865303453153,1
SNU761,PSMB5+ctrl,0.3280711563550934,1
HEYA8,PSMB5+ctrl,0.4675534402258166,1
OE21,PSMB5+ctrl,0.7362717828311621,1
VMCUB1,PSMB5+ctrl,0.2173096463619875,1
SNU1076,PSMB5+ctrl,0.6873168224903239,1
HT29,PSMB5+ctrl,0.6233774904629932,1
SQ1,PSMB5+ctrl,0.5576400357328378,1
A172,PSMB5+ctrl,0.6755001966644816,1
TT,PSMB5+ctrl,0.4501159206118992,1
HCC78,PSMB5+ctrl,0.6342957847548184,1
EBC1,PSMB5+ctrl,0.5110195045925066,1
RCM1,PSMB5+ctrl,0.5430186679185685,1
SW1710,PSMB5+ctrl,0.2653708587239591,1
ISTMES1,PSMB5+ctrl,0.3651850816058994,1
YKG1,PSMB5+ctrl,0.7245497174448916,1
T98G,PSMB5+ctrl,0.5055670788602014,1
G361,PSMB5+ctrl,0.7385060508458678,1
MDAMB436,PSMB5+ctrl,0.2301344279906193,1
UACC257,PSMB5+ctrl,0.4916675024414556,1
COLO741,PSMB5+ctrl,0.5922719018180995,1
NCIH1975,PSMB5+ctrl,0.6900215126367689,1
NCIH1437,PSMB5+ctrl,0.670661118170065,1
TM31,PSMB5+ctrl,0.3525846960873783,1
BC3C,PSMB5+ctrl,0.3804833521053556,1
LN229,PSMB5+ctrl,0.5989209456463733,1
PATU8902,PSMB5+ctrl,0.4163776173056456,1
MIAPACA2,PSMB5+ctrl,0.3986728824039599,1
BEN,PSMB5+ctrl,0.514045811084213,1
TE6,PSMB5+ctrl,0.3993354134639829,1
SF126,PSMB5+ctrl,0.6310070027415331,1
HOS,PSMB5+ctrl,0.1779397455124581,0
RVH421,PSMB5+ctrl,0.572098516911784,1
SNU1041,PSMB5+ctrl,0.5176854677017195,1
PECAPJ15,PSMB5+ctrl,0.4213005428861082,1
JHH1,PSMB5+ctrl,0.4107634678415901,1
KNS42,PSMB5+ctrl,0.6988446945936685,1
HCC1806,PSMB5+ctrl,0.4290375241370204,1
HEP3B217,PSMB5+ctrl,0.4853344598020875,1
LCLC103H,PSMB5+ctrl,0.6438274902744288,1
YD8,PSMB5+ctrl,0.3669346839686935,1
HS944T,PSMB5+ctrl,0.6129640597748792,1
KYSE520,PSMB5+ctrl,0.5322281336727608,1
HDQP1,PSMB5+ctrl,0.4125245473183904,1
TE1,PSMB5+ctrl,0.3860684065483437,1
NCIH28,PSMB5+ctrl,0.5067988234945259,1
786O,PSMB5+ctrl,0.5871192531621812,1
IGR37,PSMB5+ctrl,0.6035499699960363,1
SW620,PSMB5+ctrl,0.6095930556230622,1
SUIT2,PSMB5+ctrl,0.593383554985839,1
WM1799,PSMB5+ctrl,0.4972329764267142,1
CORL23,PSMB5+ctrl,0.5634685764155283,1
OVTOKO,PSMB5+ctrl,0.6369494854312516,1
SKMES1,PSMB5+ctrl,0.4130426789319283,1
NCIH1355,PSMB5+ctrl,0.4360521391016899,1
HCC44,PSMB5+ctrl,0.482099549198305,1
SW900,PSMB5+ctrl,0.4463114771356916,1
SBC5,PSMB5+ctrl,0.4862314344191266,1
HUH6,PSMB5+ctrl,0.5942228885424091,1
IALM,PSMB5+ctrl,0.5120034706744698,1
SW1573,PSMB5+ctrl,0.1983502814447947,0
MKN7,PSMB5+ctrl,0.5286111181167266,1
OE19,PSMB5+ctrl,0.4452710312836506,1
SW948,PSMB5+ctrl,0.5146857283520805,1
A549,PSMB5+ctrl,0.5546313074531108,1
SNU1066,PSMB5+ctrl,0.5927809157205919,1
KMRC1,PSMB5+ctrl,0.6167513931352279,1
L33,PSMB5+ctrl,0.3784821675818222,1
OV7,PSMB5+ctrl,0.2780444753298,1
KYSE180,PSMB5+ctrl,0.5585400781358223,1
TE9,PSMB5+ctrl,0.4834519868747772,1
OVCAR8,PSMB5+ctrl,0.4743992615213184,1
RMUGS,PSMB5+ctrl,0.222246276562423,1
OAW42,PSMB5+ctrl,0.4128651832905842,1
JIMT1,PSMB5+ctrl,0.4799538320907951,1
CAOV3,PSMB5+ctrl,0.7011287370298785,1
SNU1214,PSMB5+ctrl,0.2703408121896548,1
TT2609C02,PSMB5+ctrl,0.4670334246303119,1
COLO680N,PSMB5+ctrl,0.4015542147219428,1
RMGI,PSMB5+ctrl,0.426531262147598,1
TCCSUP,PSMB5+ctrl,0.342353064549754,1
HT1376,PSMB5+ctrl,0.3734141311799911,1
TE14,PSMB5+ctrl,0.6320325996499769,1
SKMEL5,PSMB5+ctrl,0.4270324866761567,1
PECAPJ41CLONED2,PSMB5+ctrl,0.4808679009215217,1
NCIH1838,PSMB5+ctrl,0.2896031986892527,1
JHH5,PSMB5+ctrl,0.3899459674244936,1
PECAPJ49,PSMB5+ctrl,0.6744178570542301,1
SNU601,PSMB5+ctrl,0.6100994219332875,1
GB1,PSMB5+ctrl,0.478733924009659,1
UBLC1,PSMB5+ctrl,0.846148441287383,1
NCIH1623,PSMB5+ctrl,0.3660667949758507,1
NCIH1703,PSMB5+ctrl,0.652435381258613,1
SJSA1,PSMB5+ctrl,0.5755116805455573,1
DMS273,PSMB5+ctrl,0.6589718230865882,1
LOXIMVI,PSMB5+ctrl,0.4526779385729413,1
JMSU1,PSMB5+ctrl,0.2960432170564544,1
GI1,PSMB5+ctrl,0.5890871373434885,1
MKN74,PSMB5+ctrl,0.5074064759654797,1
MDAMB175VII,PSMB5+ctrl,0.4508872614920685,1
YD38,PSMB5+ctrl,0.524138666383666,1
SH10TC,PSMB5+ctrl,0.6783219740670583,1
WM983B,PSMB5+ctrl,0.2860151759015436,1
NCIH1648,PSMB5+ctrl,0.4856668338748063,1
MDAMB231,PSMB5+ctrl,0.5021911094111378,1
LK2,PSMB5+ctrl,0.4116035886845098,1
BICR56,PSMB5+ctrl,0.3543929233292838,1
RERFLCAD2,PSMB5+ctrl,0.5489567236729231,1
NCIH727,PSMB5+ctrl,0.1878025752761112,0
ONS76,PSMB5+ctrl,0.6075221376921613,1
KYSE30,PSMB5+ctrl,0.2278688095680737,1
HSC3,PSMB5+ctrl,0.4581578600101312,1
NCIH2023,PSMB5+ctrl,0.4410816164647595,1
CAMA1,PSMB5+ctrl,0.2475139434118184,1
KYSE70,PSMB5+ctrl,0.435085246701071,1
NCIH2126,PSMB5+ctrl,0.5035437019830743,1
LXF289,PSMB5+ctrl,0.6113014628512026,1
A2058,PSMB5+ctrl,0.5120941721751626,1
RERFLCAD1,PSMB5+ctrl,0.4679359509572952,1
BFTC909,PSMB5+ctrl,0.4829204916508353,1
MCAS,PSMB5+ctrl,0.6193958262079904,1
NCIH446,PSMB5+ctrl,0.500086471085259,1
BFTC905,PSMB5+ctrl,0.3845510656087074,1
COLO668,PSMB5+ctrl,0.2604479511545994,1
NB1,PSMB5+ctrl,0.530527535127812,1
COLO679,PSMB5+ctrl,0.5465708439241994,1
HUH28,PSMB5+ctrl,0.2037474187786113,1
KYSE410,PSMB5+ctrl,0.5841322531219567,1
SKMEL30,PSMB5+ctrl,0.5452539040165761,1
SKOV3,PSMB5+ctrl,0.4255825942925949,1
COLO783,PSMB5+ctrl,0.5158276754628167,1
T3M10,PSMB5+ctrl,0.6574548873087935,1
HS939T,PSMB5+ctrl,0.4419342404356499,1
LN18,PSMB5+ctrl,0.5043084153688693,1
SKMEL24,PSMB5+ctrl,0.4545603162029002,1
KYSE140,PSMB5+ctrl,0.5194524045110652,1
KYSE510,PSMB5+ctrl,0.6481280093090593,1
WM793,PSMB5+ctrl,0.4571677645782533,1
CAL27,PSMB5+ctrl,0.575749181872782,1
RH30,PSMB5+ctrl,0.5133162642684883,1
UMUC1,PSMB5+ctrl,0.3853575359548771,1
GCT,PSMB5+ctrl,0.2143621190914085,1
NCIH322,PSMB5+ctrl,0.5771988866430336,1
SCABER,PSMB5+ctrl,0.588905836535505,1
HCC366,PSMB5+ctrl,0.4093440839892227,1
NCIH2087,PSMB5+ctrl,0.6767983257456673,1
SW480,PSMB5+ctrl,0.4324912631491787,1
HARA,PSMB5+ctrl,0.4617587831517057,1
NCIH1373,PSMB5+ctrl,0.2257877851390184,1
FADU,PSMB5+ctrl,0.5862356262357151,1
HGC27,PSMB5+ctrl,0.4859158650883666,1
JHH7,PSMB5+ctrl,0.4997538587248961,1
MDAMB468,PSMB5+ctrl,0.6347442110292971,1
NCIH1435,PSMB5+ctrl,0.1743220381768598,0
NCIH661,PSMB5+ctrl,0.3436617547264369,1
KYSE150,PSMB5+ctrl,0.4826076292944777,1
CAL51,PSMB5+ctrl,0.3594018672876024,1
KNS62,PSMB5+ctrl,0.4590281484431884,1
NCIH358,PSMB5+ctrl,0.4907135290868636,1
KMBC2,PSMB5+ctrl,0.486840213086539,1
DBTRG05MG,PSMB5+ctrl,0.4746722347442934,1
NCIH1048,PSMB5+ctrl,0.5174961341318802,1
HCC1195,PSMB5+ctrl,0.5295529562339718,1
NCIH1568,PSMB5+ctrl,0.3859651891178496,1
KYSE270,PSMB5+ctrl,0.5079278319711776,1
NCIH2347,PSMB5+ctrl,0.5078259165588603,1
HCC15,PSMB5+ctrl,0.5448203399976085,1
MFE296,PSMB5+ctrl,0.3364569318094156,1
MELJUSO,PSMB5+ctrl,0.4903721372998758,1
IGR1,PSMB5+ctrl,0.6202111739450145,1
MDAMB435S,PSMB5+ctrl,0.6083972034501371,1
TOV21G,PSMB5+ctrl,0.7964284136771692,1
NCIH2009,PSMB5+ctrl,0.5522273998980902,1
NCIH1793,PSMB5+ctrl,0.3496345677832766,1
SW1271,PSMB5+ctrl,0.4898518254374573,1
HCC1438,PSMB5+ctrl,0.5419940177435181,1
NCIH1563,PSMB5+ctrl,0.3885994418702426,1
NCIH1651,PSMB5+ctrl,0.6811893082845113,1
CL34,PSMB5+ctrl,0.6718755664903856,1
647V,PSMB5+ctrl,0.5255972351360387,1
FTC238,PSMB5+ctrl,0.4216559766059558,1
SNU719,PSMB5+ctrl,0.5901817841740165,1
WM88,PSMB5+ctrl,0.5229176991185838,1
NCIH23,PSMB5+ctrl,0.4136415398257768,1
HCC1359,PSMB5+ctrl,0.4170272287573278,1
FTC133,PSMB5+ctrl,0.4609461012444823,1
5637,PSMB5+ctrl,0.4564698387184133,1
ES2,PSMB5+ctrl,0.4557345222295492,1
JHUEM2,PSMB5+ctrl,0.6937685467672939,1
NUGC3,PSMB5+ctrl,0.6051649943963604,1
ESS1,PSMB5+ctrl,0.606238815190336,1
IPC298,PSMB5+ctrl,0.5201284117435125,1
NCIH1573,PSMB5+ctrl,0.6250643633258516,1
TE4,PSMB5+ctrl,0.6848815900732048,1
IM95,PSMB5+ctrl,0.6273556861612293,1
NCIH1339,PSMB5+ctrl,0.4874004735996712,1
HT55,PSMB5+ctrl,0.2361718206634392,1
BT474,PSMB5+ctrl,0.3282417560716848,1
NCIH2110,PSMB5+ctrl,0.564669427631139,1
EFO27,PSMB5+ctrl,0.1809259197848021,0
SKUT1,PSMB5+ctrl,0.6529753041752955,1
HEC1B,PSMB5+ctrl,0.292032484591701,1
RKO,PSMB5+ctrl,0.528078796508502,1
NCIH650,PSMB5+ctrl,0.3818671651731892,1
HEC265,PSMB5+ctrl,0.5628048877247706,1
2313287,PSMB5+ctrl,0.6108938450904602,1
LOVO,PSMB5+ctrl,0.6535261082679251,1
HEC1A,PSMB5+ctrl,0.5788763119684747,1
SNU407,PSMB5+ctrl,0.4395303203041669,1
22RV1,PSMB5+ctrl,0.3911359066972171,1
LS180,PSMB5+ctrl,0.3977994357609792,1
SW48,PSMB5+ctrl,0.6120000039273157,1
SNUC4,PSMB5+ctrl,0.6278922098811992,1
ISHIKAWAHERAKLIO02ER,PSMB5+ctrl,0.5560222425229937,1
OC314,PSMB5+ctrl,0.5397108942686197,1
RL952,PSMB5+ctrl,0.4451860027489542,1
IGROV1,PSMB5+ctrl,0.3598446601968947,1
SNUC2A,PSMB5+ctrl,0.479254696934364,1
COLO792,PSMB5+ctrl,0.5760099808250541,1
SNUC5,PSMB5+ctrl,0.3255027090359766,1
HCT116,PSMB5+ctrl,0.6377556854407064,1
HEC151,PSMB5+ctrl,0.3749454850960723,1
639V,PSMB5+ctrl,0.4771263322027254,1
SNGM,PSMB5+ctrl,0.6080634405041836,1
HUCCT1,PSMB5+ctrl,0.7302233705255917,1
LNCAPCLONEFGC,PSMB5+ctrl,0.3724481286419356,1
EN,PSMB5+ctrl,0.5597845144682032,1
DU145,PSMB5+ctrl,0.4151053845976912,1
GP2D,PSMB5+ctrl,0.5384481938278598,1
HEC6,PSMB5+ctrl,0.2661690031393909,1
LS411N,PSMB5+ctrl,0.4511642841163858,1
MEWO,PSMB5+ctrl,0.3672237808914722,1
MFE319,PSMB5+ctrl,0.6039082069617756,1
HEC108,PSMB5+ctrl,0.4865701778726143,1
SNU81,PSMB5+ctrl,0.4561161258181937,1
HEC59,PSMB5+ctrl,0.1551728827600629,0
HEC251,PSMB5+ctrl,0.4542264523535292,1
HCT15,PSMB5+ctrl,0.4403384784350092,1
BECKER,PSMB5+ctrl,0.3907429910838733,1
CHL1,PSMB5+ctrl,0.6002859036579977,1
NCIH292,PSMB5+ctrl,0.2318733146927301,1
LC1SQSF,PSMB5+ctrl,0.5624552248444904,1
MON,PSMB5+ctrl,0.5529257091588844,1
OC316,PSMB5+ctrl,0.4835988211606353,1
SKMEL2,PSMB5+ctrl,0.409886165624449,1
WM2664,PSMB5+ctrl,0.2611149318809919,1
8305C,PSMB5+ctrl,0.5671713775044658,1
8505C,PSMB5+ctrl,0.146941890759692,0
PLCPRF5,PSMB5+ctrl,0.565685887496618,1
TT,PSMB5+ctrl,0.5948119434920462,1
HL60,PSMB5+ctrl,0.4337712717062596,1
HEL,PSMB5+ctrl,0.5396291462110491,1
MONOMAC6,PSMB5+ctrl,0.5107105723347412,1
C2BBE1,PSMB5+ctrl,0.5067413211131924,1
OPM2,PSMB5+ctrl,0.5448575064041923,1
EHEB,PSMB5+ctrl,0.5135113629530175,1
MV411,PSMB5+ctrl,0.5295313760477298,1
KARPAS299,PSMB5+ctrl,0.4870438300951685,1
D283MED,PSMB5+ctrl,0.41640095743828,1
DOHH2,PSMB5+ctrl,0.2973122964184862,1
SUPB15,PSMB5+ctrl,0.6496968851754905,1
HH,PSMB5+ctrl,0.5265052016144877,1
OCIAML5,PSMB5+ctrl,0.5533029976191935,1
697,PSMB5+ctrl,0.5382082897541923,1
MEG01,PSMB5+ctrl,0.4702051413892296,1
GRANTA519,PSMB5+ctrl,0.5453996961962844,1
KU812,PSMB5+ctrl,0.5767518307771239,1
U87MG,PSMB5+ctrl,0.362639873160094,1
MHHNB11,PSMB5+ctrl,0.4853379890981011,1
GDM1,PSMB5+ctrl,0.5930150976609809,1
KE37,PSMB5+ctrl,0.5301564638027869,1
LOUCY,PSMB5+ctrl,0.7024351643998987,1
ALLSIL,PSMB5+ctrl,0.6375165989040278,1
JVM2,PSMB5+ctrl,0.4072964507590533,1
HCC1187,PSMB5+ctrl,0.4567855913825552,1
SIGM5,PSMB5+ctrl,0.4533537092453562,1
OCIAML2,PSMB5+ctrl,0.4619786649160853,1
VCAP,PSMB5+ctrl,0.4813181924692171,1
OCILY19,PSMB5+ctrl,0.551954286478234,1
CHP126,PSMB5+ctrl,0.424781404412459,1
SKLMS1,PSMB5+ctrl,0.6067326445615214,1
THP1,PSMB5+ctrl,0.1954857809002331,0
JM1,PSMB5+ctrl,0.6350335958309399,1
A4FUK,PSMB5+ctrl,0.5886110911836682,1
GA10,PSMB5+ctrl,0.5865998116442245,1
NOMO1,PSMB5+ctrl,0.4458720812700872,1
L363,PSMB5+ctrl,0.4783366233137297,1
HDMYZ,PSMB5+ctrl,0.5152369371653716,1
HCC1599,PSMB5+ctrl,0.4173973073276372,1
TALL1,PSMB5+ctrl,0.2807062499298252,1
EOL1,PSMB5+ctrl,0.3537771671629015,1
NMCG1,PSMB5+ctrl,0.4821624898440719,1
LP1,PSMB5+ctrl,0.4641032935925926,1
PL21,PSMB5+ctrl,0.4982560728995094,1
ECC12,PSMB5+ctrl,0.5471035343858811,1
SUPM2,PSMB5+ctrl,0.4896379406525269,1
KPNYN,PSMB5+ctrl,0.4408677029133179,1
DEL,PSMB5+ctrl,0.4296141509873435,1
BL41,PSMB5+ctrl,0.5759890457526218,1
CL11,PSMB5+ctrl,0.4441789865230339,1
SCC15,PSMB5+ctrl,0.2011716725673082,1
CORL279,PSMB5+ctrl,0.3980375740364356,1
DU4475,PSMB5+ctrl,0.5557862234532118,1
KASUMI1,PSMB5+ctrl,0.2778033875623023,1
HDLM2,PSMB5+ctrl,0.438856283766092,1
AM38,PSMB5+ctrl,0.2143507594097755,1
NUDUL1,PSMB5+ctrl,0.5370539375466828,1
NCIH209,PSMB5+ctrl,0.3585031258679869,1
NB4,PSMB5+ctrl,0.4396961822538939,1
EM2,PSMB5+ctrl,0.584197781934082,1
LAMA84,PSMB5+ctrl,0.512124053300403,1
SNU5,PSMB5+ctrl,0.4860349325561971,1
KARPAS422,PSMB5+ctrl,0.4609610968455918,1
JURLMK1,PSMB5+ctrl,0.4834321619331714,1
NCIH1395,PSMB5+ctrl,0.287092783515514,1
DB,PSMB5+ctrl,0.5403128235743946,1
OCIAML3,PSMB5+ctrl,0.5216488959154164,1
SR786,PSMB5+ctrl,0.5226030278788414,1
SKNFI,PSMB5+ctrl,0.3689288799583413,1
JVM3,PSMB5+ctrl,0.3639575581647701,1
HCC1500,PSMB5+ctrl,0.1783406313168412,0
TE15,PSMB5+ctrl,0.474348793981984,1
NCIH82,PSMB5+ctrl,0.4530695800072901,1
NCIH69,PSMB5+ctrl,0.536068104567236,1
MOLM13,PSMB5+ctrl,0.5926264121113725,1
SKMM2,PSMB5+ctrl,0.579678330846356,1
SUDHL4,PSMB5+ctrl,0.6081291647840488,1
SKNDZ,PSMB5+ctrl,0.5052159536797544,1
RL,PSMB5+ctrl,0.2303805385531153,1
SKM1,PSMB5+ctrl,0.258121114208811,1
KG1,PSMB5+ctrl,0.5084078392066422,1
NCIH2081,PSMB5+ctrl,0.391607835663844,1
NCIH2196,PSMB5+ctrl,0.4323535559493906,1
TC71,PSMB5+ctrl,0.4333047230887117,1
NCIH1694,PSMB5+ctrl,0.3971695556889021,1
BV173,PSMB5+ctrl,0.4148866978090592,1
LU65,PSMB5+ctrl,0.4291570332597507,1
ME1,PSMB5+ctrl,0.5427236897017591,1
CA46,PSMB5+ctrl,0.2661601040823017,1
NCIH1666,PSMB5+ctrl,0.1984559733879175,0
CAS1,PSMB5+ctrl,0.5341903315442763,1
SKMEL1,PSMB5+ctrl,0.2651489613670875,1
NCIH716,PSMB5+ctrl,0.2890586728761209,1
LS123,PSMB5+ctrl,0.5484846598376938,1
CORL88,PSMB5+ctrl,0.4659065146659714,1
NCIH1299,PSMB5+ctrl,0.2210965497650923,1
NCIH1092,PSMB5+ctrl,0.5177123383005732,1
HCC33,PSMB5+ctrl,0.4560599624848354,1
NCIH2171,PSMB5+ctrl,0.2230470197189925,1
DMS114,PSMB5+ctrl,0.3877586059500322,1
WSUDLCL2,PSMB5+ctrl,0.4400606800246897,1
HUTU80,PSMB5+ctrl,0.6212480525121851,1
K562,PSMB5+ctrl,0.4091434555520237,1
NCIH1836,PSMB5+ctrl,0.3601283514216709,1
ST486,PSMB5+ctrl,0.4303408647339655,1
UACC812,PSMB5+ctrl,0.3673801486830661,1
SNU16,PSMB5+ctrl,0.4099473659715916,1
MC116,PSMB5+ctrl,0.45873468875167,1
NCIH1876,PSMB5+ctrl,0.3728909556279548,1
NCIH2227,PSMB5+ctrl,0.4094230578940656,1
SUDHL6,PSMB5+ctrl,0.6814268732258693,1
OVCAR4,PSMB5+ctrl,0.6443027303259274,1
KS1,PSMB5+ctrl,0.6940933466278736,1
RPMI8402,PSMB5+ctrl,0.5077994071638687,1
NCIH211,PSMB5+ctrl,0.3663827369319377,1
CMK,PSMB5+ctrl,0.5629944426613889,1
COLO829,PSMB5+ctrl,0.6122221978185696,1
JJN3,PSMB5+ctrl,0.6710876453508495,1
RAJI,PSMB5+ctrl,0.4668306670519928,1
SF268,PSMB5+ctrl,0.5654657762657633,1
SUDHL8,PSMB5+ctrl,0.6161891560789234,1
SUDHL1,PSMB5+ctrl,0.458003177864325,1
HCC2157,PSMB5+ctrl,0.4574102047313155,1
A3KAW,PSMB5+ctrl,0.5560669759111428,1
L1236,PSMB5+ctrl,0.5120015516556942,1
DMS79,PSMB5+ctrl,0.2429247000047029,1
EKVX,PSMB5+ctrl,0.5230861438322068,1
SNUC1,PSMB5+ctrl,0.3765141611095498,1
NCIH1963,PSMB5+ctrl,0.4827936892372637,1
A253,PSMB5+ctrl,0.6045633155326746,1
CORL95,PSMB5+ctrl,0.421545016032718,1
MOLP8,PSMB5+ctrl,0.65607065123394,1
OCIM1,PSMB5+ctrl,0.6739519719918721,1
L428,PSMB5+ctrl,0.4129310327809855,1
HCC2218,PSMB5+ctrl,0.3652346753109488,1
NCIH526,PSMB5+ctrl,0.4373325475555176,1
P31FUJ,PSMB5+ctrl,0.146941890759692,0
TE441T,PSMB5+ctrl,0.2687833276856353,1
DAUDI,PSMB5+ctrl,0.5755601769425378,1
SHP77,PSMB5+ctrl,0.4796573531177852,1
L540,PSMB5+ctrl,0.6284784312449643,1
KMH2,PSMB5+ctrl,0.5116952967267654,1
NCIH524,PSMB5+ctrl,0.3736138872389575,1
RPMI8226,PSMB5+ctrl,0.490605763392433,1
EJM,PSMB5+ctrl,0.5436639982044998,1
NCIH1436,PSMB5+ctrl,0.3487910419791493,1
AMO1,PSMB5+ctrl,0.6793121315324798,1
HOP62,PSMB5+ctrl,0.643201969972078,1
COLO684,PSMB5+ctrl,0.4633081942637986,1
NCIH510,PSMB5+ctrl,0.4937500386899859,1
RS411,PSMB5+ctrl,0.2879347459917134,1
NCIH1869,PSMB5+ctrl,0.4486665261650014,1
CAL148,PSMB5+ctrl,0.2375666163099716,1
HT,PSMB5+ctrl,0.5104309060758623,1
SNU1,PSMB5+ctrl,0.4199572752378753,1
MDST8,PSMB5+ctrl,0.4746765614805308,1
PF382,PSMB5+ctrl,0.5542220011797834,1
NALM6,PSMB5+ctrl,0.4793417586854789,1
NAMALWA,PSMB5+ctrl,0.6380454793581329,1
SUPT1,PSMB5+ctrl,0.2120873814870643,1
REH,PSMB5+ctrl,0.2672766535750327,1
KM12,PSMB5+ctrl,0.5764028600685449,1
NCIH1155,PSMB5+ctrl,0.342909881561969,1
DND41,PSMB5+ctrl,0.6346943619378519,1
KCL22,PSMB5+ctrl,0.6190847401415629,1
CW2,PSMB5+ctrl,0.1568187784848141,0
CGTHW1,PSMB5+ctrl,0.4650314453868794,1
CPCN,PSMB5+ctrl,0.4947985495034532,1
EB2,PSMB5+ctrl,0.3498786522600845,1
EVSAT,PSMB5+ctrl,0.4737021393636932,1
HCC2998,PSMB5+ctrl,0.6770208470415051,1
KOPN8,PSMB5+ctrl,0.5408010582552399,1
MOLT4,PSMB5+ctrl,0.6093355591338914,1
MS1,PSMB5+ctrl,0.1818986105088359,0
NCIH187,PSMB5+ctrl,0.2851168184890946,1
NCIH2141,PSMB5+ctrl,0.435672681207798,1
RPMI6666,PSMB5+ctrl,0.4511346980836037,1
SKPNDW,PSMB5+ctrl,0.5076646485311138,1
SUPHD1,PSMB5+ctrl,0.6075661949120108,1
TK10,PSMB5+ctrl,0.6536407831891704,1
GIMEN,PSMB5+ctrl,0.5897843952799706,1
LAN6,PSMB5+ctrl,0.5164219672856271,1
NCIH1770,PSMB5+ctrl,0.1864152291994523,0
NCIH2135,PSMB5+ctrl,0.4466777402502838,1
NCIH345,PSMB5+ctrl,0.3938029375669267,1
NCIH847,PSMB5+ctrl,0.5099752878159611,1
SW954,PSMB5+ctrl,0.5197878595724227,1
A388,PSMB5+ctrl,0.687883670490137,1
FARAGE,PSMB5+ctrl,0.6108430036043563,1
HEMCSS,PSMB5+ctrl,0.3790750353156967,1
JAR,PSMB5+ctrl,0.3698654858955126,1
NCIH1417,PSMB5+ctrl,0.4312192170173592,1
NCIH64,PSMB5+ctrl,0.5146485553853986,1
NH12,PSMB5+ctrl,0.301768948273982,1
NO10,PSMB5+ctrl,0.7356125753949779,1
NO11,PSMB5+ctrl,0.5414640404587374,1
RCK8,PSMB5+ctrl,0.4503857904415456,1
ROS50,PSMB5+ctrl,0.4237569067649356,1
SCC3,PSMB5+ctrl,0.4871990431177636,1
[MERGED,PSMB5+ctrl,0.5226030278788414,1
TGW,PSMB5+ctrl,0.4005301278620681,1
U698M,PSMB5+ctrl,0.4261927234060678,1
VAESBJ,PSMB5+ctrl,0.5980226567438075,1
VAL,PSMB5+ctrl,0.6035594946871642,1
WSUNHL,PSMB5+ctrl,0.3039283788743784,1
GOTO,PSMB5+ctrl,0.3784663229176942,1
CCRFCEM,PSMB5+ctrl,0.6200265392455696,1
BB65RCC,PSMB5+ctrl,0.6888666891597677,1
CP66MEL,PSMB5+ctrl,0.6401188129523818,1
DJM1,PSMB5+ctrl,0.4969684343517173,1
ES1,PSMB5+ctrl,0.3314767609056622,1
ES3,PSMB5+ctrl,0.3440929924387351,1
ES4,PSMB5+ctrl,0.5186888487028062,1
ES5,PSMB5+ctrl,0.385301283863236,1
ES6,PSMB5+ctrl,0.846148441287383,1
ES7,PSMB5+ctrl,0.6181551109363292,1
ES8,PSMB5+ctrl,0.6867818612275662,1
EW1,PSMB5+ctrl,0.4225759676067581,1
EW11,PSMB5+ctrl,0.2716352954662248,1
EW12,PSMB5+ctrl,0.3402308581407972,1
EW13,PSMB5+ctrl,0.2252221707594436,1
EW16,PSMB5+ctrl,0.4805844188811067,1
EW18,PSMB5+ctrl,0.3458560341348595,1
EW22,PSMB5+ctrl,0.1899810088519746,0
EW24,PSMB5+ctrl,0.522111119572922,1
EW3,PSMB5+ctrl,0.2937403458430417,1
HA7RCC,PSMB5+ctrl,0.574132730114417,1
HSC39,PSMB5+ctrl,0.4683843346883898,1
ISTMEL1,PSMB5+ctrl,0.5940324185066979,1
ISTSL1,PSMB5+ctrl,0.4543524827416872,1
ISTSL2,PSMB5+ctrl,0.562547817169176,1
K5,PSMB5+ctrl,0.5566832820095515,1
KGN,PSMB5+ctrl,0.5205666612032878,1
LB1047RCC,PSMB5+ctrl,0.5138914997454322,1
LB2241RCC,PSMB5+ctrl,0.5918836687891078,1
LB2518MEL,PSMB5+ctrl,0.6598152359089842,1
LB373MELD,PSMB5+ctrl,0.6296168547668837,1
LB647SCLC,PSMB5+ctrl,0.4733025713909501,1
LB996RCC,PSMB5+ctrl,0.4772631888845712,1
LC2AD,PSMB5+ctrl,0.5595449698376418,1
MMACSF,PSMB5+ctrl,0.759937788305248,1
MRKNU1,PSMB5+ctrl,0.4274934689607383,1
MZ1PC,PSMB5+ctrl,0.482451550619542,1
MZ2MEL,PSMB5+ctrl,0.6680699160362429,1
MZ7MEL,PSMB5+ctrl,0.5708389289717455,1
NCIH1304,PSMB5+ctrl,0.3810597379874856,1
NCIH322M,PSMB5+ctrl,0.2629234803829031,1
NCIH720,PSMB5+ctrl,0.3860622657532835,1
NCIH748,PSMB5+ctrl,0.4875113331181406,1
OCUBM,PSMB5+ctrl,0.6963769795993316,1
OMC1,PSMB5+ctrl,0.4507607286265758,1
RH1,PSMB5+ctrl,0.2277287379805972,1
RXF393,PSMB5+ctrl,0.6058994341108656,1
SBC1,PSMB5+ctrl,0.4710936561585663,1
SCH,PSMB5+ctrl,0.2598757207409042,1
SW962,PSMB5+ctrl,0.4562539779307181,1
TCYIK,PSMB5+ctrl,0.165924189678579,0
ALLPO,PSMB5+ctrl,0.4902633316994564,1
ARH77,PSMB5+ctrl,0.516786082235422,1
BB30HNC,PSMB5+ctrl,0.635513444032114,1
BB49HNC,PSMB5+ctrl,0.6157396698794436,1
BC1,PSMB5+ctrl,0.4975128642929889,1
BC3,PSMB5+ctrl,0.4917401114772335,1
BE13,PSMB5+ctrl,0.503921683786668,1
BE2M17,PSMB5+ctrl,0.3993441051118634,1
CESS,PSMB5+ctrl,0.6581721686847268,1
COLO320HSR,PSMB5+ctrl,0.4564865113241281,1
CTB1,PSMB5+ctrl,0.436645172055628,1
CTV1,PSMB5+ctrl,0.512998586866776,1
D247MG,PSMB5+ctrl,0.6615365121387111,1
D263MG,PSMB5+ctrl,0.5778802670901604,1
D336MG,PSMB5+ctrl,0.6469209236221067,1
D392MG,PSMB5+ctrl,0.5615030229222366,1
D502MG,PSMB5+ctrl,0.4432233238870007,1
D542MG,PSMB5+ctrl,0.6921617864419529,1
DG75,PSMB5+ctrl,0.4127019405550903,1
DSH1,PSMB5+ctrl,0.7100347266276947,1
EB3,PSMB5+ctrl,0.5071791915728882,1
ETK1,PSMB5+ctrl,0.4740732360000372,1
GRST,PSMB5+ctrl,0.2740679594217698,1
H9,PSMB5+ctrl,0.6327272778976574,1
HAL01,PSMB5+ctrl,0.5297129783985028,1
HC1,PSMB5+ctrl,0.5001731797258111,1
HS445,PSMB5+ctrl,0.5280489615753974,1
IM9,PSMB5+ctrl,0.3477623058316219,1
IMR5,PSMB5+ctrl,0.1517662807954609,0
JIYOYEP2003,PSMB5+ctrl,0.467175367022793,1
JSC1,PSMB5+ctrl,0.5524215887390795,1
KARPAS231,PSMB5+ctrl,0.6029448330084044,1
KARPAS45,PSMB5+ctrl,0.4789402378432578,1
KINGS1,PSMB5+ctrl,0.6252965831393958,1
KMOE2,PSMB5+ctrl,0.5354210103358377,1
KNS81FD,PSMB5+ctrl,0.5028858131226683,1
KPNYS,PSMB5+ctrl,0.3141235987458145,1
KY821,PSMB5+ctrl,0.1741258823372212,0
LB771HNC,PSMB5+ctrl,0.67768900267604,1
LB831BLC,PSMB5+ctrl,0.6522651800717321,1
LC41,PSMB5+ctrl,0.5376085299088917,1
MCCAR,PSMB5+ctrl,0.2907235109523135,1
MFHINO,PSMB5+ctrl,0.6754516996207132,1
MHHPREB1,PSMB5+ctrl,0.4211216361422367,1
ML2,PSMB5+ctrl,0.5966338100987971,1
MLMA,PSMB5+ctrl,0.384210784024705,1
MN60,PSMB5+ctrl,0.3891704280785291,1
MYM12,PSMB5+ctrl,0.6113905831121724,1
NBTU110,PSMB5+ctrl,0.4867797321640921,1
NB10,PSMB5+ctrl,0.4753636143792091,1
NB12,PSMB5+ctrl,0.5292734698398999,1
NB13,PSMB5+ctrl,0.5947027925654953,1
NB14,PSMB5+ctrl,0.4116872627392458,1
NB17,PSMB5+ctrl,0.5236296003864045,1
NB5,PSMB5+ctrl,0.5079099722134197,1
NB6,PSMB5+ctrl,0.4015258895810831,1
NB7,PSMB5+ctrl,0.4269030366951887,1
NCIH128,PSMB5+ctrl,0.3361858613473164,1
NEC8,PSMB5+ctrl,0.5257523772651755,1
NK92MI,PSMB5+ctrl,0.623697076844522,1
NKM1,PSMB5+ctrl,0.5074693234385715,1
NTERA2CLD1,PSMB5+ctrl,0.7002832650495906,1
P32ISH,PSMB5+ctrl,0.6167735204247845,1
QIMRWIL,PSMB5+ctrl,0.5725415854532936,1
RAMOS2G64C10,PSMB5+ctrl,0.618520397675145,1
RF48,PSMB5+ctrl,0.4856892968003777,1
RPMI8866,PSMB5+ctrl,0.454851097577751,1
SUDHL16,PSMB5+ctrl,0.6098784642862731,1
SW684,PSMB5+ctrl,0.5874626592039893,1
SW872,PSMB5+ctrl,0.6268945502259199,1
TE12,PSMB5+ctrl,0.4418240017236851,1
TK,PSMB5+ctrl,0.5313142848436385,1
TUR,PSMB5+ctrl,0.2468495808861869,1
WIL2NS,PSMB5+ctrl,0.5671108811130972,1
YT,PSMB5+ctrl,0.253131795481939,1
A101D,BRAF+ctrl,0.6572779230866207,1
253J,BRAF+ctrl,0.001,0
HCC827,BRAF+ctrl,0.0544199897432383,0
ONCODG1,BRAF+ctrl,0.1044528477418954,0
HS294T,BRAF+ctrl,0.001,0
T24,BRAF+ctrl,0.0823001007723316,0
MCF7,BRAF+ctrl,0.0676899776159016,0
NCIH1693,BRAF+ctrl,0.001,0
PATU8988S,BRAF+ctrl,0.001,0
PATU8988T,BRAF+ctrl,0.0753268174746477,0
253JBV,BRAF+ctrl,0.0372823945721936,0
GOS3,BRAF+ctrl,0.001,0
NCIH1650,BRAF+ctrl,0.001,0
S117,BRAF+ctrl,0.0151519978270903,0
U118MG,BRAF+ctrl,0.0701207688808673,0
PANC0203,BRAF+ctrl,0.1052303832748393,0
ACHN,BRAF+ctrl,0.3243383915270226,1
GCIY,BRAF+ctrl,0.001,0
TOV112D,BRAF+ctrl,0.1308342067275149,0
A673,BRAF+ctrl,0.1455257729239548,0
HT1080,BRAF+ctrl,0.001,0
RERFLCMS,BRAF+ctrl,0.066156503236983,0
HCC4006,BRAF+ctrl,0.0245207211083011,0
SKES1,BRAF+ctrl,0.078853047444299,0
PC3,BRAF+ctrl,0.001,0
OV56,BRAF+ctrl,0.0527091590466357,0
NCIH2452,BRAF+ctrl,0.2483697358958467,1
ZR751,BRAF+ctrl,0.001,0
GAMG,BRAF+ctrl,0.001,0
SIMA,BRAF+ctrl,0.001,0
GMS10,BRAF+ctrl,0.001,0
CAPAN2,BRAF+ctrl,0.001,0
KP3,BRAF+ctrl,0.1038367307639887,0
EFM192A,BRAF+ctrl,0.001,0
HUPT3,BRAF+ctrl,0.0409140596333713,0
COV434,BRAF+ctrl,0.1250551395258142,0
JHOS2,BRAF+ctrl,0.001,0
HS729,BRAF+ctrl,0.001,0
8MGBA,BRAF+ctrl,0.1565379477024486,0
CFPAC1,BRAF+ctrl,0.1350917889863709,0
PANC0327,BRAF+ctrl,0.0702688273733596,0
SNU308,BRAF+ctrl,0.001,0
CAL29,BRAF+ctrl,0.001,0
T47D,BRAF+ctrl,0.0774426359028812,0
NCIH2052,BRAF+ctrl,0.001,0
SW1990,BRAF+ctrl,0.001,0
OSRC2,BRAF+ctrl,0.0488633145153345,0
CORL105,BRAF+ctrl,0.012101272123111,0
SW579,BRAF+ctrl,0.0125921628226076,0
PANC1,BRAF+ctrl,0.001,0
RD,BRAF+ctrl,0.2253923136750661,1
VMRCRCZ,BRAF+ctrl,0.0817740368540047,0
TM87,BRAF+ctrl,0.0659616931466865,0
CAL62,BRAF+ctrl,0.1264552325332972,0
LOUNH91,BRAF+ctrl,0.001,0
SNU869,BRAF+ctrl,0.0424094584956737,0
NCIH2444,BRAF+ctrl,0.001,0
SCC25,BRAF+ctrl,0.001,0
RCC10RGB,BRAF+ctrl,0.1503169929397974,0
BHT101,BRAF+ctrl,0.6275928471283821,1
MFE280,BRAF+ctrl,0.001,0
A204,BRAF+ctrl,0.2116425694650681,1
PK59,BRAF+ctrl,0.0727532657666232,0
DETROIT562,BRAF+ctrl,0.0737239090150869,0
SNU1079,BRAF+ctrl,0.1497019595816956,0
CADOES1,BRAF+ctrl,0.0357917724293992,0
DAOY,BRAF+ctrl,0.001,0
CAL120,BRAF+ctrl,0.1732575328154939,0
JHH6,BRAF+ctrl,0.0467045756356401,0
A375,BRAF+ctrl,0.7578399108809601,1
SNU398,BRAF+ctrl,0.001,0
ASPC1,BRAF+ctrl,0.1391183615512463,0
BICR31,BRAF+ctrl,0.0177768841732693,0
KALS1,BRAF+ctrl,0.0487270212874957,0
U251MG,BRAF+ctrl,0.035713222965297,0
PANC0403,BRAF+ctrl,0.0360663415800366,0
JHOM1,BRAF+ctrl,0.077207411208315,0
RT4,BRAF+ctrl,0.0932244140515964,0
DANG,BRAF+ctrl,0.1699012453579216,0
DKMG,BRAF+ctrl,0.1274145667600692,0
KMRC20,BRAF+ctrl,0.0064512239868801,0
LS1034,BRAF+ctrl,0.001,0
LMSU,BRAF+ctrl,0.0498114762530967,0
SKNAS,BRAF+ctrl,0.001,0
RERFLCAI,BRAF+ctrl,0.179231299443444,0
CALU6,BRAF+ctrl,0.176759978446908,0
SNU213,BRAF+ctrl,0.001,0
SNU245,BRAF+ctrl,0.001,0
HPAC,BRAF+ctrl,0.0804153749653592,0
HS852T,BRAF+ctrl,0.001,0
HCC38,BRAF+ctrl,0.001,0
HCC1419,BRAF+ctrl,0.001,0
COV362,BRAF+ctrl,0.1138648220545789,0
EWS502,BRAF+ctrl,0.3754916076400729,1
SNU840,BRAF+ctrl,0.0487138133735387,0
KP2,BRAF+ctrl,0.1306355668574281,0
BT549,BRAF+ctrl,0.0987287975275608,0
NCIH841,BRAF+ctrl,0.1101620417197739,0
OUMS23,BRAF+ctrl,0.1624281707861871,0
ECGI10,BRAF+ctrl,0.0750676980653506,0
PK1,BRAF+ctrl,0.001,0
EFO21,BRAF+ctrl,0.0402189077205439,0
SKLU1,BRAF+ctrl,0.012042852538685,0
SKNBE2,BRAF+ctrl,0.0324635935742365,0
SNU886,BRAF+ctrl,0.0346019519789865,0
TE10,BRAF+ctrl,0.001,0
PSN1,BRAF+ctrl,0.2477243123980272,1
42MGBA,BRAF+ctrl,0.001,0
JHOC5,BRAF+ctrl,0.064256201299463,0
ISTMES2,BRAF+ctrl,0.1144963543422756,0
YAPC,BRAF+ctrl,0.1270235809408997,0
MSTO211H,BRAF+ctrl,0.1193603234315135,0
NCIH522,BRAF+ctrl,0.001,0
SNU668,BRAF+ctrl,0.0848886186640894,0
QGP1,BRAF+ctrl,0.001,0
MKN1,BRAF+ctrl,0.0820419985941411,0
HCC1428,BRAF+ctrl,0.0278895237983647,0
MKN45,BRAF+ctrl,0.1002153356611499,0
MG63,BRAF+ctrl,0.46407206773628,1
SKHEP1,BRAF+ctrl,0.1985858382927291,0
U2OS,BRAF+ctrl,0.001,0
NCIH226,BRAF+ctrl,0.001,0
SNU1105,BRAF+ctrl,0.0615037016564542,0
HCC1143,BRAF+ctrl,0.001,0
G402,BRAF+ctrl,0.1365582540347866,0
SF295,BRAF+ctrl,0.001,0
OE33,BRAF+ctrl,0.0456508158910131,0
SW780,BRAF+ctrl,0.001,0
H4,BRAF+ctrl,0.001,0
LUDLU1,BRAF+ctrl,0.0713778775453723,0
MHHES1,BRAF+ctrl,0.0031440267035172,0
NCIH520,BRAF+ctrl,0.001,0
J82,BRAF+ctrl,0.001,0
TEN,BRAF+ctrl,0.001,0
COLO800,BRAF+ctrl,0.2174728786608388,1
NCIH747,BRAF+ctrl,0.001,0
K029AX,BRAF+ctrl,0.2084739123905439,1
SNU685,BRAF+ctrl,0.001,0
TE5,BRAF+ctrl,0.001,0
769P,BRAF+ctrl,0.038989776402093,0
NCIH1944,BRAF+ctrl,0.001,0
BICR6,BRAF+ctrl,0.5039115318907306,1
NCIH838,BRAF+ctrl,0.001,0
PANC0813,BRAF+ctrl,0.001,0
SNU449,BRAF+ctrl,0.001,0
SKMEL3,BRAF+ctrl,0.4510567330864989,1
UACC62,BRAF+ctrl,0.6638910629042722,1
NCIN87,BRAF+ctrl,0.001,0
CAKI1,BRAF+ctrl,0.1457739695226705,0
NCIH1915,BRAF+ctrl,0.1074604961928855,0
SW1088,BRAF+ctrl,0.0996952343128825,0
SH4,BRAF+ctrl,0.6804589112605126,1
LU99,BRAF+ctrl,0.2062234201107931,1
KNS60,BRAF+ctrl,0.001,0
NCIH2228,BRAF+ctrl,0.1104581879127657,0
MESSA,BRAF+ctrl,0.1487281435467407,0
HCC95,BRAF+ctrl,0.1126096475616463,0
CAL54,BRAF+ctrl,0.001,0
CJM,BRAF+ctrl,0.4362252825266283,1
SNU1196,BRAF+ctrl,0.001,0
NCIH460,BRAF+ctrl,0.0314330729597935,0
HCC56,BRAF+ctrl,0.001,0
PK45H,BRAF+ctrl,0.001,0
YH13,BRAF+ctrl,0.1057422339098792,0
HSC2,BRAF+ctrl,0.001,0
MALME3M,BRAF+ctrl,0.6794009852307439,1
KNS81,BRAF+ctrl,0.050435190541758,0
NCIH2170,BRAF+ctrl,0.001,0
RERFLCKJ,BRAF+ctrl,0.001,0
VMRCRCW,BRAF+ctrl,0.001,0
KU1919,BRAF+ctrl,0.2252307985027922,1
TE11,BRAF+ctrl,0.0794469621003546,0
SNU423,BRAF+ctrl,0.0743295336776235,0
TUHR4TKB,BRAF+ctrl,0.1408935169473132,0
NCIH1792,BRAF+ctrl,0.0774558681440524,0
SNU46,BRAF+ctrl,0.0255557684856806,0
TCCPAN2,BRAF+ctrl,0.001,0
BICR16,BRAF+ctrl,0.1846759600572398,0
SNB75,BRAF+ctrl,0.001,0
RKN,BRAF+ctrl,0.0793556058736777,0
CAL78,BRAF+ctrl,0.091302996183975,0
SNU410,BRAF+ctrl,0.001,0
NCIH2030,BRAF+ctrl,0.1508658448935761,0
KURAMOCHI,BRAF+ctrl,0.001,0
OVISE,BRAF+ctrl,0.13550438410752,0
ABC1,BRAF+ctrl,0.0816298990365166,0
SNU61,BRAF+ctrl,0.0199873380872297,0
SNU761,BRAF+ctrl,0.001,0
HEYA8,BRAF+ctrl,0.1051609889066527,0
OE21,BRAF+ctrl,0.1168137258987616,0
VMCUB1,BRAF+ctrl,0.1606708115778762,0
HT29,BRAF+ctrl,0.3340233783758718,1
SQ1,BRAF+ctrl,0.0790341684352211,0
A172,BRAF+ctrl,0.1301917293070442,0
TT,BRAF+ctrl,0.1133768150621846,0
HCC78,BRAF+ctrl,0.001,0
EBC1,BRAF+ctrl,0.144619452368153,0
RCM1,BRAF+ctrl,0.10919515121608,0
SW1710,BRAF+ctrl,0.1058052090365883,0
ISTMES1,BRAF+ctrl,0.001,0
YKG1,BRAF+ctrl,0.001,0
T98G,BRAF+ctrl,0.001,0
G361,BRAF+ctrl,0.4320909206432844,1
MDAMB436,BRAF+ctrl,0.001,0
UACC257,BRAF+ctrl,0.6368126017941642,1
COLO741,BRAF+ctrl,0.4145587720885276,1
NCIH1975,BRAF+ctrl,0.1833731614027562,0
NCIH1437,BRAF+ctrl,0.001,0
TM31,BRAF+ctrl,0.1998966376717921,0
LN229,BRAF+ctrl,0.001,0
PATU8902,BRAF+ctrl,0.0881783053865676,0
MIAPACA2,BRAF+ctrl,0.225307487673471,1
BEN,BRAF+ctrl,0.001,0
TE6,BRAF+ctrl,0.0902112377846158,0
SF126,BRAF+ctrl,0.001,0
HOS,BRAF+ctrl,0.0642722270769811,0
RVH421,BRAF+ctrl,0.5750374936486199,1
SNU1041,BRAF+ctrl,0.001,0
PECAPJ15,BRAF+ctrl,0.0513633579116394,0
JHH1,BRAF+ctrl,0.001,0
KNS42,BRAF+ctrl,0.001,0
HCC1806,BRAF+ctrl,0.0532463549381969,0
HEP3B217,BRAF+ctrl,0.092032014964917,0
LCLC103H,BRAF+ctrl,0.001,0
YD8,BRAF+ctrl,0.001,0
HS944T,BRAF+ctrl,0.1176581882344059,0
KYSE520,BRAF+ctrl,0.0090585776931761,0
HDQP1,BRAF+ctrl,0.0481847994348301,0
TE1,BRAF+ctrl,0.09172095221606,0
NCIH28,BRAF+ctrl,0.117239234382181,0
786O,BRAF+ctrl,0.001,0
IGR37,BRAF+ctrl,0.7091424996000167,1
SW620,BRAF+ctrl,0.0541442853992919,0
WM1799,BRAF+ctrl,0.6633971046537559,1
CORL23,BRAF+ctrl,0.001,0
OVTOKO,BRAF+ctrl,0.1172042957704183,0
SKMES1,BRAF+ctrl,0.1809517840864045,0
NCIH1355,BRAF+ctrl,0.001,0
HCC44,BRAF+ctrl,0.001,0
SW900,BRAF+ctrl,0.001,0
SBC5,BRAF+ctrl,0.001,0
HUH6,BRAF+ctrl,0.001,0
IALM,BRAF+ctrl,0.2195627248733533,1
SW1573,BRAF+ctrl,0.001,0
OE19,BRAF+ctrl,0.001,0
SW948,BRAF+ctrl,0.001,0
A549,BRAF+ctrl,0.1098451645602229,0
SNU1066,BRAF+ctrl,0.1238941610107409,0
KMRC1,BRAF+ctrl,0.0427612301553962,0
L33,BRAF+ctrl,0.001,0
KYSE180,BRAF+ctrl,0.001,0
TE9,BRAF+ctrl,0.0314204525890284,0
OVCAR8,BRAF+ctrl,0.001,0
RMUGS,BRAF+ctrl,0.001,0
CAOV3,BRAF+ctrl,0.0301924772081184,0
SNU1214,BRAF+ctrl,0.001,0
TT2609C02,BRAF+ctrl,0.1031498409252478,0
COLO680N,BRAF+ctrl,0.001,0
RMGI,BRAF+ctrl,0.1536984216209946,0
TCCSUP,BRAF+ctrl,0.001,0
YD10B,BRAF+ctrl,0.0632803847888348,0
HT1376,BRAF+ctrl,0.0535925735567939,0
TE14,BRAF+ctrl,0.001,0
SKMEL5,BRAF+ctrl,0.4114798684285937,1
PECAPJ41CLONED2,BRAF+ctrl,0.1275401890682891,0
NCIH1838,BRAF+ctrl,0.1348989055480429,0
JHH5,BRAF+ctrl,0.0909360921026892,0
PECAPJ49,BRAF+ctrl,0.2263074155754484,1
GB1,BRAF+ctrl,0.0145480263664973,0
UBLC1,BRAF+ctrl,0.2212710289043916,1
NCIH1623,BRAF+ctrl,0.001,0
NCIH1703,BRAF+ctrl,0.0568625299916765,0
SJSA1,BRAF+ctrl,0.001,0
LOXIMVI,BRAF+ctrl,0.7809219252144131,1
JMSU1,BRAF+ctrl,0.1197895399459609,0
GI1,BRAF+ctrl,0.1098477927722476,0
MKN74,BRAF+ctrl,0.001,0
MDAMB175VII,BRAF+ctrl,0.001,0
YD38,BRAF+ctrl,0.0672450635800997,0
SH10TC,BRAF+ctrl,0.0385500733344503,0
WM983B,BRAF+ctrl,0.7964296314163617,1
NCIH1648,BRAF+ctrl,0.0032959859005797,0
MDAMB231,BRAF+ctrl,0.0793424556503785,0
LK2,BRAF+ctrl,0.001,0
BICR56,BRAF+ctrl,0.0583978306205936,0
RERFLCAD2,BRAF+ctrl,0.0784769766209931,0
NCIH727,BRAF+ctrl,0.001,0
ONS76,BRAF+ctrl,0.1840526272978706,0
KYSE30,BRAF+ctrl,0.0761212544015293,0
HSC3,BRAF+ctrl,0.2598397564458183,1
NCIH2023,BRAF+ctrl,0.001,0
CAMA1,BRAF+ctrl,0.001,0
KYSE70,BRAF+ctrl,0.001,0
NCIH2126,BRAF+ctrl,0.001,0
LXF289,BRAF+ctrl,0.0756210760187079,0
A2058,BRAF+ctrl,0.0515912338075045,0
BFTC909,BRAF+ctrl,0.001,0
MCAS,BRAF+ctrl,0.0709974630805078,0
NCIH446,BRAF+ctrl,0.001,0
BFTC905,BRAF+ctrl,0.0973016171824203,0
NB1,BRAF+ctrl,0.001,0
COLO679,BRAF+ctrl,0.6507214305108169,1
HUH28,BRAF+ctrl,0.106869994892793,0
KYSE410,BRAF+ctrl,0.0471570742982635,0
SKMEL30,BRAF+ctrl,0.001,0
SKOV3,BRAF+ctrl,0.1266280772855795,0
COLO783,BRAF+ctrl,0.3214780114503549,1
T3M10,BRAF+ctrl,0.023650444611011,0
HS939T,BRAF+ctrl,0.7499940723171048,1
LN18,BRAF+ctrl,0.001,0
SKMEL24,BRAF+ctrl,0.3976526529875323,1
KYSE140,BRAF+ctrl,0.001,0
KYSE510,BRAF+ctrl,0.001,0
WM793,BRAF+ctrl,0.2136822565413285,1
CAL27,BRAF+ctrl,0.001,0
UMUC1,BRAF+ctrl,0.001,0
GCT,BRAF+ctrl,0.1455497702640027,0
NCIH322,BRAF+ctrl,0.001,0
HCC366,BRAF+ctrl,0.0396189081963819,0
NCIH2087,BRAF+ctrl,0.1609788584548075,0
HARA,BRAF+ctrl,0.001,0
NCIH1373,BRAF+ctrl,0.1927884166357516,0
FADU,BRAF+ctrl,0.293745619632081,1
HGC27,BRAF+ctrl,0.1446301086430905,0
JHH7,BRAF+ctrl,0.0240491271511975,0
MDAMB468,BRAF+ctrl,0.0126726631952758,0
KYSE150,BRAF+ctrl,0.001,0
CAL51,BRAF+ctrl,0.132432838283468,0
KNS62,BRAF+ctrl,0.0974296905828333,0
NCIH358,BRAF+ctrl,0.3982673738646226,1
KMBC2,BRAF+ctrl,0.0572470553127418,0
DBTRG05MG,BRAF+ctrl,0.614241994733523,1
NCIH1048,BRAF+ctrl,0.001,0
HCC1195,BRAF+ctrl,0.1339489517913668,0
NCIH1568,BRAF+ctrl,0.0925557449240727,0
KYSE270,BRAF+ctrl,0.001,0
NCIH2347,BRAF+ctrl,0.1238374371285206,0
HCC15,BRAF+ctrl,0.0850186803277738,0
AGS,BRAF+ctrl,0.001,0
MELJUSO,BRAF+ctrl,0.1450037006126021,0
IGR1,BRAF+ctrl,0.2012796655251858,1
MDAMB435S,BRAF+ctrl,0.5161859128002768,1
TOV21G,BRAF+ctrl,0.289540356980519,1
NCIH2009,BRAF+ctrl,0.0907714686083617,0
NCIH1793,BRAF+ctrl,0.001,0
SW1271,BRAF+ctrl,0.0705950356341786,0
HCC1438,BRAF+ctrl,0.0380602170579963,0
NCIH1563,BRAF+ctrl,0.001,0
647V,BRAF+ctrl,0.004700118412876,0
FTC238,BRAF+ctrl,0.001,0
SNU719,BRAF+ctrl,0.001,0
WM88,BRAF+ctrl,0.7751410600895132,1
NCIH23,BRAF+ctrl,0.0785884302856982,0
HCC1359,BRAF+ctrl,0.001,0
FTC133,BRAF+ctrl,0.001,0
5637,BRAF+ctrl,0.014755753779729,0
ES2,BRAF+ctrl,0.622340049882944,1
JHUEM2,BRAF+ctrl,0.3102301379251576,1
NUGC3,BRAF+ctrl,0.1282314874530619,0
ESS1,BRAF+ctrl,0.001,0
IPC298,BRAF+ctrl,0.2338640080188848,1
NCIH1573,BRAF+ctrl,0.0703474829288244,0
IM95,BRAF+ctrl,0.001,0
NCIH1339,BRAF+ctrl,0.001,0
HT55,BRAF+ctrl,0.001,0
BT474,BRAF+ctrl,0.0541598610866136,0
NCIH2110,BRAF+ctrl,0.001,0
EFO27,BRAF+ctrl,0.1454871476515726,0
SKUT1,BRAF+ctrl,0.0529785055270575,0
AN3CA,BRAF+ctrl,0.1791235823800068,0
HEC1B,BRAF+ctrl,0.0746872481605399,0
HEC265,BRAF+ctrl,0.2297610779548595,1
2313287,BRAF+ctrl,0.001,0
LOVO,BRAF+ctrl,0.1424770469622687,0
HEC1A,BRAF+ctrl,0.2861642760657854,1
LS180,BRAF+ctrl,0.0061231448268308,0
SW48,BRAF+ctrl,0.0154137005472378,0
SNUC4,BRAF+ctrl,0.1083660718847315,0
ISHIKAWAHERAKLIO02ER,BRAF+ctrl,0.0947314484185519,0
OC314,BRAF+ctrl,0.1462609948374775,0
RL952,BRAF+ctrl,0.0749288411330011,0
IGROV1,BRAF+ctrl,0.001,0
SNUC2A,BRAF+ctrl,0.001,0
COLO792,BRAF+ctrl,0.001,0
SNUC5,BRAF+ctrl,0.1851443903808255,0
HCT116,BRAF+ctrl,0.1369758196815585,0
HEC151,BRAF+ctrl,0.1313453489283134,0
639V,BRAF+ctrl,0.001,0
SNGM,BRAF+ctrl,0.3152351210152806,1
HUCCT1,BRAF+ctrl,0.2732608914672496,1
LNCAPCLONEFGC,BRAF+ctrl,0.1118657165600734,0
EN,BRAF+ctrl,0.001,0
DU145,BRAF+ctrl,0.0437568797318566,0
GP2D,BRAF+ctrl,0.1541319311157957,0
HEC6,BRAF+ctrl,0.001,0
MEWO,BRAF+ctrl,0.1236865038139729,0
MFE319,BRAF+ctrl,0.001,0
HEC108,BRAF+ctrl,0.0854210757233058,0
SNU81,BRAF+ctrl,0.001,0
HEC59,BRAF+ctrl,0.1091248705661949,0
HEC251,BRAF+ctrl,0.001,0
HCT15,BRAF+ctrl,0.001,0
BECKER,BRAF+ctrl,0.001,0
CHL1,BRAF+ctrl,0.2333129993150755,1
NCIH292,BRAF+ctrl,0.0353251947367964,0
LC1SQSF,BRAF+ctrl,0.001,0
MON,BRAF+ctrl,0.0475276316547683,0
OC316,BRAF+ctrl,0.1896487156106616,0
SKMEL2,BRAF+ctrl,0.1619283694511495,0
WM2664,BRAF+ctrl,0.2557783007153121,1
8305C,BRAF+ctrl,0.3118333670475224,1
8505C,BRAF+ctrl,0.3641460949450954,1
PLCPRF5,BRAF+ctrl,0.097558816515299,0
NIHOVCAR3,BRAF+ctrl,0.001,0
HL60,BRAF+ctrl,0.001,0
HEL,BRAF+ctrl,0.0595607510007266,0
MONOMAC6,BRAF+ctrl,0.2194367892349833,1
LS513,BRAF+ctrl,0.0055123523860052,0
C2BBE1,BRAF+ctrl,0.001,0
NCIH1581,BRAF+ctrl,0.0635627448478207,0
MHHCALL2,BRAF+ctrl,0.001,0
OPM2,BRAF+ctrl,0.001,0
PC14,BRAF+ctrl,0.001,0
EHEB,BRAF+ctrl,0.1922692199847893,0
MV411,BRAF+ctrl,0.1985931636799959,0
NCIH929,BRAF+ctrl,0.1567017851658804,0
KARPAS299,BRAF+ctrl,0.001,0
D283MED,BRAF+ctrl,0.001,0
ML1,BRAF+ctrl,0.1076416149177195,0
PANC1005,BRAF+ctrl,0.0612908178145247,0
HH,BRAF+ctrl,0.1616491661781192,0
OCIAML5,BRAF+ctrl,0.13102466663297,0
HS683,BRAF+ctrl,0.001,0
697,BRAF+ctrl,0.4456058075958418,1
MEG01,BRAF+ctrl,0.3186343609982661,1
GRANTA519,BRAF+ctrl,0.001,0
KU812,BRAF+ctrl,0.2894945577544732,1
U87MG,BRAF+ctrl,0.0898665759144281,0
GDM1,BRAF+ctrl,0.2173298707851478,1
G292CLONEA141B1,BRAF+ctrl,0.2987254400754811,1
HPAFII,BRAF+ctrl,0.2019803078783497,1
G401,BRAF+ctrl,0.1293045051532547,0
RH41,BRAF+ctrl,0.001,0
KE37,BRAF+ctrl,0.3773549946763898,1
CAOV4,BRAF+ctrl,0.0122034258008526,0
LOUCY,BRAF+ctrl,0.0372350783314728,0
ALLSIL,BRAF+ctrl,0.2249209039260059,1
JVM2,BRAF+ctrl,0.3247091061995285,1
HCC1187,BRAF+ctrl,0.001,0
OCIAML2,BRAF+ctrl,0.1685543551353858,0
SU8686,BRAF+ctrl,0.001,0
VCAP,BRAF+ctrl,0.1058692659561409,0
OAW28,BRAF+ctrl,0.001,0
CHP212,BRAF+ctrl,0.0420028407044472,0
NCIH2405,BRAF+ctrl,0.1216883813753362,0
OCILY19,BRAF+ctrl,0.339910842949693,1
NCIH1341,BRAF+ctrl,0.001,0
CHP126,BRAF+ctrl,0.001,0
RERFGC1B,BRAF+ctrl,0.001,0
THP1,BRAF+ctrl,0.001,0
HS578T,BRAF+ctrl,0.001,0
SKNSH,BRAF+ctrl,0.001,0
JM1,BRAF+ctrl,0.1325824195270595,0
A4FUK,BRAF+ctrl,0.001,0
GA10,BRAF+ctrl,0.0022986873014456,0
NOMO1,BRAF+ctrl,0.1403385622895542,0
HS766T,BRAF+ctrl,0.1438779448927859,0
SCC9,BRAF+ctrl,0.0238459820178424,0
L363,BRAF+ctrl,0.001,0
HDMYZ,BRAF+ctrl,0.2075151532586397,1
KARPAS620,BRAF+ctrl,0.1122017444193363,0
EOL1,BRAF+ctrl,0.2863433241525682,1
NMCG1,BRAF+ctrl,0.4803325557333751,1
LP1,BRAF+ctrl,0.001,0
PL21,BRAF+ctrl,0.0652697220436906,0
HCC1937,BRAF+ctrl,0.001,0
SUPM2,BRAF+ctrl,0.001,0
KPNYN,BRAF+ctrl,0.001,0
DEL,BRAF+ctrl,0.0663030581806645,0
SW1417,BRAF+ctrl,0.0976143698926194,0
SCC4,BRAF+ctrl,0.07656502656162,0
BL41,BRAF+ctrl,0.0104466623141271,0
OCUM1,BRAF+ctrl,0.0426389020048537,0
CL11,BRAF+ctrl,0.1119636920213095,0
SCC15,BRAF+ctrl,0.1341750426160333,0
CORL279,BRAF+ctrl,0.0391581888823976,0
DU4475,BRAF+ctrl,0.8449562478813285,1
KELLY,BRAF+ctrl,0.001,0
KASUMI1,BRAF+ctrl,0.2836128185981804,1
KP4,BRAF+ctrl,0.001,0
HDLM2,BRAF+ctrl,0.10747978154978,0
AM38,BRAF+ctrl,0.001,0
SUDHL10,BRAF+ctrl,0.001,0
SF539,BRAF+ctrl,0.001,0
NCIH1755,BRAF+ctrl,0.1269125547883044,0
NUDUL1,BRAF+ctrl,0.001,0
OV90,BRAF+ctrl,0.6662283591785576,1
KLE,BRAF+ctrl,0.1097707973284238,0
NB4,BRAF+ctrl,0.1807813842762669,0
EM2,BRAF+ctrl,0.2295852901339985,1
NCIH2029,BRAF+ctrl,0.001,0
LAMA84,BRAF+ctrl,0.0835350798614426,0
SNU5,BRAF+ctrl,0.0385529281268515,0
KARPAS422,BRAF+ctrl,0.1581116148732357,0
MPP89,BRAF+ctrl,0.0325025478546195,0
HT144,BRAF+ctrl,0.5839378212421524,1
JURLMK1,BRAF+ctrl,0.199150975478172,0
NCIH1395,BRAF+ctrl,0.0345551577219825,0
CCFSTTG1,BRAF+ctrl,0.001,0
EFM19,BRAF+ctrl,0.0173162746847416,0
DB,BRAF+ctrl,0.1588089425933774,0
OCIAML3,BRAF+ctrl,0.1350187173547944,0
NCIH3122,BRAF+ctrl,0.0536112940536852,0
SR786,BRAF+ctrl,0.1116173244926787,0
SKNFI,BRAF+ctrl,0.0841170815474807,0
JVM3,BRAF+ctrl,0.2325739191415632,1
HCC1500,BRAF+ctrl,0.001,0
COLO678,BRAF+ctrl,0.0655218038577011,0
TE15,BRAF+ctrl,0.047315206840086,0
NCIH82,BRAF+ctrl,0.001,0
JEKO1,BRAF+ctrl,0.0946220305963851,0
NCIH69,BRAF+ctrl,0.001,0
NCIH508,BRAF+ctrl,0.1165404911931264,0
MOLM13,BRAF+ctrl,0.2564158453030596,1
SKMM2,BRAF+ctrl,0.001,0
SUDHL4,BRAF+ctrl,0.001,0
MOLM16,BRAF+ctrl,0.1066055451086116,0
RL,BRAF+ctrl,0.0828884493214021,0
P12ICHIKAWA,BRAF+ctrl,0.001,0
SKM1,BRAF+ctrl,0.1368571497739318,0
NCIH647,BRAF+ctrl,0.243527382412415,1
NCIH1781,BRAF+ctrl,0.001,0
T84,BRAF+ctrl,0.001,0
KG1,BRAF+ctrl,0.1827893981044388,0
CALU3,BRAF+ctrl,0.001,0
NCIH2081,BRAF+ctrl,0.001,0
SKCO1,BRAF+ctrl,0.0819759177312724,0
SAOS2,BRAF+ctrl,0.001,0
SW837,BRAF+ctrl,0.001,0
TC71,BRAF+ctrl,0.0507683753621595,0
UO31,BRAF+ctrl,0.2063007052452689,1
A704,BRAF+ctrl,0.0847939193774378,0
TYKNU,BRAF+ctrl,0.2181873276975097,1
NCIH1694,BRAF+ctrl,0.001,0
BV173,BRAF+ctrl,0.3848780491319289,1
LU65,BRAF+ctrl,0.001,0
ME1,BRAF+ctrl,0.0768492667996433,0
CA46,BRAF+ctrl,0.1461824961162435,0
RERFLCSQ1,BRAF+ctrl,0.0373345835121071,0
OVKATE,BRAF+ctrl,0.0452508283137127,0
NCIH1666,BRAF+ctrl,0.1409912426134567,0
MELHO,BRAF+ctrl,0.7536675611065274,1
NCIH2085,BRAF+ctrl,0.0340200249029825,0
TE8,BRAF+ctrl,0.1145467832946478,0
BCPAP,BRAF+ctrl,0.53328187848769,1
CAS1,BRAF+ctrl,0.001,0
SKMEL1,BRAF+ctrl,0.7000444327841494,1
SW1463,BRAF+ctrl,0.0774666029776111,0
RT112,BRAF+ctrl,0.0777951709563724,0
[MERGED,BRAF+ctrl,0.1625565290967221,0
HUH1,BRAF+ctrl,0.001,0
JHH4,BRAF+ctrl,0.1231037834362502,0
SNU387,BRAF+ctrl,0.001,0
HUH7,BRAF+ctrl,0.1565715283965507,0
SNU182,BRAF+ctrl,0.1149013743585771,0
SW1116,BRAF+ctrl,0.0967099179097606,0
NCIH716,BRAF+ctrl,0.0772375487734453,0
LS123,BRAF+ctrl,0.0598340615537287,0
NCIH146,BRAF+ctrl,0.001,0
CORL88,BRAF+ctrl,0.001,0
NCIH1299,BRAF+ctrl,0.1832132499496206,0
NCIH1092,BRAF+ctrl,0.001,0
UMUC3,BRAF+ctrl,0.0703206720494508,0
DMS114,BRAF+ctrl,0.1300679561092558,0
WSUDLCL2,BRAF+ctrl,0.001,0
BXPC3,BRAF+ctrl,0.0815568510813312,0
BT20,BRAF+ctrl,0.001,0
HUTU80,BRAF+ctrl,0.0421344570678151,0
HSC4,BRAF+ctrl,0.2120480826272377,1
HT1197,BRAF+ctrl,0.0415193187553014,0
BHY,BRAF+ctrl,0.001,0
K562,BRAF+ctrl,0.1422366790165627,0
UACC893,BRAF+ctrl,0.001,0
A498,BRAF+ctrl,0.0614376985269958,0
SIHA,BRAF+ctrl,0.001,0
NCIH1836,BRAF+ctrl,0.001,0
ECC10,BRAF+ctrl,0.0143488694146118,0
ST486,BRAF+ctrl,0.001,0
FUOV1,BRAF+ctrl,0.052565112352472,0
JHH2,BRAF+ctrl,0.0500135265198843,0
C32,BRAF+ctrl,0.7312447377337883,1
SNU16,BRAF+ctrl,0.001,0
MC116,BRAF+ctrl,0.001,0
JHOS4,BRAF+ctrl,0.0231515647591467,0
EPLC272H,BRAF+ctrl,0.1066905864856422,0
NCIH1876,BRAF+ctrl,0.001,0
LCLC97TM1,BRAF+ctrl,0.1142863484358877,0
KYM1,BRAF+ctrl,0.001,0
NCIH2227,BRAF+ctrl,0.001,0
SUDHL6,BRAF+ctrl,0.0789685243991056,0
SKMEL28,BRAF+ctrl,0.6677326889920054,1
HS746T,BRAF+ctrl,0.0586463614229869,0
OVCAR4,BRAF+ctrl,0.053119787974223,0
MDAMB157,BRAF+ctrl,0.001,0
U266B1,BRAF+ctrl,0.1478866837967306,0
NCIH596,BRAF+ctrl,0.001,0
KS1,BRAF+ctrl,0.001,0
FU97,BRAF+ctrl,0.1563524420066492,0
RPMI8402,BRAF+ctrl,0.0907160475622478,0
NCIH211,BRAF+ctrl,0.001,0
SKMEL31,BRAF+ctrl,0.0657073623644184,0
CMK,BRAF+ctrl,0.0675163069387777,0
COLO829,BRAF+ctrl,0.5515615378074208,1
SUIT2,BRAF+ctrl,0.1395121850757676,0
JJN3,BRAF+ctrl,0.1160427439577722,0
RAJI,BRAF+ctrl,0.001,0
SF268,BRAF+ctrl,0.0677311429817544,0
SUDHL8,BRAF+ctrl,0.001,0
A2780,BRAF+ctrl,0.0599210152326097,0
SUDHL5,BRAF+ctrl,0.3458919852968739,1
HCC70,BRAF+ctrl,0.001,0
NUGC4,BRAF+ctrl,0.001,0
MKN7,BRAF+ctrl,0.1003801778977292,0
OV7,BRAF+ctrl,0.1564398335598998,0
RH18,BRAF+ctrl,0.001,0
HCC2157,BRAF+ctrl,0.001,0
A3KAW,BRAF+ctrl,0.3984218260374997,1
DMS53,BRAF+ctrl,0.0580862329186536,0
HCC1395,BRAF+ctrl,0.0633025472846557,0
L1236,BRAF+ctrl,0.001,0
DMS79,BRAF+ctrl,0.001,0
OAW42,BRAF+ctrl,0.1431959357807746,0
EKVX,BRAF+ctrl,0.0484337112967916,0
JIMT1,BRAF+ctrl,0.1630108505517291,0
KMS11,BRAF+ctrl,0.0620167942789058,0
NCIH2291,BRAF+ctrl,0.1673384817595706,0
SNUC1,BRAF+ctrl,0.088824469601886,0
HCC202,BRAF+ctrl,0.0260573422531168,0
NCIH2066,BRAF+ctrl,0.0316487043981542,0
A253,BRAF+ctrl,0.001,0
CORL95,BRAF+ctrl,0.001,0
MOLP8,BRAF+ctrl,0.1740155541959516,0
OCIM1,BRAF+ctrl,0.001,0
NCIH196,BRAF+ctrl,0.0955273671881904,0
L428,BRAF+ctrl,0.001,0
HCC2218,BRAF+ctrl,0.001,0
A427,BRAF+ctrl,0.1013577911296412,0
NCIH526,BRAF+ctrl,0.001,0
P31FUJ,BRAF+ctrl,0.001,0
NCIH1105,BRAF+ctrl,0.001,0
DAUDI,BRAF+ctrl,0.104806340774328,0
NCIH810,BRAF+ctrl,0.001,0
SHP77,BRAF+ctrl,0.001,0
KATOIII,BRAF+ctrl,0.001,0
BICR22,BRAF+ctrl,0.0523307599297093,0
MOLT13,BRAF+ctrl,0.2578163078615585,1
CL40,BRAF+ctrl,0.1544946066276777,0
COLO668,BRAF+ctrl,0.001,0
L540,BRAF+ctrl,0.3176314807330729,1
KMH2,BRAF+ctrl,0.001,0
NCIH524,BRAF+ctrl,0.001,0
RPMI8226,BRAF+ctrl,0.0700996821693362,0
BT483,BRAF+ctrl,0.0371222656229519,0
EJM,BRAF+ctrl,0.001,0
HOP92,BRAF+ctrl,0.0644123785533197,0
CAL12T,BRAF+ctrl,0.1204322677037679,0
ZR7530,BRAF+ctrl,0.048908494672112,0
NCIH1436,BRAF+ctrl,0.0400450464586333,0
AMO1,BRAF+ctrl,0.1416526114202939,0
NCIH1435,BRAF+ctrl,0.001,0
NCIH661,BRAF+ctrl,0.0867707109592613,0
CAL851,BRAF+ctrl,0.0205267795881927,0
HCC1954,BRAF+ctrl,0.001,0
HOP62,BRAF+ctrl,0.001,0
COLO684,BRAF+ctrl,0.001,0
KYSE450,BRAF+ctrl,0.001,0
CHAGOK1,BRAF+ctrl,0.0258863906721993,0
RS411,BRAF+ctrl,0.0565340620063684,0
MDAMB415,BRAF+ctrl,0.0386127990482082,0
MFE296,BRAF+ctrl,0.1061832639026363,0
SW1783,BRAF+ctrl,0.001,0
NCIH1651,BRAF+ctrl,0.079783437321293,0
NCIH1869,BRAF+ctrl,0.001,0
MDAMB453,BRAF+ctrl,0.0087097225337635,0
HT,BRAF+ctrl,0.001,0
TE4,BRAF+ctrl,0.0690079161395003,0
MOLT16,BRAF+ctrl,0.4138841384181876,1
CMLT1,BRAF+ctrl,0.2723367007944919,1
RCHACV,BRAF+ctrl,0.001,0
NCIH2172,BRAF+ctrl,0.001,0
HCC1569,BRAF+ctrl,0.0762806581993928,0
SNU1,BRAF+ctrl,0.0642026907355537,0
MDAMB361,BRAF+ctrl,0.001,0
MDST8,BRAF+ctrl,0.6165064877737086,1
PF382,BRAF+ctrl,0.001,0
NALM6,BRAF+ctrl,0.001,0
RKO,BRAF+ctrl,0.2911673959504246,1
NAMALWA,BRAF+ctrl,0.001,0
NCIH650,BRAF+ctrl,0.1317318898326356,0
OVK18,BRAF+ctrl,0.0420933960259196,0
TGBC11TKB,BRAF+ctrl,0.0249720685623753,0
NCIH2342,BRAF+ctrl,0.001,0
SUPT1,BRAF+ctrl,0.001,0
SNU407,BRAF+ctrl,0.130405651041498,0
22RV1,BRAF+ctrl,0.0961987026427811,0
REH,BRAF+ctrl,0.0823308954512488,0
CCK81,BRAF+ctrl,0.001,0
KM12,BRAF+ctrl,0.0826843521542075,0
NCIH1155,BRAF+ctrl,0.001,0
DND41,BRAF+ctrl,0.1700166058894925,0
KCL22,BRAF+ctrl,0.1275431947302073,0
LS411N,BRAF+ctrl,0.2377350163224747,1
HT115,BRAF+ctrl,0.0584604838255274,0
JURKAT,BRAF+ctrl,0.1103450348122483,0
CW2,BRAF+ctrl,0.001,0
SNU1040,BRAF+ctrl,0.0593722469528805,0
451LU,BRAF+ctrl,0.7228280941815953,1
C3A,BRAF+ctrl,0.0642854825072961,0
CGTHW1,BRAF+ctrl,0.0997181299332694,0
CPCN,BRAF+ctrl,0.0634836537835774,0
DOV13,BRAF+ctrl,0.3624530386397541,1
EB2,BRAF+ctrl,0.001,0
EVSAT,BRAF+ctrl,0.001,0
HELA,BRAF+ctrl,0.001,0
HLE,BRAF+ctrl,0.001,0
HN,BRAF+ctrl,0.0810790020549809,0
KOPN8,BRAF+ctrl,0.001,0
KP1N,BRAF+ctrl,0.0639252207931027,0
M059J,BRAF+ctrl,0.001,0
MOGGCCM,BRAF+ctrl,0.0113152215192504,0
MOLT4,BRAF+ctrl,0.1554903544240223,0
MS1,BRAF+ctrl,0.001,0
NCIH187,BRAF+ctrl,0.001,0
NCIH1993,BRAF+ctrl,0.1605268106836813,0
NCIH2141,BRAF+ctrl,0.001,0
OVCAR5,BRAF+ctrl,0.0957960422755851,0
RPMI6666,BRAF+ctrl,0.1157827090245173,0
SJRH30,BRAF+ctrl,0.001,0
SKPNDW,BRAF+ctrl,0.0530341862261365,0
SNUC2B,BRAF+ctrl,0.0376131544122513,0
SUPHD1,BRAF+ctrl,0.001,0
TK10,BRAF+ctrl,0.1382552524106067,0
UPCISCC090,BRAF+ctrl,0.001,0
VMRCLCD,BRAF+ctrl,0.001,0
SW982,BRAF+ctrl,0.5728710751312618,1
BICR10,BRAF+ctrl,0.0634089662642078,0
BICR78,BRAF+ctrl,0.0915544929278787,0
C33A,BRAF+ctrl,0.1053615659844104,0
CASKI,BRAF+ctrl,0.0717291822339402,0
DOTC24510,BRAF+ctrl,0.001,0
GIMEN,BRAF+ctrl,0.2933706993006603,1
GP5D,BRAF+ctrl,0.001,0
HTCC3,BRAF+ctrl,0.6256748707315604,1
LAN6,BRAF+ctrl,0.001,0
MDAMB330,BRAF+ctrl,0.0832876756863163,0
ME180,BRAF+ctrl,0.0776630640674691,0
MS751,BRAF+ctrl,0.001,0
NCIH1770,BRAF+ctrl,0.001,0
NCIH2135,BRAF+ctrl,0.001,0
NCIH345,BRAF+ctrl,0.001,0
NCIH847,BRAF+ctrl,0.001,0
OACM51,BRAF+ctrl,0.001,0
OV17R,BRAF+ctrl,0.0308635249858681,0
PWR1E,BRAF+ctrl,0.001,0
RO82W1,BRAF+ctrl,0.1063022447228335,0
RPMI2650,BRAF+ctrl,0.082506148001555,0
SW156,BRAF+ctrl,0.1312556536450653,0
SW626,BRAF+ctrl,0.033461358695373,0
SW954,BRAF+ctrl,0.0505116392581106,0
SW13,BRAF+ctrl,0.0926129715962783,0
SW756,BRAF+ctrl,0.001,0
UMC11,BRAF+ctrl,0.0492982348693972,0
UWB1289,BRAF+ctrl,0.0979772443680828,0
A388,BRAF+ctrl,0.001,0
ASH3,BRAF+ctrl,0.1256244357905607,0
BPH1,BRAF+ctrl,0.0545490566722262,0
CORL32,BRAF+ctrl,0.0531955152035006,0
CORL321,BRAF+ctrl,0.001,0
EGI1,BRAF+ctrl,0.1085285274742067,0
ESO26,BRAF+ctrl,0.001,0
ESO51,BRAF+ctrl,0.0480023030066143,0
FARAGE,BRAF+ctrl,0.001,0
FLO1,BRAF+ctrl,0.2041235267819875,1
HEC1,BRAF+ctrl,0.001,0
HEMCSS,BRAF+ctrl,0.1929064758980055,0
HT3,BRAF+ctrl,0.001,0
HUO9,BRAF+ctrl,0.063062931293214,0
IHH4,BRAF+ctrl,0.6771604673867366,1
JAR,BRAF+ctrl,0.0512750636642604,0
JEG3,BRAF+ctrl,0.001,0
KON,BRAF+ctrl,0.1176160384377602,0
KYAE1,BRAF+ctrl,0.001,0
LU135,BRAF+ctrl,0.001,0
NCIH1417,BRAF+ctrl,0.3533619288791846,1
NO10,BRAF+ctrl,0.0793225028294031,0
NO11,BRAF+ctrl,0.001,0
OSC19,BRAF+ctrl,0.0385226282499481,0
OSC20,BRAF+ctrl,0.0679652770190458,0
PEO1,BRAF+ctrl,0.0380936908109577,0
RCK8,BRAF+ctrl,0.001,0
ROS50,BRAF+ctrl,0.001,0
SAT,BRAF+ctrl,0.1998319277261699,0
SISO,BRAF+ctrl,0.0921424556794542,0
SKGT2,BRAF+ctrl,0.1577484832801304,0
SKGT4,BRAF+ctrl,0.0821792519295813,0
SKN,BRAF+ctrl,0.0852085666484363,0
[MERGED,BRAF+ctrl,0.1116173244926787,0
TGW,BRAF+ctrl,0.001,0
U698M,BRAF+ctrl,0.001,0
VAESBJ,BRAF+ctrl,0.001,0
VAL,BRAF+ctrl,0.0510137618599561,0
VMRCMELG,BRAF+ctrl,0.0642496557079981,0
WSUNHL,BRAF+ctrl,0.1637469145464219,0
CAL72,BRAF+ctrl,0.1134201109303763,0
GOTO,BRAF+ctrl,0.0127774609468195,0
CCRFCEM,BRAF+ctrl,0.1227625893676092,0
CAL39,BRAF+ctrl,0.0918500166596621,0
CHSA0011,BRAF+ctrl,0.1800182433134542,0
CHSA0108,BRAF+ctrl,0.1702916752586081,0
CP50MELB,BRAF+ctrl,0.7402544901298223,1
CP66MEL,BRAF+ctrl,0.0756804628450067,0
CS1,BRAF+ctrl,0.001,0
DJM1,BRAF+ctrl,0.001,0
EMCBAC1,BRAF+ctrl,0.0697131316804008,0
EMCBAC2,BRAF+ctrl,0.4499447837369129,1
ES1,BRAF+ctrl,0.2312874087404766,1
ES3,BRAF+ctrl,0.1912158014138334,0
ES4,BRAF+ctrl,0.0693993650605323,0
ES5,BRAF+ctrl,0.1634349104095864,0
ES6,BRAF+ctrl,0.1170938331378845,0
ES7,BRAF+ctrl,0.1941341691399392,0
ES8,BRAF+ctrl,0.0384839902803029,0
EW1,BRAF+ctrl,0.001,0
EW11,BRAF+ctrl,0.1647785312049368,0
EW13,BRAF+ctrl,0.001,0
EW16,BRAF+ctrl,0.0909622062999221,0
EW18,BRAF+ctrl,0.0240422318228445,0
EW22,BRAF+ctrl,0.001,0
EW24,BRAF+ctrl,0.001,0
EW3,BRAF+ctrl,0.094829987212621,0
EW7,BRAF+ctrl,0.001,0
GAK,BRAF+ctrl,0.1247532104104511,0
GMEL,BRAF+ctrl,0.7974865099326842,1
H2369,BRAF+ctrl,0.1790815887685414,0
NCIH2373,BRAF+ctrl,0.0724822538817139,0
NCIH2461,BRAF+ctrl,0.1837286648615289,0
NCIH2591,BRAF+ctrl,0.1192820234151839,0
NCIH2595,BRAF+ctrl,0.0300832630084927,0
NCIH2722,BRAF+ctrl,0.0348010601630521,0
NCIH2731,BRAF+ctrl,0.0903683673065828,0
NCIH2795,BRAF+ctrl,0.0475032687067824,0
NCIH2803,BRAF+ctrl,0.0367555747072463,0
NCIH2804,BRAF+ctrl,0.001,0
NCIH2810,BRAF+ctrl,0.0669200714281963,0
NCIH2818,BRAF+ctrl,0.1045607036923697,0
NCIH2869,BRAF+ctrl,0.0864631892088697,0
H290,BRAF+ctrl,0.1106337429833448,0
[MERGED,BRAF+ctrl,0.0804810722919546,0
H513,BRAF+ctrl,0.0518650731092358,0
HA7RCC,BRAF+ctrl,0.2106556934406483,1
HEY,BRAF+ctrl,0.3418786527085472,1
HSC39,BRAF+ctrl,0.0242526081334225,0
HUO3N1,BRAF+ctrl,0.0466618157238427,0
ISTMEL1,BRAF+ctrl,0.4286810140054208,1
ISTSL1,BRAF+ctrl,0.001,0
ISTSL2,BRAF+ctrl,0.0422127910833641,0
JHOS3,BRAF+ctrl,0.001,0
K2,BRAF+ctrl,0.6378533874673317,1
K5,BRAF+ctrl,0.7771267563387749,1
LB1047RCC,BRAF+ctrl,0.4033625947380148,1
LB2241RCC,BRAF+ctrl,0.3500717321555889,1
LB2518MEL,BRAF+ctrl,0.0379556458670123,0
LB373MELD,BRAF+ctrl,0.001,0
LB647SCLC,BRAF+ctrl,0.001,0
LC1SQ,BRAF+ctrl,0.001,0
LC2AD,BRAF+ctrl,0.0461620663054778,0
LU99A,BRAF+ctrl,0.0540010780526462,0
M14,BRAF+ctrl,0.7059729816196478,1
MCIXC,BRAF+ctrl,0.001,0
MMACSF,BRAF+ctrl,0.7649320387210041,1
MRKNU1,BRAF+ctrl,0.001,0
MZ1PC,BRAF+ctrl,0.3215761906559955,1
MZ7MEL,BRAF+ctrl,0.5786571362569902,1
NCC010,BRAF+ctrl,0.118419464007612,0
NCC021,BRAF+ctrl,0.0879124981888779,0
NCIH1304,BRAF+ctrl,0.001,0
NCIH1688,BRAF+ctrl,0.001,0
NCIH322M,BRAF+ctrl,0.0154660180180836,0
NCIH720,BRAF+ctrl,0.001,0
NCIH835,BRAF+ctrl,0.001,0
NY,BRAF+ctrl,0.001,0
OCUBM,BRAF+ctrl,0.0424697460557524,0
OMC1,BRAF+ctrl,0.001,0
OVCA420,BRAF+ctrl,0.1088959430995119,0
OVCA433,BRAF+ctrl,0.0354014850803172,0
OVMIU,BRAF+ctrl,0.001,0
PC3JPC3,BRAF+ctrl,0.0304597754090595,0
PL18,BRAF+ctrl,0.1843970398338554,0
PL4,BRAF+ctrl,0.1100524651006162,0
RCCAB,BRAF+ctrl,0.5200963739345484,1
RCCER,BRAF+ctrl,0.1644033697613652,0
RCCFG2,BRAF+ctrl,0.2236450611107182,1
RCCJF,BRAF+ctrl,0.2512473979573314,1
RCCJW,BRAF+ctrl,0.0991349737860791,0
RCCMF,BRAF+ctrl,0.1513214818028879,0
RH1,BRAF+ctrl,0.1867728730528128,0
RXF393,BRAF+ctrl,0.1885901707336242,0
SBC1,BRAF+ctrl,0.001,0
SBC3,BRAF+ctrl,0.0806524020816169,0
SN12C,BRAF+ctrl,0.1435481392260954,0
SW962,BRAF+ctrl,0.0599586160497747,0
TCYIK,BRAF+ctrl,0.0429979264003792,0
TMK1,BRAF+ctrl,0.001,0
[MERGED,BRAF+ctrl,0.2063007052452689,1
WM1552C,BRAF+ctrl,0.1766975100043908,0
WM278,BRAF+ctrl,0.4356679646498659,1
WM35,BRAF+ctrl,0.7257692469331927,1
ALLPO,BRAF+ctrl,0.001,0
ARH77,BRAF+ctrl,0.0403691858177521,0
BALL1,BRAF+ctrl,0.001,0
BB49HNC,BRAF+ctrl,0.3683146322333543,1
BC1,BRAF+ctrl,0.2228211884567783,1
BE13,BRAF+ctrl,0.2787189043574511,1
BE2M17,BRAF+ctrl,0.001,0
CESS,BRAF+ctrl,0.0713454038281879,0
COLO320HSR,BRAF+ctrl,0.001,0
CROAP2,BRAF+ctrl,0.0498627596165961,0
CTB1,BRAF+ctrl,0.0716762217446095,0
CTV1,BRAF+ctrl,0.0589553348852175,0
D247MG,BRAF+ctrl,0.0874034484579726,0
D263MG,BRAF+ctrl,0.001,0
D336MG,BRAF+ctrl,0.023655268944749,0
D392MG,BRAF+ctrl,0.0371965659087359,0
D423MG,BRAF+ctrl,0.001,0
D502MG,BRAF+ctrl,0.1691863927969007,0
D542MG,BRAF+ctrl,0.001,0
DG75,BRAF+ctrl,0.1196580917770478,0
DIFI,BRAF+ctrl,0.0532564558772851,0
DOK,BRAF+ctrl,0.1596571121714164,0
DSH1,BRAF+ctrl,0.001,0
EB3,BRAF+ctrl,0.0423530790467545,0
ETK1,BRAF+ctrl,0.0719277016361851,0
GRST,BRAF+ctrl,0.187517631089198,0
H3118,BRAF+ctrl,0.0370129830455142,0
H9,BRAF+ctrl,0.0714846386159222,0
HAL01,BRAF+ctrl,0.3309296408521478,1
HC1,BRAF+ctrl,0.1199431922099555,0
HO1N1,BRAF+ctrl,0.0616769104979155,0
HS445,BRAF+ctrl,0.0901603806686268,0
HS633T,BRAF+ctrl,0.390888096045932,1
IM9,BRAF+ctrl,0.085285005581503,0
IMR5,BRAF+ctrl,0.0262364258232133,0
JHU022,BRAF+ctrl,0.1195252804136917,0
JHU029,BRAF+ctrl,0.0495540605852433,0
JIYOYEP2003,BRAF+ctrl,0.0527785673637793,0
JSC1,BRAF+ctrl,0.0591744564094253,0
KARPAS1106P,BRAF+ctrl,0.001,0
KARPAS231,BRAF+ctrl,0.001,0
KARPAS45,BRAF+ctrl,0.001,0
KINGS1,BRAF+ctrl,0.1485083708726159,0
KMOE2,BRAF+ctrl,0.2011970777033161,1
KNS81FD,BRAF+ctrl,0.1251316740502113,0
KOSC2,BRAF+ctrl,0.1470500651562175,0
KY821,BRAF+ctrl,0.001,0
KYSE50,BRAF+ctrl,0.0264644303197505,0
LB771HNC,BRAF+ctrl,0.0637244800033848,0
LB831BLC,BRAF+ctrl,0.001,0
LC41,BRAF+ctrl,0.0784372863578016,0
LN405,BRAF+ctrl,0.001,0
LNZTA3WT4,BRAF+ctrl,0.0454091366972253,0
MCCAR,BRAF+ctrl,0.1083564839955621,0
MFHINO,BRAF+ctrl,0.0281627160962278,0
MHHPREB1,BRAF+ctrl,0.0802527657885724,0
ML2,BRAF+ctrl,0.0009451135012672474,0
MLMA,BRAF+ctrl,0.2162439434024655,1
MN60,BRAF+ctrl,0.033572710760564,0
NBTU110,BRAF+ctrl,0.001,0
NB10,BRAF+ctrl,0.0359083032978659,0
NB12,BRAF+ctrl,0.2096207571817271,1
NB13,BRAF+ctrl,0.0383046441073717,0
NB17,BRAF+ctrl,0.001,0
NB5,BRAF+ctrl,0.0682188198768997,0
NB7,BRAF+ctrl,0.001,0
NCIH630,BRAF+ctrl,0.0692102731893984,0
NKM1,BRAF+ctrl,0.22629755501289,1
NTERA2CLD1,BRAF+ctrl,0.0547729763898426,0
OACP4C,BRAF+ctrl,0.060439709088094,0
P32ISH,BRAF+ctrl,0.2475733660092062,1
PCI15A,BRAF+ctrl,0.001,0
PCI30,BRAF+ctrl,0.0301342630936333,0
PCI38,BRAF+ctrl,0.0482241650262857,0
PCI4B,BRAF+ctrl,0.1078543107825428,0
PCI6A,BRAF+ctrl,0.001,0
QIMRWIL,BRAF+ctrl,0.2335824839500879,1
RAMOS2G64C10,BRAF+ctrl,0.001,0
RF48,BRAF+ctrl,0.0609787433074214,0
RPMI8866,BRAF+ctrl,0.090526610637332,0
SKMG1,BRAF+ctrl,0.0486498037608318,0
SKN3,BRAF+ctrl,0.001,0
STS0421,BRAF+ctrl,0.0707383930893105,0
SUDHL16,BRAF+ctrl,0.3963796754957447,1
SUPB8,BRAF+ctrl,0.001,0
SW684,BRAF+ctrl,0.0097285671440792,0
SW872,BRAF+ctrl,0.6122170972162067,1
TE12,BRAF+ctrl,0.053349735780957,0
TGBC24TKB,BRAF+ctrl,0.001,0
TK,BRAF+ctrl,0.001,0
TUR,BRAF+ctrl,0.1094159426424687,0
[MERGED,BRAF+ctrl,0.001,0
WIL2NS,BRAF+ctrl,0.001,0
YT,BRAF+ctrl,0.001,0
A101D,MTOR+ctrl,0.180500337656343,0
253J,MTOR+ctrl,0.1632317239994679,0
HCC827,MTOR+ctrl,0.0689377668254059,0
ONCODG1,MTOR+ctrl,0.490780522711023,1
HS294T,MTOR+ctrl,0.57113270343828,1
T24,MTOR+ctrl,0.203472527108434,1
MCF7,MTOR+ctrl,0.310723811753537,1
NCIH1693,MTOR+ctrl,0.523557994729858,1
PATU8988S,MTOR+ctrl,0.1837974209941629,0
PATU8988T,MTOR+ctrl,0.2824630504062699,1
253JBV,MTOR+ctrl,0.082831599984847,0
GOS3,MTOR+ctrl,0.041036109654847,0
NCIH1650,MTOR+ctrl,0.318590887354412,1
S117,MTOR+ctrl,0.257197556938652,1
U118MG,MTOR+ctrl,0.0867606156534209,0
PANC0203,MTOR+ctrl,0.001,0
ACHN,MTOR+ctrl,0.039512324791076,0
GCIY,MTOR+ctrl,0.585733529142933,1
TOV112D,MTOR+ctrl,0.588245729660078,1
A673,MTOR+ctrl,0.1022765995471659,0
HT1080,MTOR+ctrl,0.001,0
RERFLCMS,MTOR+ctrl,0.5328397556164051,1
HCC4006,MTOR+ctrl,0.194882410834893,0
SKES1,MTOR+ctrl,0.401194310673967,1
PC3,MTOR+ctrl,0.635356440957251,1
OV56,MTOR+ctrl,0.4777857543536,1
NCIH2452,MTOR+ctrl,0.001,0
ZR751,MTOR+ctrl,0.3512213474957369,1
GAMG,MTOR+ctrl,0.217137761019313,1
SIMA,MTOR+ctrl,0.001,0
GMS10,MTOR+ctrl,0.2497142569312089,1
KP3,MTOR+ctrl,0.001,0
EFM192A,MTOR+ctrl,0.2818499755420109,1
HUPT3,MTOR+ctrl,0.001,0
COV434,MTOR+ctrl,0.103752804420425,0
JHOS2,MTOR+ctrl,0.1435413767142359,0
HS729,MTOR+ctrl,0.021964562162283,0
8MGBA,MTOR+ctrl,0.115071838683599,0
CFPAC1,MTOR+ctrl,0.486600409380014,1
PANC0327,MTOR+ctrl,0.5684617545299331,1
SNU308,MTOR+ctrl,0.4208438946105239,1
CAL29,MTOR+ctrl,0.5502075869998511,1
T47D,MTOR+ctrl,0.001,0
NCIH2052,MTOR+ctrl,0.001,0
SW1990,MTOR+ctrl,0.2364808665703289,1
OSRC2,MTOR+ctrl,0.494788170961578,1
CORL105,MTOR+ctrl,0.470753485190967,1
SW579,MTOR+ctrl,0.604750325361579,1
PANC1,MTOR+ctrl,0.353488486617147,1
RD,MTOR+ctrl,0.078403877033352,0
VMRCRCZ,MTOR+ctrl,0.0255371343028799,0
TM87,MTOR+ctrl,0.429221731999014,1
CAL62,MTOR+ctrl,0.130576256994256,0
LOUNH91,MTOR+ctrl,0.001,0
SNU869,MTOR+ctrl,0.152078617371175,0
NCIH2444,MTOR+ctrl,0.655685814283353,1
SCC25,MTOR+ctrl,0.001,0
RCC10RGB,MTOR+ctrl,0.3073988350082139,1
MFE280,MTOR+ctrl,0.3956966449906329,1
A204,MTOR+ctrl,0.657820486709775,1
PK59,MTOR+ctrl,0.2951980639998339,1
DETROIT562,MTOR+ctrl,0.233212065692154,1
SNU1079,MTOR+ctrl,0.1126629455143679,0
CADOES1,MTOR+ctrl,0.295491708058518,1
DAOY,MTOR+ctrl,0.462266140930091,1
CAL120,MTOR+ctrl,0.183885632929509,0
JHH6,MTOR+ctrl,0.001,0
A375,MTOR+ctrl,0.001,0
SNU398,MTOR+ctrl,0.501367768241519,1
HCC1937,MTOR+ctrl,0.362418440459203,1
BICR31,MTOR+ctrl,0.2214565049904819,1
KALS1,MTOR+ctrl,0.274588789085859,1
U251MG,MTOR+ctrl,0.179372237082219,0
PANC0403,MTOR+ctrl,0.1510914382880379,0
JHOM1,MTOR+ctrl,0.588782977287494,1
RT4,MTOR+ctrl,0.276353449479397,1
DANG,MTOR+ctrl,0.611722704914567,1
DKMG,MTOR+ctrl,0.2329546463415419,1
KMRC20,MTOR+ctrl,0.16299664755618,0
LS1034,MTOR+ctrl,0.375548155349011,1
LMSU,MTOR+ctrl,0.22957529089744,1
SKNAS,MTOR+ctrl,0.1682112343562519,0
RERFLCAI,MTOR+ctrl,0.217385159840193,1
CALU6,MTOR+ctrl,0.001,0
SNU213,MTOR+ctrl,0.001,0
SNU245,MTOR+ctrl,0.001,0
HPAC,MTOR+ctrl,0.152702030930544,0
HS852T,MTOR+ctrl,0.001,0
HCC38,MTOR+ctrl,0.2516461203437879,1
HCC1419,MTOR+ctrl,0.598707571167601,1
COV362,MTOR+ctrl,0.193133830809834,0
EWS502,MTOR+ctrl,0.750673023196764,1
SNU840,MTOR+ctrl,0.335117127647639,1
KP2,MTOR+ctrl,0.57947601921991,1
BT549,MTOR+ctrl,0.5629515527995099,1
SNU466,MTOR+ctrl,0.27848759715221,1
NCIH841,MTOR+ctrl,0.425542810019244,1
OUMS23,MTOR+ctrl,0.4283132403274919,1
ECGI10,MTOR+ctrl,0.204250833023331,1
PK1,MTOR+ctrl,0.3482382911105289,1
EFO21,MTOR+ctrl,0.0887590818618689,0
SKLU1,MTOR+ctrl,0.25122892156118,1
SKNBE2,MTOR+ctrl,0.095783804229806,0
SNU886,MTOR+ctrl,0.574452542573187,1
TE10,MTOR+ctrl,0.3780640090382839,1
PSN1,MTOR+ctrl,0.001,0
42MGBA,MTOR+ctrl,0.30125415704352,1
JHOC5,MTOR+ctrl,0.622259034923227,1
YAPC,MTOR+ctrl,0.1000320434859289,0
MSTO211H,MTOR+ctrl,0.383549135870178,1
NCIH522,MTOR+ctrl,0.0815932174495129,0
SNU668,MTOR+ctrl,0.165065565614766,0
QGP1,MTOR+ctrl,0.2486569196121419,1
MKN1,MTOR+ctrl,0.2027438566860969,1
HCC1428,MTOR+ctrl,0.001,0
MKN45,MTOR+ctrl,0.1442038197076499,0
MG63,MTOR+ctrl,0.477458437666061,1
SKHEP1,MTOR+ctrl,0.471393813656178,1
U2OS,MTOR+ctrl,0.4042371309753769,1
NCIH226,MTOR+ctrl,0.041653049955932,0
SNU1105,MTOR+ctrl,0.354780992513137,1
HCC1143,MTOR+ctrl,0.0367508395449129,0
G402,MTOR+ctrl,0.587936811854894,1
SF295,MTOR+ctrl,0.468956927373813,1
OE33,MTOR+ctrl,0.3109181700228189,1
SW780,MTOR+ctrl,0.667435010335883,1
H4,MTOR+ctrl,0.001,0
LUDLU1,MTOR+ctrl,0.43523936358869,1
MHHES1,MTOR+ctrl,0.2760284070793319,1
NCIH520,MTOR+ctrl,0.108455929663402,0
J82,MTOR+ctrl,0.4321072965375919,1
TEN,MTOR+ctrl,0.001,0
COLO800,MTOR+ctrl,0.4261636275288349,1
NCIH747,MTOR+ctrl,0.001,0
K029AX,MTOR+ctrl,0.2464621663496939,1
SNU685,MTOR+ctrl,0.001,0
TE5,MTOR+ctrl,0.371014881014492,1
769P,MTOR+ctrl,0.1818665857543859,0
NCIH1944,MTOR+ctrl,0.570138101680586,1
BICR6,MTOR+ctrl,0.1822382903820429,0
NCIH838,MTOR+ctrl,0.338706065475958,1
PANC0813,MTOR+ctrl,0.257319662151825,1
SNU449,MTOR+ctrl,0.188455861102202,0
SW837,MTOR+ctrl,0.001,0
SKMEL3,MTOR+ctrl,0.141435472813738,0
UACC62,MTOR+ctrl,0.161085112997542,0
NCIN87,MTOR+ctrl,0.1712664574185359,0
CAKI1,MTOR+ctrl,0.079107059309895,0
NCIH1915,MTOR+ctrl,0.001,0
SW1088,MTOR+ctrl,0.432011760629324,1
SH4,MTOR+ctrl,0.05919629789321,0
LU99,MTOR+ctrl,0.2114707660409219,1
KNS60,MTOR+ctrl,0.0803421237895559,0
NCIH2228,MTOR+ctrl,0.084302475940077,0
MESSA,MTOR+ctrl,0.7584467277875659,1
HCC95,MTOR+ctrl,0.369163106689228,1
CAL54,MTOR+ctrl,0.4003512796487259,1
CJM,MTOR+ctrl,0.136659016592791,0
SNU1196,MTOR+ctrl,0.001,0
NCIH460,MTOR+ctrl,0.24608240044968,1
PK45H,MTOR+ctrl,0.0431683543765469,0
YH13,MTOR+ctrl,0.359528616133325,1
HSC2,MTOR+ctrl,0.255602019845519,1
MALME3M,MTOR+ctrl,0.532264929654445,1
KNS81,MTOR+ctrl,0.381024914561393,1
NCIH2170,MTOR+ctrl,0.29876392419704,1
RERFLCKJ,MTOR+ctrl,0.5022448231818231,1
VMRCRCW,MTOR+ctrl,0.001,0
KU1919,MTOR+ctrl,0.0677332747422549,0
TE11,MTOR+ctrl,0.384955568227761,1
SNU423,MTOR+ctrl,0.0675679606931409,0
TUHR4TKB,MTOR+ctrl,0.445282280159016,1
NCIH1792,MTOR+ctrl,0.1822934484634789,0
SNU46,MTOR+ctrl,0.383816749896388,1
TCCPAN2,MTOR+ctrl,0.001,0
BICR16,MTOR+ctrl,0.459156162796755,1
SNB75,MTOR+ctrl,0.065012747221708,0
RKN,MTOR+ctrl,0.001,0
CAL78,MTOR+ctrl,0.52918819705719,1
SNU410,MTOR+ctrl,0.001,0
NCIH2030,MTOR+ctrl,0.419804123656376,1
KURAMOCHI,MTOR+ctrl,0.604091042334062,1
OVISE,MTOR+ctrl,0.134688515456267,0
ABC1,MTOR+ctrl,0.4242834026517039,1
SNU61,MTOR+ctrl,0.001,0
SNU761,MTOR+ctrl,0.001,0
HEYA8,MTOR+ctrl,0.001,0
OE21,MTOR+ctrl,0.3367885071511379,1
VMCUB1,MTOR+ctrl,0.197216220250876,0
HT29,MTOR+ctrl,0.0435115375183959,0
SQ1,MTOR+ctrl,0.5291083651391391,1
A172,MTOR+ctrl,0.26660416881116,1
TT,MTOR+ctrl,0.483063098616346,1
HCC78,MTOR+ctrl,0.001,0
EBC1,MTOR+ctrl,0.541204267552298,1
SW1710,MTOR+ctrl,0.467332220530121,1
ISTMES1,MTOR+ctrl,0.164997310978473,0
YKG1,MTOR+ctrl,0.6115246054685031,1
T98G,MTOR+ctrl,0.362455293741202,1
G361,MTOR+ctrl,0.1079604885447249,0
MDAMB436,MTOR+ctrl,0.001,0
UACC257,MTOR+ctrl,0.001,0
NCIH1975,MTOR+ctrl,0.3063828820855859,1
NCIH1437,MTOR+ctrl,0.201749880910254,1
TM31,MTOR+ctrl,0.001,0
LN229,MTOR+ctrl,0.361675449884445,1
PATU8902,MTOR+ctrl,0.292739698647724,1
MIAPACA2,MTOR+ctrl,0.001,0
BEN,MTOR+ctrl,0.514450504764135,1
TE6,MTOR+ctrl,0.586374803326868,1
HOS,MTOR+ctrl,0.094553893013828,0
RVH421,MTOR+ctrl,0.2054302892217899,1
SNU1041,MTOR+ctrl,0.368759487987957,1
PECAPJ15,MTOR+ctrl,0.397105322225938,1
JHH1,MTOR+ctrl,0.362275924231685,1
KNS42,MTOR+ctrl,0.1486153646084099,0
HCC1806,MTOR+ctrl,0.001,0
HEP3B217,MTOR+ctrl,0.5299886565698719,1
LCLC103H,MTOR+ctrl,0.1358192431930279,0
YD8,MTOR+ctrl,0.001,0
HS944T,MTOR+ctrl,0.130470195846469,0
KYSE520,MTOR+ctrl,0.428241616465484,1
HDQP1,MTOR+ctrl,0.001,0
TE1,MTOR+ctrl,0.293652320567817,1
NCIH28,MTOR+ctrl,0.001,0
786O,MTOR+ctrl,0.363062500944509,1
IGR37,MTOR+ctrl,0.1475962520424459,0
SW620,MTOR+ctrl,0.169973155794512,0
WM1799,MTOR+ctrl,0.593808962560707,1
CORL23,MTOR+ctrl,0.001,0
OVTOKO,MTOR+ctrl,0.320363701358618,1
SKMES1,MTOR+ctrl,0.349184692925978,1
NCIH1355,MTOR+ctrl,0.4839397933725959,1
HCC44,MTOR+ctrl,0.124280775926769,0
SW900,MTOR+ctrl,0.233361528596961,1
SBC5,MTOR+ctrl,0.221650658134822,1
HUH6,MTOR+ctrl,0.109955338890048,0
IALM,MTOR+ctrl,0.1806875790898829,0
SW1573,MTOR+ctrl,0.085366433947763,0
OE19,MTOR+ctrl,0.520538654970531,1
SW948,MTOR+ctrl,0.3334396422528299,1
A549,MTOR+ctrl,0.117829127483686,0
SNU1066,MTOR+ctrl,0.346046843502855,1
KMRC1,MTOR+ctrl,0.5002665190323721,1
L33,MTOR+ctrl,0.001,0
KYSE180,MTOR+ctrl,0.255393127136199,1
TE9,MTOR+ctrl,0.066808526649604,0
OVCAR8,MTOR+ctrl,0.2381001943141399,1
RMUGS,MTOR+ctrl,0.188695449827137,0
CAOV3,MTOR+ctrl,0.001,0
SNU1214,MTOR+ctrl,0.001,0
TT2609C02,MTOR+ctrl,0.316359222749203,1
COLO680N,MTOR+ctrl,0.315166784378,1
RMGI,MTOR+ctrl,0.489761340946787,1
TCCSUP,MTOR+ctrl,0.461055246131251,1
YD10B,MTOR+ctrl,0.001,0
HT1376,MTOR+ctrl,0.029294439474656,0
TE14,MTOR+ctrl,0.001,0
SKMEL5,MTOR+ctrl,0.397502569706721,1
PECAPJ41CLONED2,MTOR+ctrl,0.199605068217476,0
NCIH1838,MTOR+ctrl,0.001,0
JHH5,MTOR+ctrl,0.584602679462914,1
PECAPJ49,MTOR+ctrl,0.085241872805765,0
GB1,MTOR+ctrl,0.2174423134939229,1
UBLC1,MTOR+ctrl,0.5184909171992089,1
NCIH1623,MTOR+ctrl,0.347418808573261,1
NCIH1703,MTOR+ctrl,0.50831767635292,1
SJSA1,MTOR+ctrl,0.2452492094855429,1
LOXIMVI,MTOR+ctrl,0.011851323767965,0
JMSU1,MTOR+ctrl,0.2073116724328669,1
GI1,MTOR+ctrl,0.610030454995367,1
MKN74,MTOR+ctrl,0.001,0
MDAMB175VII,MTOR+ctrl,0.104405107252582,0
YD38,MTOR+ctrl,0.1583681407617989,0
SH10TC,MTOR+ctrl,0.580658240224694,1
WM983B,MTOR+ctrl,0.001,0
NCIH1648,MTOR+ctrl,0.254429600412122,1
MDAMB231,MTOR+ctrl,0.209742417302593,1
LK2,MTOR+ctrl,0.106610947215895,0
BICR56,MTOR+ctrl,0.08182892847037,0
RERFLCAD2,MTOR+ctrl,0.3117293791824109,1
NCIH727,MTOR+ctrl,0.107787566085737,0
ONS76,MTOR+ctrl,0.392389463436239,1
KYSE30,MTOR+ctrl,0.169442385243469,0
HSC3,MTOR+ctrl,0.189166873895113,0
NCIH2023,MTOR+ctrl,0.140047586650852,0
CAMA1,MTOR+ctrl,0.396716638900809,1
KYSE70,MTOR+ctrl,0.280721048794381,1
NCIH2126,MTOR+ctrl,0.417448196873835,1
LXF289,MTOR+ctrl,0.244886104452518,1
A2058,MTOR+ctrl,0.233232926602032,1
BFTC909,MTOR+ctrl,0.1811465390051909,0
MCAS,MTOR+ctrl,0.4118773030070379,1
NCIH446,MTOR+ctrl,0.001,0
BFTC905,MTOR+ctrl,0.0063823661386539,0
NB1,MTOR+ctrl,0.5248041374560031,1
COLO679,MTOR+ctrl,0.2549899561446139,1
HUH28,MTOR+ctrl,0.33549508310117,1
KYSE410,MTOR+ctrl,0.5837778775535141,1
SKMEL30,MTOR+ctrl,0.001,0
SKOV3,MTOR+ctrl,0.436372245251426,1
COLO783,MTOR+ctrl,0.340902309653242,1
T3M10,MTOR+ctrl,0.001,0
HS939T,MTOR+ctrl,0.376426570674975,1
LN18,MTOR+ctrl,0.1749714562344809,0
SKMEL24,MTOR+ctrl,0.3023902916808659,1
KYSE140,MTOR+ctrl,0.2796970497419559,1
KYSE510,MTOR+ctrl,0.3015680307802539,1
WM793,MTOR+ctrl,0.319759578959246,1
CAL27,MTOR+ctrl,0.0005677023968729822,0
UMUC1,MTOR+ctrl,0.5515763317379729,1
GCT,MTOR+ctrl,0.001,0
NCIH322,MTOR+ctrl,0.227383448948515,1
HCC366,MTOR+ctrl,0.333034589408812,1
NCIH2087,MTOR+ctrl,0.0661218038452799,0
HARA,MTOR+ctrl,0.001,0
NCIH1373,MTOR+ctrl,0.151748477825922,0
FADU,MTOR+ctrl,0.3373695896823759,1
HGC27,MTOR+ctrl,0.7069642253341639,1
JHH7,MTOR+ctrl,0.551135828477292,1
MDAMB468,MTOR+ctrl,0.202917334884836,1
KYSE150,MTOR+ctrl,0.234116741180114,1
CAL51,MTOR+ctrl,0.543782970442265,1
KNS62,MTOR+ctrl,0.330487935790969,1
NCIH358,MTOR+ctrl,0.244354274004781,1
KMBC2,MTOR+ctrl,0.622335388892495,1
DBTRG05MG,MTOR+ctrl,0.489029228627842,1
NCIH1048,MTOR+ctrl,0.4888454031041139,1
HCC1195,MTOR+ctrl,0.1868082182605149,0
NCIH1568,MTOR+ctrl,0.4594726779924569,1
KYSE270,MTOR+ctrl,0.0741725647597579,0
NCIH2347,MTOR+ctrl,0.4863327600162159,1
HCC15,MTOR+ctrl,0.3106745751236209,1
AGS,MTOR+ctrl,0.579241293588812,1
MELJUSO,MTOR+ctrl,0.6035989516142359,1
IGR1,MTOR+ctrl,0.126325786520686,0
MDAMB435S,MTOR+ctrl,0.001,0
TOV21G,MTOR+ctrl,0.6591693777102661,1
NCIH2009,MTOR+ctrl,0.2252656803913849,1
SW1271,MTOR+ctrl,0.23096881623938,1
HCC1438,MTOR+ctrl,0.001,0
NCIH1563,MTOR+ctrl,0.001,0
NCIH1651,MTOR+ctrl,0.194738170950684,0
647V,MTOR+ctrl,0.139456382128556,0
FTC238,MTOR+ctrl,0.001,0
SNU719,MTOR+ctrl,0.001,0
WM88,MTOR+ctrl,0.001,0
NCIH23,MTOR+ctrl,0.353559703532516,1
HCC1359,MTOR+ctrl,0.001,0
FTC133,MTOR+ctrl,0.281706894790016,1
5637,MTOR+ctrl,0.2108135209843019,1
ES2,MTOR+ctrl,0.107948972649321,0
JHUEM2,MTOR+ctrl,0.6096437377070221,1
NUGC3,MTOR+ctrl,0.745916270095776,1
ESS1,MTOR+ctrl,0.001,0
IPC298,MTOR+ctrl,0.2111936443520859,1
NCIH1573,MTOR+ctrl,0.422534945394836,1
IM95,MTOR+ctrl,0.001,0
NCIH1339,MTOR+ctrl,0.129904471627426,0
HT55,MTOR+ctrl,0.001,0
BT474,MTOR+ctrl,0.1971160491102169,0
NCIH2110,MTOR+ctrl,0.170467205795339,0
EFO27,MTOR+ctrl,0.452458156775646,1
SKUT1,MTOR+ctrl,0.365363647069744,1
AN3CA,MTOR+ctrl,0.525617964791559,1
HEC1B,MTOR+ctrl,0.2140334003936119,1
HEC265,MTOR+ctrl,0.593699121189952,1
2313287,MTOR+ctrl,0.559420503415099,1
LOVO,MTOR+ctrl,0.001,0
HEC1A,MTOR+ctrl,0.2180530676297579,1
LS180,MTOR+ctrl,0.1634682651817489,0
SW48,MTOR+ctrl,0.483803572990943,1
SNUC4,MTOR+ctrl,0.081782860455207,0
ISHIKAWAHERAKLIO02ER,MTOR+ctrl,0.3216524620345979,1
OC314,MTOR+ctrl,0.388521195610334,1
RL952,MTOR+ctrl,0.3853058462591719,1
IGROV1,MTOR+ctrl,0.3592173505871989,1
SNUC2A,MTOR+ctrl,0.1379715676784769,0
COLO792,MTOR+ctrl,0.001,0
SNUC5,MTOR+ctrl,0.001,0
HCT116,MTOR+ctrl,0.326378620096001,1
HEC151,MTOR+ctrl,0.200898464358934,1
639V,MTOR+ctrl,0.2346441996630309,1
SNGM,MTOR+ctrl,0.457477597567018,1
HUCCT1,MTOR+ctrl,0.373673914953289,1
LNCAPCLONEFGC,MTOR+ctrl,0.350152735430172,1
EN,MTOR+ctrl,0.0962982334123829,0
DU145,MTOR+ctrl,0.401539492517072,1
GP2D,MTOR+ctrl,0.19457652604401,0
HEC6,MTOR+ctrl,0.001,0
MEWO,MTOR+ctrl,0.065209472464484,0
HEC108,MTOR+ctrl,0.17904862518969,0
SNU81,MTOR+ctrl,0.213606731186455,1
HEC59,MTOR+ctrl,0.467125938454331,1
HEC251,MTOR+ctrl,0.126016718343971,0
HCT15,MTOR+ctrl,0.29823190074172,1
BECKER,MTOR+ctrl,0.414232429870877,1
CHL1,MTOR+ctrl,0.4633441198324449,1
NCIH292,MTOR+ctrl,0.254057591117364,1
LC1SQSF,MTOR+ctrl,0.1997297787651359,0
MON,MTOR+ctrl,0.482260333614662,1
OC316,MTOR+ctrl,0.3235394811040449,1
SKMEL2,MTOR+ctrl,0.001,0
8305C,MTOR+ctrl,0.485755125033728,1
8505C,MTOR+ctrl,0.0689549875232029,0
PLCPRF5,MTOR+ctrl,0.544448506516704,1
LS513,MDM2+ctrl,0.196566698344651,0
A101D,MDM2+ctrl,0.3943591474974111,1
253J,MDM2+ctrl,0.2275787844403274,1
HCC827,MDM2+ctrl,0.1790724610805276,0
ONCODG1,MDM2+ctrl,0.0743787309568788,0
HS294T,MDM2+ctrl,0.3465875199686198,1
NCIH1581,MDM2+ctrl,0.230006103885459,1
T24,MDM2+ctrl,0.001,0
MCF7,MDM2+ctrl,0.289188514002751,1
NCIH1693,MDM2+ctrl,0.0429305496901817,0
PATU8988S,MDM2+ctrl,0.0583847796514855,0
PATU8988T,MDM2+ctrl,0.27535487080527,1
253JBV,MDM2+ctrl,0.2248366821294805,1
GOS3,MDM2+ctrl,0.2658581442949466,1
PC14,MDM2+ctrl,0.0297570145185432,0
NCIH1650,MDM2+ctrl,0.001,0
S117,MDM2+ctrl,0.0625197116791875,0
U118MG,MDM2+ctrl,0.0677532321189375,0
PANC0203,MDM2+ctrl,0.001,0
ACHN,MDM2+ctrl,0.3592339057571909,1
GCIY,MDM2+ctrl,0.1305131873937184,0
TOV112D,MDM2+ctrl,0.1399324153364196,0
A673,MDM2+ctrl,0.0060998829871491,0
HT1080,MDM2+ctrl,0.2851342663774285,1
PANC1005,MDM2+ctrl,0.001,0
RERFLCMS,MDM2+ctrl,0.1438778284937318,0
HCC4006,MDM2+ctrl,0.001,0
G292CLONEA141B1,MDM2+ctrl,0.0783450242801967,0
ACCMESO1,MDM2+ctrl,0.1366659950926932,0
SKES1,MDM2+ctrl,0.0675351079384706,0
PC3,MDM2+ctrl,0.1083352706038591,0
NCIH2452,MDM2+ctrl,0.0589856174565116,0
G401,MDM2+ctrl,0.4078298071059352,1
ZR751,MDM2+ctrl,0.4091191905796756,1
GAMG,MDM2+ctrl,0.038099274972718,0
SIMA,MDM2+ctrl,0.2385129972341321,1
GMS10,MDM2+ctrl,0.001,0
CAPAN2,MDM2+ctrl,0.001,0
KP3,MDM2+ctrl,0.0464311721947708,0
EFM192A,MDM2+ctrl,0.0177379913976055,0
HUPT3,MDM2+ctrl,0.0280899615184987,0
COV434,MDM2+ctrl,0.3828444439867212,1
JHOS2,MDM2+ctrl,0.112802442072859,0
HS729,MDM2+ctrl,0.0614017311637533,0
8MGBA,MDM2+ctrl,0.0634506301686832,0
CFPAC1,MDM2+ctrl,0.0867747813571011,0
PANC0327,MDM2+ctrl,0.001,0
SNU308,MDM2+ctrl,0.001,0
CAL29,MDM2+ctrl,0.1291788189172744,0
T47D,MDM2+ctrl,0.165990519071993,0
NCIH2052,MDM2+ctrl,0.2855183346013783,1
SW1990,MDM2+ctrl,0.0275333709050112,0
OSRC2,MDM2+ctrl,0.3467517008670662,1
CORL105,MDM2+ctrl,0.2500058511170234,1
SW579,MDM2+ctrl,0.1524959268382875,0
PANC1,MDM2+ctrl,0.1044768789837495,0
RD,MDM2+ctrl,0.060583023295121,0
VMRCRCZ,MDM2+ctrl,0.001,0
TM87,MDM2+ctrl,0.315503597659579,1
CAL62,MDM2+ctrl,0.001,0
LOUNH91,MDM2+ctrl,0.001,0
HS766T,MDM2+ctrl,0.1059379269786766,0
SNU869,MDM2+ctrl,0.0518768507766306,0
NCIH2444,MDM2+ctrl,0.0707690505704755,0
SCC25,MDM2+ctrl,0.1211440120115447,0
RCC10RGB,MDM2+ctrl,0.2967419224014452,1
BHT101,MDM2+ctrl,0.1075417952196595,0
MFE280,MDM2+ctrl,0.1239227868160314,0
A204,MDM2+ctrl,0.390910449365037,1
PK59,MDM2+ctrl,0.049551812261975,0
DETROIT562,MDM2+ctrl,0.001,0
SNU1079,MDM2+ctrl,0.1978291140463266,0
CADOES1,MDM2+ctrl,0.211945800682247,1
DAOY,MDM2+ctrl,0.1435520071973041,0
CAL120,MDM2+ctrl,0.1134961230500374,0
JHH6,MDM2+ctrl,0.1508199654740716,0
A375,MDM2+ctrl,0.3063228311428358,1
SNU398,MDM2+ctrl,0.2030446245621645,1
ASPC1,MDM2+ctrl,0.1795452672138746,0
HCC1937,MDM2+ctrl,0.0687632973569493,0
BICR31,MDM2+ctrl,0.0745060430025674,0
KALS1,MDM2+ctrl,0.001,0
U251MG,MDM2+ctrl,0.0643744109324412,0
PANC0403,MDM2+ctrl,0.0814684015289861,0
JHOM1,MDM2+ctrl,0.1061884030641538,0
RT4,MDM2+ctrl,0.0956636075010363,0
DANG,MDM2+ctrl,0.001,0
DKMG,MDM2+ctrl,0.3254956787755484,1
LS1034,MDM2+ctrl,0.001,0
LMSU,MDM2+ctrl,0.1344966936651761,0
KELLY,MDM2+ctrl,0.001,0
SKNAS,MDM2+ctrl,0.001,0
RERFLCAI,MDM2+ctrl,0.0729874825450871,0
CALU6,MDM2+ctrl,0.1201956810389537,0
KP4,MDM2+ctrl,0.0839147682330128,0
SNU213,MDM2+ctrl,0.001,0
SNU245,MDM2+ctrl,0.001,0
HPAC,MDM2+ctrl,0.0437874907365846,0
SF539,MDM2+ctrl,0.0450719365137055,0
HS852T,MDM2+ctrl,0.001,0
HCC38,MDM2+ctrl,0.001,0
HCC1419,MDM2+ctrl,0.1531847208234578,0
COV362,MDM2+ctrl,0.0547120854072978,0
EWS502,MDM2+ctrl,0.120996914425594,0
SNU840,MDM2+ctrl,0.39825985510563,1
KP2,MDM2+ctrl,0.001,0
BT549,MDM2+ctrl,0.0886132812430005,0
SNU466,MDM2+ctrl,0.2387320004750077,1
NCIH841,MDM2+ctrl,0.065270666128459,0
OUMS23,MDM2+ctrl,0.0711295640964772,0
SNU1077,MDM2+ctrl,0.001,0
ECGI10,MDM2+ctrl,0.0166403035736015,0
PK1,MDM2+ctrl,0.001,0
EFO21,MDM2+ctrl,0.1200109624784548,0
SKLU1,MDM2+ctrl,0.0534824435886582,0
SKNBE2,MDM2+ctrl,0.0578370848707874,0
KMRC3,MDM2+ctrl,0.0204419602007607,0
SNU886,MDM2+ctrl,0.001,0
TE10,MDM2+ctrl,0.0005201934002497799,0
MPP89,MDM2+ctrl,0.0668226611948065,0
PSN1,MDM2+ctrl,0.0080019869546805,0
HT144,MDM2+ctrl,0.3179260709162926,1
JHOC5,MDM2+ctrl,0.2544354749334634,1
CCFSTTG1,MDM2+ctrl,0.2740513675069924,1
ISTMES2,MDM2+ctrl,0.001,0
YAPC,MDM2+ctrl,0.0622187215637868,0
MSTO211H,MDM2+ctrl,0.420912981420636,1
NCIH522,MDM2+ctrl,0.001,0
SNU668,MDM2+ctrl,0.1165755381165538,0
QGP1,MDM2+ctrl,0.1040940813596343,0
MKN1,MDM2+ctrl,0.0154469379265577,0
HCC1428,MDM2+ctrl,0.0707704187683937,0
MKN45,MDM2+ctrl,0.553510622451321,1
MG63,MDM2+ctrl,0.0912932986280778,0
SKHEP1,MDM2+ctrl,0.3255012728396012,1
U2OS,MDM2+ctrl,0.1326839573048739,0
NCIH226,MDM2+ctrl,0.2954747080440372,1
SNU1105,MDM2+ctrl,0.0239861428489258,0
HCC1143,MDM2+ctrl,0.0827296956975136,0
G402,MDM2+ctrl,0.3768386249039325,1
SF295,MDM2+ctrl,0.0347451355184162,0
OE33,MDM2+ctrl,0.1047873500620548,0
SW780,MDM2+ctrl,0.3563806148467077,1
H4,MDM2+ctrl,0.3485154113440565,1
LUDLU1,MDM2+ctrl,0.0464867048683281,0
MHHES1,MDM2+ctrl,0.001,0
HLF,MDM2+ctrl,0.001,0
NCIH520,MDM2+ctrl,0.001,0
J82,MDM2+ctrl,0.0645081876816948,0
TEN,MDM2+ctrl,0.0284053353486607,0
COLO800,MDM2+ctrl,0.0799670401677203,0
NCIH747,MDM2+ctrl,0.0435767371854958,0
K029AX,MDM2+ctrl,0.1840728606174804,0
SNU685,MDM2+ctrl,0.001,0
TE5,MDM2+ctrl,0.0675452373519867,0
769P,MDM2+ctrl,0.2912632731406431,1
NCIH1944,MDM2+ctrl,0.2955372841374792,1
BICR6,MDM2+ctrl,0.0986145872195365,0
NCIH838,MDM2+ctrl,0.0359661231328538,0
PANC0813,MDM2+ctrl,0.0537874734578415,0
SW1353,MDM2+ctrl,0.1928561952625893,0
SNU449,MDM2+ctrl,0.0401775162263974,0
SW837,MDM2+ctrl,0.1110160592891147,0
SKMEL3,MDM2+ctrl,0.0345963114382719,0
UACC62,MDM2+ctrl,0.28984134740586,1
NCIN87,MDM2+ctrl,0.1705212084568382,0
UO31,MDM2+ctrl,0.2523415467354266,1
A704,MDM2+ctrl,0.1324286068802972,0
CAKI1,MDM2+ctrl,0.2521279850115416,1
NCIH1915,MDM2+ctrl,0.0145836097261263,0
SW1088,MDM2+ctrl,0.0857845123166539,0
SH4,MDM2+ctrl,0.217712254242619,1
LU99,MDM2+ctrl,0.3058499864250913,1
KNS60,MDM2+ctrl,0.001,0
NCIH2228,MDM2+ctrl,0.001,0
MESSA,MDM2+ctrl,0.3070579302444504,1
MELHO,MDM2+ctrl,0.300727020593359,1
TE8,MDM2+ctrl,0.001,0
BCPAP,MDM2+ctrl,0.001,0
CAL54,MDM2+ctrl,0.2600743312612465,1
CJM,MDM2+ctrl,0.001,0
NCIH460,MDM2+ctrl,0.2888746560263906,1
HCC56,MDM2+ctrl,0.1022472805600032,0
YH13,MDM2+ctrl,0.0080859503849793,0
LI7,MDM2+ctrl,0.1111846820808224,0
HSC2,MDM2+ctrl,0.0262861292090226,0
RT112,MDM2+ctrl,0.0792775561021038,0
JHH4,MDM2+ctrl,0.0529362902577218,0
MALME3M,MDM2+ctrl,0.178869392014075,0
KNS81,MDM2+ctrl,0.3168082310831905,1
NCIH2170,MDM2+ctrl,0.0688501730141274,0
RERFLCKJ,MDM2+ctrl,0.0966624020863791,0
VMRCRCW,MDM2+ctrl,0.001,0
KU1919,MDM2+ctrl,0.171001113305985,0
TE11,MDM2+ctrl,0.1438790353636536,0
SNU423,MDM2+ctrl,0.0653505095870223,0
TUHR4TKB,MDM2+ctrl,0.2931918523698269,1
NCIH1792,MDM2+ctrl,0.001,0
SNU46,MDM2+ctrl,0.2636452354885078,1
TCCPAN2,MDM2+ctrl,0.0825466012182606,0
BICR16,MDM2+ctrl,0.1628335160110648,0
SNB75,MDM2+ctrl,0.075789130105921,0
RKN,MDM2+ctrl,0.0506558344331627,0
NCIH1299,MDM2+ctrl,0.1141923123846653,0
CAL78,MDM2+ctrl,0.001,0
SNU410,MDM2+ctrl,0.1101616566508653,0
NCIH2030,MDM2+ctrl,0.1087539972168163,0
KURAMOCHI,MDM2+ctrl,0.001,0
OVISE,MDM2+ctrl,0.3631641997309999,1
ABC1,MDM2+ctrl,0.1187148225489703,0
SNU61,MDM2+ctrl,0.0573496872242265,0
BXPC3,MDM2+ctrl,0.001,0
SNU761,MDM2+ctrl,0.001,0
HEYA8,MDM2+ctrl,0.3268844873303393,1
OE21,MDM2+ctrl,0.1390859196219696,0
SNU1076,MDM2+ctrl,0.0709248870383282,0
HT29,MDM2+ctrl,0.001,0
SQ1,MDM2+ctrl,0.0149579721232018,0
A172,MDM2+ctrl,0.2944335813727672,1
TT,MDM2+ctrl,0.0149912680413526,0
HCC78,MDM2+ctrl,0.105491630552913,0
EBC1,MDM2+ctrl,0.0761715147142412,0
SW1710,MDM2+ctrl,0.059414859611967,0
ISTMES1,MDM2+ctrl,0.2320272473817283,1
T98G,MDM2+ctrl,0.0627173936862737,0
G361,MDM2+ctrl,0.2168435174986154,1
MDAMB436,MDM2+ctrl,0.0950051623946063,0
UACC257,MDM2+ctrl,0.2985497061717975,1
COLO741,MDM2+ctrl,0.0307049422527042,0
NCIH1975,MDM2+ctrl,0.0959980743951391,0
NCIH1437,MDM2+ctrl,0.1134322980828522,0
TM31,MDM2+ctrl,0.001,0
BC3C,MDM2+ctrl,0.1146700882356266,0
LN229,MDM2+ctrl,0.0855365038290946,0
PATU8902,MDM2+ctrl,0.0656745103253546,0
MIAPACA2,MDM2+ctrl,0.0758880038186988,0
BEN,MDM2+ctrl,0.1663623413005208,0
TE6,MDM2+ctrl,0.0754005799895681,0
SF126,MDM2+ctrl,0.1679828047336701,0
HOS,MDM2+ctrl,0.1208428916173393,0
RVH421,MDM2+ctrl,0.3253180419690922,1
SNU1041,MDM2+ctrl,0.1242590647456647,0
PECAPJ15,MDM2+ctrl,0.1132463872070747,0
JHH1,MDM2+ctrl,0.1638591909957933,0
KNS42,MDM2+ctrl,0.001,0
HCC1806,MDM2+ctrl,0.0615069258340141,0
HEP3B217,MDM2+ctrl,0.005412047976965,0
LCLC103H,MDM2+ctrl,0.1406225484137704,0
NCIH596,MDM2+ctrl,0.0260683051809971,0
YD8,MDM2+ctrl,0.001,0
HS944T,MDM2+ctrl,0.1462305723099715,0
KYSE520,MDM2+ctrl,0.0676635998476981,0
HDQP1,MDM2+ctrl,0.0636864369704321,0
TE1,MDM2+ctrl,0.100321212886284,0
NCIH28,MDM2+ctrl,0.3268656261506762,1
786O,MDM2+ctrl,0.001,0
SW620,MDM2+ctrl,0.001,0
SUIT2,MDM2+ctrl,0.0798105428601709,0
WM1799,MDM2+ctrl,0.3503263947402213,1
CORL23,MDM2+ctrl,0.1342552403225351,0
OVTOKO,MDM2+ctrl,0.2906467285833385,1
SKMES1,MDM2+ctrl,0.0850317783005145,0
NCIH1355,MDM2+ctrl,0.0847878979214061,0
HCC44,MDM2+ctrl,0.0267087297077053,0
SW900,MDM2+ctrl,0.0783882476767474,0
SBC5,MDM2+ctrl,0.0202843519329385,0
HUH6,MDM2+ctrl,0.2059468725345616,1
IALM,MDM2+ctrl,0.0712247547361668,0
NUGC4,MDM2+ctrl,0.2697567486328396,1
SW1573,MDM2+ctrl,0.2346054749466195,1
MKN7,MDM2+ctrl,0.0988847778596351,0
OE19,MDM2+ctrl,0.0258063518844118,0
SW948,MDM2+ctrl,0.0392569685132201,0
A549,MDM2+ctrl,0.3230662125643403,1
SNU1066,MDM2+ctrl,0.1457789416080117,0
KMRC1,MDM2+ctrl,0.2720551400759783,1
L33,MDM2+ctrl,0.001,0
OV7,MDM2+ctrl,0.0833885027132732,0
KYSE180,MDM2+ctrl,0.0797256320011963,0
OVCAR8,MDM2+ctrl,0.0177761372006157,0
RMUGS,MDM2+ctrl,0.080009992697408,0
OAW42,MDM2+ctrl,0.2049910590847605,1
JIMT1,MDM2+ctrl,0.0617475252423116,0
CAOV3,MDM2+ctrl,0.001,0
SNU1214,MDM2+ctrl,0.0568958865218061,0
TT2609C02,MDM2+ctrl,0.001,0
COLO680N,MDM2+ctrl,0.0534081835109531,0
RMGI,MDM2+ctrl,0.3000884354550337,1
TCCSUP,MDM2+ctrl,0.001,0
YD10B,MDM2+ctrl,0.001,0
HT1376,MDM2+ctrl,0.001,0
TE14,MDM2+ctrl,0.001,0
SKMEL5,MDM2+ctrl,0.3221352465561981,1
PECAPJ41CLONED2,MDM2+ctrl,0.1200760483533455,0
NCIH1838,MDM2+ctrl,0.001,0
JHH5,MDM2+ctrl,0.2292748012023522,1
PECAPJ49,MDM2+ctrl,0.1769057397775644,0
SNU601,MDM2+ctrl,0.001,0
GB1,MDM2+ctrl,0.1131321437314398,0
UBLC1,MDM2+ctrl,0.0134189792913479,0
NCIH1623,MDM2+ctrl,0.001,0
NCIH1703,MDM2+ctrl,0.1356872339256405,0
SJSA1,MDM2+ctrl,0.3718183874010391,1
DMS273,MDM2+ctrl,0.1301901962816019,0
LOXIMVI,MDM2+ctrl,0.3374764945824089,1
JMSU1,MDM2+ctrl,0.001,0
GI1,MDM2+ctrl,0.1658548984329111,0
MKN74,MDM2+ctrl,0.0201071162126563,0
MDAMB175VII,MDM2+ctrl,0.1223825542563794,0
YD38,MDM2+ctrl,0.0444421993988154,0
SH10TC,MDM2+ctrl,0.1093962304258748,0
WM983B,MDM2+ctrl,0.001,0
NCIH1648,MDM2+ctrl,0.1105666410002486,0
MDAMB231,MDM2+ctrl,0.1020453582402785,0
LK2,MDM2+ctrl,0.001,0
BICR56,MDM2+ctrl,0.1954085300438482,0
RERFLCAD2,MDM2+ctrl,0.0713252979888763,0
NCIH727,MDM2+ctrl,0.0368097557861276,0
ONS76,MDM2+ctrl,0.3381037823356616,1
KYSE30,MDM2+ctrl,0.0988765925664924,0
HSC3,MDM2+ctrl,0.1198501790750897,0
NCIH2023,MDM2+ctrl,0.1406651285777584,0
KYSE70,MDM2+ctrl,0.0637216153143614,0
NCIH2126,MDM2+ctrl,0.0390843907265812,0
LXF289,MDM2+ctrl,0.0576191447575062,0
A2058,MDM2+ctrl,0.001,0
RERFLCAD1,MDM2+ctrl,0.0466497214278475,0
BFTC909,MDM2+ctrl,0.001,0
MCAS,MDM2+ctrl,0.0400786673264718,0
NCIH446,MDM2+ctrl,0.001,0
BFTC905,MDM2+ctrl,0.001,0
COLO668,MDM2+ctrl,0.001,0
NB1,MDM2+ctrl,0.2886567310304178,1
COLO679,MDM2+ctrl,0.3648465868065764,1
HUH28,MDM2+ctrl,0.1084057716566013,0
KYSE410,MDM2+ctrl,0.1078660837723918,0
SKMEL30,MDM2+ctrl,0.001,0
SKOV3,MDM2+ctrl,0.0495130564595949,0
COLO783,MDM2+ctrl,0.095653604728471,0
T3M10,MDM2+ctrl,0.3072926741324964,1
HS939T,MDM2+ctrl,0.3356253479190751,1
LN18,MDM2+ctrl,0.001,0
SKMEL24,MDM2+ctrl,0.1902338963120049,0
KYSE140,MDM2+ctrl,0.0423201806632742,0
KYSE510,MDM2+ctrl,0.003596133263332,0
CAL12T,MDM2+ctrl,0.1087437232810006,0
WM793,MDM2+ctrl,0.2912712279705506,1
CAL27,MDM2+ctrl,0.0567274673865509,0
RH30,MDM2+ctrl,0.001,0
UMUC1,MDM2+ctrl,0.2123630488616018,1
GCT,MDM2+ctrl,0.001,0
NCIH322,MDM2+ctrl,0.1280462478178229,0
HCC366,MDM2+ctrl,0.1233115915675525,0
NCIH2087,MDM2+ctrl,0.1615630181009193,0
SW480,MDM2+ctrl,0.0226876751057479,0
NCIH1373,MDM2+ctrl,0.065378608089832,0
FADU,MDM2+ctrl,0.1944204586823273,0
HGC27,MDM2+ctrl,0.0733683726720926,0
JHH7,MDM2+ctrl,0.001,0
MDAMB468,MDM2+ctrl,0.0579685256357551,0
NCIH1435,MDM2+ctrl,0.001,0
NCIH661,MDM2+ctrl,0.0532352657747198,0
KYSE150,MDM2+ctrl,0.1280152080155718,0
CAL51,MDM2+ctrl,0.2630797670444216,1
KNS62,MDM2+ctrl,0.1015816849162606,0
NCIH358,MDM2+ctrl,0.1298222757807593,0
KMBC2,MDM2+ctrl,0.2863186219036662,1
DBTRG05MG,MDM2+ctrl,0.3745163507956405,1
NCIH1048,MDM2+ctrl,0.001,0
NCIH1568,MDM2+ctrl,0.1117032583843977,0
KYSE270,MDM2+ctrl,0.0683004922803732,0
NCIH2347,MDM2+ctrl,0.087803265422393,0
HCC15,MDM2+ctrl,0.1133582144765388,0
MFE296,MDM2+ctrl,0.1572835956064295,0
AGS,MDM2+ctrl,0.3750179684992465,1
MELJUSO,MDM2+ctrl,0.3691250248436953,1
IGR1,MDM2+ctrl,0.1095490157999595,0
MDAMB435S,MDM2+ctrl,0.1228195779638604,0
TOV21G,MDM2+ctrl,0.321309725618891,1
NCIH2009,MDM2+ctrl,0.0922562855067872,0
NCIH1793,MDM2+ctrl,0.106909378590223,0
SW1271,MDM2+ctrl,0.0596127874957544,0
HCC1438,MDM2+ctrl,0.1356144739832194,0
NCIH1563,MDM2+ctrl,0.2420705800513785,1
NCIH1651,MDM2+ctrl,0.0523584533311416,0
CL34,MDM2+ctrl,0.0526351085517262,0
647V,MDM2+ctrl,0.0229867060558521,0
FTC238,MDM2+ctrl,0.001,0
SNU719,MDM2+ctrl,0.3134242724170468,1
WM88,MDM2+ctrl,0.3203536234688483,1
NCIH23,MDM2+ctrl,0.1641760289288281,0
HCC1359,MDM2+ctrl,0.014278514930293,0
FTC133,MDM2+ctrl,0.0728129090343903,0
5637,MDM2+ctrl,0.001,0
ES2,MDM2+ctrl,0.001,0
JHUEM2,MDM2+ctrl,0.3887587262000174,1
NUGC3,MDM2+ctrl,0.1225695475327319,0
ESS1,MDM2+ctrl,0.001,0
IPC298,MDM2+ctrl,0.001,0
NCIH1573,MDM2+ctrl,0.001,0
TE4,MDM2+ctrl,0.0857671414644036,0
IM95,MDM2+ctrl,0.347312777059851,1
NCIH1339,MDM2+ctrl,0.0536040299940978,0
NCIH2172,MDM2+ctrl,0.0674541854862242,0
HT55,MDM2+ctrl,0.001,0
BT474,MDM2+ctrl,0.0518792925037148,0
NCIH2110,MDM2+ctrl,0.0683482786245417,0
EFO27,MDM2+ctrl,0.1685970371677503,0
SKUT1,MDM2+ctrl,0.001,0
AN3CA,MDM2+ctrl,0.0942802392798709,0
HEC1B,MDM2+ctrl,0.050282044347046,0
HEC265,MDM2+ctrl,0.3279738333767646,1
OVK18,MDM2+ctrl,0.3086436497590026,1
2313287,MDM2+ctrl,0.2364487725330449,1
LOVO,MDM2+ctrl,0.2559296417757897,1
HEC1A,MDM2+ctrl,0.1853665754870804,0
22RV1,MDM2+ctrl,0.2015807376608775,1
LS180,MDM2+ctrl,0.3065286509271002,1
SW48,MDM2+ctrl,0.1177271656970648,0
SNUC4,MDM2+ctrl,0.3257263155801831,1
ISHIKAWAHERAKLIO02ER,MDM2+ctrl,0.1258380164959778,0
OC314,MDM2+ctrl,0.001,0
RL952,MDM2+ctrl,0.1554100620251012,0
IGROV1,MDM2+ctrl,0.2208707375324523,1
SNUC2A,MDM2+ctrl,0.1219012756026737,0
COLO792,MDM2+ctrl,0.3346085011900945,1
SNUC5,MDM2+ctrl,0.001,0
HCT116,MDM2+ctrl,0.2265728619037381,1
HEC151,MDM2+ctrl,0.2593462523235499,1
639V,MDM2+ctrl,0.1645132362841995,0
SNGM,MDM2+ctrl,0.3794982402360678,1
HUCCT1,MDM2+ctrl,0.1935788983723694,0
LNCAPCLONEFGC,MDM2+ctrl,0.3493591510824069,1
DU145,MDM2+ctrl,0.0429723811410804,0
GP2D,MDM2+ctrl,0.4308552676055962,1
HEC6,MDM2+ctrl,0.0487919710871789,0
LS411N,MDM2+ctrl,0.001,0
MEWO,MDM2+ctrl,0.1023196857873692,0
MFE319,MDM2+ctrl,0.0481197427002693,0
HEC108,MDM2+ctrl,0.1614963997134806,0
SNU81,MDM2+ctrl,0.001,0
HEC59,MDM2+ctrl,0.0996100991643423,0
HEC251,MDM2+ctrl,0.0564564182710173,0
HCT15,MDM2+ctrl,0.0125587746222002,0
BECKER,MDM2+ctrl,0.1207849100483049,0
CHL1,MDM2+ctrl,0.1457585973476689,0
NCIH292,MDM2+ctrl,0.2715392829220486,1
LC1SQSF,MDM2+ctrl,0.001,0
MON,MDM2+ctrl,0.3704438874270352,1
OC316,MDM2+ctrl,0.1338955935250707,0
SKMEL2,MDM2+ctrl,0.001,0
WM2664,MDM2+ctrl,0.3300402063853258,1
8305C,MDM2+ctrl,0.0897863968280745,0
8505C,MDM2+ctrl,0.0973240037082521,0
PLCPRF5,MDM2+ctrl,0.0885394341128565,0
TT,MDM2+ctrl,0.2626304932561012,1
NIHOVCAR3,MDM2+ctrl,0.1823049822012434,0
HL60,MDM2+ctrl,0.1220421047052042,0
MONOMAC6,MDM2+ctrl,0.1333352914497427,0
C2BBE1,MDM2+ctrl,0.2841098692257331,1
MHHCALL2,MDM2+ctrl,0.001,0
OPM2,MDM2+ctrl,0.001,0
EHEB,MDM2+ctrl,0.239590072955825,1
MV411,MDM2+ctrl,0.507699806175931,1
NCIH929,MDM2+ctrl,0.3261824229797582,1
KARPAS299,MDM2+ctrl,0.0885637710530528,0
D283MED,MDM2+ctrl,0.3422457138156136,1
DOHH2,MDM2+ctrl,0.3525613799301805,1
SUPB15,MDM2+ctrl,0.4554493191460863,1
HH,MDM2+ctrl,0.201114748546089,1
OCIAML5,MDM2+ctrl,0.3871678128570548,1
HS683,MDM2+ctrl,0.1152846512162873,0
697,MDM2+ctrl,0.3668621302153225,1
MEG01,MDM2+ctrl,0.0762971268443087,0
GRANTA519,MDM2+ctrl,0.2805893893159884,1
KU812,MDM2+ctrl,0.1380571101791344,0
U87MG,MDM2+ctrl,0.0438156268439605,0
MHHNB11,MDM2+ctrl,0.3388510659033724,1
GDM1,MDM2+ctrl,0.2531700880530793,1
OV56,MDM2+ctrl,0.0200518132628214,0
RH41,MDM2+ctrl,0.1122630848694292,0
KE37,MDM2+ctrl,0.0994981759023522,0
CAOV4,MDM2+ctrl,0.0659037218255923,0
LOUCY,MDM2+ctrl,0.1448163045991467,0
ALLSIL,MDM2+ctrl,0.1386152714122706,0
JVM2,MDM2+ctrl,0.287625918732134,1
HCC1187,MDM2+ctrl,0.0750521110975377,0
OCIAML2,MDM2+ctrl,0.2706834179563064,1
SU8686,MDM2+ctrl,0.0163613592412493,0
VCAP,MDM2+ctrl,0.0146768644808612,0
OAW28,MDM2+ctrl,0.0981771151762466,0
CHP212,MDM2+ctrl,0.4325954015720124,1
NCIH2405,MDM2+ctrl,0.0989727746541132,0
OCILY19,MDM2+ctrl,0.411319925711352,1
NCIH1341,MDM2+ctrl,0.001,0
CHP126,MDM2+ctrl,0.3104490721221584,1
RERFGC1B,MDM2+ctrl,0.001,0
SKLMS1,MDM2+ctrl,0.0685951083429993,0
THP1,MDM2+ctrl,0.001,0
HS578T,MDM2+ctrl,0.001,0
SKNSH,MDM2+ctrl,0.4070959755818057,1
JM1,MDM2+ctrl,0.2447494690303072,1
A4FUK,MDM2+ctrl,0.1949178893518615,0
GA10,MDM2+ctrl,0.001,0
NOMO1,MDM2+ctrl,0.2463490997417565,1
SCC9,MDM2+ctrl,0.079220698523662,0
L363,MDM2+ctrl,0.11100704471725,0
HDMYZ,MDM2+ctrl,0.0491842186420434,0
KARPAS620,MDM2+ctrl,0.001,0
EOL1,MDM2+ctrl,0.369770578563757,1
NMCG1,MDM2+ctrl,0.2320117248577183,1
LP1,MDM2+ctrl,0.0578623279915847,0
HUPT4,MDM2+ctrl,0.0154891583281208,0
SUPM2,MDM2+ctrl,0.3313117316438875,1
KPNYN,MDM2+ctrl,0.0399632919303979,0
DEL,MDM2+ctrl,0.001,0
SW1417,MDM2+ctrl,0.1291848797010926,0
BL41,MDM2+ctrl,0.001,0
OCUM1,MDM2+ctrl,0.3412944852515545,1
AU565,MDM2+ctrl,0.0518088706023559,0
CL11,MDM2+ctrl,0.1634893309554254,0
KMRC20,MDM2+ctrl,0.110543481298303,0
SCC15,MDM2+ctrl,0.1460014252209908,0
CORL279,MDM2+ctrl,0.001,0
DU4475,MDM2+ctrl,0.2486448685672069,1
HDLM2,MDM2+ctrl,0.0270168611232923,0
AM38,MDM2+ctrl,0.3121416233077929,1
SUDHL10,MDM2+ctrl,0.001,0
NCIH1755,MDM2+ctrl,0.084087097635759,0
NUDUL1,MDM2+ctrl,0.1871449818876462,0
NCIH209,MDM2+ctrl,0.1393004511915292,0
OV90,MDM2+ctrl,0.121089222838866,0
KLE,MDM2+ctrl,0.0817358517450966,0
NB4,MDM2+ctrl,0.001,0
EM2,MDM2+ctrl,0.1165956818528762,0
LAMA84,MDM2+ctrl,0.1995973110859954,0
SNU5,MDM2+ctrl,0.0186456584357689,0
WM115,MDM2+ctrl,0.3147895632020265,1
KARPAS422,MDM2+ctrl,0.0399632919303979,0
42MGBA,MDM2+ctrl,0.0710373728741704,0
JURLMK1,MDM2+ctrl,0.1254477318545322,0
NCIH1395,MDM2+ctrl,0.0517106631888297,0
DB,MDM2+ctrl,0.2213360816981866,1
OCIAML3,MDM2+ctrl,0.2432123416907249,1
NCIH3122,MDM2+ctrl,0.0059111978804693,0
SR786,MDM2+ctrl,0.4282291821157732,1
SKNFI,MDM2+ctrl,0.0349224098092235,0
JVM3,MDM2+ctrl,0.3965013909943355,1
RPMI7951,MDM2+ctrl,0.0682522135665447,0
HCC1500,MDM2+ctrl,0.1191354903464222,0
COLO678,MDM2+ctrl,0.2517452028923761,1
TE15,MDM2+ctrl,0.0700051845684475,0
CAPAN1,MDM2+ctrl,0.0103891901507015,0
NCIH82,MDM2+ctrl,0.0647943045198788,0
JEKO1,MDM2+ctrl,0.1523311517329669,0
NCIH69,MDM2+ctrl,0.001,0
NCIH508,MDM2+ctrl,0.0774464284225927,0
MOLM13,MDM2+ctrl,0.1946877742948431,0
SKMM2,MDM2+ctrl,0.001,0
SUDHL4,MDM2+ctrl,0.001,0
MOLM16,MDM2+ctrl,0.0998080441248412,0
RL,MDM2+ctrl,0.001,0
P12ICHIKAWA,MDM2+ctrl,0.001,0
SKM1,MDM2+ctrl,0.2853682917920089,1
NCIH647,MDM2+ctrl,0.03441226800726,0
NCIH1781,MDM2+ctrl,0.001,0
T84,MDM2+ctrl,0.001,0
KG1,MDM2+ctrl,0.0828010145992088,0
CALU3,MDM2+ctrl,0.1019367939685984,0
NCIH2081,MDM2+ctrl,0.001,0
SKCO1,MDM2+ctrl,0.2537827656323153,1
SAOS2,MDM2+ctrl,0.0625823631016874,0
TC71,MDM2+ctrl,0.001,0
TYKNU,MDM2+ctrl,0.0811444456304785,0
NCIH1694,MDM2+ctrl,0.0194045969195939,0
BV173,MDM2+ctrl,0.4616701913231608,1
LU65,MDM2+ctrl,0.001,0
ME1,MDM2+ctrl,0.0297712424553724,0
CA46,MDM2+ctrl,0.0337099867513712,0
RERFLCSQ1,MDM2+ctrl,0.1915498885332589,0
OVKATE,MDM2+ctrl,0.076202482133565,0
NCIH2085,MDM2+ctrl,0.1428632696283092,0
CAS1,MDM2+ctrl,0.0669440546469137,0
SKMEL1,MDM2+ctrl,0.0691561555257079,0
HUH1,MDM2+ctrl,0.0745215509793714,0
SNU387,MDM2+ctrl,0.0278330956074042,0
HUH7,MDM2+ctrl,0.0374247435832661,0
SNU182,MDM2+ctrl,0.0190135597784583,0
NCIH146,MDM2+ctrl,0.001,0
CORL88,MDM2+ctrl,0.001,0
NCIH1092,MDM2+ctrl,0.001,0
CAL33,MDM2+ctrl,0.1778620320530104,0
DMS114,MDM2+ctrl,0.0094725705701765,0
WSUDLCL2,MDM2+ctrl,0.001,0
BT20,MDM2+ctrl,0.0292547596089648,0
HUTU80,MDM2+ctrl,0.553510622451321,1
VMCUB1,MDM2+ctrl,0.1582503766517811,0
HT1197,MDM2+ctrl,0.2171778021834909,1
BHY,MDM2+ctrl,0.001,0
K562,MDM2+ctrl,0.0651946602771467,0
UACC893,MDM2+ctrl,0.0942462782614205,0
A498,MDM2+ctrl,0.1791187765568125,0
SIHA,MDM2+ctrl,0.001,0
NCIH1836,MDM2+ctrl,0.001,0
ECC10,MDM2+ctrl,0.1857491818057128,0
RCM1,MDM2+ctrl,0.0736410706780787,0
ST486,MDM2+ctrl,0.0434445431094702,0
YKG1,MDM2+ctrl,0.0951915046685845,0
FUOV1,MDM2+ctrl,0.1167164760702957,0
JHH2,MDM2+ctrl,0.001,0
C32,MDM2+ctrl,0.3115837858888177,1
SNU16,MDM2+ctrl,0.001,0
MC116,MDM2+ctrl,0.001,0
JHOS4,MDM2+ctrl,0.0632046327068095,0
NCIH1876,MDM2+ctrl,0.001,0
LCLC97TM1,MDM2+ctrl,0.0676537711680316,0
KYM1,MDM2+ctrl,0.2038876211707745,1
NCIH2227,MDM2+ctrl,0.001,0
SUDHL6,MDM2+ctrl,0.001,0
SKMEL28,MDM2+ctrl,0.001,0
HS746T,MDM2+ctrl,0.067431243396246,0
OVCAR4,MDM2+ctrl,0.1321636131347656,0
MDAMB157,MDM2+ctrl,0.1531802229779979,0
U266B1,MDM2+ctrl,0.1199239941661222,0
KS1,MDM2+ctrl,0.3726528092454877,1
FU97,MDM2+ctrl,0.0037284803235634,0
RPMI8402,MDM2+ctrl,0.0638292131437958,0
NCIH211,MDM2+ctrl,0.1095495976799908,0
SKMEL31,MDM2+ctrl,0.1575597710378595,0
CMK,MDM2+ctrl,0.0613461943683367,0
IGR37,MDM2+ctrl,0.001,0
JJN3,MDM2+ctrl,0.001,0
RAJI,MDM2+ctrl,0.0509575901387596,0
SF268,MDM2+ctrl,0.0202125398553369,0
SUDHL8,MDM2+ctrl,0.001,0
A2780,MDM2+ctrl,0.1313354478173305,0
SUDHL5,MDM2+ctrl,0.3298976281346986,1
RH18,MDM2+ctrl,0.4047798968281635,1
HCC2157,MDM2+ctrl,0.0196705043721198,0
TE9,MDM2+ctrl,0.0646402987108064,0
A3KAW,MDM2+ctrl,0.2390599815383123,1
HCC1395,MDM2+ctrl,0.0653289178768556,0
L1236,MDM2+ctrl,0.001,0
DMS79,MDM2+ctrl,0.0705807538305873,0
EKVX,MDM2+ctrl,0.1555466321219248,0
KMS11,MDM2+ctrl,0.097383479874984,0
NCIH2291,MDM2+ctrl,0.052645722756675,0
SNUC1,MDM2+ctrl,0.1678450938569663,0
HCC202,MDM2+ctrl,0.0609536302081619,0
NCIH2066,MDM2+ctrl,0.0662119911246837,0
A253,MDM2+ctrl,0.001,0
CORL95,MDM2+ctrl,0.001,0
MOLP8,MDM2+ctrl,0.145615136891631,0
OCIM1,MDM2+ctrl,0.001,0
L428,MDM2+ctrl,0.001,0
HCC2218,MDM2+ctrl,0.1326795692649127,0
A427,MDM2+ctrl,0.2543703082887577,1
MM1S,MDM2+ctrl,0.3222011477497102,1
NCIH526,MDM2+ctrl,0.001,0
P31FUJ,MDM2+ctrl,0.001,0
NCIH1105,MDM2+ctrl,0.001,0
DAUDI,MDM2+ctrl,0.159106496442954,0
NCIH810,MDM2+ctrl,0.001,0
SHP77,MDM2+ctrl,0.2949653391377239,1
KATOIII,MDM2+ctrl,0.001,0
BICR22,MDM2+ctrl,0.111316485983182,0
MOLT13,MDM2+ctrl,0.1690915352260136,0
CL40,MDM2+ctrl,0.1091108013196996,0
L540,MDM2+ctrl,0.3285656854014556,1
KMH2,MDM2+ctrl,0.1538224490350042,0
NCIH524,MDM2+ctrl,0.0568532318609191,0
RPMI8226,MDM2+ctrl,0.0565735156930768,0
BT483,MDM2+ctrl,0.1433929457077206,0
EJM,MDM2+ctrl,0.001,0
ZR7530,MDM2+ctrl,0.0770180566221444,0
NCIH1436,MDM2+ctrl,0.0402768170011951,0
AMO1,MDM2+ctrl,0.2693384019108484,1
HARA,MDM2+ctrl,0.1136675334814267,0
CAL851,MDM2+ctrl,0.1130641936111755,0
HCC1954,MDM2+ctrl,0.2205627497549446,1
HOP62,MDM2+ctrl,0.0465465502878408,0
COLO684,MDM2+ctrl,0.049396976546854,0
KYSE450,MDM2+ctrl,0.001,0
CHAGOK1,MDM2+ctrl,0.1642690617836237,0
NCIH510,MDM2+ctrl,0.0615662914425639,0
RS411,MDM2+ctrl,0.377957385962071,1
MDAMB415,MDM2+ctrl,0.0386263085654362,0
SW1783,MDM2+ctrl,0.001,0
NCIH1869,MDM2+ctrl,0.1134948020453945,0
MDAMB453,MDM2+ctrl,0.007323548616634,0
HT,MDM2+ctrl,0.0406128532335007,0
MOLT16,MDM2+ctrl,0.3905746384252644,1
CMLT1,MDM2+ctrl,0.2609276321218565,1
RCHACV,MDM2+ctrl,0.3583217056312111,1
HCC1569,MDM2+ctrl,0.1663904566516063,0
SNU1,MDM2+ctrl,0.1431694008539393,0
MDAMB361,MDM2+ctrl,0.0777750442081074,0
MDST8,MDM2+ctrl,0.2298054201317858,1
PF382,MDM2+ctrl,0.001,0
NALM6,MDM2+ctrl,0.3896234394342054,1
RKO,MDM2+ctrl,0.3434336001522172,1
NAMALWA,MDM2+ctrl,0.0264867472536846,0
NCIH650,MDM2+ctrl,0.0089758342559626,0
TGBC11TKB,MDM2+ctrl,0.001,0
NCIH2342,MDM2+ctrl,0.0723457466834895,0
SUPT1,MDM2+ctrl,0.0766288111922074,0
SNU407,MDM2+ctrl,0.2793753708596896,1
REH,MDM2+ctrl,0.249521186973389,1
CCK81,MDM2+ctrl,0.4126585340063923,1
KM12,MDM2+ctrl,0.1849475128890159,0
EN,MDM2+ctrl,0.0203990243976723,0
NCIH1155,MDM2+ctrl,0.001,0
DND41,MDM2+ctrl,0.001,0
KCL22,MDM2+ctrl,0.001,0
HT115,MDM2+ctrl,0.001,0
JURKAT,MDM2+ctrl,0.0253561690223987,0
CW2,MDM2+ctrl,0.1902213878572399,0
451LU,MDM2+ctrl,0.1051511103336809,0
C3A,MDM2+ctrl,0.1060495072541094,0
CGTHW1,MDM2+ctrl,0.0620999214355668,0
COLO205,MDM2+ctrl,0.15151189766938,0
CPCN,MDM2+ctrl,0.1572576573937509,0
DOV13,MDM2+ctrl,0.2677927020236689,1
EB2,MDM2+ctrl,0.001,0
EVSAT,MDM2+ctrl,0.001,0
HELA,MDM2+ctrl,0.001,0
HLE,MDM2+ctrl,0.0930261001495821,0
HN,MDM2+ctrl,0.001,0
KOPN8,MDM2+ctrl,0.304583864444545,1
KP1N,MDM2+ctrl,0.0330735781766741,0
M059J,MDM2+ctrl,0.0779397831653618,0
MOGGCCM,MDM2+ctrl,0.0469570744559584,0
MOGGUVW,MDM2+ctrl,0.172573646804971,0
MOLT4,MDM2+ctrl,0.2139295957396897,1
MS1,MDM2+ctrl,0.001,0
NCIH187,MDM2+ctrl,0.001,0
NCIH1993,MDM2+ctrl,0.0541269933943958,0
NCIH2141,MDM2+ctrl,0.1241312238103868,0
OVCAR5,MDM2+ctrl,0.071158391783075,0
RPMI6666,MDM2+ctrl,0.3167638560766188,1
SJRH30,MDM2+ctrl,0.0807377102007582,0
SKPNDW,MDM2+ctrl,0.206151447795432,1
SNUC2B,MDM2+ctrl,0.1843026936183206,0
SUPHD1,MDM2+ctrl,0.3467270714567092,1
TK10,MDM2+ctrl,0.1008527363851956,0
UPCISCC090,MDM2+ctrl,0.0571338088002554,0
VMRCLCD,MDM2+ctrl,0.001,0
SW982,MDM2+ctrl,0.333094458575713,1
A431,MDM2+ctrl,0.0145351124610153,0
BICR10,MDM2+ctrl,0.1377371918563993,0
BICR78,MDM2+ctrl,0.1103207192204462,0
C33A,MDM2+ctrl,0.001,0
C4I,MDM2+ctrl,0.001,0
CASKI,MDM2+ctrl,0.0746198577870681,0
CHP134,MDM2+ctrl,0.3491920948446589,1
DOTC24510,MDM2+ctrl,0.0466309897626087,0
GIMEN,MDM2+ctrl,0.2961102333945251,1
LAN6,MDM2+ctrl,0.2572228190816603,1
MDAMB330,MDM2+ctrl,0.1454668363596146,0
ME180,MDM2+ctrl,0.0986665615796834,0
MS751,MDM2+ctrl,0.001,0
NCIH1770,MDM2+ctrl,0.001,0
NCIH2135,MDM2+ctrl,0.083466701017388,0
NCIH345,MDM2+ctrl,0.001,0
NCIH847,MDM2+ctrl,0.001,0
OACM51,MDM2+ctrl,0.001,0
OV17R,MDM2+ctrl,0.1133197892616206,0
PA1,MDM2+ctrl,0.3589831845096433,1
PWR1E,MDM2+ctrl,0.0286032866551045,0
RO82W1,MDM2+ctrl,0.2119777802102668,1
RPMI2650,MDM2+ctrl,0.2616966462889487,1
SW626,MDM2+ctrl,0.0304595477215009,0
SW954,MDM2+ctrl,0.3429150978420522,1
SW13,MDM2+ctrl,0.001,0
SW756,MDM2+ctrl,0.0462214465541129,0
UWB1289,MDM2+ctrl,0.0789569512096265,0
A388,MDM2+ctrl,0.0693973065340524,0
ASH3,MDM2+ctrl,0.001,0
BPH1,MDM2+ctrl,0.1247108813648427,0
CORL321,MDM2+ctrl,0.0695344917090692,0
EGI1,MDM2+ctrl,0.1564396204764602,0
ESO26,MDM2+ctrl,0.001,0
ESO51,MDM2+ctrl,0.0653965682427324,0
FARAGE,MDM2+ctrl,0.1897139195174724,0
FLO1,MDM2+ctrl,0.0945599345660564,0
HEC1,MDM2+ctrl,0.1560367452269163,0
HEMCSS,MDM2+ctrl,0.3280772492026251,1
HT3,MDM2+ctrl,0.001,0
HUO9,MDM2+ctrl,0.1197581686675358,0
IHH4,MDM2+ctrl,0.3188737883225739,1
JAR,MDM2+ctrl,0.2565568168941041,1
JEG3,MDM2+ctrl,0.1737252773434421,0
KON,MDM2+ctrl,0.1595224015731339,0
KYAE1,MDM2+ctrl,0.0948090631067538,0
LU135,MDM2+ctrl,0.001,0
NCIH1417,MDM2+ctrl,0.0709217271597976,0
NCIH64,MDM2+ctrl,0.001,0
NH12,MDM2+ctrl,0.3154534401173555,1
NO11,MDM2+ctrl,0.065367956113298,0
OCILY7,MDM2+ctrl,0.1148465046003516,0
OSC19,MDM2+ctrl,0.1343588399836629,0
OSC20,MDM2+ctrl,0.0794694260137178,0
PEO1,MDM2+ctrl,0.001,0
RCK8,MDM2+ctrl,0.2047458115537841,1
ROS50,MDM2+ctrl,0.1132248746561108,0
SAT,MDM2+ctrl,0.208207245529099,1
SISO,MDM2+ctrl,0.001,0
SKGT2,MDM2+ctrl,0.1568909228037117,0
SKGT4,MDM2+ctrl,0.0863173003645455,0
SKN,MDM2+ctrl,0.1436333365387387,0
[MERGED,MDM2+ctrl,0.4282291821157732,1
TGW,MDM2+ctrl,0.0382005265397394,0
U698M,MDM2+ctrl,0.1200810077163727,0
VAESBJ,MDM2+ctrl,0.3677096005382453,1
VAL,MDM2+ctrl,0.2926008246359198,1
WSUNHL,MDM2+ctrl,0.1232794235559804,0
PFSK1,MDM2+ctrl,0.1617878553231093,0
CAL72,MDM2+ctrl,0.1280172029497333,0
GOTO,MDM2+ctrl,0.3205718873996891,1
CCRFCEM,MDM2+ctrl,0.1625091717256761,0
201T,MDM2+ctrl,0.0715789625822401,0
CAL39,MDM2+ctrl,0.0575579059330736,0
CHSA0011,MDM2+ctrl,0.2160797303040567,1
CHSA0108,MDM2+ctrl,0.0537283349192703,0
CHSA8926,MDM2+ctrl,0.3024232724789494,1
CP50MELB,MDM2+ctrl,0.3483613013328515,1
CP66MEL,MDM2+ctrl,0.0379039853495052,0
CS1,MDM2+ctrl,0.0688697760169103,0
DJM1,MDM2+ctrl,0.0514937647109996,0
EMCBAC1,MDM2+ctrl,0.1307834631611414,0
EMCBAC2,MDM2+ctrl,0.3820156196598196,1
ES1,MDM2+ctrl,0.0655954097681289,0
ES3,MDM2+ctrl,0.2177698801938494,1
ES4,MDM2+ctrl,0.3799851572732587,1
ES5,MDM2+ctrl,0.1476094192331167,0
ES6,MDM2+ctrl,0.0532220454235071,0
ES7,MDM2+ctrl,0.1040773316554921,0
ES8,MDM2+ctrl,0.1242955918296666,0
EW1,MDM2+ctrl,0.001,0
EW11,MDM2+ctrl,0.0657714365426099,0
EW13,MDM2+ctrl,0.0123054810411897,0
EW16,MDM2+ctrl,0.2556207203651944,1
EW18,MDM2+ctrl,0.128098027923823,0
EW22,MDM2+ctrl,0.001,0
EW24,MDM2+ctrl,0.001,0
EW3,MDM2+ctrl,0.1402012773741255,0
EW7,MDM2+ctrl,0.2105357399235934,1
GAK,MDM2+ctrl,0.1424969493205574,0
H2369,MDM2+ctrl,0.2827690721107193,1
NCIH2373,MDM2+ctrl,0.3253343473833701,1
NCIH2461,MDM2+ctrl,0.0566668151017546,0
NCIH2591,MDM2+ctrl,0.3129061112192525,1
NCIH2595,MDM2+ctrl,0.1366685927806818,0
NCIH2731,MDM2+ctrl,0.0494837276930933,0
NCIH2795,MDM2+ctrl,0.3564531777748939,1
NCIH2869,MDM2+ctrl,0.2110919184035227,1
H290,MDM2+ctrl,0.3270282376780941,1
[MERGED,MDM2+ctrl,0.1222787130958693,0
HA7RCC,MDM2+ctrl,0.4081518683355325,1
HEY,MDM2+ctrl,0.3603028439759071,1
HSC39,MDM2+ctrl,0.0567488830024852,0
HUO3N1,MDM2+ctrl,0.0505128911337159,0
ISTMEL1,MDM2+ctrl,0.112594078393636,0
ISTSL1,MDM2+ctrl,0.001,0
ISTSL2,MDM2+ctrl,0.001,0
JHOS3,MDM2+ctrl,0.0299995998027323,0
K2,MDM2+ctrl,0.1457648747723432,0
K5,MDM2+ctrl,0.3439470663485482,1
KGN,MDM2+ctrl,0.3594567717133777,1
LB1047RCC,MDM2+ctrl,0.0346614477844244,0
LB2518MEL,MDM2+ctrl,0.2255031678009142,1
LB373MELD,MDM2+ctrl,0.1930215047087654,0
LB647SCLC,MDM2+ctrl,0.0081102962566159,0
LB996RCC,MDM2+ctrl,0.2589745971310361,1
LC1SQ,MDM2+ctrl,0.1750677291202573,0
LC2AD,MDM2+ctrl,0.001,0
MCIXC,MDM2+ctrl,0.0576903292335481,0
MKN28,MDM2+ctrl,0.0322818634123734,0
MMACSF,MDM2+ctrl,0.193712221985382,0
MRKNU1,MDM2+ctrl,0.1462670570189163,0
MZ1PC,MDM2+ctrl,0.1372441190261802,0
MZ2MEL,MDM2+ctrl,0.4210346892930817,1
MZ7MEL,MDM2+ctrl,0.1347996572575056,0
NCC010,MDM2+ctrl,0.001,0
NCC021,MDM2+ctrl,0.0923376511381686,0
NCIH1304,MDM2+ctrl,0.001,0
NCIH1688,MDM2+ctrl,0.0536557237812422,0
NCIH322M,MDM2+ctrl,0.0867861869188365,0
NCIH720,MDM2+ctrl,0.001,0
NCIH835,MDM2+ctrl,0.0282227592074595,0
NY,MDM2+ctrl,0.113977090618913,0
OCUBM,MDM2+ctrl,0.0905272093143253,0
OMC1,MDM2+ctrl,0.001,0
OVCA420,MDM2+ctrl,0.0520795590990198,0
OVCA433,MDM2+ctrl,0.3051028339861243,1
OVMIU,MDM2+ctrl,0.2718457360005638,1
PC3JPC3,MDM2+ctrl,0.0729513671438317,0
PL4,MDM2+ctrl,0.001,0
RCCAB,MDM2+ctrl,0.3039463988204055,1
RCCER,MDM2+ctrl,0.001,0
RCCFG2,MDM2+ctrl,0.0786134773491472,0
RCCJF,MDM2+ctrl,0.3470819787696191,1
RCCJW,MDM2+ctrl,0.3304708147103175,1
RCCMF,MDM2+ctrl,0.2626095280246479,1
RH1,MDM2+ctrl,0.078167771776911,0
RXF393,MDM2+ctrl,0.1934084677448726,0
SBC1,MDM2+ctrl,0.001,0
SBC3,MDM2+ctrl,0.2659911629534449,1
SCH,MDM2+ctrl,0.0455712050457743,0
SW962,MDM2+ctrl,0.1276091121858419,0
TCYIK,MDM2+ctrl,0.001,0
TMK1,MDM2+ctrl,0.001,0
[MERGED,MDM2+ctrl,0.1181375843735443,0
WM1552C,MDM2+ctrl,0.1672891896674444,0
WM35,MDM2+ctrl,0.3732358244542973,1
ALLPO,MDM2+ctrl,0.3220269995049586,1
ARH77,MDM2+ctrl,0.0804046599946753,0
BALL1,MDM2+ctrl,0.001,0
BB30HNC,MDM2+ctrl,0.2099189411214691,1
BB49HNC,MDM2+ctrl,0.3031119697852563,1
BC1,MDM2+ctrl,0.2738899723521396,1
BE13,MDM2+ctrl,0.190601117505217,0
BE2M17,MDM2+ctrl,0.0374247435832661,0
CESS,MDM2+ctrl,0.2504296660997194,1
COLO320HSR,MDM2+ctrl,0.001,0
CROAP2,MDM2+ctrl,0.4455944445396367,1
CTB1,MDM2+ctrl,0.3461915275563626,1
CTV1,MDM2+ctrl,0.2629730207597164,1
D247MG,MDM2+ctrl,0.3513670383312558,1
D263MG,MDM2+ctrl,0.1325541305147825,0
D336MG,MDM2+ctrl,0.0538898943174659,0
D392MG,MDM2+ctrl,0.2938773527017926,1
D423MG,MDM2+ctrl,0.0977225296385931,0
D502MG,MDM2+ctrl,0.3835061804640682,1
D542MG,MDM2+ctrl,0.0479514572000815,0
D566MG,MDM2+ctrl,0.0971120062592563,0
DG75,MDM2+ctrl,0.147965158693069,0
DIFI,MDM2+ctrl,0.0543995378084958,0
DOK,MDM2+ctrl,0.2269826350534201,1
DSH1,MDM2+ctrl,0.0302517959702093,0
EB3,MDM2+ctrl,0.0441006918459966,0
ETK1,MDM2+ctrl,0.0679035038644968,0
GRST,MDM2+ctrl,0.2055477569939022,1
H3118,MDM2+ctrl,0.1069237547290791,0
H9,MDM2+ctrl,0.001,0
HAL01,MDM2+ctrl,0.3057871424317826,1
HC1,MDM2+ctrl,0.2123788155136601,1
HS633T,MDM2+ctrl,0.3741455476313844,1
IM9,MDM2+ctrl,0.1164314572620462,0
IMR5,MDM2+ctrl,0.1939535933171262,0
JHU011,MDM2+ctrl,0.1341921853099318,0
JHU022,MDM2+ctrl,0.1442807831231495,0
JHU029,MDM2+ctrl,0.0710746776052041,0
JIYOYEP2003,MDM2+ctrl,0.0488912663825253,0
JSC1,MDM2+ctrl,0.3073717838495695,1
KARPAS1106P,MDM2+ctrl,0.2970395491301003,1
KARPAS231,MDM2+ctrl,0.001,0
KARPAS45,MDM2+ctrl,0.1005659313053818,0
KINGS1,MDM2+ctrl,0.064345841608474,0
KMOE2,MDM2+ctrl,0.101466863145043,0
KNS81FD,MDM2+ctrl,0.2888581258900277,1
KY821,MDM2+ctrl,0.001,0
KYSE220,MDM2+ctrl,0.0696841593363725,0
KYSE50,MDM2+ctrl,0.001,0
LB771HNC,MDM2+ctrl,0.0698596683704424,0
LB831BLC,MDM2+ctrl,0.001,0
LC41,MDM2+ctrl,0.2289584907758277,1
LN405,MDM2+ctrl,0.0988901389571352,0
LNZTA3WT4,MDM2+ctrl,0.001,0
MCCAR,MDM2+ctrl,0.202900364689666,1
MFHINO,MDM2+ctrl,0.3720247320711994,1
MHHPREB1,MDM2+ctrl,0.09668929793974,0
ML2,MDM2+ctrl,0.2294633088656572,1
MLMA,MDM2+ctrl,0.0727477462629957,0
MN60,MDM2+ctrl,0.106457746268548,0
MYM12,MDM2+ctrl,0.3502873231045078,1
NBTU110,MDM2+ctrl,0.1154812758239036,0
NB10,MDM2+ctrl,0.258278142656772,1
NB12,MDM2+ctrl,0.2331432999719204,1
NB13,MDM2+ctrl,0.001,0
NB14,MDM2+ctrl,0.001,0
NB17,MDM2+ctrl,0.3084202041309609,1
NB5,MDM2+ctrl,0.2863362707625588,1
NB6,MDM2+ctrl,0.1077653532332756,0
NB7,MDM2+ctrl,0.001,0
NCIH630,MDM2+ctrl,0.0759482992631538,0
NEC8,MDM2+ctrl,0.4390466619866977,1
NKM1,MDM2+ctrl,0.4175996851088333,1
OACP4C,MDM2+ctrl,0.1172185143909301,0
P32ISH,MDM2+ctrl,0.001,0
PCI15A,MDM2+ctrl,0.001,0
PCI30,MDM2+ctrl,0.1419239306706832,0
PCI4B,MDM2+ctrl,0.1120006584506382,0
PCI6A,MDM2+ctrl,0.1346035028594483,0
QIMRWIL,MDM2+ctrl,0.3369073008923146,1
RAMOS2G64C10,MDM2+ctrl,0.1545972089111108,0
RF48,MDM2+ctrl,0.2599223763351809,1
RPMI8866,MDM2+ctrl,0.4249653551684438,1
SKMG1,MDM2+ctrl,0.001,0
SKN3,MDM2+ctrl,0.1110881347534502,0
STS0421,MDM2+ctrl,0.3157779702537736,1
SUDHL16,MDM2+ctrl,0.001,0
SUPB8,MDM2+ctrl,0.0524209890347123,0
SW684,MDM2+ctrl,0.0548893366801285,0
TE12,MDM2+ctrl,0.0511897348074174,0
TK,MDM2+ctrl,0.001,0
TUR,MDM2+ctrl,0.0327224951678903,0
[MERGED,MDM2+ctrl,0.0571338088002554,0
WIL2NS,MDM2+ctrl,0.0245032662187371,0
YT,MDM2+ctrl,0.2637808716900705,1
LS513,BRD4+ctrl,0.001,0
A101D,BRD4+ctrl,0.001,0
253J,BRD4+ctrl,0.070932818265508,0
HCC827,BRD4+ctrl,0.0246026734168209,0
ONCODG1,BRD4+ctrl,0.1695974333666208,0
HS294T,BRD4+ctrl,0.001,0
NCIH1581,BRD4+ctrl,0.0179134014827337,0
MCF7,BRD4+ctrl,0.1753486943617432,0
PATU8988S,BRD4+ctrl,0.001,0
PATU8988T,BRD4+ctrl,0.1161434484360035,0
253JBV,BRD4+ctrl,0.001,0
GOS3,BRD4+ctrl,0.001,0
PC14,BRD4+ctrl,0.0086867672332737,0
NCIH1650,BRD4+ctrl,0.001,0
S117,BRD4+ctrl,0.001,0
U118MG,BRD4+ctrl,0.001,0
PANC0203,BRD4+ctrl,0.1206739978120068,0
ACHN,BRD4+ctrl,0.1491612033665648,0
GCIY,BRD4+ctrl,0.1965337156478069,0
TOV112D,BRD4+ctrl,0.2867900774280139,1
A673,BRD4+ctrl,0.001,0
PANC1005,BRD4+ctrl,0.0266813938107608,0
RERFLCMS,BRD4+ctrl,0.0605303963891532,0
G292CLONEA141B1,BRD4+ctrl,0.001,0
ACCMESO1,BRD4+ctrl,0.0606071705852034,0
SKES1,BRD4+ctrl,0.1031288756657379,0
PC3,BRD4+ctrl,0.001,0
OV56,BRD4+ctrl,0.001,0
NCIH2452,BRD4+ctrl,0.001,0
G401,BRD4+ctrl,0.1245012977998831,0
ZR751,BRD4+ctrl,0.1861869786859126,0
GAMG,BRD4+ctrl,0.001,0
SIMA,BRD4+ctrl,0.1502232916225174,0
CAPAN2,BRD4+ctrl,0.001,0
KP3,BRD4+ctrl,0.0901163053161635,0
EFM192A,BRD4+ctrl,0.0301872186593534,0
HUPT3,BRD4+ctrl,0.001,0
COV434,BRD4+ctrl,0.1652655503717026,0
JHOS2,BRD4+ctrl,0.001,0
8MGBA,BRD4+ctrl,0.2801921204231063,1
CFPAC1,BRD4+ctrl,0.2277496807874515,1
PANC0327,BRD4+ctrl,0.001,0
SNU308,BRD4+ctrl,0.001,0
CAL29,BRD4+ctrl,0.0846424991476544,0
T47D,BRD4+ctrl,0.1280767954166334,0
NCIH2052,BRD4+ctrl,0.001,0
SW1990,BRD4+ctrl,0.0245863235364793,0
CORL105,BRD4+ctrl,0.2324782922299363,1
SW579,BRD4+ctrl,0.17844606685799,0
PANC1,BRD4+ctrl,0.2359866004244435,1
RD,BRD4+ctrl,0.0578127912220785,0
VMRCRCZ,BRD4+ctrl,0.2417320443899955,1
TM87,BRD4+ctrl,0.189992379733625,0
CAL62,BRD4+ctrl,0.2463903014907333,1
LOUNH91,BRD4+ctrl,0.0657015251280945,0
HS766T,BRD4+ctrl,0.0976176861543152,0
SNU869,BRD4+ctrl,0.1015251184169111,0
NCIH2444,BRD4+ctrl,0.001,0
RCC10RGB,BRD4+ctrl,0.204682810501759,1
BHT101,BRD4+ctrl,0.1861488651737839,0
MFE280,BRD4+ctrl,0.1393542550401962,0
A204,BRD4+ctrl,0.3103073516807039,1
PK59,BRD4+ctrl,0.001,0
DETROIT562,BRD4+ctrl,0.1782998136334377,0
CADOES1,BRD4+ctrl,0.001,0
DAOY,BRD4+ctrl,0.1638560614210764,0
CAL120,BRD4+ctrl,0.1292978569606573,0
A375,BRD4+ctrl,0.001,0
SNU398,BRD4+ctrl,0.0989966755736275,0
ASPC1,BRD4+ctrl,0.0795475888077377,0
BICR31,BRD4+ctrl,0.1414596881335867,0
KALS1,BRD4+ctrl,0.2326152281950568,1
U251MG,BRD4+ctrl,0.1267352363234383,0
PANC0403,BRD4+ctrl,0.0995574183413232,0
JHOM1,BRD4+ctrl,0.1777615439377841,0
RT4,BRD4+ctrl,0.001,0
DANG,BRD4+ctrl,0.001,0
DKMG,BRD4+ctrl,0.001,0
KMRC20,BRD4+ctrl,0.001,0
LS1034,BRD4+ctrl,0.001,0
LMSU,BRD4+ctrl,0.2560928709991124,1
KELLY,BRD4+ctrl,0.001,0
SKNAS,BRD4+ctrl,0.0082939687382519,0
RERFLCAI,BRD4+ctrl,0.1260917026084884,0
CALU6,BRD4+ctrl,0.1009222962575044,0
SNU213,BRD4+ctrl,0.001,0
SNU245,BRD4+ctrl,0.3865345302529823,1
HPAC,BRD4+ctrl,0.001,0
SF539,BRD4+ctrl,0.001,0
HS852T,BRD4+ctrl,0.001,0
HCC38,BRD4+ctrl,0.2272313104387346,1
HCC1419,BRD4+ctrl,0.1403121926415138,0
COV362,BRD4+ctrl,0.1077620684226725,0
EWS502,BRD4+ctrl,0.2631742794393804,1
SNU840,BRD4+ctrl,0.1847127998361784,0
KP2,BRD4+ctrl,0.0313827864817763,0
BT549,BRD4+ctrl,0.001,0
SNU466,BRD4+ctrl,0.001,0
NCIH841,BRD4+ctrl,0.001,0
OUMS23,BRD4+ctrl,0.001,0
SNU1077,BRD4+ctrl,0.0965637932631005,0
ECGI10,BRD4+ctrl,0.001,0
PK1,BRD4+ctrl,0.1491459495676924,0
SKLU1,BRD4+ctrl,0.001,0
NCIH2122,BRD4+ctrl,0.1031095070516737,0
SKNBE2,BRD4+ctrl,0.2004954361185085,1
KMRC3,BRD4+ctrl,0.001,0
SNU886,BRD4+ctrl,0.001,0
TE10,BRD4+ctrl,0.0559822878755703,0
MPP89,BRD4+ctrl,0.001,0
PSN1,BRD4+ctrl,0.001,0
HT144,BRD4+ctrl,0.001,0
42MGBA,BRD4+ctrl,0.0410227527911103,0
JHOC5,BRD4+ctrl,0.001,0
CCFSTTG1,BRD4+ctrl,0.001,0
ISTMES2,BRD4+ctrl,0.001,0
YAPC,BRD4+ctrl,0.001,0
MSTO211H,BRD4+ctrl,0.001,0
NCIH522,BRD4+ctrl,0.001,0
SNU668,BRD4+ctrl,0.001,0
QGP1,BRD4+ctrl,0.001,0
MKN1,BRD4+ctrl,0.168151956623778,0
HCC1428,BRD4+ctrl,0.1083786893605578,0
MG63,BRD4+ctrl,0.317754580025984,1
SKHEP1,BRD4+ctrl,0.1960405544060388,0
NCIH226,BRD4+ctrl,0.001,0
SNU1105,BRD4+ctrl,0.001,0
HCC1143,BRD4+ctrl,0.001,0
G402,BRD4+ctrl,0.2158615662736011,1
OE33,BRD4+ctrl,0.1096679484165542,0
SW780,BRD4+ctrl,0.0163646936596881,0
LUDLU1,BRD4+ctrl,0.1251809752589664,0
MHHES1,BRD4+ctrl,0.1232480339417184,0
HLF,BRD4+ctrl,0.001,0
NCIH520,BRD4+ctrl,0.0506559889728066,0
J82,BRD4+ctrl,0.0397179539000051,0
TEN,BRD4+ctrl,0.001,0
NCIH747,BRD4+ctrl,0.0100655254558783,0
K029AX,BRD4+ctrl,0.1461175648184347,0
SNU685,BRD4+ctrl,0.2323987597100547,1
TE5,BRD4+ctrl,0.0060020570878301,0
769P,BRD4+ctrl,0.2832580251620156,1
NCIH1944,BRD4+ctrl,0.001,0
NCIH838,BRD4+ctrl,0.0805003627975792,0
PANC0813,BRD4+ctrl,0.17569242191079,0
SW1353,BRD4+ctrl,0.0014260797588628,0
SW837,BRD4+ctrl,0.0491772635235321,0
SKMEL3,BRD4+ctrl,0.0392218768933311,0
UACC62,BRD4+ctrl,0.1077868305550879,0
NCIN87,BRD4+ctrl,0.001,0
UO31,BRD4+ctrl,0.1016334649626055,0
A704,BRD4+ctrl,0.001,0
SW1088,BRD4+ctrl,0.001,0
SH4,BRD4+ctrl,0.2581022722670583,1
LU99,BRD4+ctrl,0.2853687060376647,1
KNS60,BRD4+ctrl,0.001,0
MESSA,BRD4+ctrl,0.2642336229914466,1
MELHO,BRD4+ctrl,0.001,0
TE8,BRD4+ctrl,0.001,0
HCC95,BRD4+ctrl,0.1279952131259586,0
BCPAP,BRD4+ctrl,0.1235676758683288,0
CAL54,BRD4+ctrl,0.001,0
CJM,BRD4+ctrl,0.137798960611419,0
SNU1196,BRD4+ctrl,0.1308063475181096,0
NCIH460,BRD4+ctrl,0.1539752368773292,0
HCC56,BRD4+ctrl,0.001,0
PK45H,BRD4+ctrl,0.001,0
YH13,BRD4+ctrl,0.001,0
LI7,BRD4+ctrl,0.001,0
HSC2,BRD4+ctrl,0.2186618148677492,1
RT112,BRD4+ctrl,0.0438104040017999,0
JHH4,BRD4+ctrl,0.001,0
MALME3M,BRD4+ctrl,0.1995505831629856,0
KNS81,BRD4+ctrl,0.001,0
HUH7,BRD4+ctrl,0.001,0
NCIH2170,BRD4+ctrl,0.0274648033725481,0
RERFLCKJ,BRD4+ctrl,0.0715678744811469,0
VMRCRCW,BRD4+ctrl,0.0963193464145428,0
KU1919,BRD4+ctrl,0.0852203142823129,0
TE11,BRD4+ctrl,0.0641691474395312,0
SNU423,BRD4+ctrl,0.0682227571056272,0
TUHR4TKB,BRD4+ctrl,0.001,0
NCIH1792,BRD4+ctrl,0.001,0
SNU46,BRD4+ctrl,0.100515174036654,0
TCCPAN2,BRD4+ctrl,0.1724288975387606,0
BICR16,BRD4+ctrl,0.0391005767414865,0
RKN,BRD4+ctrl,0.001,0
NCIH1299,BRD4+ctrl,0.2058492445683928,1
CAL78,BRD4+ctrl,0.0464586376497533,0
SNU410,BRD4+ctrl,0.001,0
NCIH2030,BRD4+ctrl,0.0217848264252308,0
KURAMOCHI,BRD4+ctrl,0.2042039826947053,1
OVISE,BRD4+ctrl,0.1218567878562073,0
ABC1,BRD4+ctrl,0.0584659498642731,0
SNU61,BRD4+ctrl,0.0404979349662676,0
BXPC3,BRD4+ctrl,0.001,0
SNU761,BRD4+ctrl,0.2025969511457814,1
HEYA8,BRD4+ctrl,0.1203557173880516,0
OE21,BRD4+ctrl,0.1981192411241672,0
VMCUB1,BRD4+ctrl,0.0514823735505614,0
SNU1076,BRD4+ctrl,0.001,0
HT29,BRD4+ctrl,0.2282166525129706,1
SQ1,BRD4+ctrl,0.5033011457823343,1
A172,BRD4+ctrl,0.001,0
TT,BRD4+ctrl,0.2858439593031907,1
HCC78,BRD4+ctrl,0.001,0
EBC1,BRD4+ctrl,0.3117454373981524,1
RCM1,BRD4+ctrl,0.1294711006234086,0
SW1710,BRD4+ctrl,0.2359176863795735,1
ISTMES1,BRD4+ctrl,0.2221285945063165,1
YKG1,BRD4+ctrl,0.0625474855605912,0
T98G,BRD4+ctrl,0.1520089001473854,0
G361,BRD4+ctrl,0.2140447186807521,1
MDAMB436,BRD4+ctrl,0.001,0
UACC257,BRD4+ctrl,0.0911336451079647,0
COLO741,BRD4+ctrl,0.001,0
NCIH1975,BRD4+ctrl,0.1903378165504328,0
NCIH1437,BRD4+ctrl,0.1718845872925369,0
TM31,BRD4+ctrl,0.001,0
BC3C,BRD4+ctrl,0.001,0
LN229,BRD4+ctrl,0.001,0
PATU8902,BRD4+ctrl,0.001,0
MIAPACA2,BRD4+ctrl,0.301806708522863,1
BEN,BRD4+ctrl,0.2951229959857389,1
TE6,BRD4+ctrl,0.0805240596937033,0
SF126,BRD4+ctrl,0.0555952463211298,0
HOS,BRD4+ctrl,0.1598704697310325,0
RVH421,BRD4+ctrl,0.1070804438471251,0
SNU1041,BRD4+ctrl,0.0986870205819371,0
PECAPJ15,BRD4+ctrl,0.0573237597672748,0
JHH1,BRD4+ctrl,0.1737210457724126,0
KNS42,BRD4+ctrl,0.001,0
HCC1806,BRD4+ctrl,0.001,0
HEP3B217,BRD4+ctrl,0.2280801036507869,1
LCLC103H,BRD4+ctrl,0.1345815590309843,0
NCIH596,BRD4+ctrl,0.2120320598167985,1
YD8,BRD4+ctrl,0.001,0
HS944T,BRD4+ctrl,0.1595868796947743,0
KYSE520,BRD4+ctrl,0.0273469910348067,0
HDQP1,BRD4+ctrl,0.001,0
TE1,BRD4+ctrl,0.001,0
NCIH28,BRD4+ctrl,0.001,0
IGR37,BRD4+ctrl,0.1544259757823702,0
SW620,BRD4+ctrl,0.0396513247060847,0
A2780,BRD4+ctrl,0.1710336986122791,0
WM1799,BRD4+ctrl,0.0651611905067607,0
CORL23,BRD4+ctrl,0.0182312727448532,0
OVTOKO,BRD4+ctrl,0.2760581931473738,1
SKMES1,BRD4+ctrl,0.0639856794271225,0
NCIH1355,BRD4+ctrl,0.001,0
HCC44,BRD4+ctrl,0.1699844888762056,0
SW900,BRD4+ctrl,0.001,0
SBC5,BRD4+ctrl,0.031629234408139,0
HUH6,BRD4+ctrl,0.001,0
IALM,BRD4+ctrl,0.0860950962420403,0
NUGC4,BRD4+ctrl,0.001,0
SW1573,BRD4+ctrl,0.001,0
MKN7,BRD4+ctrl,0.001,0
OE19,BRD4+ctrl,0.0786454078315601,0
SW948,BRD4+ctrl,0.0955243047186411,0
A549,BRD4+ctrl,0.001,0
SNU1066,BRD4+ctrl,0.246392838801491,1
KMRC1,BRD4+ctrl,0.001,0
L33,BRD4+ctrl,0.001,0
OV7,BRD4+ctrl,0.001,0
KYSE180,BRD4+ctrl,0.1443842737856073,0
TE9,BRD4+ctrl,0.001,0
OVCAR8,BRD4+ctrl,0.1688189982073897,0
OAW42,BRD4+ctrl,0.0739372002477242,0
CAOV3,BRD4+ctrl,0.0382719839424345,0
SNU1214,BRD4+ctrl,0.001,0
TT2609C02,BRD4+ctrl,0.1149221088973948,0
COLO680N,BRD4+ctrl,0.034786065382435,0
RMGI,BRD4+ctrl,0.1525514579155515,0
TCCSUP,BRD4+ctrl,0.1696343263885353,0
YD10B,BRD4+ctrl,0.1663676147370679,0
HT1376,BRD4+ctrl,0.0115287364801173,0
TE14,BRD4+ctrl,0.3107418878369296,1
SKMEL5,BRD4+ctrl,0.001,0
PECAPJ41CLONED2,BRD4+ctrl,0.1792233598951328,0
NCIH1838,BRD4+ctrl,0.001,0
JHH5,BRD4+ctrl,0.3458156477583068,1
PECAPJ49,BRD4+ctrl,0.1892486542570141,0
SNU601,BRD4+ctrl,0.4215481650899294,1
GB1,BRD4+ctrl,0.001,0
UBLC1,BRD4+ctrl,0.0747902357608489,0
NCIH1623,BRD4+ctrl,0.001,0
NCIH1703,BRD4+ctrl,0.001,0
SJSA1,BRD4+ctrl,0.0917653028248211,0
DMS273,BRD4+ctrl,0.2412279653445608,1
LOXIMVI,BRD4+ctrl,0.1859770599185948,0
JMSU1,BRD4+ctrl,0.001,0
GI1,BRD4+ctrl,0.0861301996023027,0
MKN74,BRD4+ctrl,0.0029442686080827,0
MDAMB175VII,BRD4+ctrl,0.001,0
YD38,BRD4+ctrl,0.3667957011391607,1
SH10TC,BRD4+ctrl,0.2804686158477086,1
WM983B,BRD4+ctrl,0.001,0
NCIH1648,BRD4+ctrl,0.0564686353980405,0
MDAMB231,BRD4+ctrl,0.001,0
LK2,BRD4+ctrl,0.0326192348249958,0
BICR56,BRD4+ctrl,0.2779978847143542,1
RERFLCAD2,BRD4+ctrl,0.001,0
NCIH727,BRD4+ctrl,0.0055619291406648,0
ONS76,BRD4+ctrl,0.1071489755576845,0
KYSE30,BRD4+ctrl,0.1748734202407761,0
HSC3,BRD4+ctrl,0.2195462672831718,1
NCIH2023,BRD4+ctrl,0.001,0
CAMA1,BRD4+ctrl,0.0833565393982299,0
KYSE70,BRD4+ctrl,0.001,0
NCIH2126,BRD4+ctrl,0.001,0
LXF289,BRD4+ctrl,0.2217256197094683,1
A2058,BRD4+ctrl,0.1165461980288498,0
RERFLCAD1,BRD4+ctrl,0.001,0
BFTC909,BRD4+ctrl,0.001,0
MCAS,BRD4+ctrl,0.1681003762003526,0
NCIH446,BRD4+ctrl,0.0409030347979698,0
BFTC905,BRD4+ctrl,0.2495630124585517,1
COLO668,BRD4+ctrl,0.0705776777401689,0
NB1,BRD4+ctrl,0.1250462276968356,0
COLO679,BRD4+ctrl,0.2762667066057558,1
HUH28,BRD4+ctrl,0.001,0
KYSE410,BRD4+ctrl,0.3141876388503728,1
SKMEL30,BRD4+ctrl,0.1951921230272474,0
SKOV3,BRD4+ctrl,0.1918378140470125,0
COLO783,BRD4+ctrl,0.001,0
T3M10,BRD4+ctrl,0.3074246414451002,1
HS939T,BRD4+ctrl,0.001,0
LN18,BRD4+ctrl,0.2546352275869893,1
SKMEL24,BRD4+ctrl,0.001,0
KYSE140,BRD4+ctrl,0.065859762040594,0
KYSE510,BRD4+ctrl,0.1641623618431872,0
WM793,BRD4+ctrl,0.0626384366744636,0
CAL27,BRD4+ctrl,0.0207747425723932,0
RH30,BRD4+ctrl,0.001,0
UMUC1,BRD4+ctrl,0.1124191179930561,0
GCT,BRD4+ctrl,0.001,0
YD15,BRD4+ctrl,0.113321798505603,0
NCIH322,BRD4+ctrl,0.1389932241882875,0
SCABER,BRD4+ctrl,0.001,0
HCC366,BRD4+ctrl,0.001,0
NCIH2087,BRD4+ctrl,0.2125654200559791,1
SW480,BRD4+ctrl,0.001,0
HARA,BRD4+ctrl,0.001,0
NCIH1373,BRD4+ctrl,0.1796459024852355,0
FADU,BRD4+ctrl,0.201948420787587,1
HGC27,BRD4+ctrl,0.256458180080755,1
JHH7,BRD4+ctrl,0.001,0
MDAMB468,BRD4+ctrl,0.1641454770034255,0
NCIH1435,BRD4+ctrl,0.001,0
NCIH661,BRD4+ctrl,0.0545128273296977,0
KYSE150,BRD4+ctrl,0.1830327645050935,0
CAL51,BRD4+ctrl,0.0432614190332096,0
KNS62,BRD4+ctrl,0.001,0
NCIH358,BRD4+ctrl,0.001,0
KMBC2,BRD4+ctrl,0.1243028850930765,0
DBTRG05MG,BRD4+ctrl,0.0297860472534794,0
NCIH1048,BRD4+ctrl,0.001,0
HCC1195,BRD4+ctrl,0.0805275471313546,0
NCIH1568,BRD4+ctrl,0.0862468738405777,0
KYSE270,BRD4+ctrl,0.2512098074410693,1
NCIH2347,BRD4+ctrl,0.1185505370318397,0
HCC15,BRD4+ctrl,0.0731127689720034,0
MFE296,BRD4+ctrl,0.130166514587292,0
AGS,BRD4+ctrl,0.2042063821565137,1
MELJUSO,BRD4+ctrl,0.001,0
IGR1,BRD4+ctrl,0.2354766322315185,1
TOV21G,BRD4+ctrl,0.001,0
NCIH2009,BRD4+ctrl,0.1331704449716404,0
NCIH1793,BRD4+ctrl,0.001,0
SW1271,BRD4+ctrl,0.0050825570300904,0
HCC1438,BRD4+ctrl,0.2080022157613875,1
NCIH1563,BRD4+ctrl,0.001,0
NCIH1651,BRD4+ctrl,0.001,0
CL34,BRD4+ctrl,0.001,0
647V,BRD4+ctrl,0.1830191074940874,0
FTC238,BRD4+ctrl,0.1032349832377561,0
SNU719,BRD4+ctrl,0.1517046317327889,0
WM88,BRD4+ctrl,0.001,0
NCIH23,BRD4+ctrl,0.001,0
HCC1359,BRD4+ctrl,0.001,0
FTC133,BRD4+ctrl,0.0007958668420058324,0
5637,BRD4+ctrl,0.001,0
ES2,BRD4+ctrl,0.001,0
JHUEM2,BRD4+ctrl,0.1856633082036585,0
NUGC3,BRD4+ctrl,0.001,0
ESS1,BRD4+ctrl,0.001,0
IPC298,BRD4+ctrl,0.2952128770831523,1
NCIH1573,BRD4+ctrl,0.001,0
TE4,BRD4+ctrl,0.001,0
IM95,BRD4+ctrl,0.2279244890274627,1
NCIH1339,BRD4+ctrl,0.001,0
NCIH2172,BRD4+ctrl,0.0702116039423265,0
HT55,BRD4+ctrl,0.001,0
BT474,BRD4+ctrl,0.001,0
EFO27,BRD4+ctrl,0.001,0
SKUT1,BRD4+ctrl,0.2042722266114462,1
AN3CA,BRD4+ctrl,0.001,0
HEC1B,BRD4+ctrl,0.3840282311419843,1
RKO,BRD4+ctrl,0.1246305140702597,0
NCIH650,BRD4+ctrl,0.0564373368902004,0
HEC265,BRD4+ctrl,0.2304119093300841,1
OVK18,BRD4+ctrl,0.001,0
2313287,BRD4+ctrl,0.0912731452474124,0
LOVO,BRD4+ctrl,0.1828746914259618,0
HEC1A,BRD4+ctrl,0.001,0
SNU407,BRD4+ctrl,0.0176191220418644,0
22RV1,BRD4+ctrl,0.1971299333172034,0
LS180,BRD4+ctrl,0.1808148080631495,0
SW48,BRD4+ctrl,0.001,0
SNUC4,BRD4+ctrl,0.2719429216766097,1
ISHIKAWAHERAKLIO02ER,BRD4+ctrl,0.2295223340791451,1
OC314,BRD4+ctrl,0.001,0
RL952,BRD4+ctrl,0.001,0
IGROV1,BRD4+ctrl,0.001,0
SNUC2A,BRD4+ctrl,0.001,0
COLO792,BRD4+ctrl,0.001,0
SNUC5,BRD4+ctrl,0.001,0
HCT116,BRD4+ctrl,0.1753257777782035,0
HEC151,BRD4+ctrl,0.2817225494307681,1
639V,BRD4+ctrl,0.214886616356649,1
SNGM,BRD4+ctrl,0.002043043426275,0
HUCCT1,BRD4+ctrl,0.0268982526560512,0
LNCAPCLONEFGC,BRD4+ctrl,0.2690486442565681,1
EN,BRD4+ctrl,0.001,0
DU145,BRD4+ctrl,0.0522602820599973,0
GP2D,BRD4+ctrl,0.2964570674375627,1
HEC6,BRD4+ctrl,0.1453201359565239,0
LS411N,BRD4+ctrl,0.2485499156374968,1
MEWO,BRD4+ctrl,0.001,0
MFE319,BRD4+ctrl,0.124114614848016,0
HEC108,BRD4+ctrl,0.001,0
SNU81,BRD4+ctrl,0.001,0
HEC59,BRD4+ctrl,0.23529353509661,1
HEC251,BRD4+ctrl,0.001,0
HCT15,BRD4+ctrl,0.2018318469683619,1
BECKER,BRD4+ctrl,0.001,0
CHL1,BRD4+ctrl,0.2001264124126127,1
NCIH292,BRD4+ctrl,0.001,0
LC1SQSF,BRD4+ctrl,0.1616071875142963,0
MON,BRD4+ctrl,0.62210526476901,1
OC316,BRD4+ctrl,0.2243197119218017,1
SKMEL2,BRD4+ctrl,0.001,0
WM2664,BRD4+ctrl,0.001,0
8305C,BRD4+ctrl,0.2253397324110235,1
8505C,BRD4+ctrl,0.001,0
PLCPRF5,BRD4+ctrl,0.0122089138575641,0
TT,BRD4+ctrl,0.1821145081787142,0
NIHOVCAR3,BRD4+ctrl,0.102662947216237,0
HL60,BRD4+ctrl,0.280979106931349,1
HEL,BRD4+ctrl,0.1955423304513776,0
MONOMAC6,BRD4+ctrl,0.179538487244332,0
C2BBE1,BRD4+ctrl,0.1297101474147074,0
T24,BRD4+ctrl,0.001,0
MHHCALL2,BRD4+ctrl,0.001,0
NCIH1693,BRD4+ctrl,0.1326902327365442,0
OPM2,BRD4+ctrl,0.261291132972514,1
EHEB,BRD4+ctrl,0.057716671961398,0
MV411,BRD4+ctrl,0.4265753926477896,1
NCIH929,BRD4+ctrl,0.001,0
KARPAS299,BRD4+ctrl,0.001,0
HT1080,BRD4+ctrl,0.001,0
D283MED,BRD4+ctrl,0.001,0
DOHH2,BRD4+ctrl,0.3631061371696228,1
ML1,BRD4+ctrl,0.1371369526573239,0
SUPB15,BRD4+ctrl,0.4081316138178363,1
HH,BRD4+ctrl,0.410215994587911,1
OCIAML5,BRD4+ctrl,0.1515211963319545,0
HS683,BRD4+ctrl,0.1312910954424576,0
697,BRD4+ctrl,0.2171253750074465,1
MEG01,BRD4+ctrl,0.295739137248254,1
GRANTA519,BRD4+ctrl,0.001,0
KU812,BRD4+ctrl,0.3317170380645391,1
U87MG,BRD4+ctrl,0.0606407484009653,0
MHHNB11,BRD4+ctrl,0.001,0
GDM1,BRD4+ctrl,0.1853485173503775,0
HPAFII,BRD4+ctrl,0.1701281500765076,0
RH41,BRD4+ctrl,0.001,0
KE37,BRD4+ctrl,0.3859080148784584,1
GMS10,BRD4+ctrl,0.001,0
CAOV4,BRD4+ctrl,0.001,0
LOUCY,BRD4+ctrl,0.2901415600665836,1
ALLSIL,BRD4+ctrl,0.1910118579145463,0
JVM2,BRD4+ctrl,0.2154101811549346,1
HCC1187,BRD4+ctrl,0.001,0
SIGM5,BRD4+ctrl,0.62210526476901,1
OCIAML2,BRD4+ctrl,0.3844397430958166,1
SU8686,BRD4+ctrl,0.1665247624722791,0
VCAP,BRD4+ctrl,0.1768143893441142,0
OAW28,BRD4+ctrl,0.001,0
CHP212,BRD4+ctrl,0.2781257115726286,1
NCIH2405,BRD4+ctrl,0.001,0
OCILY19,BRD4+ctrl,0.2435335299936442,1
NCIH1341,BRD4+ctrl,0.001,0
HS940T,BRD4+ctrl,0.1715308319571589,0
CHP126,BRD4+ctrl,0.1202932377404516,0
RERFGC1B,BRD4+ctrl,0.2125748167254242,1
SKLMS1,BRD4+ctrl,0.2222658089744159,1
THP1,BRD4+ctrl,0.001,0
HS578T,BRD4+ctrl,0.001,0
SKNSH,BRD4+ctrl,0.1696093005159186,0
JM1,BRD4+ctrl,0.1607309176666077,0
A4FUK,BRD4+ctrl,0.2234965628016388,1
OSRC2,BRD4+ctrl,0.1611360508596759,0
GA10,BRD4+ctrl,0.3576251483048482,1
NOMO1,BRD4+ctrl,0.188982309364161,0
SCC9,BRD4+ctrl,0.3204865121502211,1
L363,BRD4+ctrl,0.0962282712103315,0
SCC25,BRD4+ctrl,0.1476457328217385,0
HDMYZ,BRD4+ctrl,0.001,0
KARPAS620,BRD4+ctrl,0.3141649566255096,1
HCC1599,BRD4+ctrl,0.1866278254961982,0
TALL1,BRD4+ctrl,0.001,0
EOL1,BRD4+ctrl,0.1663047772806893,0
NMCG1,BRD4+ctrl,0.001,0
LP1,BRD4+ctrl,0.1356902181124061,0
HUPT4,BRD4+ctrl,0.1309124384330735,0
JHH6,BRD4+ctrl,0.1649465602044951,0
PL21,BRD4+ctrl,0.1838458437071283,0
HCC1937,BRD4+ctrl,0.001,0
ECC12,BRD4+ctrl,0.2922232038736616,1
SUPM2,BRD4+ctrl,0.001,0
KPNYN,BRD4+ctrl,0.001,0
DEL,BRD4+ctrl,0.0968570066115556,0
SW1417,BRD4+ctrl,0.2026209454793329,1
SCC4,BRD4+ctrl,0.1790118670164754,0
BL41,BRD4+ctrl,0.2080650197676362,1
OCUM1,BRD4+ctrl,0.1326262712720943,0
AU565,BRD4+ctrl,0.1280775381501138,0
CL11,BRD4+ctrl,0.001,0
SCC15,BRD4+ctrl,0.1995039337936235,0
CORL279,BRD4+ctrl,0.1255249143261843,0
DU4475,BRD4+ctrl,0.1772292911835766,0
KASUMI1,BRD4+ctrl,0.3249526421689804,1
KP4,BRD4+ctrl,0.001,0
HDLM2,BRD4+ctrl,0.1033361373686929,0
AM38,BRD4+ctrl,0.001,0
SUDHL10,BRD4+ctrl,0.3865380954083433,1
NCIH1755,BRD4+ctrl,0.1512746414940722,0
NUDUL1,BRD4+ctrl,0.1933091915149357,0
NCIH209,BRD4+ctrl,0.001,0
OV90,BRD4+ctrl,0.0821758783346925,0
KLE,BRD4+ctrl,0.1991874879499806,0
NB4,BRD4+ctrl,0.315889212175138,1
EM2,BRD4+ctrl,0.2381794726497349,1
NCIH2029,BRD4+ctrl,0.001,0
LAMA84,BRD4+ctrl,0.0185766433205198,0
SNU5,BRD4+ctrl,0.001,0
WM115,BRD4+ctrl,0.001,0
EFO21,BRD4+ctrl,0.1482075274194013,0
KARPAS422,BRD4+ctrl,0.1675778091517159,0
JURLMK1,BRD4+ctrl,0.0762959486513606,0
NCIH1395,BRD4+ctrl,0.001,0
EFM19,BRD4+ctrl,0.1513490698388877,0
DB,BRD4+ctrl,0.2008840386280505,1
OCIAML3,BRD4+ctrl,0.1740858140677206,0
NCIH3122,BRD4+ctrl,0.2650710348165374,1
SR786,BRD4+ctrl,0.001,0
SKNFI,BRD4+ctrl,0.001,0
JVM3,BRD4+ctrl,0.0544122220674389,0
RPMI7951,BRD4+ctrl,0.001,0
HCC1500,BRD4+ctrl,0.1067640903066425,0
COLO678,BRD4+ctrl,0.001,0
TE15,BRD4+ctrl,0.1907446286807806,0
CAPAN1,BRD4+ctrl,0.1233023965326243,0
NCIH82,BRD4+ctrl,0.001,0
MKN45,BRD4+ctrl,0.1252154462525558,0
JEKO1,BRD4+ctrl,0.3730246697123629,1
NCIH69,BRD4+ctrl,0.1786130085253472,0
NCIH508,BRD4+ctrl,0.001,0
MOLM13,BRD4+ctrl,0.2743148266039624,1
SKMM2,BRD4+ctrl,0.2326546232447512,1
U2OS,BRD4+ctrl,0.001,0
SUDHL4,BRD4+ctrl,0.001,0
SKNDZ,BRD4+ctrl,0.001,0
MOLM16,BRD4+ctrl,0.001,0
RL,BRD4+ctrl,0.001,0
P12ICHIKAWA,BRD4+ctrl,0.1005960464268121,0
SKM1,BRD4+ctrl,0.001,0
SF295,BRD4+ctrl,0.1684709797881147,0
NCIH647,BRD4+ctrl,0.1247226085763367,0
NCIH1781,BRD4+ctrl,0.001,0
KMS12BM,BRD4+ctrl,0.4536196735897054,1
T84,BRD4+ctrl,0.001,0
KG1,BRD4+ctrl,0.2862777909703565,1
H4,BRD4+ctrl,0.1997410064801347,0
CALU3,BRD4+ctrl,0.1467605821656018,0
NCIH2081,BRD4+ctrl,0.001,0
NCIH2196,BRD4+ctrl,0.001,0
SKCO1,BRD4+ctrl,0.001,0
COLO800,BRD4+ctrl,0.001,0
SAOS2,BRD4+ctrl,0.278632186242178,1
SNU449,BRD4+ctrl,0.1053036319158784,0
SNU475,BRD4+ctrl,0.001,0
TC71,BRD4+ctrl,0.001,0
TYKNU,BRD4+ctrl,0.001,0
NCIH1694,BRD4+ctrl,0.001,0
BV173,BRD4+ctrl,0.1615651833081554,0
CAKI1,BRD4+ctrl,0.2820733431845709,1
NCIH1915,BRD4+ctrl,0.001,0
LU65,BRD4+ctrl,0.001,0
ME1,BRD4+ctrl,0.1619420902468434,0
CA46,BRD4+ctrl,0.2746603448542335,1
RERFLCSQ1,BRD4+ctrl,0.001,0
OVKATE,BRD4+ctrl,0.001,0
NCIH2228,BRD4+ctrl,0.001,0
NCIH1666,BRD4+ctrl,0.001,0
NCIH2085,BRD4+ctrl,0.127805034069469,0
CAS1,BRD4+ctrl,0.1859667239380853,0
SKMEL1,BRD4+ctrl,0.001,0
SW1463,BRD4+ctrl,0.0231491375604551,0
[MERGED,BRD4+ctrl,0.0702082970004952,0
HUH1,BRD4+ctrl,0.001,0
SNU387,BRD4+ctrl,0.2291389315615009,1
SNU182,BRD4+ctrl,0.2333260788108154,1
SW1116,BRD4+ctrl,0.001,0
NCIH716,BRD4+ctrl,0.1638759862884742,0
LS123,BRD4+ctrl,0.001,0
SNB75,BRD4+ctrl,0.2417001119910785,1
NCIH146,BRD4+ctrl,0.001,0
CORL88,BRD4+ctrl,0.001,0
NCIH1092,BRD4+ctrl,0.001,0
HCC33,BRD4+ctrl,0.001,0
CAL33,BRD4+ctrl,0.2534404776106639,1
UMUC3,BRD4+ctrl,0.001,0
NCIH2171,BRD4+ctrl,0.001,0
DMS114,BRD4+ctrl,0.001,0
WSUDLCL2,BRD4+ctrl,0.1051014644827397,0
BT20,BRD4+ctrl,0.001,0
HUTU80,BRD4+ctrl,0.038381992644905,0
HSC4,BRD4+ctrl,0.001,0
HT1197,BRD4+ctrl,0.216770058259727,1
BHY,BRD4+ctrl,0.1950210194195387,0
K562,BRD4+ctrl,0.001,0
UACC893,BRD4+ctrl,0.001,0
A498,BRD4+ctrl,0.1462568666656152,0
SIHA,BRD4+ctrl,0.1496281913076568,0
NCIH1836,BRD4+ctrl,0.001,0
ECC10,BRD4+ctrl,0.3883670684028422,1
ST486,BRD4+ctrl,0.2965896824290518,1
UACC812,BRD4+ctrl,0.001,0
FUOV1,BRD4+ctrl,0.3455314252996666,1
JHH2,BRD4+ctrl,0.001,0
C32,BRD4+ctrl,0.001,0
SNU16,BRD4+ctrl,0.001,0
MC116,BRD4+ctrl,0.18675658346256,0
EPLC272H,BRD4+ctrl,0.001,0
NCIH1876,BRD4+ctrl,0.001,0
LCLC97TM1,BRD4+ctrl,0.2691148128454198,1
KYM1,BRD4+ctrl,0.1654436465133067,0
NCIH2227,BRD4+ctrl,0.001,0
SUDHL6,BRD4+ctrl,0.2384813435751406,1
SKMEL28,BRD4+ctrl,0.001,0
HS746T,BRD4+ctrl,0.001,0
OVCAR4,BRD4+ctrl,0.1681382430151349,0
MDAMB157,BRD4+ctrl,0.0412273583262858,0
U266B1,BRD4+ctrl,0.001,0
KS1,BRD4+ctrl,0.2329476695681693,1
FU97,BRD4+ctrl,0.1900051893481394,0
RPMI8402,BRD4+ctrl,0.0834517401188361,0
NCIH441,BRD4+ctrl,0.0689589454365364,0
NCIH211,BRD4+ctrl,0.1944369560703892,0
SKMEL31,BRD4+ctrl,0.001,0
CMK,BRD4+ctrl,0.3944389001116525,1
COLO829,BRD4+ctrl,0.1086093770846035,0
786O,BRD4+ctrl,0.2846299626176184,1
SUIT2,BRD4+ctrl,0.2803973636477581,1
JJN3,BRD4+ctrl,0.1765395323763515,0
RAJI,BRD4+ctrl,0.1797068301330129,0
SF268,BRD4+ctrl,0.001,0
SUDHL8,BRD4+ctrl,0.1927694665248349,0
SUDHL5,BRD4+ctrl,0.2867186216128647,1
SUDHL1,BRD4+ctrl,0.001,0
HCC70,BRD4+ctrl,0.1626894871272546,0
NCIH1734,BRD4+ctrl,0.1187003432398901,0
RH18,BRD4+ctrl,0.1831560349499423,0
HCC2157,BRD4+ctrl,0.2128987906650907,1
A3KAW,BRD4+ctrl,0.4747054729205171,1
DMS53,BRD4+ctrl,0.001,0
HCC1395,BRD4+ctrl,0.2266508516305491,1
L1236,BRD4+ctrl,0.1101634997159562,0
DMS79,BRD4+ctrl,0.001,0
EKVX,BRD4+ctrl,0.0324853185372198,0
JIMT1,BRD4+ctrl,0.0889859712665969,0
KMS11,BRD4+ctrl,0.2063196615378373,1
NCIH2291,BRD4+ctrl,0.001,0
SNUC1,BRD4+ctrl,0.1779812053335457,0
HCC202,BRD4+ctrl,0.001,0
NCIH2066,BRD4+ctrl,0.001,0
NCIH1963,BRD4+ctrl,0.001,0
A253,BRD4+ctrl,0.001,0
CORL95,BRD4+ctrl,0.001,0
MOLP8,BRD4+ctrl,0.4020235007958528,1
OCIM1,BRD4+ctrl,0.242089564527848,1
NCIH196,BRD4+ctrl,0.001,0
L428,BRD4+ctrl,0.001,0
HCC2218,BRD4+ctrl,0.1120650106861771,0
A427,BRD4+ctrl,0.1084223722516825,0
NCIH526,BRD4+ctrl,0.2137505538997937,1
P31FUJ,BRD4+ctrl,0.001,0
TE441T,BRD4+ctrl,0.001,0
NCIH1105,BRD4+ctrl,0.001,0
DAUDI,BRD4+ctrl,0.1243697398764343,0
NCIH810,BRD4+ctrl,0.1994245719704794,0
SHP77,BRD4+ctrl,0.001,0
KATOIII,BRD4+ctrl,0.001,0
BICR22,BRD4+ctrl,0.001,0
MOLT13,BRD4+ctrl,0.3279638059657341,1
CL40,BRD4+ctrl,0.001,0
L540,BRD4+ctrl,0.001,0
KMH2,BRD4+ctrl,0.1210023817343105,0
NCIH524,BRD4+ctrl,0.001,0
RPMI8226,BRD4+ctrl,0.1776110850562633,0
BT483,BRD4+ctrl,0.001,0
EJM,BRD4+ctrl,0.001,0
HOP92,BRD4+ctrl,0.001,0
CAL12T,BRD4+ctrl,0.001,0
ZR7530,BRD4+ctrl,0.001,0
NCIH1436,BRD4+ctrl,0.001,0
AMO1,BRD4+ctrl,0.1193231645282518,0
CAL851,BRD4+ctrl,0.3079047956907024,1
HCC1954,BRD4+ctrl,0.001,0
HOP62,BRD4+ctrl,0.2654463673804185,1
COLO684,BRD4+ctrl,0.1179038605914442,0
KYSE450,BRD4+ctrl,0.2115509877658608,1
CHAGOK1,BRD4+ctrl,0.001,0
NCIH510,BRD4+ctrl,0.1268363312032502,0
RS411,BRD4+ctrl,0.1876220288188103,0
MDAMB415,BRD4+ctrl,0.0194247399083535,0
SW1783,BRD4+ctrl,0.001,0
NCIH1869,BRD4+ctrl,0.001,0
CAL148,BRD4+ctrl,0.2350894858458764,1
MDAMB453,BRD4+ctrl,0.1623269531657872,0
HT,BRD4+ctrl,0.1397993302700194,0
MOLT16,BRD4+ctrl,0.28756532519436,1
CMLT1,BRD4+ctrl,0.001,0
RCHACV,BRD4+ctrl,0.391475572445213,1
NCIH2110,BRD4+ctrl,0.0141475135652554,0
HCC1569,BRD4+ctrl,0.2301084546282095,1
SNU1,BRD4+ctrl,0.0858404372802054,0
MDAMB361,BRD4+ctrl,0.2009951989129526,1
MDST8,BRD4+ctrl,0.001,0
PF382,BRD4+ctrl,0.1911463480311056,0
NALM6,BRD4+ctrl,0.2815682660942846,1
NAMALWA,BRD4+ctrl,0.1012719581722331,0
TGBC11TKB,BRD4+ctrl,0.001,0
NCIH2342,BRD4+ctrl,0.186301646353018,0
SUPT1,BRD4+ctrl,0.2599343420416002,1
REH,BRD4+ctrl,0.1310306665709947,0
CCK81,BRD4+ctrl,0.1989054412311416,0
KM12,BRD4+ctrl,0.1318006969341029,0
NCIH1155,BRD4+ctrl,0.001,0
DND41,BRD4+ctrl,0.1966092625049219,0
KCL22,BRD4+ctrl,0.1324648247415305,0
HT115,BRD4+ctrl,0.001,0
JURKAT,BRD4+ctrl,0.001,0
CW2,BRD4+ctrl,0.001,0
SNU1040,BRD4+ctrl,0.001,0
451LU,BRD4+ctrl,0.2799766585208697,1
C3A,BRD4+ctrl,0.1077826294108593,0
CGTHW1,BRD4+ctrl,0.2939732520160507,1
COLO205,BRD4+ctrl,0.3380185430747906,1
CPCN,BRD4+ctrl,0.1035874093027634,0
DOV13,BRD4+ctrl,0.001,0
EB2,BRD4+ctrl,0.001,0
EVSAT,BRD4+ctrl,0.1265924657725501,0
HCC2998,BRD4+ctrl,0.0993572979779444,0
HELA,BRD4+ctrl,0.0869464736527041,0
HLE,BRD4+ctrl,0.1074700323859216,0
HN,BRD4+ctrl,0.001,0
KOPN8,BRD4+ctrl,0.001,0
KP1N,BRD4+ctrl,0.1091198402248619,0
M059J,BRD4+ctrl,0.2101192488476166,1
MOGGCCM,BRD4+ctrl,0.2360475046188349,1
MOGGUVW,BRD4+ctrl,0.164160723963523,0
MOLT4,BRD4+ctrl,0.1327652264634671,0
MS1,BRD4+ctrl,0.0373765568336592,0
NCIH187,BRD4+ctrl,0.001,0
NCIH1993,BRD4+ctrl,0.001,0
NCIH2141,BRD4+ctrl,0.001,0
OVCAR5,BRD4+ctrl,0.1172414995757371,0
RPMI6666,BRD4+ctrl,0.2457060080640838,1
SJRH30,BRD4+ctrl,0.130101153860967,0
SKPNDW,BRD4+ctrl,0.001,0
SNUC2B,BRD4+ctrl,0.1189376884942567,0
SUPHD1,BRD4+ctrl,0.0853239187494417,0
TK10,BRD4+ctrl,0.1263208244219311,0
UPCISCC090,BRD4+ctrl,0.104166015041978,0
VMRCLCD,BRD4+ctrl,0.001,0
SW982,BRD4+ctrl,0.3028525156132771,1
A431,BRD4+ctrl,0.1958567543996214,0
BICR10,BRD4+ctrl,0.1504211451990901,0
BICR78,BRD4+ctrl,0.1929349881336707,0
C33A,BRD4+ctrl,0.1632869720340887,0
C4I,BRD4+ctrl,0.2529724119803496,1
CASKI,BRD4+ctrl,0.3771638406000513,1
DOTC24510,BRD4+ctrl,0.2704833433491502,1
GIMEN,BRD4+ctrl,0.1489818794471373,0
GP5D,BRD4+ctrl,0.1850171664737495,0
HTCC3,BRD4+ctrl,0.1854396300521767,0
LAN6,BRD4+ctrl,0.001,0
MDAMB330,BRD4+ctrl,0.2186506375564139,1
ME180,BRD4+ctrl,0.2351988373005706,1
MS751,BRD4+ctrl,0.2556087415825052,1
NCIH1770,BRD4+ctrl,0.0978417339241933,0
NCIH2135,BRD4+ctrl,0.1340381635305678,0
NCIH345,BRD4+ctrl,0.001,0
NCIH847,BRD4+ctrl,0.001,0
OACM51,BRD4+ctrl,0.001,0
OV17R,BRD4+ctrl,0.001,0
PA1,BRD4+ctrl,0.3059658003729659,1
PWR1E,BRD4+ctrl,0.001,0
RO82W1,BRD4+ctrl,0.001,0
RPMI2650,BRD4+ctrl,0.2109514499726807,1
SW156,BRD4+ctrl,0.001,0
SW626,BRD4+ctrl,0.1693030709194486,0
SW954,BRD4+ctrl,0.3980081439678604,1
SW13,BRD4+ctrl,0.1054507384468819,0
SW756,BRD4+ctrl,0.001,0
UMC11,BRD4+ctrl,0.205117968882489,1
UWB1289,BRD4+ctrl,0.001,0
A388,BRD4+ctrl,0.2695546808502546,1
ASH3,BRD4+ctrl,0.0878844603954744,0
BPH1,BRD4+ctrl,0.33457482918194,1
CORL32,BRD4+ctrl,0.001,0
CORL321,BRD4+ctrl,0.001,0
EGI1,BRD4+ctrl,0.001,0
ESO26,BRD4+ctrl,0.001,0
ESO51,BRD4+ctrl,0.001,0
FARAGE,BRD4+ctrl,0.0496532500944886,0
FLO1,BRD4+ctrl,0.001,0
HEC1,BRD4+ctrl,0.1291747383407336,0
HEMCSS,BRD4+ctrl,0.001,0
HT3,BRD4+ctrl,0.2751926086415083,1
HUO9,BRD4+ctrl,0.2349134498454904,1
IHH4,BRD4+ctrl,0.1824800543623815,0
JAR,BRD4+ctrl,0.001,0
JEG3,BRD4+ctrl,0.0937683796963113,0
KON,BRD4+ctrl,0.1260210557461145,0
KYAE1,BRD4+ctrl,0.001,0
LU135,BRD4+ctrl,0.001,0
NCIH1417,BRD4+ctrl,0.1896685662626518,0
NCIH64,BRD4+ctrl,0.3438266593006673,1
NH12,BRD4+ctrl,0.001,0
NO10,BRD4+ctrl,0.242542472987807,1
NO11,BRD4+ctrl,0.1812713442791547,0
OSC19,BRD4+ctrl,0.1726306092854368,0
OSC20,BRD4+ctrl,0.0997324369624482,0
PEO1,BRD4+ctrl,0.001,0
RCK8,BRD4+ctrl,0.001,0
ROS50,BRD4+ctrl,0.1199523345462618,0
SAT,BRD4+ctrl,0.1596882794139215,0
SCC3,BRD4+ctrl,0.001,0
SISO,BRD4+ctrl,0.2718286350064253,1
SKGT2,BRD4+ctrl,0.001,0
SKGT4,BRD4+ctrl,0.001,0
SKN,BRD4+ctrl,0.0602554840582458,0
[MERGED,BRD4+ctrl,0.001,0
TGW,BRD4+ctrl,0.001,0
U698M,BRD4+ctrl,0.001,0
VAESBJ,BRD4+ctrl,0.1782885417220806,0
VAL,BRD4+ctrl,0.1586951754295283,0
VMRCMELG,BRD4+ctrl,0.06502928127324,0
WSUNHL,BRD4+ctrl,0.001,0
PFSK1,BRD4+ctrl,0.001,0
CAL72,BRD4+ctrl,0.2361532450211442,1
GOTO,BRD4+ctrl,0.1306356271582895,0
CCRFCEM,BRD4+ctrl,0.2594210195995096,1
201T,BRD4+ctrl,0.2540952809644253,1
BB65RCC,BRD4+ctrl,0.001,0
CAL39,BRD4+ctrl,0.1442364967625027,0
CHSA0011,BRD4+ctrl,0.001,0
CHSA0108,BRD4+ctrl,0.0943567845456384,0
CHSA8926,BRD4+ctrl,0.001,0
CP50MELB,BRD4+ctrl,0.0016199586289014,0
CP66MEL,BRD4+ctrl,0.001,0
CS1,BRD4+ctrl,0.0257528118720471,0
DJM1,BRD4+ctrl,0.168003056903868,0
EMCBAC1,BRD4+ctrl,0.001,0
EMCBAC2,BRD4+ctrl,0.001,0
ES1,BRD4+ctrl,0.001,0
ES3,BRD4+ctrl,0.1017991449492615,0
ES4,BRD4+ctrl,0.001,0
ES5,BRD4+ctrl,0.1107351519298155,0
ES6,BRD4+ctrl,0.001,0
ES7,BRD4+ctrl,0.001,0
ES8,BRD4+ctrl,0.2146645557901874,1
EW1,BRD4+ctrl,0.001,0
EW11,BRD4+ctrl,0.1140712720705441,0
EW13,BRD4+ctrl,0.1974516826482103,0
EW16,BRD4+ctrl,0.0908320639641599,0
EW18,BRD4+ctrl,0.001,0
EW22,BRD4+ctrl,0.001,0
EW24,BRD4+ctrl,0.001,0
EW3,BRD4+ctrl,0.001,0
EW7,BRD4+ctrl,0.001,0
GAK,BRD4+ctrl,0.001,0
GMEL,BRD4+ctrl,0.001,0
H2369,BRD4+ctrl,0.0981319489011345,0
NCIH2373,BRD4+ctrl,0.001,0
NCIH2461,BRD4+ctrl,0.044959729175978,0
NCIH2591,BRD4+ctrl,0.0876143806186857,0
NCIH2595,BRD4+ctrl,0.1181194591033976,0
NCIH2722,BRD4+ctrl,0.1195880453447604,0
NCIH2731,BRD4+ctrl,0.1541693255615532,0
NCIH2795,BRD4+ctrl,0.001,0
NCIH2803,BRD4+ctrl,0.1111427333664796,0
NCIH2804,BRD4+ctrl,0.1000712810508036,0
NCIH2810,BRD4+ctrl,0.001,0
NCIH2818,BRD4+ctrl,0.2582866209516155,1
NCIH2869,BRD4+ctrl,0.001,0
H290,BRD4+ctrl,0.001,0
H513,BRD4+ctrl,0.001,0
HA7RCC,BRD4+ctrl,0.2067467064637059,1
HEY,BRD4+ctrl,0.001,0
HSC39,BRD4+ctrl,0.001,0
HUO3N1,BRD4+ctrl,0.001,0
ISTMEL1,BRD4+ctrl,0.1657558366299185,0
ISTSL1,BRD4+ctrl,0.2282052322486797,1
ISTSL2,BRD4+ctrl,0.1123980107286105,0
JHOS3,BRD4+ctrl,0.001,0
K2,BRD4+ctrl,0.001,0
K5,BRD4+ctrl,0.001,0
KGN,BRD4+ctrl,0.2963538965773841,1
LB1047RCC,BRD4+ctrl,0.001,0
LB2241RCC,BRD4+ctrl,0.001,0
LB2518MEL,BRD4+ctrl,0.001,0
LB373MELD,BRD4+ctrl,0.001,0
LB647SCLC,BRD4+ctrl,0.001,0
LB996RCC,BRD4+ctrl,0.0954572704456584,0
LC1SQ,BRD4+ctrl,0.1006827378421962,0
LC2AD,BRD4+ctrl,0.1981905625502887,0
LU99A,BRD4+ctrl,0.200204773049386,1
M14,BRD4+ctrl,0.1893070165466369,0
MCIXC,BRD4+ctrl,0.1620390284997763,0
MKN28,BRD4+ctrl,0.184891251361549,0
MMACSF,BRD4+ctrl,0.001,0
MRKNU1,BRD4+ctrl,0.001,0
MZ1PC,BRD4+ctrl,0.2056994217304874,1
MZ2MEL,BRD4+ctrl,0.001,0
MZ7MEL,BRD4+ctrl,0.2006189108860757,1
NCC010,BRD4+ctrl,0.001,0
NCC021,BRD4+ctrl,0.001,0
NCIH1304,BRD4+ctrl,0.1100335861601826,0
NCIH1688,BRD4+ctrl,0.1332803929014923,0
NCIH322M,BRD4+ctrl,0.001,0
NCIH720,BRD4+ctrl,0.001,0
NCIH748,BRD4+ctrl,0.2714564002702759,1
NCIH835,BRD4+ctrl,0.001,0
NY,BRD4+ctrl,0.001,0
OCUBM,BRD4+ctrl,0.1652507998165694,0
OMC1,BRD4+ctrl,0.0305505620237092,0
OVCA420,BRD4+ctrl,0.001,0
OVCA433,BRD4+ctrl,0.001,0
OVMIU,BRD4+ctrl,0.3611724280314609,1
PC3JPC3,BRD4+ctrl,0.001,0
PL18,BRD4+ctrl,0.1719550723724894,0
PL4,BRD4+ctrl,0.001,0
RCCAB,BRD4+ctrl,0.001,0
RCCER,BRD4+ctrl,0.001,0
RCCFG2,BRD4+ctrl,0.001,0
RCCJF,BRD4+ctrl,0.001,0
RCCJW,BRD4+ctrl,0.001,0
RCCMF,BRD4+ctrl,0.001,0
RH1,BRD4+ctrl,0.001,0
RXF393,BRD4+ctrl,0.001,0
SBC1,BRD4+ctrl,0.1532992081333342,0
SBC3,BRD4+ctrl,0.2672590168615989,1
SCH,BRD4+ctrl,0.001,0
SN12C,BRD4+ctrl,0.001,0
SW962,BRD4+ctrl,0.0882561046072319,0
TCYIK,BRD4+ctrl,0.3426587740737636,1
TMK1,BRD4+ctrl,0.0282215333028905,0
[MERGED,BRD4+ctrl,0.2727277416139391,1
WM1552C,BRD4+ctrl,0.0784215734314133,0
WM278,BRD4+ctrl,0.1731246019787212,0
WM35,BRD4+ctrl,0.2683208099969376,1
ALLPO,BRD4+ctrl,0.1953670514228596,0
ARH77,BRD4+ctrl,0.257010985751653,1
BALL1,BRD4+ctrl,0.001,0
BB30HNC,BRD4+ctrl,0.5090879712655907,1
BB49HNC,BRD4+ctrl,0.0007223345336505593,0
BC1,BRD4+ctrl,0.4123021168765167,1
BC3,BRD4+ctrl,0.1321800709013977,0
BE13,BRD4+ctrl,0.1390368052421858,0
BE2M17,BRD4+ctrl,0.2354488459409864,1
CESS,BRD4+ctrl,0.2412408446621718,1
COLO320HSR,BRD4+ctrl,0.001,0
CROAP2,BRD4+ctrl,0.001,0
CTB1,BRD4+ctrl,0.188346693815491,0
CTV1,BRD4+ctrl,0.0866147589126052,0
D247MG,BRD4+ctrl,0.1602253844144057,0
D263MG,BRD4+ctrl,0.001,0
D336MG,BRD4+ctrl,0.1697931080944473,0
D392MG,BRD4+ctrl,0.1269769675694585,0
D423MG,BRD4+ctrl,0.001,0
D502MG,BRD4+ctrl,0.1003296776626322,0
D542MG,BRD4+ctrl,0.1528737423859349,0
D566MG,BRD4+ctrl,0.001,0
DG75,BRD4+ctrl,0.001,0
DIFI,BRD4+ctrl,0.001,0
DOK,BRD4+ctrl,0.1114720531172515,0
DSH1,BRD4+ctrl,0.1850780331692707,0
EB3,BRD4+ctrl,0.1289698717508179,0
ETK1,BRD4+ctrl,0.1057988186007811,0
GRST,BRD4+ctrl,0.2071545071481376,1
H3118,BRD4+ctrl,0.2253499895036649,1
H9,BRD4+ctrl,0.2297594946827313,1
HAL01,BRD4+ctrl,0.3301940872628045,1
HC1,BRD4+ctrl,0.001,0
HCE4,BRD4+ctrl,0.001,0
HO1N1,BRD4+ctrl,0.1286716648070914,0
HS445,BRD4+ctrl,0.001,0
HS633T,BRD4+ctrl,0.275644872538096,1
IM9,BRD4+ctrl,0.001,0
IMR5,BRD4+ctrl,0.3095699916585668,1
JHU011,BRD4+ctrl,0.1749961143244506,0
JHU022,BRD4+ctrl,0.001,0
JHU029,BRD4+ctrl,0.1408606721180485,0
JIYOYEP2003,BRD4+ctrl,0.1799906227287706,0
JSC1,BRD4+ctrl,0.3646074139752641,1
KARPAS1106P,BRD4+ctrl,0.1923419388000454,0
KARPAS231,BRD4+ctrl,0.1915845657957332,0
KARPAS45,BRD4+ctrl,0.2160469754556764,1
KINGS1,BRD4+ctrl,0.001,0
KMOE2,BRD4+ctrl,0.2372645213919878,1
KNS81FD,BRD4+ctrl,0.001,0
KOSC2,BRD4+ctrl,0.2274305416875142,1
KPNYS,BRD4+ctrl,0.3812264344173605,1
KY821,BRD4+ctrl,0.001,0
KYSE220,BRD4+ctrl,0.1698960731471357,0
KYSE50,BRD4+ctrl,0.2989761944732952,1
LB771HNC,BRD4+ctrl,0.2059777738383227,1
LB831BLC,BRD4+ctrl,0.1287994163194633,0
LC41,BRD4+ctrl,0.2092840213268751,1
LN405,BRD4+ctrl,0.001,0
LNZTA3WT4,BRD4+ctrl,0.1755673387902893,0
MCCAR,BRD4+ctrl,0.1639894225555401,0
MFHINO,BRD4+ctrl,0.001,0
MHHPREB1,BRD4+ctrl,0.2406687431644639,1
ML2,BRD4+ctrl,0.1651012706486245,0
MLMA,BRD4+ctrl,0.0972321592281081,0
MN60,BRD4+ctrl,0.1524815650339978,0
MYM12,BRD4+ctrl,0.3118139136179064,1
NBTU110,BRD4+ctrl,0.2336682647588668,1
NB10,BRD4+ctrl,0.001,0
NB12,BRD4+ctrl,0.1630186824827448,0
NB13,BRD4+ctrl,0.001,0
NB14,BRD4+ctrl,0.1852284310768899,0
NB17,BRD4+ctrl,0.1549145357251677,0
NB5,BRD4+ctrl,0.001,0
NB6,BRD4+ctrl,0.0599141352728238,0
NB7,BRD4+ctrl,0.2346314601929015,1
NCIH630,BRD4+ctrl,0.1346082399484381,0
NEC8,BRD4+ctrl,0.2198852267693696,1
NK92MI,BRD4+ctrl,0.001,0
NKM1,BRD4+ctrl,0.2621138104965803,1
NTERA2CLD1,BRD4+ctrl,0.3109265152742164,1
OACP4C,BRD4+ctrl,0.001,0
P32ISH,BRD4+ctrl,0.2887596442569659,1
PCI15A,BRD4+ctrl,0.001,0
PCI30,BRD4+ctrl,0.001,0
PCI38,BRD4+ctrl,0.001,0
PCI4B,BRD4+ctrl,0.2217135766322424,1
PCI6A,BRD4+ctrl,0.2249749110022568,1
QIMRWIL,BRD4+ctrl,0.2077672338779002,1
RAMOS2G64C10,BRD4+ctrl,0.1483806307739196,0
RF48,BRD4+ctrl,0.1820480594310803,0
RPMI8866,BRD4+ctrl,0.001,0
SKMG1,BRD4+ctrl,0.001,0
SKN3,BRD4+ctrl,0.001,0
STS0421,BRD4+ctrl,0.1038782653340231,0
SUDHL16,BRD4+ctrl,0.2628868374947348,1
SUPB8,BRD4+ctrl,0.001,0
SW684,BRD4+ctrl,0.0627796493269092,0
SW872,BRD4+ctrl,0.1761813363996377,0
TE12,BRD4+ctrl,0.001,0
TGBC24TKB,BRD4+ctrl,0.2085792284275984,1
TK,BRD4+ctrl,0.001,0
TUR,BRD4+ctrl,0.001,0
[MERGED,BRD4+ctrl,0.104166015041978,0
WIL2NS,BRD4+ctrl,0.2228264760013683,1
YT,BRD4+ctrl,0.2205548919641959,1
LS513,BCL2+ctrl,0.001,0
A101D,BCL2+ctrl,0.0913678395401003,0
253J,BCL2+ctrl,0.484092555942795,1
HCC827,BCL2+ctrl,0.1013601954815974,0
ONCODG1,BCL2+ctrl,0.4373648129051863,1
HS294T,BCL2+ctrl,0.0403779519114098,0
NCIH1581,BCL2+ctrl,0.1012627735964526,0
T24,BCL2+ctrl,0.001,0
MCF7,BCL2+ctrl,0.0402584853330331,0
NCIH1693,BCL2+ctrl,0.235671144071313,1
PATU8988S,BCL2+ctrl,0.2804818962824837,1
PATU8988T,BCL2+ctrl,0.1819389529180859,0
253JBV,BCL2+ctrl,0.1289927993033017,0
GOS3,BCL2+ctrl,0.0647029128525982,0
NCIH1650,BCL2+ctrl,0.001,0
S117,BCL2+ctrl,0.0269526696979719,0
U118MG,BCL2+ctrl,0.1679694351004323,0
PANC0203,BCL2+ctrl,0.0594909357251438,0
ACHN,BCL2+ctrl,0.0738272604316375,0
GCIY,BCL2+ctrl,0.1590507368943265,0
TOV112D,BCL2+ctrl,0.1762872953159223,0
A673,BCL2+ctrl,0.0674590045175729,0
HT1080,BCL2+ctrl,0.001,0
PANC1005,BCL2+ctrl,0.1764544570597654,0
RERFLCMS,BCL2+ctrl,0.001,0
HCC4006,BCL2+ctrl,0.0778305488785132,0
G292CLONEA141B1,BCL2+ctrl,0.1387274193633821,0
SKES1,BCL2+ctrl,0.2308364340228323,1
PC3,BCL2+ctrl,0.0330668730714478,0
OV56,BCL2+ctrl,0.0582073393958204,0
NCIH2452,BCL2+ctrl,0.0360822322954346,0
G401,BCL2+ctrl,0.1275124791121709,0
ZR751,BCL2+ctrl,0.001,0
GAMG,BCL2+ctrl,0.0950708446909281,0
SIMA,BCL2+ctrl,0.0321365386321368,0
GMS10,BCL2+ctrl,0.0375756123078323,0
CAPAN2,BCL2+ctrl,0.0497125323027481,0
KP3,BCL2+ctrl,0.0538405631652484,0
EFM192A,BCL2+ctrl,0.1684681884046528,0
COV434,BCL2+ctrl,0.1220060313688229,0
JHOS2,BCL2+ctrl,0.0628211969328293,0
HS729,BCL2+ctrl,0.0439069781550867,0
8MGBA,BCL2+ctrl,0.001,0
CFPAC1,BCL2+ctrl,0.1004888627483631,0
PANC0327,BCL2+ctrl,0.0356334628540897,0
SNU308,BCL2+ctrl,0.1123719672470072,0
CAL29,BCL2+ctrl,0.0728893489950258,0
T47D,BCL2+ctrl,0.1622775380957513,0
NCIH2052,BCL2+ctrl,0.3085401731795207,1
SW1990,BCL2+ctrl,0.0188464070546416,0
OSRC2,BCL2+ctrl,0.0816864874136701,0
CORL105,BCL2+ctrl,0.0861910296334286,0
SW579,BCL2+ctrl,0.2993144920899864,1
PANC1,BCL2+ctrl,0.1048854393671803,0
RD,BCL2+ctrl,0.3376982223278005,1
VMRCRCZ,BCL2+ctrl,0.1636631325313023,0
TM87,BCL2+ctrl,0.0391420038363291,0
CAL62,BCL2+ctrl,0.0532850326202694,0
LOUNH91,BCL2+ctrl,0.1934995119716691,0
HS766T,BCL2+ctrl,0.0819580357426927,0
SNU869,BCL2+ctrl,0.0211896563265449,0
NCIH2444,BCL2+ctrl,0.1594807689819836,0
SCC25,BCL2+ctrl,0.0971721609933931,0
RCC10RGB,BCL2+ctrl,0.1242758716295071,0
BHT101,BCL2+ctrl,0.1550310455802297,0
MFE280,BCL2+ctrl,0.0726528200958084,0
PK59,BCL2+ctrl,0.069407348529917,0
DETROIT562,BCL2+ctrl,0.001,0
SNU1079,BCL2+ctrl,0.3614447843809928,1
CADOES1,BCL2+ctrl,0.1551926751416938,0
DAOY,BCL2+ctrl,0.1407841591506452,0
CAL120,BCL2+ctrl,0.2256626294254736,1
JHH6,BCL2+ctrl,0.001,0
A375,BCL2+ctrl,0.1175874046830697,0
SNU398,BCL2+ctrl,0.001,0
ASPC1,BCL2+ctrl,0.108106855915067,0
HCC1937,BCL2+ctrl,0.0881601587326863,0
BICR31,BCL2+ctrl,0.1063686162509733,0
KALS1,BCL2+ctrl,0.2343948573559561,1
U251MG,BCL2+ctrl,0.0715907159077237,0
PANC0403,BCL2+ctrl,0.0404508947336184,0
JHOM1,BCL2+ctrl,0.2273377124352963,1
RT4,BCL2+ctrl,0.001,0
DANG,BCL2+ctrl,0.0504082600408529,0
DKMG,BCL2+ctrl,0.1805076154475575,0
KMRC20,BCL2+ctrl,0.1030920305826075,0
LS1034,BCL2+ctrl,0.1544906093383358,0
LMSU,BCL2+ctrl,0.1133675319092221,0
KELLY,BCL2+ctrl,0.0542399175914596,0
SKNAS,BCL2+ctrl,0.1604926746785937,0
RERFLCAI,BCL2+ctrl,0.275018901208538,1
CALU6,BCL2+ctrl,0.07633138264388,0
KP4,BCL2+ctrl,0.1004321128448307,0
SNU213,BCL2+ctrl,0.1200096467718004,0
SNU245,BCL2+ctrl,0.001,0
HPAC,BCL2+ctrl,0.2903612778540688,1
SF539,BCL2+ctrl,0.001,0
HS852T,BCL2+ctrl,0.3032465884270463,1
HCC38,BCL2+ctrl,0.142394415479207,0
HCC1419,BCL2+ctrl,0.1062257269637918,0
COV362,BCL2+ctrl,0.0296150874166367,0
EWS502,BCL2+ctrl,0.037927288409138,0
SNU840,BCL2+ctrl,0.0459825511688863,0
KP2,BCL2+ctrl,0.1510291891875377,0
BT549,BCL2+ctrl,0.0406344192463806,0
SNU466,BCL2+ctrl,0.001,0
NCIH841,BCL2+ctrl,0.001,0
OUMS23,BCL2+ctrl,0.1173606934827585,0
SNU1077,BCL2+ctrl,0.001,0
ECGI10,BCL2+ctrl,0.0987033418392269,0
PK1,BCL2+ctrl,0.064944987017697,0
EFO21,BCL2+ctrl,0.085271474319351,0
SKNBE2,BCL2+ctrl,0.3081850254044539,1
KMRC3,BCL2+ctrl,0.0430998873427437,0
SNU886,BCL2+ctrl,0.0663592538029331,0
TE10,BCL2+ctrl,0.0568328579967802,0
MPP89,BCL2+ctrl,0.2822907453981537,1
HT144,BCL2+ctrl,0.0529564315140965,0
42MGBA,BCL2+ctrl,0.0412286984837031,0
JHOC5,BCL2+ctrl,0.3748162359967154,1
CCFSTTG1,BCL2+ctrl,0.001,0
ISTMES2,BCL2+ctrl,0.0959215404124197,0
YAPC,BCL2+ctrl,0.0306466680203242,0
MSTO211H,BCL2+ctrl,0.001,0
NCIH522,BCL2+ctrl,0.117960048784417,0
SNU668,BCL2+ctrl,0.0789651030704781,0
QGP1,BCL2+ctrl,0.001,0
MKN1,BCL2+ctrl,0.0809200778505344,0
HCC1428,BCL2+ctrl,0.3429279295452854,1
MKN45,BCL2+ctrl,0.001,0
MG63,BCL2+ctrl,0.2365180415473653,1
SKHEP1,BCL2+ctrl,0.0160256636797385,0
U2OS,BCL2+ctrl,0.1923657734039526,0
NCIH226,BCL2+ctrl,0.001,0
SNU1105,BCL2+ctrl,0.0196998820383141,0
HCC1143,BCL2+ctrl,0.0284836408938364,0
G402,BCL2+ctrl,0.0611607094591104,0
SF295,BCL2+ctrl,0.001,0
OE33,BCL2+ctrl,0.0642973178340358,0
SW780,BCL2+ctrl,0.2430322708045234,1
LUDLU1,BCL2+ctrl,0.001,0
MHHES1,BCL2+ctrl,0.0570055992525138,0
HLF,BCL2+ctrl,0.1270181683499607,0
NCIH520,BCL2+ctrl,0.001,0
J82,BCL2+ctrl,0.1283624070073012,0
TEN,BCL2+ctrl,0.071370324112346,0
COLO800,BCL2+ctrl,0.0529566342275577,0
NCIH747,BCL2+ctrl,0.0224942336633735,0
K029AX,BCL2+ctrl,0.001,0
SNU685,BCL2+ctrl,0.3509233485414426,1
TE5,BCL2+ctrl,0.1064885542616758,0
769P,BCL2+ctrl,0.0233565671720721,0
NCIH1944,BCL2+ctrl,0.112311550506004,0
BICR6,BCL2+ctrl,0.4343841010710835,1
NCIH838,BCL2+ctrl,0.0819760297824538,0
PANC0813,BCL2+ctrl,0.0377845498537167,0
SW1353,BCL2+ctrl,0.1015436252556596,0
SNU449,BCL2+ctrl,0.0302977500015382,0
SW837,BCL2+ctrl,0.0746629409429839,0
SKMEL3,BCL2+ctrl,0.0215778433629368,0
NCIN87,BCL2+ctrl,0.1303912342057203,0
UO31,BCL2+ctrl,0.0921723164538854,0
A704,BCL2+ctrl,0.1837262152283105,0
CAKI1,BCL2+ctrl,0.055402957280302,0
NCIH1915,BCL2+ctrl,0.0425634773789547,0
SW1088,BCL2+ctrl,0.0396452168765343,0
SH4,BCL2+ctrl,0.0272152980668597,0
LU99,BCL2+ctrl,0.0820496615941163,0
KNS60,BCL2+ctrl,0.0952363093690191,0
NCIH2228,BCL2+ctrl,0.1647882074952703,0
MESSA,BCL2+ctrl,0.001,0
MELHO,BCL2+ctrl,0.1060022075962552,0
TE8,BCL2+ctrl,0.0888917802980011,0
HCC95,BCL2+ctrl,0.0069977211237841,0
BCPAP,BCL2+ctrl,0.3262794676535041,1
CAL54,BCL2+ctrl,0.001,0
CJM,BCL2+ctrl,0.0228536848422281,0
SNU1196,BCL2+ctrl,0.001,0
NCIH460,BCL2+ctrl,0.0169262083882982,0
HCC56,BCL2+ctrl,0.0724076690895978,0
PK45H,BCL2+ctrl,0.0668022717609309,0
YH13,BCL2+ctrl,0.0545137615160742,0
LI7,BCL2+ctrl,0.5212171603355827,1
HSC2,BCL2+ctrl,0.056691917496608,0
RT112,BCL2+ctrl,0.0383206323768868,0
MALME3M,BCL2+ctrl,0.0242668290243985,0
KNS81,BCL2+ctrl,0.0569706356246192,0
NCIH2170,BCL2+ctrl,0.052834153487975,0
RERFLCKJ,BCL2+ctrl,0.1469825640619004,0
VMRCRCW,BCL2+ctrl,0.1250355435949407,0
KU1919,BCL2+ctrl,0.0420931135623318,0
TE11,BCL2+ctrl,0.078115161371747,0
SNU423,BCL2+ctrl,0.1305232845227477,0
TUHR4TKB,BCL2+ctrl,0.0743559316246111,0
NCIH1792,BCL2+ctrl,0.1854663489931935,0
SNU46,BCL2+ctrl,0.2131768355215334,1
TCCPAN2,BCL2+ctrl,0.0550793530976133,0
BICR16,BCL2+ctrl,0.2608771015334926,1
RKN,BCL2+ctrl,0.0376597029638876,0
CAL78,BCL2+ctrl,0.0074145194818787,0
NCIH2030,BCL2+ctrl,0.0679293961117424,0
KURAMOCHI,BCL2+ctrl,0.2525847539023254,1
OVISE,BCL2+ctrl,0.2972865369997991,1
ABC1,BCL2+ctrl,0.0288657605739744,0
SNU61,BCL2+ctrl,0.068280303113319,0
BXPC3,BCL2+ctrl,0.001,0
SNU761,BCL2+ctrl,0.1068215688310537,0
HEYA8,BCL2+ctrl,0.0755224950855716,0
OE21,BCL2+ctrl,0.3366565558700426,1
VMCUB1,BCL2+ctrl,0.0522572060632211,0
SNU1076,BCL2+ctrl,0.1097635872193842,0
HT29,BCL2+ctrl,0.001,0
SQ1,BCL2+ctrl,0.0967445848895476,0
A172,BCL2+ctrl,0.0958188344174275,0
TT,BCL2+ctrl,0.0609995652015928,0
HCC78,BCL2+ctrl,0.0586705215212495,0
EBC1,BCL2+ctrl,0.3444209785605872,1
RCM1,BCL2+ctrl,0.1604143046637439,0
SW1710,BCL2+ctrl,0.0484899067563755,0
ISTMES1,BCL2+ctrl,0.0158444672902348,0
T98G,BCL2+ctrl,0.0747295106650807,0
G361,BCL2+ctrl,0.0793451959991282,0
MDAMB436,BCL2+ctrl,0.1316898191374391,0
UACC257,BCL2+ctrl,0.042191046950269,0
COLO741,BCL2+ctrl,0.0867090062960961,0
NCIH1975,BCL2+ctrl,0.0564544358061194,0
NCIH1437,BCL2+ctrl,0.0367840997424689,0
TM31,BCL2+ctrl,0.3431605542567087,1
BC3C,BCL2+ctrl,0.1356019607533067,0
LN229,BCL2+ctrl,0.0223330954666205,0
PATU8902,BCL2+ctrl,0.0903353336412946,0
MIAPACA2,BCL2+ctrl,0.2425614329258008,1
BEN,BCL2+ctrl,0.1378859604140829,0
TE6,BCL2+ctrl,0.0350986331247957,0
HOS,BCL2+ctrl,0.0703898294790619,0
RVH421,BCL2+ctrl,0.1760413171541798,0
SNU1041,BCL2+ctrl,0.0252816485035918,0
PECAPJ15,BCL2+ctrl,0.0837312772853259,0
JHH1,BCL2+ctrl,0.1350839636965995,0
KNS42,BCL2+ctrl,0.1580979360765959,0
HCC1806,BCL2+ctrl,0.0965866110710921,0
HEP3B217,BCL2+ctrl,0.1595697898067993,0
LCLC103H,BCL2+ctrl,0.0556509411200675,0
YD8,BCL2+ctrl,0.0078614253130431,0
HS944T,BCL2+ctrl,0.0859495291606378,0
KYSE520,BCL2+ctrl,0.0600704319433067,0
HDQP1,BCL2+ctrl,0.0807390153839441,0
TE1,BCL2+ctrl,0.0212432923594744,0
NCIH28,BCL2+ctrl,0.0325847968530326,0
786O,BCL2+ctrl,0.0614315338097554,0
IGR37,BCL2+ctrl,0.0536485015567023,0
SW620,BCL2+ctrl,0.0912256731577736,0
SUIT2,BCL2+ctrl,0.1860334875487097,0
WM1799,BCL2+ctrl,0.0616913362616307,0
CORL23,BCL2+ctrl,0.0402221629841432,0
OVTOKO,BCL2+ctrl,0.1921945545138724,0
SKMES1,BCL2+ctrl,0.0495915827824431,0
NCIH1355,BCL2+ctrl,0.001,0
HCC44,BCL2+ctrl,0.1344107791337818,0
SW900,BCL2+ctrl,0.0687185526971332,0
SBC5,BCL2+ctrl,0.001,0
HUH6,BCL2+ctrl,0.0822906436296496,0
IALM,BCL2+ctrl,0.0574444500569275,0
NUGC4,BCL2+ctrl,0.1070437487798792,0
SW1573,BCL2+ctrl,0.0716341510306345,0
MKN7,BCL2+ctrl,0.1049844547352224,0
OE19,BCL2+ctrl,0.0568994881007183,0
SW948,BCL2+ctrl,0.1325032160038931,0
A549,BCL2+ctrl,0.1030307629613418,0
SNU1066,BCL2+ctrl,0.0990449963904862,0
KMRC1,BCL2+ctrl,0.001,0
L33,BCL2+ctrl,0.001,0
OV7,BCL2+ctrl,0.1077660368961102,0
KYSE180,BCL2+ctrl,0.0214296994480889,0
TE9,BCL2+ctrl,0.001,0
OVCAR8,BCL2+ctrl,0.0513627409057468,0
RMUGS,BCL2+ctrl,0.0620716049008703,0
OAW42,BCL2+ctrl,0.0990278408884195,0
JIMT1,BCL2+ctrl,0.1439454557284722,0
CAOV3,BCL2+ctrl,0.15915209346797,0
SNU1214,BCL2+ctrl,0.0633361058987279,0
TT2609C02,BCL2+ctrl,0.1023668115866835,0
COLO680N,BCL2+ctrl,0.074257922653135,0
RMGI,BCL2+ctrl,0.1943437959780793,0
TCCSUP,BCL2+ctrl,0.0346938524072047,0
YD10B,BCL2+ctrl,0.0315792448146097,0
HT1376,BCL2+ctrl,0.1198303446648507,0
TE14,BCL2+ctrl,0.1143804040664376,0
SKMEL5,BCL2+ctrl,0.116208111447648,0
NCIH1838,BCL2+ctrl,0.239915064872457,1
JHH5,BCL2+ctrl,0.102364820582965,0
PECAPJ49,BCL2+ctrl,0.0304778221584862,0
GB1,BCL2+ctrl,0.0753780615436481,0
UBLC1,BCL2+ctrl,0.0413665919338875,0
NCIH1623,BCL2+ctrl,0.001,0
NCIH1703,BCL2+ctrl,0.1370394660243313,0
SJSA1,BCL2+ctrl,0.067428919270817,0
DMS273,BCL2+ctrl,0.090489487087831,0
JMSU1,BCL2+ctrl,0.0564410405305463,0
GI1,BCL2+ctrl,0.3742603990336153,1
MKN74,BCL2+ctrl,0.0419864204277626,0
MDAMB175VII,BCL2+ctrl,0.4518114878362033,1
YD38,BCL2+ctrl,0.0661070712397081,0
SH10TC,BCL2+ctrl,0.0997135501786078,0
WM983B,BCL2+ctrl,0.2421482379459328,1
NCIH1648,BCL2+ctrl,0.2008477994788661,1
MDAMB231,BCL2+ctrl,0.222721956708803,1
LK2,BCL2+ctrl,0.07160849685246,0
BICR56,BCL2+ctrl,0.001,0
RERFLCAD2,BCL2+ctrl,0.001,0
NCIH727,BCL2+ctrl,0.08412441095369,0
ONS76,BCL2+ctrl,0.0906067389325694,0
KYSE30,BCL2+ctrl,0.0302011749845015,0
HSC3,BCL2+ctrl,0.0332701720814458,0
NCIH2023,BCL2+ctrl,0.099739099073286,0
CAMA1,BCL2+ctrl,0.1747236564688874,0
KYSE70,BCL2+ctrl,0.07655807554895,0
NCIH2126,BCL2+ctrl,0.1327791888044748,0
LXF289,BCL2+ctrl,0.073335661751069,0
A2058,BCL2+ctrl,0.0230887501069761,0
RERFLCAD1,BCL2+ctrl,0.1110131378613318,0
BFTC909,BCL2+ctrl,0.1092871921771629,0
MCAS,BCL2+ctrl,0.0855719804953514,0
NCIH446,BCL2+ctrl,0.2380037551371566,1
BFTC905,BCL2+ctrl,0.0652141410400189,0
COLO668,BCL2+ctrl,0.2498101902155325,1
NB1,BCL2+ctrl,0.0545298747133211,0
COLO679,BCL2+ctrl,0.0227549137676521,0
HUH28,BCL2+ctrl,0.0870352572736306,0
KYSE410,BCL2+ctrl,0.1551459868117064,0
SKMEL30,BCL2+ctrl,0.001,0
SKOV3,BCL2+ctrl,0.0729095637687831,0
COLO783,BCL2+ctrl,0.1741202302840306,0
T3M10,BCL2+ctrl,0.1044022427131455,0
HS939T,BCL2+ctrl,0.0649111147800209,0
LN18,BCL2+ctrl,0.055854795732206,0
SKMEL24,BCL2+ctrl,0.001,0
KYSE140,BCL2+ctrl,0.057752682387784,0
KYSE510,BCL2+ctrl,0.001,0
WM793,BCL2+ctrl,0.001,0
CAL27,BCL2+ctrl,0.0424237430632459,0
RH30,BCL2+ctrl,0.0185411235460175,0
UMUC1,BCL2+ctrl,0.1687376859400365,0
GCT,BCL2+ctrl,0.0698059942429513,0
NCIH322,BCL2+ctrl,0.0563661925810025,0
SCABER,BCL2+ctrl,0.0772015026387006,0
HCC366,BCL2+ctrl,0.1512673609392965,0
NCIH2087,BCL2+ctrl,0.0740627003237787,0
SW480,BCL2+ctrl,0.0607513812055312,0
NCIH1373,BCL2+ctrl,0.1312268688554861,0
FADU,BCL2+ctrl,0.0495460290589049,0
HGC27,BCL2+ctrl,0.2072146051905874,1
JHH7,BCL2+ctrl,0.2478788350124676,1
MDAMB468,BCL2+ctrl,0.1062884492349602,0
NCIH1435,BCL2+ctrl,0.1575244679287093,0
NCIH661,BCL2+ctrl,0.2168367827127254,1
KYSE150,BCL2+ctrl,0.001,0
CAL51,BCL2+ctrl,0.1192481706829389,0
KNS62,BCL2+ctrl,0.0770846927019619,0
NCIH358,BCL2+ctrl,0.0496116362289962,0
KMBC2,BCL2+ctrl,0.2363123407435923,1
DBTRG05MG,BCL2+ctrl,0.1255069111766469,0
NCIH1048,BCL2+ctrl,0.1802891653249777,0
HCC1195,BCL2+ctrl,0.3307609695050559,1
NCIH1568,BCL2+ctrl,0.0478614773864528,0
KYSE270,BCL2+ctrl,0.0380812808997718,0
NCIH2347,BCL2+ctrl,0.0561702406063495,0
HCC15,BCL2+ctrl,0.3121477668581545,1
MFE296,BCL2+ctrl,0.0425786841435266,0
AGS,BCL2+ctrl,0.2347378343799376,1
MELJUSO,BCL2+ctrl,0.0495200948311557,0
IGR1,BCL2+ctrl,0.0859154756220902,0
MDAMB435S,BCL2+ctrl,0.001,0
TOV21G,BCL2+ctrl,0.0828264916957897,0
NCIH2009,BCL2+ctrl,0.001,0
NCIH1793,BCL2+ctrl,0.0118453713855875,0
SW1271,BCL2+ctrl,0.1677215637793989,0
HCC1438,BCL2+ctrl,0.1163722872354041,0
NCIH1563,BCL2+ctrl,0.0910054516183904,0
NCIH1651,BCL2+ctrl,0.0512320060493682,0
CL34,BCL2+ctrl,0.0897288372203015,0
647V,BCL2+ctrl,0.0293492713619052,0
FTC238,BCL2+ctrl,0.0393967322564537,0
SNU719,BCL2+ctrl,0.001,0
WM88,BCL2+ctrl,0.1299440762164161,0
NCIH23,BCL2+ctrl,0.1312713611883209,0
HCC1359,BCL2+ctrl,0.1859040118080903,0
FTC133,BCL2+ctrl,0.2492682934895443,1
5637,BCL2+ctrl,0.245079189705254,1
JHUEM2,BCL2+ctrl,0.1074535362497672,0
NUGC3,BCL2+ctrl,0.1329939144779655,0
ESS1,BCL2+ctrl,0.1213286605240004,0
IPC298,BCL2+ctrl,0.0338981722878729,0
NCIH1573,BCL2+ctrl,0.6522611380117505,1
TE4,BCL2+ctrl,0.2868887767754307,1
IM95,BCL2+ctrl,0.1226844408040009,0
NCIH1339,BCL2+ctrl,0.001,0
HT55,BCL2+ctrl,0.001,0
BT474,BCL2+ctrl,0.0173596520793735,0
NCIH2110,BCL2+ctrl,0.0227328177895743,0
EFO27,BCL2+ctrl,0.0404523838661555,0
SKUT1,BCL2+ctrl,0.1370063726988002,0
HEC1B,BCL2+ctrl,0.1113963916524738,0
RKO,BCL2+ctrl,0.0775890442296012,0
HEC265,BCL2+ctrl,0.001,0
2313287,BCL2+ctrl,0.0482313874238603,0
LOVO,BCL2+ctrl,0.0698551505693167,0
HEC1A,BCL2+ctrl,0.4930155303507667,1
SNU407,BCL2+ctrl,0.1265683806058175,0
22RV1,BCL2+ctrl,0.001,0
LS180,BCL2+ctrl,0.0823445415316445,0
SW48,BCL2+ctrl,0.001,0
SNUC4,BCL2+ctrl,0.1537683240692953,0
ISHIKAWAHERAKLIO02ER,BCL2+ctrl,0.1734835938791983,0
OC314,BCL2+ctrl,0.0581931438057141,0
RL952,BCL2+ctrl,0.1482070565413438,0
IGROV1,BCL2+ctrl,0.0347293872534755,0
SNUC2A,BCL2+ctrl,0.1009452264448358,0
COLO792,BCL2+ctrl,0.503386351233902,1
SNUC5,BCL2+ctrl,0.001,0
HCT116,BCL2+ctrl,0.001,0
HEC151,BCL2+ctrl,0.1599966422410704,0
639V,BCL2+ctrl,0.1364810338917095,0
SNGM,BCL2+ctrl,0.2204277541158077,1
HUCCT1,BCL2+ctrl,0.0765757502780477,0
LNCAPCLONEFGC,BCL2+ctrl,0.1419598269448261,0
EN,BCL2+ctrl,0.0882388125818556,0
DU145,BCL2+ctrl,0.1341787489647745,0
GP2D,BCL2+ctrl,0.3407563735185245,1
HEC6,BCL2+ctrl,0.0577646693445814,0
MEWO,BCL2+ctrl,0.001,0
MFE319,BCL2+ctrl,0.1036896617416138,0
HEC108,BCL2+ctrl,0.3066533636415529,1
SNU81,BCL2+ctrl,0.001,0
HEC59,BCL2+ctrl,0.0451015454906311,0
HEC251,BCL2+ctrl,0.1670825631274926,0
HCT15,BCL2+ctrl,0.050381253300045,0
BECKER,BCL2+ctrl,0.1267658207493669,0
CHL1,BCL2+ctrl,0.001,0
NCIH292,BCL2+ctrl,0.0586878194621793,0
LC1SQSF,BCL2+ctrl,0.0580006665103464,0
OC316,BCL2+ctrl,0.0446232768280108,0
SKMEL2,BCL2+ctrl,0.1195021317720892,0
WM2664,BCL2+ctrl,0.0725249177126364,0
8305C,BCL2+ctrl,0.0915703627069239,0
8505C,BCL2+ctrl,0.0854672307588442,0
PLCPRF5,BCL2+ctrl,0.0953907521867269,0
TT,BCL2+ctrl,0.019276903648411,0
NIHOVCAR3,BCL2+ctrl,0.0919060314411995,0
HL60,BCL2+ctrl,0.4221904854761601,1
MONOMAC6,BCL2+ctrl,0.1462894407966116,0
C2BBE1,BCL2+ctrl,0.1411680796110955,0
MHHCALL2,BCL2+ctrl,0.0210003176394376,0
OPM2,BCL2+ctrl,0.0588948798693679,0
PC14,BCL2+ctrl,0.001,0
EHEB,BCL2+ctrl,0.2649890248757059,1
MV411,BCL2+ctrl,0.6232166544552049,1
NCIH929,BCL2+ctrl,0.0679189452203681,0
KARPAS299,BCL2+ctrl,0.001,0
D283MED,BCL2+ctrl,0.3072440921548901,1
DOHH2,BCL2+ctrl,0.2586186611523612,1
SUPB15,BCL2+ctrl,0.6107344339199758,1
HH,BCL2+ctrl,0.2371128821222101,1
OCIAML5,BCL2+ctrl,0.2632864215551878,1
HS683,BCL2+ctrl,0.1961491296567212,0
697,BCL2+ctrl,0.3460096773356077,1
MEG01,BCL2+ctrl,0.2762452060507639,1
GRANTA519,BCL2+ctrl,0.2485783715480488,1
KU812,BCL2+ctrl,0.2959321195573933,1
U87MG,BCL2+ctrl,0.0093675691401006,0
MHHNB11,BCL2+ctrl,0.139634676582164,0
GDM1,BCL2+ctrl,0.3504558971148043,1
RH41,BCL2+ctrl,0.214677221789391,1
KE37,BCL2+ctrl,0.4835386114811427,1
CAOV4,BCL2+ctrl,0.024314981969906,0
LOUCY,BCL2+ctrl,0.6522611380117505,1
ALLSIL,BCL2+ctrl,0.4183180521803077,1
JVM2,BCL2+ctrl,0.1200200178510191,0
HCC1187,BCL2+ctrl,0.0281750043099644,0
OCIAML2,BCL2+ctrl,0.4864516577694047,1
SU8686,BCL2+ctrl,0.0236556825045999,0
VCAP,BCL2+ctrl,0.001,0
OAW28,BCL2+ctrl,0.2123012636126829,1
HUPT3,BCL2+ctrl,0.0462957919329547,0
CHP212,BCL2+ctrl,0.1910910017041207,0
NCIH2405,BCL2+ctrl,0.1132462501317534,0
OCILY19,BCL2+ctrl,0.4338044590747391,1
NCIH1341,BCL2+ctrl,0.3004267020186163,1
CHP126,BCL2+ctrl,0.481187103237825,1
RERFGC1B,BCL2+ctrl,0.1159488380112107,0
SKLMS1,BCL2+ctrl,0.0759003373958517,0
THP1,BCL2+ctrl,0.1950598805405872,0
HS578T,BCL2+ctrl,0.0214491971100422,0
SKNSH,BCL2+ctrl,0.1097777932344434,0
JM1,BCL2+ctrl,0.2665403654361271,1
A4FUK,BCL2+ctrl,0.0330984527250642,0
GA10,BCL2+ctrl,0.001,0
NOMO1,BCL2+ctrl,0.4317158587035302,1
SCC9,BCL2+ctrl,0.1008835840612858,0
L363,BCL2+ctrl,0.0330000554047769,0
HDMYZ,BCL2+ctrl,0.1156774954634647,0
KARPAS620,BCL2+ctrl,0.4296686515075731,1
EOL1,BCL2+ctrl,0.4653873161466505,1
NMCG1,BCL2+ctrl,0.1840775469540171,0
LP1,BCL2+ctrl,0.0941936849212341,0
HUPT4,BCL2+ctrl,0.05261463483653,0
SUPM2,BCL2+ctrl,0.0186582620788222,0
KPNYN,BCL2+ctrl,0.2771074303124147,1
DEL,BCL2+ctrl,0.001,0
SW1417,BCL2+ctrl,0.2188106721228365,1
BL41,BCL2+ctrl,0.001,0
OCUM1,BCL2+ctrl,0.304756279715739,1
AU565,BCL2+ctrl,0.0750312257714878,0
CL11,BCL2+ctrl,0.0950585187964968,0
SCC15,BCL2+ctrl,0.1260110758145226,0
CORL279,BCL2+ctrl,0.2458847790053198,1
DU4475,BCL2+ctrl,0.1801892016165828,0
HDLM2,BCL2+ctrl,0.4921638383009541,1
AM38,BCL2+ctrl,0.1503022363079065,0
SUDHL10,BCL2+ctrl,0.001,0
NCIH1755,BCL2+ctrl,0.0210570595435533,0
NUDUL1,BCL2+ctrl,0.259933627489161,1
NCIH209,BCL2+ctrl,0.4141091783336607,1
OV90,BCL2+ctrl,0.1929598935250267,0
KLE,BCL2+ctrl,0.0660742988653165,0
NB4,BCL2+ctrl,0.1402207757980501,0
EM2,BCL2+ctrl,0.3676615268290448,1
LAMA84,BCL2+ctrl,0.3574763703934716,1
SNU5,BCL2+ctrl,0.1388874191734413,0
WM115,BCL2+ctrl,0.2861905541076369,1
SKLU1,BCL2+ctrl,0.1165864005063993,0
KARPAS422,BCL2+ctrl,0.1923393626064342,0
PSN1,BCL2+ctrl,0.0381310457882468,0
JURLMK1,BCL2+ctrl,0.2475778337861867,1
NCIH1395,BCL2+ctrl,0.0241449868973546,0
DB,BCL2+ctrl,0.2218590577895478,1
OCIAML3,BCL2+ctrl,0.0075374939502333,0
NCIH3122,BCL2+ctrl,0.0304001049815084,0
SR786,BCL2+ctrl,0.3041449193695427,1
SKNFI,BCL2+ctrl,0.0284281660476101,0
JVM3,BCL2+ctrl,0.3137654286271054,1
RPMI7951,BCL2+ctrl,0.1258359313786294,0
HCC1500,BCL2+ctrl,0.449844720226743,1
COLO678,BCL2+ctrl,0.0397686360495597,0
TE15,BCL2+ctrl,0.0777783202580902,0
CAPAN1,BCL2+ctrl,0.1318918290859149,0
NCIH82,BCL2+ctrl,0.0988080476269656,0
JEKO1,BCL2+ctrl,0.1767437358193909,0
NCIH69,BCL2+ctrl,0.3025336478490877,1
NCIH508,BCL2+ctrl,0.2152270877586709,1
MOLM13,BCL2+ctrl,0.1894136207943194,0
SKMM2,BCL2+ctrl,0.3940535183595729,1
SUDHL4,BCL2+ctrl,0.0772768911242635,0
MOLM16,BCL2+ctrl,0.2975139644903375,1
RL,BCL2+ctrl,0.2070556643547723,1
P12ICHIKAWA,BCL2+ctrl,0.4426409213111522,1
SKM1,BCL2+ctrl,0.4356099842111032,1
NCIH647,BCL2+ctrl,0.0715582023917451,0
NCIH1781,BCL2+ctrl,0.0282436725571638,0
T84,BCL2+ctrl,0.0393458652317342,0
KG1,BCL2+ctrl,0.2929306677443759,1
H4,BCL2+ctrl,0.001,0
CALU3,BCL2+ctrl,0.1339184613671235,0
NCIH2081,BCL2+ctrl,0.0372370475846465,0
SKCO1,BCL2+ctrl,0.2423954096510682,1
SAOS2,BCL2+ctrl,0.0561861146026304,0
TC71,BCL2+ctrl,0.001,0
UACC62,BCL2+ctrl,0.0171182160777991,0
TYKNU,BCL2+ctrl,0.077545722866297,0
NCIH1694,BCL2+ctrl,0.1612470374787613,0
BV173,BCL2+ctrl,0.5983437231827335,1
LU65,BCL2+ctrl,0.001,0
ME1,BCL2+ctrl,0.4096147145329063,1
CA46,BCL2+ctrl,0.001,0
RERFLCSQ1,BCL2+ctrl,0.1735364187987909,0
OVKATE,BCL2+ctrl,0.0412506869445159,0
NCIH2085,BCL2+ctrl,0.1321495317905738,0
CAS1,BCL2+ctrl,0.0314515261324793,0
SKMEL1,BCL2+ctrl,0.0876112639681681,0
HUH1,BCL2+ctrl,0.1474443232921545,0
JHH4,BCL2+ctrl,0.1383938677822181,0
SNU387,BCL2+ctrl,0.0496685382407996,0
HUH7,BCL2+ctrl,0.1360908599166976,0
SNU182,BCL2+ctrl,0.1651231146976675,0
SNB75,BCL2+ctrl,0.0354010917144893,0
NCIH146,BCL2+ctrl,0.4467653216816601,1
CORL88,BCL2+ctrl,0.2364515772233487,1
NCIH1092,BCL2+ctrl,0.2566162537317289,1
CAL33,BCL2+ctrl,0.1356741781406858,0
DMS114,BCL2+ctrl,0.0345743072372454,0
WSUDLCL2,BCL2+ctrl,0.1675601278562065,0
BT20,BCL2+ctrl,0.1263694019894835,0
HUTU80,BCL2+ctrl,0.001,0
HT1197,BCL2+ctrl,0.0501628805098403,0
BHY,BCL2+ctrl,0.0626393934249713,0
K562,BCL2+ctrl,0.0244357444481321,0
UACC893,BCL2+ctrl,0.0633256813489946,0
A498,BCL2+ctrl,0.0390716654795487,0
SIHA,BCL2+ctrl,0.0190369136192894,0
NCIH1836,BCL2+ctrl,0.2512561676216254,1
ECC10,BCL2+ctrl,0.3225422618236614,1
ST486,BCL2+ctrl,0.1798204979635469,0
YKG1,BCL2+ctrl,0.0298747956418643,0
FUOV1,BCL2+ctrl,0.0518584393418873,0
JHH2,BCL2+ctrl,0.0689521334516748,0
C32,BCL2+ctrl,0.1244094159618152,0
SNU16,BCL2+ctrl,0.0686124917913795,0
MC116,BCL2+ctrl,0.001,0
JHOS4,BCL2+ctrl,0.1703200838499092,0
NCIH1876,BCL2+ctrl,0.2901054751585125,1
LCLC97TM1,BCL2+ctrl,0.013538192614983,0
KYM1,BCL2+ctrl,0.001,0
SF126,BCL2+ctrl,0.0840903681014419,0
NCIH2227,BCL2+ctrl,0.1904255057498385,0
SUDHL6,BCL2+ctrl,0.226563469255194,1
SKMEL28,BCL2+ctrl,0.0887968753950496,0
HS746T,BCL2+ctrl,0.0865417891541258,0
OVCAR4,BCL2+ctrl,0.0969150629724187,0
MDAMB157,BCL2+ctrl,0.1056285819197407,0
U266B1,BCL2+ctrl,0.0307478101279425,0
NCIH596,BCL2+ctrl,0.1249317576279981,0
KS1,BCL2+ctrl,0.078248820626851,0
FU97,BCL2+ctrl,0.0247352816778231,0
RPMI8402,BCL2+ctrl,0.2335290747039915,1
NCIH211,BCL2+ctrl,0.2612871127048665,1
SKMEL31,BCL2+ctrl,0.1135183677750236,0
CMK,BCL2+ctrl,0.2106329590570879,1
JJN3,BCL2+ctrl,0.1617362408924114,0
RAJI,BCL2+ctrl,0.001,0
SF268,BCL2+ctrl,0.039505011145277,0
SUDHL8,BCL2+ctrl,0.2348881381394474,1
A2780,BCL2+ctrl,0.0494252384119374,0
SUDHL5,BCL2+ctrl,0.001,0
RH18,BCL2+ctrl,0.4053957685282288,1
HCC2157,BCL2+ctrl,0.2197868426636042,1
A3KAW,BCL2+ctrl,0.001,0
HCC1395,BCL2+ctrl,0.1003014539552658,0
L1236,BCL2+ctrl,0.3548650980565324,1
DMS79,BCL2+ctrl,0.3011584311770119,1
EKVX,BCL2+ctrl,0.0947002233816964,0
KMS11,BCL2+ctrl,0.0318804029334108,0
NCIH2291,BCL2+ctrl,0.0857852012478775,0
SNUC1,BCL2+ctrl,0.1764548909442708,0
HCC202,BCL2+ctrl,0.0638348402196703,0
NCIH2066,BCL2+ctrl,0.1195448799713203,0
A253,BCL2+ctrl,0.055074177242962,0
CORL95,BCL2+ctrl,0.3122386504842086,1
MOLP8,BCL2+ctrl,0.0860205636507301,0
LOXIMVI,BCL2+ctrl,0.0122224068842139,0
OCIM1,BCL2+ctrl,0.1775458388276946,0
L428,BCL2+ctrl,0.1713779544157271,0
HCC2218,BCL2+ctrl,0.0251167127180642,0
A427,BCL2+ctrl,0.1642391437606996,0
MM1S,BCL2+ctrl,0.2276866788958682,1
NCIH526,BCL2+ctrl,0.225625197295232,1
P31FUJ,BCL2+ctrl,0.0286567618132712,0
NCIH1105,BCL2+ctrl,0.4777992347500285,1
DAUDI,BCL2+ctrl,0.0351059874943118,0
NCIH810,BCL2+ctrl,0.0324192783525888,0
SHP77,BCL2+ctrl,0.001,0
KATOIII,BCL2+ctrl,0.001,0
BICR22,BCL2+ctrl,0.187641892746453,0
MOLT13,BCL2+ctrl,0.4366366705450125,1
CL40,BCL2+ctrl,0.09333376684915,0
L540,BCL2+ctrl,0.056425399921694,0
KMH2,BCL2+ctrl,0.0631672685710845,0
NCIH524,BCL2+ctrl,0.3373414206297621,1
RPMI8226,BCL2+ctrl,0.3492621965872996,1
BT483,BCL2+ctrl,0.1013389666133108,0
EJM,BCL2+ctrl,0.0850788754960896,0
CAL12T,BCL2+ctrl,0.0439464949727854,0
ZR7530,BCL2+ctrl,0.0443543735307081,0
NCIH1436,BCL2+ctrl,0.1044989787004548,0
AMO1,BCL2+ctrl,0.001,0
HARA,BCL2+ctrl,0.0944365778611311,0
CAL851,BCL2+ctrl,0.0405260513754243,0
HCC1954,BCL2+ctrl,0.0555893326152997,0
HOP62,BCL2+ctrl,0.0426527016994704,0
COLO684,BCL2+ctrl,0.0296059572082088,0
KYSE450,BCL2+ctrl,0.0357423428408754,0
CHAGOK1,BCL2+ctrl,0.0546633504485702,0
NCIH510,BCL2+ctrl,0.3081285857958361,1
RS411,BCL2+ctrl,0.524951680695495,1
MDAMB415,BCL2+ctrl,0.1539971994636136,0
SW1783,BCL2+ctrl,0.0676870141153608,0
NCIH1869,BCL2+ctrl,0.0617723592443271,0
ES2,BCL2+ctrl,0.0451659086129523,0
MDAMB453,BCL2+ctrl,0.0226574133648906,0
HT,BCL2+ctrl,0.0554224041857343,0
MOLT16,BCL2+ctrl,0.1859810876570281,0
CMLT1,BCL2+ctrl,0.3276911330703257,1
RCHACV,BCL2+ctrl,0.2430667427137838,1
NCIH2172,BCL2+ctrl,0.0613354242945403,0
HCC1569,BCL2+ctrl,0.2965993729959774,1
SNU1,BCL2+ctrl,0.1759146450495896,0
MDAMB361,BCL2+ctrl,0.0230743446727538,0
MDST8,BCL2+ctrl,0.2948733750877368,1
PF382,BCL2+ctrl,0.2022589400516791,1
NALM6,BCL2+ctrl,0.340160562976855,1
NAMALWA,BCL2+ctrl,0.001,0
NCIH650,BCL2+ctrl,0.001,0
OVK18,BCL2+ctrl,0.0485597288556447,0
TGBC11TKB,BCL2+ctrl,0.1107010338842066,0
NCIH2342,BCL2+ctrl,0.1571478819847701,0
SUPT1,BCL2+ctrl,0.2388131105760674,1
REH,BCL2+ctrl,0.3785872292499459,1
CCK81,BCL2+ctrl,0.001,0
KM12,BCL2+ctrl,0.0708499698050788,0
NCIH1155,BCL2+ctrl,0.34070715928333,1
DND41,BCL2+ctrl,0.3512121062400379,1
KCL22,BCL2+ctrl,0.0954947457175097,0
LS411N,BCL2+ctrl,0.0198169020480832,0
HT115,BCL2+ctrl,0.001,0
JURKAT,BCL2+ctrl,0.0793088899369879,0
CW2,BCL2+ctrl,0.0304310631134767,0
451LU,BCL2+ctrl,0.1042865431650108,0
C3A,BCL2+ctrl,0.001,0
CGTHW1,BCL2+ctrl,0.0303306173541622,0
COLO205,BCL2+ctrl,0.1869225535375605,0
CPCN,BCL2+ctrl,0.2829693485796017,1
DOV13,BCL2+ctrl,0.1068761526015016,0
EB2,BCL2+ctrl,0.001,0
EVSAT,BCL2+ctrl,0.0587788617223933,0
HELA,BCL2+ctrl,0.001,0
HLE,BCL2+ctrl,0.0529883026546182,0
HN,BCL2+ctrl,0.0741788972325138,0
KOPN8,BCL2+ctrl,0.2550035262384407,1
KP1N,BCL2+ctrl,0.0254729999257096,0
M059J,BCL2+ctrl,0.0903714162153667,0
MOGGCCM,BCL2+ctrl,0.1486305425660623,0
MOGGUVW,BCL2+ctrl,0.0578040046254013,0
MOLT4,BCL2+ctrl,0.4256018759609031,1
MS1,BCL2+ctrl,0.2494877936816606,1
NCIH187,BCL2+ctrl,0.4553323976281286,1
NCIH1993,BCL2+ctrl,0.0267293955142258,0
NCIH2141,BCL2+ctrl,0.1882182267104628,0
OVCAR5,BCL2+ctrl,0.1101259737330377,0
RPMI6666,BCL2+ctrl,0.3822420843275053,1
SJRH30,BCL2+ctrl,0.0262025084939304,0
SKPNDW,BCL2+ctrl,0.1305137034245196,0
SNUC2B,BCL2+ctrl,0.0516521770006964,0
SUPHD1,BCL2+ctrl,0.5624584525001824,1
TK10,BCL2+ctrl,0.0721749052761292,0
UPCISCC090,BCL2+ctrl,0.1012149252291412,0
VMRCLCD,BCL2+ctrl,0.0611403824770335,0
SW982,BCL2+ctrl,0.001,0
A431,BCL2+ctrl,0.0641151294051803,0
BICR10,BCL2+ctrl,0.1995085999924853,0
BICR78,BCL2+ctrl,0.0892734318133618,0
C33A,BCL2+ctrl,0.0218766357347274,0
C4I,BCL2+ctrl,0.0747829228773526,0
CASKI,BCL2+ctrl,0.1168930815568393,0
CHP134,BCL2+ctrl,0.3337298401049274,1
DOTC24510,BCL2+ctrl,0.1310088027699166,0
GIMEN,BCL2+ctrl,0.0313343904402961,0
LAN6,BCL2+ctrl,0.1588904018624226,0
MDAMB330,BCL2+ctrl,0.4126170486668791,1
ME180,BCL2+ctrl,0.0724931926646994,0
MS751,BCL2+ctrl,0.001,0
NCIH1770,BCL2+ctrl,0.3395268357319322,1
NCIH2135,BCL2+ctrl,0.0461808927556335,0
NCIH345,BCL2+ctrl,0.2628055424343544,1
NCIH847,BCL2+ctrl,0.4582618729254495,1
OACM51,BCL2+ctrl,0.0664800473087896,0
OV17R,BCL2+ctrl,0.0433963209726852,0
PA1,BCL2+ctrl,0.0880810018052502,0
PWR1E,BCL2+ctrl,0.0420626462099172,0
RO82W1,BCL2+ctrl,0.0458701105498438,0
RPMI2650,BCL2+ctrl,0.0995358091732998,0
SW626,BCL2+ctrl,0.1442585283686455,0
SW13,BCL2+ctrl,0.0165079738079353,0
SW756,BCL2+ctrl,0.0873028889295799,0
UWB1289,BCL2+ctrl,0.1072507732063307,0
A388,BCL2+ctrl,0.2421719040708491,1
ASH3,BCL2+ctrl,0.001,0
BPH1,BCL2+ctrl,0.0885021002789133,0
CORL321,BCL2+ctrl,0.1492567271108761,0
EGI1,BCL2+ctrl,0.068836209258939,0
ESO26,BCL2+ctrl,0.0636514995507104,0
ESO51,BCL2+ctrl,0.2062493798473559,1
FARAGE,BCL2+ctrl,0.1691748274531695,0
FLO1,BCL2+ctrl,0.1282752761406009,0
HEC1,BCL2+ctrl,0.0881565391773724,0
HEMCSS,BCL2+ctrl,0.1529927127838889,0
HT3,BCL2+ctrl,0.0541799123251032,0
HUO9,BCL2+ctrl,0.2887231248228619,1
IHH4,BCL2+ctrl,0.001,0
JAR,BCL2+ctrl,0.0079832820355516,0
JEG3,BCL2+ctrl,0.0245997698056766,0
KON,BCL2+ctrl,0.0991776284664219,0
KYAE1,BCL2+ctrl,0.1606751015156673,0
LU135,BCL2+ctrl,0.3883227115783052,1
NCIH1417,BCL2+ctrl,0.3433096875830578,1
NCIH64,BCL2+ctrl,0.1817248471054408,0
NH12,BCL2+ctrl,0.3591710518983975,1
NO11,BCL2+ctrl,0.1232767955663938,0
OCILY7,BCL2+ctrl,0.2809573203402298,1
OSC19,BCL2+ctrl,0.0656701810996883,0
OSC20,BCL2+ctrl,0.0388261545489664,0
PEO1,BCL2+ctrl,0.0659373383923294,0
RCK8,BCL2+ctrl,0.2162904754540516,1
ROS50,BCL2+ctrl,0.2210690540528086,1
SAT,BCL2+ctrl,0.1418083497611145,0
SISO,BCL2+ctrl,0.0329086549436556,0
SKGT2,BCL2+ctrl,0.241904488575928,1
SKGT4,BCL2+ctrl,0.1311622375108733,0
SKN,BCL2+ctrl,0.0823723171101991,0
[MERGED,BCL2+ctrl,0.3041449193695427,1
TGW,BCL2+ctrl,0.415691086655249,1
U698M,BCL2+ctrl,0.001,0
VAESBJ,BCL2+ctrl,0.0861896732741771,0
VAL,BCL2+ctrl,0.2687445583159255,1
WSUNHL,BCL2+ctrl,0.1329944805876608,0
PFSK1,BCL2+ctrl,0.1784488823132421,0
CAL72,BCL2+ctrl,0.1006553690810662,0
GOTO,BCL2+ctrl,0.147771318932857,0
CCRFCEM,BCL2+ctrl,0.5344588614457466,1
201T,BCL2+ctrl,0.0275103471910148,0
CAL39,BCL2+ctrl,0.0334388286167038,0
CHSA0011,BCL2+ctrl,0.0335063241728478,0
CHSA0108,BCL2+ctrl,0.0523500833295218,0
CHSA8926,BCL2+ctrl,0.1054263850806372,0
CP50MELB,BCL2+ctrl,0.0822352138421453,0
CP66MEL,BCL2+ctrl,0.0581524928607861,0
CS1,BCL2+ctrl,0.1769811837032635,0
DJM1,BCL2+ctrl,0.0598598217182181,0
EMCBAC1,BCL2+ctrl,0.1481198995774034,0
EMCBAC2,BCL2+ctrl,0.116418596833919,0
ES1,BCL2+ctrl,0.0378163626122463,0
ES3,BCL2+ctrl,0.1271609527761222,0
ES4,BCL2+ctrl,0.1496858248709657,0
ES5,BCL2+ctrl,0.166513083180254,0
ES6,BCL2+ctrl,0.0355739625527929,0
ES7,BCL2+ctrl,0.1694746543863511,0
ES8,BCL2+ctrl,0.1943894605241151,0
EW1,BCL2+ctrl,0.0819010308967564,0
EW11,BCL2+ctrl,0.154483195086154,0
EW13,BCL2+ctrl,0.2128612687526281,1
EW16,BCL2+ctrl,0.2002575464450211,1
EW18,BCL2+ctrl,0.4609181050515625,1
EW22,BCL2+ctrl,0.2309475348880362,1
EW24,BCL2+ctrl,0.1374856377487623,0
EW3,BCL2+ctrl,0.5040916345030356,1
EW7,BCL2+ctrl,0.2402385999154026,1
GAK,BCL2+ctrl,0.001,0
H2369,BCL2+ctrl,0.019227147530083,0
NCIH2373,BCL2+ctrl,0.0154635140351132,0
NCIH2461,BCL2+ctrl,0.0285161529673044,0
NCIH2591,BCL2+ctrl,0.0647455995189858,0
NCIH2595,BCL2+ctrl,0.1253836287614352,0
NCIH2731,BCL2+ctrl,0.0645888417384817,0
NCIH2795,BCL2+ctrl,0.0403348898476197,0
NCIH2869,BCL2+ctrl,0.0925095190229903,0
H290,BCL2+ctrl,0.0391737221036269,0
[MERGED,BCL2+ctrl,0.0712160770315435,0
H513,BCL2+ctrl,0.0271164544235774,0
HA7RCC,BCL2+ctrl,0.1917665409391097,0
HEY,BCL2+ctrl,0.0929324997674982,0
HSC39,BCL2+ctrl,0.2451751586448199,1
HUO3N1,BCL2+ctrl,0.0289487728342084,0
ISTMEL1,BCL2+ctrl,0.0579231620710467,0
ISTSL1,BCL2+ctrl,0.2227597796731181,1
ISTSL2,BCL2+ctrl,0.2749780142190108,1
JHOS3,BCL2+ctrl,0.1067405226600332,0
K2,BCL2+ctrl,0.0754719569147205,0
K5,BCL2+ctrl,0.0362483229176833,0
KGN,BCL2+ctrl,0.0230263346510406,0
LB1047RCC,BCL2+ctrl,0.0973104663117691,0
LB2518MEL,BCL2+ctrl,0.0797849255654815,0
LB373MELD,BCL2+ctrl,0.0239418479399862,0
LB647SCLC,BCL2+ctrl,0.0789019129968752,0
LB996RCC,BCL2+ctrl,0.0889766005743845,0
LC1SQ,BCL2+ctrl,0.1298463560799921,0
LC2AD,BCL2+ctrl,0.1178149342670649,0
MCIXC,BCL2+ctrl,0.0493796381225715,0
MKN28,BCL2+ctrl,0.0743046402577585,0
MMACSF,BCL2+ctrl,0.0879782522042067,0
MRKNU1,BCL2+ctrl,0.0213469460979456,0
MZ1PC,BCL2+ctrl,0.0333207926690611,0
MZ2MEL,BCL2+ctrl,0.1348016104025112,0
MZ7MEL,BCL2+ctrl,0.001,0
NCC010,BCL2+ctrl,0.1174948740779968,0
NCC021,BCL2+ctrl,0.1625948156836414,0
NCIH1304,BCL2+ctrl,0.24912685825498,1
NCIH1688,BCL2+ctrl,0.220524591913357,1
NCIH322M,BCL2+ctrl,0.0380363995614012,0
NCIH720,BCL2+ctrl,0.3837553382096229,1
NCIH835,BCL2+ctrl,0.2466809373557638,1
NY,BCL2+ctrl,0.1015580649753589,0
OCUBM,BCL2+ctrl,0.0278384539530349,0
OMC1,BCL2+ctrl,0.1151481854393504,0
OVCA420,BCL2+ctrl,0.0211073007214495,0
OVCA433,BCL2+ctrl,0.001384739066936,0
OVMIU,BCL2+ctrl,0.0956209544205071,0
PC3JPC3,BCL2+ctrl,0.0984298674863621,0
PL4,BCL2+ctrl,0.1084745563375125,0
RCCAB,BCL2+ctrl,0.083868570217452,0
RCCER,BCL2+ctrl,0.116214817228506,0
RCCFG2,BCL2+ctrl,0.1114974601072854,0
RCCJF,BCL2+ctrl,0.0848119594766119,0
RCCJW,BCL2+ctrl,0.1553106453852341,0
RCCMF,BCL2+ctrl,0.3093787959620826,1
RH1,BCL2+ctrl,0.0195719979406541,0
RXF393,BCL2+ctrl,0.1561914616517794,0
SBC1,BCL2+ctrl,0.2050401980699543,1
SBC3,BCL2+ctrl,0.001,0
SCH,BCL2+ctrl,0.0214772656757257,0
SW962,BCL2+ctrl,0.0510465605121904,0
TCYIK,BCL2+ctrl,0.3584465127917072,1
TMK1,BCL2+ctrl,0.001,0
[MERGED,BCL2+ctrl,0.090891491478725,0
WM1552C,BCL2+ctrl,0.0736786593273253,0
WM35,BCL2+ctrl,0.0693907950814965,0
ALLPO,BCL2+ctrl,0.6454060586888404,1
ARH77,BCL2+ctrl,0.0629747155683672,0
BALL1,BCL2+ctrl,0.4306495952686339,1
BB30HNC,BCL2+ctrl,0.2701128310053955,1
BB49HNC,BCL2+ctrl,0.046419437224989,0
BC1,BCL2+ctrl,0.0552005488368133,0
BE13,BCL2+ctrl,0.5121866459766449,1
BE2M17,BCL2+ctrl,0.0143056900426292,0
CESS,BCL2+ctrl,0.0824874674978395,0
COLO320HSR,BCL2+ctrl,0.001,0
CROAP2,BCL2+ctrl,0.0145721137282915,0
CTB1,BCL2+ctrl,0.0276717903579936,0
CTV1,BCL2+ctrl,0.001,0
D247MG,BCL2+ctrl,0.1599769814584068,0
D263MG,BCL2+ctrl,0.0387031369872377,0
D336MG,BCL2+ctrl,0.0452557890951147,0
D392MG,BCL2+ctrl,0.0246415317763729,0
D423MG,BCL2+ctrl,0.0359214104059226,0
D502MG,BCL2+ctrl,0.0465910925589379,0
D542MG,BCL2+ctrl,0.0953487935417968,0
D566MG,BCL2+ctrl,0.0961613835517446,0
DG75,BCL2+ctrl,0.086890055426767,0
DIFI,BCL2+ctrl,0.1407677470095194,0
DOK,BCL2+ctrl,0.1725744619791841,0
DSH1,BCL2+ctrl,0.0305460155970214,0
EB3,BCL2+ctrl,0.0290739121199397,0
ETK1,BCL2+ctrl,0.0382570614705534,0
GRST,BCL2+ctrl,0.0337256763751899,0
H3118,BCL2+ctrl,0.0945420184918287,0
H9,BCL2+ctrl,0.0927833176779167,0
HAL01,BCL2+ctrl,0.4521741630968456,1
HC1,BCL2+ctrl,0.0231192849132562,0
HS633T,BCL2+ctrl,0.001,0
IM9,BCL2+ctrl,0.0569397574725702,0
IMR5,BCL2+ctrl,0.1121628669330391,0
JHU011,BCL2+ctrl,0.0870973807266674,0
JHU022,BCL2+ctrl,0.0738596189734408,0
JHU029,BCL2+ctrl,0.1327318375344139,0
JIYOYEP2003,BCL2+ctrl,0.0293711069141715,0
JSC1,BCL2+ctrl,0.001,0
KARPAS1106P,BCL2+ctrl,0.0348347902439816,0
KARPAS231,BCL2+ctrl,0.5012195750785171,1
KARPAS45,BCL2+ctrl,0.3966744316964888,1
KINGS1,BCL2+ctrl,0.1267060619656014,0
KMOE2,BCL2+ctrl,0.3421678233532929,1
KNS81FD,BCL2+ctrl,0.2174900801507088,1
KY821,BCL2+ctrl,0.4974711778155745,1
KYSE220,BCL2+ctrl,0.001,0
KYSE50,BCL2+ctrl,0.0159549343322046,0
LB771HNC,BCL2+ctrl,0.0279936202469662,0
LB831BLC,BCL2+ctrl,0.0603764054166124,0
LC41,BCL2+ctrl,0.3161772582766163,1
LN405,BCL2+ctrl,0.0181876546692378,0
LNZTA3WT4,BCL2+ctrl,0.001,0
MCCAR,BCL2+ctrl,0.5423388027651066,1
MFHINO,BCL2+ctrl,0.0369679191959286,0
MHHPREB1,BCL2+ctrl,0.001,0
ML2,BCL2+ctrl,0.3802526507607541,1
MLMA,BCL2+ctrl,0.1350970191740387,0
MN60,BCL2+ctrl,0.001,0
MYM12,BCL2+ctrl,0.3731751145362652,1
NBTU110,BCL2+ctrl,0.1322794991347686,0
NB10,BCL2+ctrl,0.001,0
NB12,BCL2+ctrl,0.2851313616815025,1
NB13,BCL2+ctrl,0.3909918060844903,1
NB14,BCL2+ctrl,0.3174489549077639,1
NB17,BCL2+ctrl,0.3706863661038955,1
NB5,BCL2+ctrl,0.0852791436967133,0
NB6,BCL2+ctrl,0.1048702170371073,0
NB7,BCL2+ctrl,0.001,0
NCIH630,BCL2+ctrl,0.1018949239808019,0
NEC8,BCL2+ctrl,0.0971129635512696,0
NKM1,BCL2+ctrl,0.5509869153731927,1
OACP4C,BCL2+ctrl,0.2739350111717591,1
P32ISH,BCL2+ctrl,0.001,0
PCI15A,BCL2+ctrl,0.1471384497944443,0
PCI30,BCL2+ctrl,0.0771299246311851,0
PCI4B,BCL2+ctrl,0.0436900379267063,0
PCI6A,BCL2+ctrl,0.1215345370027812,0
QIMRWIL,BCL2+ctrl,0.3524729589794906,1
RAMOS2G64C10,BCL2+ctrl,0.2872039782599423,1
RF48,BCL2+ctrl,0.0326952652871027,0
RPMI8866,BCL2+ctrl,0.3771580213131953,1
SKMG1,BCL2+ctrl,0.0767923554916261,0
SKN3,BCL2+ctrl,0.0776578608569498,0
STS0421,BCL2+ctrl,0.0162347942575687,0
SUDHL16,BCL2+ctrl,0.2845433397723064,1
SUPB8,BCL2+ctrl,0.0999181740626458,0
SW684,BCL2+ctrl,0.0352566185123203,0
TE12,BCL2+ctrl,0.0635069409970511,0
TK,BCL2+ctrl,0.1684541869348098,0
TUR,BCL2+ctrl,0.0193491497385959,0
[MERGED,BCL2+ctrl,0.1012149252291412,0
WIL2NS,BCL2+ctrl,0.001,0
YT,BCL2+ctrl,0.374890295186344,1
LS513,CHEK1+ctrl,0.3796164144985879,1
A101D,CHEK1+ctrl,0.355969759891912,1
253J,CHEK1+ctrl,0.366676107092546,1
HCC827,CHEK1+ctrl,0.666713059525054,1
ONCODG1,CHEK1+ctrl,0.698027459567235,1
HS294T,CHEK1+ctrl,0.5030478825361611,1
NCIH1581,CHEK1+ctrl,0.443181447676005,1
T24,CHEK1+ctrl,0.5777716646528199,1
MCF7,CHEK1+ctrl,0.4304995912838449,1
NCIH1693,CHEK1+ctrl,0.444554523285938,1
PATU8988S,CHEK1+ctrl,0.599741724387698,1
PATU8988T,CHEK1+ctrl,0.569307444331782,1
253JBV,CHEK1+ctrl,0.547690316601115,1
GOS3,CHEK1+ctrl,0.373254014650481,1
PC14,CHEK1+ctrl,0.675470584257913,1
NCIH1650,CHEK1+ctrl,0.5612870921160991,1
S117,CHEK1+ctrl,0.675871014684887,1
U118MG,CHEK1+ctrl,0.394025472215744,1
PANC0203,CHEK1+ctrl,0.558777526198439,1
ACHN,CHEK1+ctrl,0.728543269704922,1
GCIY,CHEK1+ctrl,0.683660552963402,1
TOV112D,CHEK1+ctrl,0.577714086187743,1
A673,CHEK1+ctrl,0.3876841181888,1
HT1080,CHEK1+ctrl,0.655914758886438,1
PANC1005,CHEK1+ctrl,0.30812109831931,1
RERFLCMS,CHEK1+ctrl,0.759556479509648,1
HCC4006,CHEK1+ctrl,0.575143691689045,1
G292CLONEA141B1,CHEK1+ctrl,0.337189967261405,1
ACCMESO1,CHEK1+ctrl,0.607919264939752,1
SKES1,CHEK1+ctrl,0.428805545162608,1
PC3,CHEK1+ctrl,0.3910801219112689,1
OV56,CHEK1+ctrl,0.68698736991191,1
NCIH2452,CHEK1+ctrl,0.6527437425720539,1
G401,CHEK1+ctrl,0.416234591745525,1
ZR751,CHEK1+ctrl,0.327015068923827,1
GAMG,CHEK1+ctrl,0.4761921576004739,1
SIMA,CHEK1+ctrl,0.718085976540228,1
GMS10,CHEK1+ctrl,0.572225621600386,1
CAPAN2,CHEK1+ctrl,0.384128885816657,1
KP3,CHEK1+ctrl,0.494194342285272,1
EFM192A,CHEK1+ctrl,0.001,0
HUPT3,CHEK1+ctrl,0.677511214183125,1
JHOS2,CHEK1+ctrl,0.4017425545944589,1
HS729,CHEK1+ctrl,0.6527505540951519,1
8MGBA,CHEK1+ctrl,0.676803185909356,1
CFPAC1,CHEK1+ctrl,0.585868201747198,1
PANC0327,CHEK1+ctrl,0.780850643268743,1
SNU308,CHEK1+ctrl,0.525490115943382,1
CAL29,CHEK1+ctrl,0.623060443788363,1
T47D,CHEK1+ctrl,0.418480153226055,1
NCIH2052,CHEK1+ctrl,0.560424656966775,1
SW1990,CHEK1+ctrl,0.627277587052927,1
OSRC2,CHEK1+ctrl,0.5619548632164331,1
CORL105,CHEK1+ctrl,0.287912501792812,1
SW579,CHEK1+ctrl,0.808169251723506,1
PANC1,CHEK1+ctrl,0.001,0
VMRCRCZ,CHEK1+ctrl,0.858637013321021,1
TM87,CHEK1+ctrl,0.432526102665431,1
CAL62,CHEK1+ctrl,0.539557879225796,1
LOUNH91,CHEK1+ctrl,0.426735920626173,1
HS766T,CHEK1+ctrl,0.621006904181972,1
SNU869,CHEK1+ctrl,0.614710309260441,1
NCIH2444,CHEK1+ctrl,0.686378324930511,1
SCC25,CHEK1+ctrl,0.532869721820984,1
RCC10RGB,CHEK1+ctrl,0.439684783196288,1
BHT101,CHEK1+ctrl,0.605273986312695,1
MFE280,CHEK1+ctrl,0.44793541861809,1
PK59,CHEK1+ctrl,0.49134279961287,1
DETROIT562,CHEK1+ctrl,0.564169661895741,1
SNU1079,CHEK1+ctrl,0.507439189489477,1
CADOES1,CHEK1+ctrl,0.4118820299461799,1
DAOY,CHEK1+ctrl,0.668795230943515,1
CAL120,CHEK1+ctrl,0.356278283263816,1
JHH6,CHEK1+ctrl,0.001,0
A375,CHEK1+ctrl,0.485270325509292,1
SNU398,CHEK1+ctrl,0.686710007180432,1
ASPC1,CHEK1+ctrl,0.589249047038772,1
HCC1937,CHEK1+ctrl,0.624693044615687,1
BICR31,CHEK1+ctrl,0.41606721637679,1
KALS1,CHEK1+ctrl,0.801248018239805,1
U251MG,CHEK1+ctrl,0.467846542194784,1
PANC0403,CHEK1+ctrl,0.476247656390533,1
JHOM1,CHEK1+ctrl,0.6568891557491929,1
RT4,CHEK1+ctrl,0.403684486825023,1
DANG,CHEK1+ctrl,0.558948428362102,1
DKMG,CHEK1+ctrl,0.228343778716794,1
KMRC20,CHEK1+ctrl,0.630479913244277,1
LS1034,CHEK1+ctrl,0.493370913315993,1
LMSU,CHEK1+ctrl,0.6509449443540429,1
KELLY,CHEK1+ctrl,0.764842412494209,1
SKNAS,CHEK1+ctrl,0.7978326367126289,1
RERFLCAI,CHEK1+ctrl,0.500026355338301,1
CALU6,CHEK1+ctrl,0.721190470996331,1
KP4,CHEK1+ctrl,0.372316876100411,1
SNU213,CHEK1+ctrl,0.358628728973162,1
SNU245,CHEK1+ctrl,0.4283298217418629,1
HPAC,CHEK1+ctrl,0.564886938097048,1
SF539,CHEK1+ctrl,0.703135518418083,1
HS852T,CHEK1+ctrl,0.001,0
HCC38,CHEK1+ctrl,0.842339100787615,1
COV362,CHEK1+ctrl,0.597127429942165,1
EWS502,CHEK1+ctrl,0.586662341297591,1
SNU840,CHEK1+ctrl,0.454459288774645,1
KP2,CHEK1+ctrl,0.422407250346024,1
BT549,CHEK1+ctrl,0.609962264836887,1
SNU466,CHEK1+ctrl,0.264212416098615,1
NCIH841,CHEK1+ctrl,0.563696681778981,1
OUMS23,CHEK1+ctrl,0.579623263383249,1
SNU1077,CHEK1+ctrl,0.68258717882018,1
ECGI10,CHEK1+ctrl,0.430024044462416,1
PK1,CHEK1+ctrl,0.4767713623661039,1
EFO21,CHEK1+ctrl,0.495933035850192,1
SKLU1,CHEK1+ctrl,0.82624006373631,1
NCIH2122,CHEK1+ctrl,0.705082646878378,1
SKNBE2,CHEK1+ctrl,0.612145420622733,1
KMRC3,CHEK1+ctrl,0.3811163789958219,1
SNU886,CHEK1+ctrl,0.816090136813585,1
TE10,CHEK1+ctrl,0.5188798210722809,1
MPP89,CHEK1+ctrl,0.6095090660561611,1
PSN1,CHEK1+ctrl,0.389185723391289,1
HT144,CHEK1+ctrl,0.641118063335306,1
42MGBA,CHEK1+ctrl,0.547033156602001,1
JHOC5,CHEK1+ctrl,0.525697911310993,1
CCFSTTG1,CHEK1+ctrl,0.460389831234095,1
ISTMES2,CHEK1+ctrl,0.001,0
YAPC,CHEK1+ctrl,0.369338844408678,1
MSTO211H,CHEK1+ctrl,0.703556158173914,1
NCIH522,CHEK1+ctrl,0.470092413078927,1
SNU668,CHEK1+ctrl,0.50563483331353,1
QGP1,CHEK1+ctrl,0.001,0
MKN1,CHEK1+ctrl,0.670805450664347,1
HCC1428,CHEK1+ctrl,0.1382388013072639,0
MKN45,CHEK1+ctrl,0.7060481656248481,1
MG63,CHEK1+ctrl,0.529276052171689,1
SKHEP1,CHEK1+ctrl,0.472311694579159,1
U2OS,CHEK1+ctrl,0.712138994431075,1
NCIH226,CHEK1+ctrl,0.34866623558048,1
SNU1105,CHEK1+ctrl,0.621647896251531,1
HCC1143,CHEK1+ctrl,0.6490621550158899,1
G402,CHEK1+ctrl,0.615919144562717,1
SF295,CHEK1+ctrl,0.317706038078188,1
OE33,CHEK1+ctrl,0.673076063066696,1
SW780,CHEK1+ctrl,0.001,0
H4,CHEK1+ctrl,0.597240605431827,1
LUDLU1,CHEK1+ctrl,0.4976637188831639,1
MHHES1,CHEK1+ctrl,0.465851112452909,1
HLF,CHEK1+ctrl,0.6754294909627789,1
J82,CHEK1+ctrl,0.692013466513942,1
TEN,CHEK1+ctrl,0.774768592631057,1
COLO800,CHEK1+ctrl,0.651163866764453,1
NCIH747,CHEK1+ctrl,0.367208341921088,1
K029AX,CHEK1+ctrl,0.45685659824309,1
SNU685,CHEK1+ctrl,0.750279364092487,1
TE5,CHEK1+ctrl,0.400438502641791,1
769P,CHEK1+ctrl,0.491657184557981,1
NCIH1944,CHEK1+ctrl,0.691367775388974,1
BICR6,CHEK1+ctrl,0.646249223162487,1
NCIH838,CHEK1+ctrl,0.620112582329174,1
PANC0813,CHEK1+ctrl,0.4214100891588159,1
SW1353,CHEK1+ctrl,0.546504188144161,1
SNU449,CHEK1+ctrl,0.508876448838218,1
SW837,CHEK1+ctrl,0.541211634465224,1
SKMEL3,CHEK1+ctrl,0.574378319265593,1
UACC62,CHEK1+ctrl,0.536293854130135,1
NCIN87,CHEK1+ctrl,0.463747878249012,1
UO31,CHEK1+ctrl,0.619772582840983,1
A704,CHEK1+ctrl,0.632642323429074,1
CAKI1,CHEK1+ctrl,0.4720247826859179,1
NCIH1915,CHEK1+ctrl,0.3250540101242,1
SW1088,CHEK1+ctrl,0.6675675556967751,1
SH4,CHEK1+ctrl,0.563556461445839,1
LU99,CHEK1+ctrl,0.6701644044131321,1
KNS60,CHEK1+ctrl,0.647438296462025,1
NCIH2228,CHEK1+ctrl,0.534057591134542,1
MESSA,CHEK1+ctrl,0.5368690362688999,1
MELHO,CHEK1+ctrl,0.522088454141181,1
TE8,CHEK1+ctrl,0.702838635887472,1
HCC95,CHEK1+ctrl,0.6571499002994929,1
BCPAP,CHEK1+ctrl,0.750449788886235,1
CAL54,CHEK1+ctrl,0.612319119176411,1
CJM,CHEK1+ctrl,0.542663037330246,1
SNU1196,CHEK1+ctrl,0.6593831513963411,1
NCIH460,CHEK1+ctrl,0.448674326998553,1
HCC56,CHEK1+ctrl,0.494653489642947,1
PK45H,CHEK1+ctrl,0.59407302273387,1
YH13,CHEK1+ctrl,0.6474013500283871,1
LI7,CHEK1+ctrl,0.675035529181577,1
HSC2,CHEK1+ctrl,0.452313691557353,1
RT112,CHEK1+ctrl,0.7369511867051051,1
JHH4,CHEK1+ctrl,0.482912457167839,1
MALME3M,CHEK1+ctrl,0.521169659708705,1
KNS81,CHEK1+ctrl,0.354864438412563,1
HUH7,CHEK1+ctrl,0.2096012857055069,1
NCIH2170,CHEK1+ctrl,0.565022430656167,1
RERFLCKJ,CHEK1+ctrl,0.3474300883971399,1
VMRCRCW,CHEK1+ctrl,0.629444026208352,1
KU1919,CHEK1+ctrl,0.717679135228917,1
TE11,CHEK1+ctrl,0.522910176088341,1
SNU423,CHEK1+ctrl,0.5334373232222049,1
TUHR4TKB,CHEK1+ctrl,0.404396088980522,1
NCIH1792,CHEK1+ctrl,0.654494419700616,1
SNU46,CHEK1+ctrl,0.461811143288809,1
TCCPAN2,CHEK1+ctrl,0.791494675271356,1
BICR16,CHEK1+ctrl,0.6079750702856259,1
SNB75,CHEK1+ctrl,0.266323587167982,1
RKN,CHEK1+ctrl,0.712028432999495,1
NCIH1299,CHEK1+ctrl,0.468442371667533,1
CAL78,CHEK1+ctrl,0.596356927907473,1
SNU410,CHEK1+ctrl,0.711386476765118,1
NCIH2030,CHEK1+ctrl,0.543052863344571,1
OVISE,CHEK1+ctrl,0.4641546894456599,1
ABC1,CHEK1+ctrl,0.498266564194628,1
SNU61,CHEK1+ctrl,0.439796369624307,1
BXPC3,CHEK1+ctrl,0.4197663868504,1
SNU761,CHEK1+ctrl,0.11912576720525,0
HEYA8,CHEK1+ctrl,0.495835540469247,1
OE21,CHEK1+ctrl,0.7168105645045311,1
VMCUB1,CHEK1+ctrl,0.581318545604343,1
SNU1076,CHEK1+ctrl,0.0726954731252179,0
HT29,CHEK1+ctrl,0.463990312710584,1
SQ1,CHEK1+ctrl,0.663902783781268,1
A172,CHEK1+ctrl,0.1894425529586819,0
TT,CHEK1+ctrl,0.331934914712489,1
HCC78,CHEK1+ctrl,0.534303888930733,1
EBC1,CHEK1+ctrl,0.598671533448084,1
RCM1,CHEK1+ctrl,0.565919403204199,1
SW1710,CHEK1+ctrl,0.585158762729428,1
ISTMES1,CHEK1+ctrl,0.483368151606142,1
YKG1,CHEK1+ctrl,0.5819290173397109,1
T98G,CHEK1+ctrl,0.714171902976311,1
G361,CHEK1+ctrl,0.3841004092697569,1
MDAMB436,CHEK1+ctrl,0.617786181681325,1
UACC257,CHEK1+ctrl,0.395625204457131,1
COLO741,CHEK1+ctrl,0.425669710546152,1
NCIH1975,CHEK1+ctrl,0.458915855900058,1
NCIH1437,CHEK1+ctrl,0.546269695444655,1
TM31,CHEK1+ctrl,0.659785671283487,1
BC3C,CHEK1+ctrl,0.663766897679033,1
LN229,CHEK1+ctrl,0.650373049506646,1
PATU8902,CHEK1+ctrl,0.5126665740933081,1
MIAPACA2,CHEK1+ctrl,0.672695432867664,1
BEN,CHEK1+ctrl,0.333807746398348,1
TE6,CHEK1+ctrl,0.629986799932852,1
SF126,CHEK1+ctrl,0.526932640488331,1
HOS,CHEK1+ctrl,0.725754310134068,1
RVH421,CHEK1+ctrl,0.4243819141303939,1
SNU1041,CHEK1+ctrl,0.3576395735511399,1
PECAPJ15,CHEK1+ctrl,0.4555147914097299,1
JHH1,CHEK1+ctrl,0.6065426738742681,1
KNS42,CHEK1+ctrl,0.24806121234652,1
HCC1806,CHEK1+ctrl,0.792873294642049,1
HEP3B217,CHEK1+ctrl,0.3001235372018089,1
LCLC103H,CHEK1+ctrl,0.672353365348844,1
NCIH596,CHEK1+ctrl,0.2576118374173,1
YD8,CHEK1+ctrl,0.484848410343344,1
HS944T,CHEK1+ctrl,0.632083988969241,1
KYSE520,CHEK1+ctrl,0.478496026334644,1
HDQP1,CHEK1+ctrl,0.592079256709666,1
TE1,CHEK1+ctrl,0.5659402126050099,1
NCIH28,CHEK1+ctrl,0.508870818994787,1
786O,CHEK1+ctrl,0.550520544143648,1
IGR37,CHEK1+ctrl,0.669701067158592,1
SW620,CHEK1+ctrl,0.509975966250792,1
SUIT2,CHEK1+ctrl,0.399634148323598,1
A2780,CHEK1+ctrl,0.481370618083668,1
WM1799,CHEK1+ctrl,0.608144088533072,1
CORL23,CHEK1+ctrl,0.561679657610185,1
OVTOKO,CHEK1+ctrl,0.5693406692678771,1
SKMES1,CHEK1+ctrl,0.744613574091691,1
NCIH1355,CHEK1+ctrl,0.703552472778992,1
HCC44,CHEK1+ctrl,0.261546020947812,1
SW900,CHEK1+ctrl,0.58077751379137,1
SBC5,CHEK1+ctrl,0.6406779943411229,1
HUH6,CHEK1+ctrl,0.546042109326509,1
IALM,CHEK1+ctrl,0.6140620196597539,1
NUGC4,CHEK1+ctrl,0.617506976015167,1
SW1573,CHEK1+ctrl,0.510625097846054,1
MKN7,CHEK1+ctrl,0.624162954814958,1
OE19,CHEK1+ctrl,0.44800644200377,1
SW948,CHEK1+ctrl,0.4116901242895,1
A549,CHEK1+ctrl,0.2984816781032909,1
SNU1066,CHEK1+ctrl,0.239653174489445,1
KMRC1,CHEK1+ctrl,0.330986009327168,1
L33,CHEK1+ctrl,0.688737666689182,1
KYSE180,CHEK1+ctrl,0.630113936283162,1
TE9,CHEK1+ctrl,0.5686942965751121,1
OVCAR8,CHEK1+ctrl,0.736159051001927,1
RMUGS,CHEK1+ctrl,0.151054274380869,0
OAW42,CHEK1+ctrl,0.656909804510349,1
CAOV3,CHEK1+ctrl,0.78364534781725,1
SNU1214,CHEK1+ctrl,0.380709587596877,1
TT2609C02,CHEK1+ctrl,0.420542936044099,1
COLO680N,CHEK1+ctrl,0.405339364969288,1
RMGI,CHEK1+ctrl,0.589016545888694,1
TCCSUP,CHEK1+ctrl,0.685912255194811,1
HMC18,CHEK1+ctrl,0.408858217186715,1
YD10B,CHEK1+ctrl,0.574892008327183,1
HT1376,CHEK1+ctrl,0.568974435970245,1
SKMEL5,CHEK1+ctrl,0.5673899957104209,1
PECAPJ41CLONED2,CHEK1+ctrl,0.508327320485901,1
NCIH1838,CHEK1+ctrl,0.3203350448052829,1
JHH5,CHEK1+ctrl,0.5059729151267129,1
PECAPJ49,CHEK1+ctrl,0.5426124911994741,1
SNU601,CHEK1+ctrl,0.702705356770202,1
GB1,CHEK1+ctrl,0.4879681304746009,1
UBLC1,CHEK1+ctrl,0.7440725017516909,1
NCIH1623,CHEK1+ctrl,0.4774920442038429,1
NCIH1703,CHEK1+ctrl,0.709623169211355,1
SJSA1,CHEK1+ctrl,0.369548008374029,1
DMS273,CHEK1+ctrl,0.696154897797823,1
LOXIMVI,CHEK1+ctrl,0.458237665646394,1
JMSU1,CHEK1+ctrl,0.551342174854661,1
GI1,CHEK1+ctrl,0.750278330190886,1
MKN74,CHEK1+ctrl,0.424180510741316,1
MDAMB175VII,CHEK1+ctrl,0.001,0
YD38,CHEK1+ctrl,0.632430951505117,1
SH10TC,CHEK1+ctrl,0.68315657605007,1
WM983B,CHEK1+ctrl,0.7405863146642571,1
NCIH1648,CHEK1+ctrl,0.524029130699702,1
MDAMB231,CHEK1+ctrl,0.5120292181960939,1
LK2,CHEK1+ctrl,0.368461592684462,1
BICR56,CHEK1+ctrl,0.2036986988118739,1
RERFLCAD2,CHEK1+ctrl,0.326669146168464,1
NCIH727,CHEK1+ctrl,0.434723390570957,1
ONS76,CHEK1+ctrl,0.665882416685819,1
KYSE30,CHEK1+ctrl,0.61714807973635,1
HSC3,CHEK1+ctrl,0.538939790500776,1
NCIH2023,CHEK1+ctrl,0.342818321605809,1
CAMA1,CHEK1+ctrl,0.3427765879451939,1
KYSE70,CHEK1+ctrl,0.001,0
NCIH2126,CHEK1+ctrl,0.483582052774102,1
LXF289,CHEK1+ctrl,0.502396310295253,1
A2058,CHEK1+ctrl,0.558379841888872,1
RERFLCAD1,CHEK1+ctrl,0.697650031716132,1
BFTC909,CHEK1+ctrl,0.703400512382823,1
MCAS,CHEK1+ctrl,0.3637500137730419,1
NCIH446,CHEK1+ctrl,0.6045993043964359,1
BFTC905,CHEK1+ctrl,0.544010564942248,1
COLO668,CHEK1+ctrl,0.433390217632465,1
NB1,CHEK1+ctrl,0.650738163719158,1
COLO679,CHEK1+ctrl,0.526760787402219,1
HUH28,CHEK1+ctrl,0.230150885307541,1
KYSE410,CHEK1+ctrl,0.628539027729213,1
SKMEL30,CHEK1+ctrl,0.532678291657064,1
SKOV3,CHEK1+ctrl,0.647980768207186,1
COLO783,CHEK1+ctrl,0.645917447035995,1
T3M10,CHEK1+ctrl,0.719574879760503,1
HS939T,CHEK1+ctrl,0.390921538236464,1
LN18,CHEK1+ctrl,0.549548847153401,1
SKMEL24,CHEK1+ctrl,0.26712229296165,1
KYSE140,CHEK1+ctrl,0.659838295613755,1
KYSE510,CHEK1+ctrl,0.457120640975027,1
CAL12T,CHEK1+ctrl,0.6375996801433079,1
WM793,CHEK1+ctrl,0.590486248642671,1
CAL27,CHEK1+ctrl,0.2194195276006459,1
RH30,CHEK1+ctrl,0.58872416580008,1
UMUC1,CHEK1+ctrl,0.686497923109047,1
GCT,CHEK1+ctrl,0.419480186224956,1
YD15,CHEK1+ctrl,0.337253742160583,1
NCIH322,CHEK1+ctrl,0.537068698863981,1
SCABER,CHEK1+ctrl,0.5639065957071869,1
HCC366,CHEK1+ctrl,0.466055998075358,1
NCIH2087,CHEK1+ctrl,0.653499214341696,1
SW480,CHEK1+ctrl,0.346473584845568,1
HARA,CHEK1+ctrl,0.733921913815307,1
NCIH1373,CHEK1+ctrl,0.478718175332635,1
FADU,CHEK1+ctrl,0.3793501817545129,1
HGC27,CHEK1+ctrl,0.446530564222398,1
JHH7,CHEK1+ctrl,0.511635365878556,1
MDAMB468,CHEK1+ctrl,0.4610944654054599,1
NCIH1435,CHEK1+ctrl,0.3250273086465379,1
NCIH661,CHEK1+ctrl,0.509744469484783,1
KYSE150,CHEK1+ctrl,0.0605713484749299,0
CAL51,CHEK1+ctrl,0.305984148238433,1
KNS62,CHEK1+ctrl,0.4905972587669009,1
NCIH358,CHEK1+ctrl,0.508997380668661,1
KMBC2,CHEK1+ctrl,0.4997868079154339,1
DBTRG05MG,CHEK1+ctrl,0.5345276748074961,1
NCIH1048,CHEK1+ctrl,0.5816589711947571,1
HCC1195,CHEK1+ctrl,0.264577355149233,1
NCIH1568,CHEK1+ctrl,0.755159770545789,1
KYSE270,CHEK1+ctrl,0.7362106821987839,1
NCIH2347,CHEK1+ctrl,0.52930721106928,1
HCC15,CHEK1+ctrl,0.368148470820657,1
MFE296,CHEK1+ctrl,0.618298596403835,1
AGS,CHEK1+ctrl,0.278892314015021,1
MELJUSO,CHEK1+ctrl,0.6227808577364651,1
IGR1,CHEK1+ctrl,0.586086339750266,1
MDAMB435S,CHEK1+ctrl,0.499268213997042,1
TOV21G,CHEK1+ctrl,0.741800055157393,1
NCIH2009,CHEK1+ctrl,0.6126252604678111,1
NCIH1793,CHEK1+ctrl,0.403984398460973,1
SW1271,CHEK1+ctrl,0.61973679417006,1
HCC1438,CHEK1+ctrl,0.609377020885673,1
NCIH1563,CHEK1+ctrl,0.497075697790458,1
NCIH1651,CHEK1+ctrl,0.5822014083910749,1
CL34,CHEK1+ctrl,0.614082311533485,1
647V,CHEK1+ctrl,0.5793660633555691,1
FTC238,CHEK1+ctrl,0.624194257580428,1
SNU719,CHEK1+ctrl,0.483113787284006,1
WM88,CHEK1+ctrl,0.522691298972655,1
NCIH23,CHEK1+ctrl,0.680617365475947,1
HCC1359,CHEK1+ctrl,0.5684434699088601,1
FTC133,CHEK1+ctrl,0.7155719884095291,1
5637,CHEK1+ctrl,0.68040711915902,1
ES2,CHEK1+ctrl,0.710321763539093,1
JHUEM2,CHEK1+ctrl,0.399865773788892,1
NUGC3,CHEK1+ctrl,0.390126488290455,1
ESS1,CHEK1+ctrl,0.672851830049491,1
IPC298,CHEK1+ctrl,0.670172604869073,1
NCIH1573,CHEK1+ctrl,0.643116025915185,1
TE4,CHEK1+ctrl,0.561395663245002,1
IM95,CHEK1+ctrl,0.1498693285997989,0
NCIH1339,CHEK1+ctrl,0.689246740020136,1
NCIH2172,CHEK1+ctrl,0.48357095232514,1
HT55,CHEK1+ctrl,0.4904263295940509,1
NCIH2110,CHEK1+ctrl,0.462460389472816,1
EFO27,CHEK1+ctrl,0.3951355177069839,1
SKUT1,CHEK1+ctrl,0.7370209446449609,1
AN3CA,CHEK1+ctrl,0.68287159827067,1
HEC1B,CHEK1+ctrl,0.682029676111173,1
RKO,CHEK1+ctrl,0.623072193910533,1
NCIH650,CHEK1+ctrl,0.631430289820228,1
HEC265,CHEK1+ctrl,0.197495463351792,0
OVK18,CHEK1+ctrl,0.528230191230306,1
2313287,CHEK1+ctrl,0.631651894361213,1
LOVO,CHEK1+ctrl,0.749487325109532,1
HEC1A,CHEK1+ctrl,0.5607301334935251,1
22RV1,CHEK1+ctrl,0.171704617358275,0
LS180,CHEK1+ctrl,0.440848119220575,1
SNUC4,CHEK1+ctrl,0.5278949785800631,1
ISHIKAWAHERAKLIO02ER,CHEK1+ctrl,0.5564498772038551,1
OC314,CHEK1+ctrl,0.531857082906522,1
RL952,CHEK1+ctrl,0.613911312878832,1
IGROV1,CHEK1+ctrl,0.710159285189388,1
SNUC2A,CHEK1+ctrl,0.566743815413506,1
COLO792,CHEK1+ctrl,0.001,0
SNUC5,CHEK1+ctrl,0.39835669742433,1
HCT116,CHEK1+ctrl,0.41290252146647,1
HEC151,CHEK1+ctrl,0.5181372250967899,1
639V,CHEK1+ctrl,0.481558642349703,1
SNGM,CHEK1+ctrl,0.457071340224743,1
HUCCT1,CHEK1+ctrl,0.614250947407808,1
LNCAPCLONEFGC,CHEK1+ctrl,0.479620196286319,1
EN,CHEK1+ctrl,0.419839740780898,1
DU145,CHEK1+ctrl,0.567330080747119,1
GP2D,CHEK1+ctrl,0.783622833947062,1
HEC6,CHEK1+ctrl,0.576889100055237,1
LS411N,CHEK1+ctrl,0.651140433104531,1
MEWO,CHEK1+ctrl,0.721609815052531,1
MFE319,CHEK1+ctrl,0.707954949655509,1
HEC108,CHEK1+ctrl,0.5473285725881221,1
SNU81,CHEK1+ctrl,0.603638272476117,1
HEC59,CHEK1+ctrl,0.506762733915973,1
HEC251,CHEK1+ctrl,0.535132559441048,1
HCT15,CHEK1+ctrl,0.3887772570550519,1
BECKER,CHEK1+ctrl,0.673870602259551,1
CHL1,CHEK1+ctrl,0.517164443715421,1
NCIH292,CHEK1+ctrl,0.237222455291504,1
LC1SQSF,CHEK1+ctrl,0.323846850022265,1
OC316,CHEK1+ctrl,0.562036809975806,1
SKMEL2,CHEK1+ctrl,0.76195220017657,1
WM2664,CHEK1+ctrl,0.349203525555847,1
8305C,CHEK1+ctrl,0.6513216080696069,1
8505C,CHEK1+ctrl,0.538086361463993,1
PLCPRF5,CHEK1+ctrl,0.6091425077834429,1
TT,CHEK1+ctrl,0.1747540043211539,0
LS513,PIK3CA+ctrl,0.262244403579801,1
A101D,PIK3CA+ctrl,0.10362736124277,0
253J,PIK3CA+ctrl,0.1571068708897529,0
HCC827,PIK3CA+ctrl,0.150830230910146,0
ONCODG1,PIK3CA+ctrl,0.253081614931948,1
HS294T,PIK3CA+ctrl,0.158428079727108,0
NCIH1581,PIK3CA+ctrl,0.001,0
T24,PIK3CA+ctrl,0.001,0
MCF7,PIK3CA+ctrl,0.3281580198895599,1
NCIH1693,PIK3CA+ctrl,0.085139934189928,0
PATU8988S,PIK3CA+ctrl,0.307928545127817,1
PATU8988T,PIK3CA+ctrl,0.1429995098638889,0
253JBV,PIK3CA+ctrl,0.2377487956417869,1
GOS3,PIK3CA+ctrl,0.139087152251224,0
PC14,PIK3CA+ctrl,0.159598285094262,0
NCIH1650,PIK3CA+ctrl,0.171979623481754,0
S117,PIK3CA+ctrl,0.0792900599485689,0
U118MG,PIK3CA+ctrl,0.001,0
PANC0203,PIK3CA+ctrl,0.260491574837267,1
ACHN,PIK3CA+ctrl,0.088452586369829,0
GCIY,PIK3CA+ctrl,0.1327911169093369,0
TOV112D,PIK3CA+ctrl,0.1742789752850999,0
A673,PIK3CA+ctrl,0.001,0
HT1080,PIK3CA+ctrl,0.001,0
PANC1005,PIK3CA+ctrl,0.27267167895138,1
RERFLCMS,PIK3CA+ctrl,0.115567075743444,0
HCC4006,PIK3CA+ctrl,0.18735153987534,0
G292CLONEA141B1,PIK3CA+ctrl,0.295908441107688,1
ACCMESO1,PIK3CA+ctrl,0.001,0
SKES1,PIK3CA+ctrl,0.1000038749992939,0
PC3,PIK3CA+ctrl,0.204360084603536,1
G401,PIK3CA+ctrl,0.312018741109529,1
ZR751,PIK3CA+ctrl,0.1258116837842989,0
GAMG,PIK3CA+ctrl,0.001,0
SIMA,PIK3CA+ctrl,0.001,0
GMS10,PIK3CA+ctrl,0.2481361992397049,1
CAPAN2,PIK3CA+ctrl,0.35299534742991,1
KP3,PIK3CA+ctrl,0.1265921762833499,0
EFM192A,PIK3CA+ctrl,0.300822765152406,1
HUPT3,PIK3CA+ctrl,0.236269219953378,1
COV434,PIK3CA+ctrl,0.001,0
JHOS2,PIK3CA+ctrl,0.001,0
HS729,PIK3CA+ctrl,0.001,0
8MGBA,PIK3CA+ctrl,0.001,0
CFPAC1,PIK3CA+ctrl,0.2517161357775079,1
PANC0327,PIK3CA+ctrl,0.323623004178508,1
SNU308,PIK3CA+ctrl,0.1305734145901139,0
CAL29,PIK3CA+ctrl,0.430274521310716,1
T47D,PIK3CA+ctrl,0.349386766164966,1
NCIH2052,PIK3CA+ctrl,0.001,0
OSRC2,PIK3CA+ctrl,0.001,0
CORL105,PIK3CA+ctrl,0.1581431009134279,0
SW579,PIK3CA+ctrl,0.395166630176483,1
PANC1,PIK3CA+ctrl,0.101710551689279,0
RD,PIK3CA+ctrl,0.119692744969882,0
VMRCRCZ,PIK3CA+ctrl,0.054721823828329,0
TM87,PIK3CA+ctrl,0.090598920210687,0
CAL62,PIK3CA+ctrl,0.1346214713464399,0
LOUNH91,PIK3CA+ctrl,0.123799674134491,0
HS766T,PIK3CA+ctrl,0.109296908698975,0
SNU869,PIK3CA+ctrl,0.192530785252214,0
NCIH2444,PIK3CA+ctrl,0.1653172909596399,0
SCC25,PIK3CA+ctrl,0.3350157493621529,1
RCC10RGB,PIK3CA+ctrl,0.0730347403597579,0
BHT101,PIK3CA+ctrl,0.222869003048211,1
MFE280,PIK3CA+ctrl,0.397024331592596,1
A204,PIK3CA+ctrl,0.398401070159664,1
PK59,PIK3CA+ctrl,0.234361565064587,1
DETROIT562,PIK3CA+ctrl,0.27770686417928,1
SNU1079,PIK3CA+ctrl,0.2023618478561679,1
CADOES1,PIK3CA+ctrl,0.001,0
DAOY,PIK3CA+ctrl,0.001,0
CAL120,PIK3CA+ctrl,0.0786145619356,0
JHH6,PIK3CA+ctrl,0.001,0
A375,PIK3CA+ctrl,0.1174958831965069,0
SNU398,PIK3CA+ctrl,0.039036567523913,0
ASPC1,PIK3CA+ctrl,0.221549207627001,1
HCC1937,PIK3CA+ctrl,0.161249481013788,0
BICR31,PIK3CA+ctrl,0.24793112454525,1
KALS1,PIK3CA+ctrl,0.001,0
U251MG,PIK3CA+ctrl,0.116459974494273,0
PANC0403,PIK3CA+ctrl,0.1921901275296219,0
JHOM1,PIK3CA+ctrl,0.190763210393571,0
RT4,PIK3CA+ctrl,0.267771648603166,1
DANG,PIK3CA+ctrl,0.360553949538129,1
DKMG,PIK3CA+ctrl,0.131082823511503,0
KMRC20,PIK3CA+ctrl,0.0309049461749599,0
LS1034,PIK3CA+ctrl,0.3391640333817409,1
LMSU,PIK3CA+ctrl,0.297556147785709,1
KELLY,PIK3CA+ctrl,0.086604674334119,0
SKNAS,PIK3CA+ctrl,0.135709807822261,0
RERFLCAI,PIK3CA+ctrl,0.001,0
CALU6,PIK3CA+ctrl,0.039209404003403,0
KP4,PIK3CA+ctrl,0.086753683954098,0
SNU213,PIK3CA+ctrl,0.228921073872839,1
SNU245,PIK3CA+ctrl,0.2147352691145809,1
HPAC,PIK3CA+ctrl,0.267723064257428,1
SF539,PIK3CA+ctrl,0.1494122242667049,0
HS852T,PIK3CA+ctrl,0.001,0
HCC38,PIK3CA+ctrl,0.001,0
HCC1419,PIK3CA+ctrl,0.3104272352024729,1
COV362,PIK3CA+ctrl,0.143207063538287,0
SNU840,PIK3CA+ctrl,0.279577422465058,1
KP2,PIK3CA+ctrl,0.216305107872201,1
BT549,PIK3CA+ctrl,0.224764309762807,1
SNU466,PIK3CA+ctrl,0.001,0
NCIH841,PIK3CA+ctrl,0.126124755980191,0
OUMS23,PIK3CA+ctrl,0.004367231050113,0
SNU1077,PIK3CA+ctrl,0.0922051118545089,0
ECGI10,PIK3CA+ctrl,0.2404611636785589,1
PK1,PIK3CA+ctrl,0.273624141214714,1
SKLU1,PIK3CA+ctrl,0.001,0
SKNBE2,PIK3CA+ctrl,0.078495507106065,0
KMRC3,PIK3CA+ctrl,0.107183152316324,0
SNU886,PIK3CA+ctrl,0.276130789523942,1
TE10,PIK3CA+ctrl,0.2261236404150459,1
MPP89,PIK3CA+ctrl,0.001,0
HT144,PIK3CA+ctrl,0.0121283990173599,0
42MGBA,PIK3CA+ctrl,0.177276972450304,0
JHOC5,PIK3CA+ctrl,0.333264577281162,1
CCFSTTG1,PIK3CA+ctrl,0.001,0
ISTMES2,PIK3CA+ctrl,0.001,0
YAPC,PIK3CA+ctrl,0.187129891871605,0
MSTO211H,PIK3CA+ctrl,0.1975336615109809,0
NCIH522,PIK3CA+ctrl,0.001,0
SNU668,PIK3CA+ctrl,0.171819648444284,0
QGP1,PIK3CA+ctrl,0.0378094585954049,0
MKN1,PIK3CA+ctrl,0.271958532310233,1
HCC1428,PIK3CA+ctrl,0.177455091376312,0
MKN45,PIK3CA+ctrl,0.340002239651111,1
MG63,PIK3CA+ctrl,0.25368199593272,1
SKHEP1,PIK3CA+ctrl,0.001,0
U2OS,PIK3CA+ctrl,0.149745589101788,0
NCIH226,PIK3CA+ctrl,0.001,0
SNU1105,PIK3CA+ctrl,0.164825353722415,0
HCC1143,PIK3CA+ctrl,0.23850644062513,1
SF295,PIK3CA+ctrl,0.001,0
OE33,PIK3CA+ctrl,0.187065468596299,0
SW780,PIK3CA+ctrl,0.169714259430723,0
H4,PIK3CA+ctrl,0.001,0
LUDLU1,PIK3CA+ctrl,0.214769609215366,1
MHHES1,PIK3CA+ctrl,0.001,0
HLF,PIK3CA+ctrl,0.001,0
NCIH520,PIK3CA+ctrl,0.120691739714751,0
J82,PIK3CA+ctrl,0.1427645409293499,0
TEN,PIK3CA+ctrl,0.273529385571438,1
COLO800,PIK3CA+ctrl,0.1398789789534079,0
NCIH747,PIK3CA+ctrl,0.2354417470073979,1
K029AX,PIK3CA+ctrl,0.001,0
SNU685,PIK3CA+ctrl,0.001,0
TE5,PIK3CA+ctrl,0.267563770853227,1
769P,PIK3CA+ctrl,0.0918420500562759,0
NCIH1944,PIK3CA+ctrl,0.171853490676118,0
BICR6,PIK3CA+ctrl,0.0156948148986789,0
NCIH838,PIK3CA+ctrl,0.1443913037377699,0
SW1353,PIK3CA+ctrl,0.2790559149086979,1
SNU449,PIK3CA+ctrl,0.001,0
SW837,PIK3CA+ctrl,0.228996749557252,1
SKMEL3,PIK3CA+ctrl,0.2025241712393229,1
UACC62,PIK3CA+ctrl,0.124269780454015,0
NCIN87,PIK3CA+ctrl,0.2515489857041679,1
UO31,PIK3CA+ctrl,0.124387464547928,0
A704,PIK3CA+ctrl,0.001,0
CAKI1,PIK3CA+ctrl,0.001,0
NCIH1915,PIK3CA+ctrl,0.001,0
SW1088,PIK3CA+ctrl,0.134709168658337,0
SH4,PIK3CA+ctrl,0.001,0
LU99,PIK3CA+ctrl,0.1207886789995159,0
KNS60,PIK3CA+ctrl,0.1484765570414009,0
NCIH2228,PIK3CA+ctrl,0.294754099499412,1
MESSA,PIK3CA+ctrl,0.3992042466757349,1
MELHO,PIK3CA+ctrl,0.135571967204373,0
TE8,PIK3CA+ctrl,0.11045721948439,0
HCC95,PIK3CA+ctrl,0.252905586632271,1
BCPAP,PIK3CA+ctrl,0.001,0
CAL54,PIK3CA+ctrl,0.239438692093494,1
CJM,PIK3CA+ctrl,0.26643962187832,1
SNU1196,PIK3CA+ctrl,0.208478724944409,1
NCIH460,PIK3CA+ctrl,0.2790810569309829,1
HCC56,PIK3CA+ctrl,0.256486931333977,1
PK45H,PIK3CA+ctrl,0.075215617899901,0
YH13,PIK3CA+ctrl,0.255524054552676,1
LI7,PIK3CA+ctrl,0.081548825439072,0
HSC2,PIK3CA+ctrl,0.377804335518048,1
RT112,PIK3CA+ctrl,0.31423840211991,1
JHH4,PIK3CA+ctrl,0.23151007416027,1
MALME3M,PIK3CA+ctrl,0.2609983543512699,1
KNS81,PIK3CA+ctrl,0.103803353426681,0
HUH7,PIK3CA+ctrl,0.333499042241974,1
NCIH2170,PIK3CA+ctrl,0.1298852900548079,0
RERFLCKJ,PIK3CA+ctrl,0.001,0
VMRCRCW,PIK3CA+ctrl,0.141634906202871,0
KU1919,PIK3CA+ctrl,0.001,0
TE11,PIK3CA+ctrl,0.222273644238095,1
SNU423,PIK3CA+ctrl,0.001,0
TUHR4TKB,PIK3CA+ctrl,0.250912216918262,1
NCIH1792,PIK3CA+ctrl,0.001,0
SNU46,PIK3CA+ctrl,0.001,0
TCCPAN2,PIK3CA+ctrl,0.3138088437191759,1
BICR16,PIK3CA+ctrl,0.32300243548324,1
SNB75,PIK3CA+ctrl,0.235166766672605,1
RKN,PIK3CA+ctrl,0.001,0
NCIH1299,PIK3CA+ctrl,0.22757457366738,1
CAL78,PIK3CA+ctrl,0.001,0
SNU410,PIK3CA+ctrl,0.1454502369338159,0
NCIH2030,PIK3CA+ctrl,0.1346012922472119,0
KURAMOCHI,PIK3CA+ctrl,0.214563360986145,1
OVISE,PIK3CA+ctrl,0.337234270126694,1
ABC1,PIK3CA+ctrl,0.001,0
SNU61,PIK3CA+ctrl,0.204652785596651,1
BXPC3,PIK3CA+ctrl,0.08915525032362,0
SNU761,PIK3CA+ctrl,0.001,0
HEYA8,PIK3CA+ctrl,0.001,0
OE21,PIK3CA+ctrl,0.2199624907323579,1
VMCUB1,PIK3CA+ctrl,0.308978900271194,1
SNU1076,PIK3CA+ctrl,0.3347113271619499,1
HT29,PIK3CA+ctrl,0.2355239661489839,1
SQ1,PIK3CA+ctrl,0.1846168295171439,0
A172,PIK3CA+ctrl,0.001,0
TT,PIK3CA+ctrl,0.280995094027669,1
HCC78,PIK3CA+ctrl,0.104774095426279,0
EBC1,PIK3CA+ctrl,0.2248309045585269,1
RCM1,PIK3CA+ctrl,0.001,0
SW1710,PIK3CA+ctrl,0.185148559188529,0
ISTMES1,PIK3CA+ctrl,0.178725278765286,0
YKG1,PIK3CA+ctrl,0.245680747803324,1
T98G,PIK3CA+ctrl,0.257824848346852,1
G361,PIK3CA+ctrl,0.145921433549012,0
MDAMB436,PIK3CA+ctrl,0.001,0
UACC257,PIK3CA+ctrl,0.001,0
COLO741,PIK3CA+ctrl,0.001,0
NCIH1975,PIK3CA+ctrl,0.240755427518042,1
NCIH1437,PIK3CA+ctrl,0.120295294930829,0
TM31,PIK3CA+ctrl,0.001,0
BC3C,PIK3CA+ctrl,0.279508079524553,1
LN229,PIK3CA+ctrl,0.243330075801085,1
PATU8902,PIK3CA+ctrl,0.355415391952691,1
MIAPACA2,PIK3CA+ctrl,0.005687122622266,0
BEN,PIK3CA+ctrl,0.070890896601424,0
TE6,PIK3CA+ctrl,0.355306686727755,1
SF126,PIK3CA+ctrl,0.1921869567407029,0
HOS,PIK3CA+ctrl,0.209964903208346,1
RVH421,PIK3CA+ctrl,0.001,0
SNU1041,PIK3CA+ctrl,0.1883952603894719,0
PECAPJ15,PIK3CA+ctrl,0.2851410525574179,1
JHH1,PIK3CA+ctrl,0.1822274873769309,0
KNS42,PIK3CA+ctrl,0.1274356207370419,0
HCC1806,PIK3CA+ctrl,0.096558133600896,0
HEP3B217,PIK3CA+ctrl,0.2310638727053859,1
LCLC103H,PIK3CA+ctrl,0.16168644118798,0
NCIH596,PIK3CA+ctrl,0.3111215022661729,1
YD8,PIK3CA+ctrl,0.178510843096061,0
HS944T,PIK3CA+ctrl,0.0870174817113309,0
KYSE520,PIK3CA+ctrl,0.1095149137098949,0
HDQP1,PIK3CA+ctrl,0.265809933395615,1
TE1,PIK3CA+ctrl,0.178031756066771,0
NCIH28,PIK3CA+ctrl,0.0466136809096919,0
786O,PIK3CA+ctrl,0.001,0
IGR37,PIK3CA+ctrl,0.161693411654768,0
SW620,PIK3CA+ctrl,0.106313393600386,0
SUIT2,PIK3CA+ctrl,0.189930122908879,0
A2780,PIK3CA+ctrl,0.262093597163105,1
WM1799,PIK3CA+ctrl,0.1339487871015939,0
CORL23,PIK3CA+ctrl,0.1116944834105549,0
OVTOKO,PIK3CA+ctrl,0.001,0
SKMES1,PIK3CA+ctrl,0.128921054970575,0
NCIH1355,PIK3CA+ctrl,0.241245021619773,1
HCC44,PIK3CA+ctrl,0.2191975582163869,1
SW900,PIK3CA+ctrl,0.222451188947147,1
SBC5,PIK3CA+ctrl,0.2116203468558429,1
HUH6,PIK3CA+ctrl,0.001,0
IALM,PIK3CA+ctrl,0.001,0
NUGC4,PIK3CA+ctrl,0.1732551173250509,0
SW1573,PIK3CA+ctrl,0.256796176110361,1
MKN7,PIK3CA+ctrl,0.3009231538360479,1
OE19,PIK3CA+ctrl,0.236321313438432,1
SW948,PIK3CA+ctrl,0.24994895493543,1
A549,PIK3CA+ctrl,0.001,0
SNU1066,PIK3CA+ctrl,0.287064527368335,1
KMRC1,PIK3CA+ctrl,0.1233121702577639,0
L33,PIK3CA+ctrl,0.306684897601438,1
OV7,PIK3CA+ctrl,0.065503199848395,0
TE9,PIK3CA+ctrl,0.274386922599659,1
OVCAR8,PIK3CA+ctrl,0.001,0
RMUGS,PIK3CA+ctrl,0.218608438819054,1
OAW42,PIK3CA+ctrl,0.001,0
JIMT1,PIK3CA+ctrl,0.2308465387626209,1
CAOV3,PIK3CA+ctrl,0.001,0
SNU1214,PIK3CA+ctrl,0.398449656886008,1
TT2609C02,PIK3CA+ctrl,0.153519474484416,0
COLO680N,PIK3CA+ctrl,0.2199387824934989,1
RMGI,PIK3CA+ctrl,0.297012577250905,1
TCCSUP,PIK3CA+ctrl,0.347479505255981,1
HMC18,PIK3CA+ctrl,0.214904168828782,1
YD10B,PIK3CA+ctrl,0.264795341931732,1
HT1376,PIK3CA+ctrl,0.2229463078221509,1
TE14,PIK3CA+ctrl,0.001,0
SKMEL5,PIK3CA+ctrl,0.001,0
PECAPJ41CLONED2,PIK3CA+ctrl,0.2049255340463409,1
NCIH1838,PIK3CA+ctrl,0.1939035841384969,0
JHH5,PIK3CA+ctrl,0.372995767528649,1
PECAPJ49,PIK3CA+ctrl,0.327180774291862,1
SNU601,PIK3CA+ctrl,0.4314439760688729,1
GB1,PIK3CA+ctrl,0.108854485998474,0
UBLC1,PIK3CA+ctrl,0.1690862397554879,0
NCIH1623,PIK3CA+ctrl,0.001,0
NCIH1703,PIK3CA+ctrl,0.239784594538277,1
SJSA1,PIK3CA+ctrl,0.1593944102925819,0
DMS273,PIK3CA+ctrl,0.119848215062556,0
LOXIMVI,PIK3CA+ctrl,0.1851792881160999,0
JMSU1,PIK3CA+ctrl,0.199789251521856,0
GI1,PIK3CA+ctrl,0.192375339187927,0
MKN74,PIK3CA+ctrl,0.001,0
MDAMB175VII,PIK3CA+ctrl,0.139822330984682,0
YD38,PIK3CA+ctrl,0.292986256003509,1
SH10TC,PIK3CA+ctrl,0.001,0
WM983B,PIK3CA+ctrl,0.001,0
NCIH1648,PIK3CA+ctrl,0.001,0
MDAMB231,PIK3CA+ctrl,0.117082899195416,0
LK2,PIK3CA+ctrl,0.216110103021752,1
BICR56,PIK3CA+ctrl,0.400143246345265,1
RERFLCAD2,PIK3CA+ctrl,0.001,0
NCIH727,PIK3CA+ctrl,0.001,0
ONS76,PIK3CA+ctrl,0.001,0
KYSE30,PIK3CA+ctrl,0.183778808881499,0
HSC3,PIK3CA+ctrl,0.2170948523978579,1
NCIH2023,PIK3CA+ctrl,0.100906007935189,0
CAMA1,PIK3CA+ctrl,0.001,0
KYSE70,PIK3CA+ctrl,0.270860497050985,1
NCIH2126,PIK3CA+ctrl,0.001,0
LXF289,PIK3CA+ctrl,0.1154040262231289,0
A2058,PIK3CA+ctrl,0.117131888830699,0
RERFLCAD1,PIK3CA+ctrl,0.1673352542673479,0
BFTC909,PIK3CA+ctrl,0.350507592866061,1
MCAS,PIK3CA+ctrl,0.212366542487991,1
NCIH446,PIK3CA+ctrl,0.23409083652079,1
BFTC905,PIK3CA+ctrl,0.30736689388384,1
COLO668,PIK3CA+ctrl,0.236427157015888,1
NB1,PIK3CA+ctrl,0.271154066396,1
COLO679,PIK3CA+ctrl,0.0654905826978829,0
HUH28,PIK3CA+ctrl,0.178371554283496,0
KYSE410,PIK3CA+ctrl,0.2460190465238479,1
SKMEL30,PIK3CA+ctrl,0.1132960925490189,0
SKOV3,PIK3CA+ctrl,0.355379051473818,1
COLO783,PIK3CA+ctrl,0.172632830722792,0
T3M10,PIK3CA+ctrl,0.123190310830399,0
HS939T,PIK3CA+ctrl,0.119814443892375,0
LN18,PIK3CA+ctrl,0.176987954799812,0
SKMEL24,PIK3CA+ctrl,0.1338167145951659,0
KYSE140,PIK3CA+ctrl,0.130484701961586,0
KYSE510,PIK3CA+ctrl,0.2490938263407439,1
CAL12T,PIK3CA+ctrl,0.165419892732095,0
WM793,PIK3CA+ctrl,0.210512575926309,1
CAL27,PIK3CA+ctrl,0.0956005061003489,0
RH30,PIK3CA+ctrl,0.286500030447239,1
UMUC1,PIK3CA+ctrl,0.270125631472548,1
GCT,PIK3CA+ctrl,0.164043683345516,0
YD15,PIK3CA+ctrl,0.1602667080130509,0
NCIH322,PIK3CA+ctrl,0.216191400818125,1
SCABER,PIK3CA+ctrl,0.1315704331581469,0
HCC366,PIK3CA+ctrl,0.1742666083817969,0
NCIH2087,PIK3CA+ctrl,0.001,0
SW480,PIK3CA+ctrl,0.135167841874525,0
HARA,PIK3CA+ctrl,0.3110546485943479,1
NCIH1373,PIK3CA+ctrl,0.1312082497203019,0
FADU,PIK3CA+ctrl,0.2006828695278769,1
HGC27,PIK3CA+ctrl,0.296116210252308,1
JHH7,PIK3CA+ctrl,0.116512784861739,0
MDAMB468,PIK3CA+ctrl,0.100922742188678,0
NCIH1435,PIK3CA+ctrl,0.0296198257148649,0
NCIH661,PIK3CA+ctrl,0.1555052447119029,0
KYSE150,PIK3CA+ctrl,0.233526422834964,1
CAL51,PIK3CA+ctrl,0.415582827497044,1
NCIH358,PIK3CA+ctrl,0.178378454826301,0
KMBC2,PIK3CA+ctrl,0.373052655198671,1
DBTRG05MG,PIK3CA+ctrl,0.171084858391794,0
NCIH1048,PIK3CA+ctrl,0.353274063905205,1
HCC1195,PIK3CA+ctrl,0.0855543104556679,0
NCIH1568,PIK3CA+ctrl,0.100321735775589,0
KYSE270,PIK3CA+ctrl,0.175243985356421,0
NCIH2347,PIK3CA+ctrl,0.222208986562724,1
HCC15,PIK3CA+ctrl,0.096603651995231,0
MFE296,PIK3CA+ctrl,0.201035358553171,1
AGS,PIK3CA+ctrl,0.387110220438697,1
MELJUSO,PIK3CA+ctrl,0.206768505832843,1
IGR1,PIK3CA+ctrl,0.0350602777769909,0
MDAMB435S,PIK3CA+ctrl,0.0606170911777149,0
TOV21G,PIK3CA+ctrl,0.123581256330588,0
NCIH2009,PIK3CA+ctrl,0.263460265943958,1
NCIH1793,PIK3CA+ctrl,0.0168231587340239,0
SW1271,PIK3CA+ctrl,0.1138359878382829,0
HCC1438,PIK3CA+ctrl,0.001,0
NCIH1563,PIK3CA+ctrl,0.291976137336465,1
NCIH1651,PIK3CA+ctrl,0.1010840890507479,0
CL34,PIK3CA+ctrl,0.139105257402188,0
647V,PIK3CA+ctrl,0.112991070889718,0
FTC238,PIK3CA+ctrl,0.168790662175476,0
SNU719,PIK3CA+ctrl,0.1119677018674339,0
WM88,PIK3CA+ctrl,0.239394588673417,1
NCIH23,PIK3CA+ctrl,0.1700982749595579,0
HCC1359,PIK3CA+ctrl,0.001,0
FTC133,PIK3CA+ctrl,0.001,0
5637,PIK3CA+ctrl,0.318161351273604,1
ES2,PIK3CA+ctrl,0.0569269392267109,0
JHUEM2,PIK3CA+ctrl,0.419891347102129,1
NUGC3,PIK3CA+ctrl,0.1521309960293599,0
ESS1,PIK3CA+ctrl,0.345256344985334,1
IPC298,PIK3CA+ctrl,0.0686407565921559,0
NCIH1573,PIK3CA+ctrl,0.2052318588021879,1
TE4,PIK3CA+ctrl,0.320781474792345,1
IM95,PIK3CA+ctrl,0.29031003557213,1
NCIH1339,PIK3CA+ctrl,0.062630226944218,0
NCIH2172,PIK3CA+ctrl,0.136094296990076,0
HT55,PIK3CA+ctrl,0.357201913951218,1
BT474,PIK3CA+ctrl,0.35481609423384,1
NCIH2110,PIK3CA+ctrl,0.166921283965319,0
EFO27,PIK3CA+ctrl,0.001,0
SKUT1,PIK3CA+ctrl,0.349923731900853,1
AN3CA,PIK3CA+ctrl,0.282901223453604,1
HEC1B,PIK3CA+ctrl,0.348586720151118,1
RKO,PIK3CA+ctrl,0.1940810089008749,0
NCIH650,PIK3CA+ctrl,0.122006077306661,0
HEC265,PIK3CA+ctrl,0.001,0
OVK18,PIK3CA+ctrl,0.1908636867833749,0
2313287,PIK3CA+ctrl,0.361616107886886,1
LOVO,PIK3CA+ctrl,0.1909017031692179,0
HEC1A,PIK3CA+ctrl,0.260170335946664,1
22RV1,PIK3CA+ctrl,0.001,0
LS180,PIK3CA+ctrl,0.1903211822490219,0
SW48,PIK3CA+ctrl,0.390037293573675,1
SNUC4,PIK3CA+ctrl,0.1599247429812189,0
ISHIKAWAHERAKLIO02ER,PIK3CA+ctrl,0.057195015103068,0
OC314,PIK3CA+ctrl,0.263782731489685,1
RL952,PIK3CA+ctrl,0.001,0
IGROV1,PIK3CA+ctrl,0.2737906636919039,1
SNUC2A,PIK3CA+ctrl,0.1450734686150779,0
COLO792,PIK3CA+ctrl,0.001,0
SNUC5,PIK3CA+ctrl,0.001,0
HCT116,PIK3CA+ctrl,0.186495748378228,0
HEC151,PIK3CA+ctrl,0.1656427537517699,0
639V,PIK3CA+ctrl,0.164737789565788,0
SNGM,PIK3CA+ctrl,0.248812855508418,1
HUCCT1,PIK3CA+ctrl,0.1719985752612139,0
LNCAPCLONEFGC,PIK3CA+ctrl,0.1603663515944,0
EN,PIK3CA+ctrl,0.180909792133866,0
DU145,PIK3CA+ctrl,0.19686559195603,0
GP2D,PIK3CA+ctrl,0.467872291061457,1
HEC6,PIK3CA+ctrl,0.001,0
LS411N,PIK3CA+ctrl,0.089320777937972,0
MEWO,PIK3CA+ctrl,0.001,0
MFE319,PIK3CA+ctrl,0.1016075188135989,0
HEC108,PIK3CA+ctrl,0.001,0
SNU81,PIK3CA+ctrl,0.1901442711672569,0
HEC59,PIK3CA+ctrl,0.083816990148879,0
HEC251,PIK3CA+ctrl,0.094268517893979,0
HCT15,PIK3CA+ctrl,0.2614416140776799,1
BECKER,PIK3CA+ctrl,0.1652909875916229,0
CHL1,PIK3CA+ctrl,0.187292258496031,0
NCIH292,PIK3CA+ctrl,0.001,0
LC1SQSF,PIK3CA+ctrl,0.1772313315937029,0
OC316,PIK3CA+ctrl,0.1894772596820449,0
SKMEL2,PIK3CA+ctrl,0.001,0
WM2664,PIK3CA+ctrl,0.1976039977438419,0
8305C,PIK3CA+ctrl,0.0618745479550949,0
8505C,PIK3CA+ctrl,0.001,0
PLCPRF5,PIK3CA+ctrl,0.168017076111113,0
LS513,MAP2K1+ctrl,0.6686062824388478,1
A101D,MAP2K1+ctrl,0.6148231938147415,1
253J,MAP2K1+ctrl,0.1494075432014573,0
HCC827,MAP2K1+ctrl,0.1545093865893998,0
ONCODG1,MAP2K1+ctrl,0.001,0
HS294T,MAP2K1+ctrl,0.5564743321945917,1
NCIH1581,MAP2K1+ctrl,0.2546905638181109,1
T24,MAP2K1+ctrl,0.001,0
MCF7,MAP2K1+ctrl,0.0608894847244469,0
NCIH1693,MAP2K1+ctrl,0.3136178347128273,1
PATU8988S,MAP2K1+ctrl,0.4673735541252595,1
PATU8988T,MAP2K1+ctrl,0.3886985968876245,1
253JBV,MAP2K1+ctrl,0.1752214081506852,0
GOS3,MAP2K1+ctrl,0.001,0
PC14,MAP2K1+ctrl,0.2887353064378176,1
NCIH1650,MAP2K1+ctrl,0.1054878190261,0
S117,MAP2K1+ctrl,0.1624359548985013,0
U118MG,MAP2K1+ctrl,0.1399536556456369,0
PANC0203,MAP2K1+ctrl,0.5586135290033858,1
ACHN,MAP2K1+ctrl,0.3619629637963097,1
GCIY,MAP2K1+ctrl,0.5928487798786006,1
TOV112D,MAP2K1+ctrl,0.3128563013537406,1
A673,MAP2K1+ctrl,0.1322706845995505,0
HT1080,MAP2K1+ctrl,0.604909070561094,1
PANC1005,MAP2K1+ctrl,0.3551482820162088,1
HCC4006,MAP2K1+ctrl,0.2810463344871754,1
G292CLONEA141B1,MAP2K1+ctrl,0.1643786230147084,0
ACCMESO1,MAP2K1+ctrl,0.1040908563019797,0
SKES1,MAP2K1+ctrl,0.0692062328207785,0
PC3,MAP2K1+ctrl,0.0960914220794952,0
OV56,MAP2K1+ctrl,0.2524597781646525,1
NCIH2452,MAP2K1+ctrl,0.2037201141376328,1
G401,MAP2K1+ctrl,0.2745456799284594,1
ZR751,MAP2K1+ctrl,0.0611350229081275,0
GAMG,MAP2K1+ctrl,0.061491336345719,0
SIMA,MAP2K1+ctrl,0.2909915374323482,1
GMS10,MAP2K1+ctrl,0.1004655106332641,0
CAPAN2,MAP2K1+ctrl,0.5760540543596413,1
KP3,MAP2K1+ctrl,0.2718251822382165,1
EFM192A,MAP2K1+ctrl,0.0542805292118617,0
HUPT3,MAP2K1+ctrl,0.5820767311947894,1
COV434,MAP2K1+ctrl,0.173056593092323,0
JHOS2,MAP2K1+ctrl,0.34231315577894,1
HS729,MAP2K1+ctrl,0.001,0
8MGBA,MAP2K1+ctrl,0.1885701465481057,0
CFPAC1,MAP2K1+ctrl,0.2802137006647207,1
PANC0327,MAP2K1+ctrl,0.4372439462159405,1
SNU308,MAP2K1+ctrl,0.001,0
CAL29,MAP2K1+ctrl,0.4555163062327994,1
T47D,MAP2K1+ctrl,0.001,0
NCIH2052,MAP2K1+ctrl,0.001,0
SW1990,MAP2K1+ctrl,0.3561931556332436,1
OSRC2,MAP2K1+ctrl,0.1956600096106803,0
CORL105,MAP2K1+ctrl,0.3334052929308961,1
SW579,MAP2K1+ctrl,0.43842890918683,1
PANC1,MAP2K1+ctrl,0.0463434108524213,0
VMRCRCZ,MAP2K1+ctrl,0.1027220687826768,0
TM87,MAP2K1+ctrl,0.1236956125497003,0
CAL62,MAP2K1+ctrl,0.4209566426721292,1
LOUNH91,MAP2K1+ctrl,0.3490124367522369,1
HS766T,MAP2K1+ctrl,0.5332114472828223,1
SNU869,MAP2K1+ctrl,0.385645421719373,1
NCIH2444,MAP2K1+ctrl,0.3723476219013704,1
SCC25,MAP2K1+ctrl,0.5386229326911329,1
RCC10RGB,MAP2K1+ctrl,0.3087458677794348,1
BHT101,MAP2K1+ctrl,0.7172647551799203,1
MFE280,MAP2K1+ctrl,0.2062293761309415,1
A204,MAP2K1+ctrl,0.227831395585407,1
PK59,MAP2K1+ctrl,0.5744344543634199,1
DETROIT562,MAP2K1+ctrl,0.3130046011989051,1
SNU1079,MAP2K1+ctrl,0.1931146276539327,0
CADOES1,MAP2K1+ctrl,0.001,0
DAOY,MAP2K1+ctrl,0.1244646212821135,0
CAL120,MAP2K1+ctrl,0.1547717960677328,0
JHH6,MAP2K1+ctrl,0.10381595690013,0
A375,MAP2K1+ctrl,0.722933737059346,1
SNU398,MAP2K1+ctrl,0.223804765149248,1
ASPC1,MAP2K1+ctrl,0.4279775623603812,1
HCC1937,MAP2K1+ctrl,0.190348552469781,0
BICR31,MAP2K1+ctrl,0.3300506348585544,1
KALS1,MAP2K1+ctrl,0.3059612414105387,1
U251MG,MAP2K1+ctrl,0.2430046376473015,1
PANC0403,MAP2K1+ctrl,0.5211997273499431,1
JHOM1,MAP2K1+ctrl,0.1558193701804179,0
RT4,MAP2K1+ctrl,0.444181404547546,1
DANG,MAP2K1+ctrl,0.24997340535563,1
DKMG,MAP2K1+ctrl,0.2758237892578628,1
KMRC20,MAP2K1+ctrl,0.1093751870802088,0
LS1034,MAP2K1+ctrl,0.5866396178019258,1
LMSU,MAP2K1+ctrl,0.211055647711811,1
KELLY,MAP2K1+ctrl,0.2191957440186316,1
SKNAS,MAP2K1+ctrl,0.6434282546320378,1
RERFLCAI,MAP2K1+ctrl,0.2039806709379885,1
CALU6,MAP2K1+ctrl,0.5457786255891628,1
SNU213,MAP2K1+ctrl,0.4556822471078985,1
SNU245,MAP2K1+ctrl,0.4791452913526247,1
HPAC,MAP2K1+ctrl,0.5120099712617482,1
SF539,MAP2K1+ctrl,0.2694277500830555,1
HS852T,MAP2K1+ctrl,0.4828207655778553,1
HCC38,MAP2K1+ctrl,0.0157305081340197,0
HCC1419,MAP2K1+ctrl,0.1413380665927543,0
COV362,MAP2K1+ctrl,0.35056103456524,1
EWS502,MAP2K1+ctrl,0.0972160760612976,0
SNU840,MAP2K1+ctrl,0.3782303432651238,1
KP2,MAP2K1+ctrl,0.5190685199189949,1
BT549,MAP2K1+ctrl,0.1859277315531234,0
SNU466,MAP2K1+ctrl,0.1144991409628147,0
OUMS23,MAP2K1+ctrl,0.2165539705336687,1
SNU1077,MAP2K1+ctrl,0.001,0
ECGI10,MAP2K1+ctrl,0.4985824478728895,1
PK1,MAP2K1+ctrl,0.4773409065556636,1
EFO21,MAP2K1+ctrl,0.1658301306550192,0
SKLU1,MAP2K1+ctrl,0.3290780427933251,1
NCIH2122,MAP2K1+ctrl,0.434445753699718,1
SKNBE2,MAP2K1+ctrl,0.4525803786729249,1
KMRC3,MAP2K1+ctrl,0.0991080015704903,0
SNU886,MAP2K1+ctrl,0.4948427730219311,1
TE10,MAP2K1+ctrl,0.175134346885876,0
MPP89,MAP2K1+ctrl,0.148531272256386,0
PSN1,MAP2K1+ctrl,0.7521860644320943,1
HT144,MAP2K1+ctrl,0.674509849064452,1
42MGBA,MAP2K1+ctrl,0.1775866468282517,0
JHOC5,MAP2K1+ctrl,0.3925497990632992,1
CCFSTTG1,MAP2K1+ctrl,0.080928457668578,0
ISTMES2,MAP2K1+ctrl,0.0066261109503443,0
YAPC,MAP2K1+ctrl,0.3909359499835112,1
MSTO211H,MAP2K1+ctrl,0.6805992696851977,1
NCIH522,MAP2K1+ctrl,0.0953104196720129,0
SNU668,MAP2K1+ctrl,0.345077342782245,1
QGP1,MAP2K1+ctrl,0.4290129254696142,1
MKN1,MAP2K1+ctrl,0.3529900083880851,1
HCC1428,MAP2K1+ctrl,0.0529633296065442,0
MKN45,MAP2K1+ctrl,0.5987739994589892,1
MG63,MAP2K1+ctrl,0.4733891810086178,1
SKHEP1,MAP2K1+ctrl,0.310612030733457,1
U2OS,MAP2K1+ctrl,0.2871221629170564,1
NCIH226,MAP2K1+ctrl,0.2602054280798012,1
SNU1105,MAP2K1+ctrl,0.2832821131217878,1
HCC1143,MAP2K1+ctrl,0.3969547041747843,1
G402,MAP2K1+ctrl,0.2231011295796345,1
SF295,MAP2K1+ctrl,0.2528883613494808,1
OE33,MAP2K1+ctrl,0.3276693105049089,1
SW780,MAP2K1+ctrl,0.5172121799059914,1
H4,MAP2K1+ctrl,0.0396273896442478,0
LUDLU1,MAP2K1+ctrl,0.318592208567599,1
MHHES1,MAP2K1+ctrl,0.001,0
HLF,MAP2K1+ctrl,0.190107556241125,0
NCIH520,MAP2K1+ctrl,0.001,0
J82,MAP2K1+ctrl,0.1338005358583698,0
TEN,MAP2K1+ctrl,0.001,0
COLO800,MAP2K1+ctrl,0.3790054720915272,1
NCIH747,MAP2K1+ctrl,0.6976849326464165,1
K029AX,MAP2K1+ctrl,0.4849318259691207,1
SNU685,MAP2K1+ctrl,0.2840330309567437,1
TE5,MAP2K1+ctrl,0.2843235590774076,1
769P,MAP2K1+ctrl,0.2736673796266646,1
NCIH1944,MAP2K1+ctrl,0.5175082082397399,1
BICR6,MAP2K1+ctrl,0.750288094270559,1
NCIH838,MAP2K1+ctrl,0.146866420836327,0
PANC0813,MAP2K1+ctrl,0.3000080304750816,1
SW1353,MAP2K1+ctrl,0.0088910981792534,0
SNU449,MAP2K1+ctrl,0.1652845616318643,0
SW837,MAP2K1+ctrl,0.3509909832426521,1
SKMEL3,MAP2K1+ctrl,0.3629212452639154,1
UACC62,MAP2K1+ctrl,0.6273434086721622,1
NCIN87,MAP2K1+ctrl,0.1946539849410442,0
UO31,MAP2K1+ctrl,0.3672081442519417,1
A704,MAP2K1+ctrl,0.001,0
CAKI1,MAP2K1+ctrl,0.2157306118888753,1
NCIH1915,MAP2K1+ctrl,0.543480274577263,1
SW1088,MAP2K1+ctrl,0.2258217371295072,1
SH4,MAP2K1+ctrl,0.7364370613806278,1
LU99,MAP2K1+ctrl,0.3025734347090895,1
KNS60,MAP2K1+ctrl,0.0764641852164607,0
NCIH2228,MAP2K1+ctrl,0.2238455906025221,1
MESSA,MAP2K1+ctrl,0.1171283135723736,0
MELHO,MAP2K1+ctrl,0.7010068160067217,1
TE8,MAP2K1+ctrl,0.2647983643366645,1
HCC95,MAP2K1+ctrl,0.1999768304182542,0
CAL54,MAP2K1+ctrl,0.1990875135018961,0
CJM,MAP2K1+ctrl,0.001,0
SNU1196,MAP2K1+ctrl,0.1968281994819001,0
NCIH460,MAP2K1+ctrl,0.2520368425714647,1
HCC56,MAP2K1+ctrl,0.600171606854963,1
PK45H,MAP2K1+ctrl,0.2286504567910334,1
YH13,MAP2K1+ctrl,0.2969783236840262,1
LI7,MAP2K1+ctrl,0.1807514114088597,0
HSC2,MAP2K1+ctrl,0.2111964376854127,1
RT112,MAP2K1+ctrl,0.4507937115952249,1
JHH4,MAP2K1+ctrl,0.2636767664480308,1
MALME3M,MAP2K1+ctrl,0.7484475695633201,1
KNS81,MAP2K1+ctrl,0.2146750813959427,1
HUH7,MAP2K1+ctrl,0.4143454004825194,1
NCIH2170,MAP2K1+ctrl,0.0669096567228453,0
RERFLCKJ,MAP2K1+ctrl,0.0985517255918824,0
VMRCRCW,MAP2K1+ctrl,0.0697429679054326,0
KU1919,MAP2K1+ctrl,0.7487268098331303,1
TE11,MAP2K1+ctrl,0.1515474401085206,0
SNU423,MAP2K1+ctrl,0.2607789112334462,1
TUHR4TKB,MAP2K1+ctrl,0.1166257317735379,0
NCIH1792,MAP2K1+ctrl,0.5475177375099882,1
SNU46,MAP2K1+ctrl,0.1307211247754215,0
TCCPAN2,MAP2K1+ctrl,0.3590161046354415,1
BICR16,MAP2K1+ctrl,0.5010409986737334,1
SNB75,MAP2K1+ctrl,0.2203602279921694,1
RKN,MAP2K1+ctrl,0.5635812281038127,1
NCIH1299,MAP2K1+ctrl,0.3912888567544772,1
CAL78,MAP2K1+ctrl,0.001,0
SNU410,MAP2K1+ctrl,0.2775754878438491,1
NCIH2030,MAP2K1+ctrl,0.2808344961649407,1
KURAMOCHI,MAP2K1+ctrl,0.1106152080229279,0
OVISE,MAP2K1+ctrl,0.0538367675078362,0
ABC1,MAP2K1+ctrl,0.2073194180999968,1
SNU61,MAP2K1+ctrl,0.4320608585867537,1
BXPC3,MAP2K1+ctrl,0.3712356046092531,1
SNU761,MAP2K1+ctrl,0.7197043427337328,1
OE21,MAP2K1+ctrl,0.4070042229867451,1
VMCUB1,MAP2K1+ctrl,0.173266107330147,0
SNU1076,MAP2K1+ctrl,0.6003550001842444,1
HT29,MAP2K1+ctrl,0.5914506904477723,1
SQ1,MAP2K1+ctrl,0.344236230778836,1
A172,MAP2K1+ctrl,0.2917507536735542,1
TT,MAP2K1+ctrl,0.1934131755213544,0
HCC78,MAP2K1+ctrl,0.2233228676471015,1
EBC1,MAP2K1+ctrl,0.4586052351534864,1
RCM1,MAP2K1+ctrl,0.631996410189247,1
SW1710,MAP2K1+ctrl,0.3033758327171851,1
ISTMES1,MAP2K1+ctrl,0.015084115349824,0
YKG1,MAP2K1+ctrl,0.2671318015136719,1
T98G,MAP2K1+ctrl,0.192117516991773,0
G361,MAP2K1+ctrl,0.4327494161316074,1
MDAMB436,MAP2K1+ctrl,0.0857037716159578,0
UACC257,MAP2K1+ctrl,0.6807655037643061,1
COLO741,MAP2K1+ctrl,0.4037011416094014,1
NCIH1975,MAP2K1+ctrl,0.4175096060534746,1
NCIH1437,MAP2K1+ctrl,0.3270579854054017,1
BC3C,MAP2K1+ctrl,0.1771228821821862,0
LN229,MAP2K1+ctrl,0.3571114042281058,1
PATU8902,MAP2K1+ctrl,0.3898407970057516,1
MIAPACA2,MAP2K1+ctrl,0.5771143721113301,1
BEN,MAP2K1+ctrl,0.001,0
TE6,MAP2K1+ctrl,0.1365532835031231,0
SF126,MAP2K1+ctrl,0.2139010773618297,1
HOS,MAP2K1+ctrl,0.001,0
RVH421,MAP2K1+ctrl,0.5535571183498967,1
SNU1041,MAP2K1+ctrl,0.1228605366378544,0
PECAPJ15,MAP2K1+ctrl,0.5258478167288538,1
JHH1,MAP2K1+ctrl,0.4868766279978281,1
KNS42,MAP2K1+ctrl,0.0969920202773488,0
HCC1806,MAP2K1+ctrl,0.2221297287694033,1
HEP3B217,MAP2K1+ctrl,0.437427089762489,1
LCLC103H,MAP2K1+ctrl,0.001,0
NCIH596,MAP2K1+ctrl,0.2480379018327687,1
YD8,MAP2K1+ctrl,0.0688881636306639,0
HS944T,MAP2K1+ctrl,0.6272170599394516,1
KYSE520,MAP2K1+ctrl,0.268955236186577,1
HDQP1,MAP2K1+ctrl,0.3730941156001628,1
TE1,MAP2K1+ctrl,0.2162628094908488,1
NCIH28,MAP2K1+ctrl,0.0704585418531874,0
786O,MAP2K1+ctrl,0.0349524520807895,0
IGR37,MAP2K1+ctrl,0.7660163492579852,1
SW620,MAP2K1+ctrl,0.6506665603907471,1
A2780,MAP2K1+ctrl,0.5041144362625961,1
WM1799,MAP2K1+ctrl,0.7230999063592274,1
CORL23,MAP2K1+ctrl,0.236536343089486,1
OVTOKO,MAP2K1+ctrl,0.3018122783030026,1
SKMES1,MAP2K1+ctrl,0.4139039892417081,1
NCIH1355,MAP2K1+ctrl,0.4551601114910222,1
HCC44,MAP2K1+ctrl,0.5250846082773987,1
SW900,MAP2K1+ctrl,0.3379678229713522,1
SBC5,MAP2K1+ctrl,0.1624300932634045,0
HUH6,MAP2K1+ctrl,0.1746322492165618,0
IALM,MAP2K1+ctrl,0.0444803747389039,0
NUGC4,MAP2K1+ctrl,0.6578636122656858,1
SW1573,MAP2K1+ctrl,0.2775577806090075,1
MKN7,MAP2K1+ctrl,0.245843113955575,1
OE19,MAP2K1+ctrl,0.2135280807541798,1
SW948,MAP2K1+ctrl,0.4189763072612384,1
A549,MAP2K1+ctrl,0.641026505098329,1
SNU1066,MAP2K1+ctrl,0.5903416283969583,1
KMRC1,MAP2K1+ctrl,0.1785087445428693,0
L33,MAP2K1+ctrl,0.3467324388298988,1
OV7,MAP2K1+ctrl,0.3714743752067345,1
KYSE180,MAP2K1+ctrl,0.1100421856437061,0
TE9,MAP2K1+ctrl,0.0370257341990896,0
OVCAR8,MAP2K1+ctrl,0.1860829413688738,0
RMUGS,MAP2K1+ctrl,0.1156578734218845,0
OAW42,MAP2K1+ctrl,0.2186884847445551,1
JIMT1,MAP2K1+ctrl,0.2442097968317023,1
CAOV3,MAP2K1+ctrl,0.1209420401208459,0
SNU1214,MAP2K1+ctrl,0.5702910018565361,1
TT2609C02,MAP2K1+ctrl,0.4100629227149377,1
COLO680N,MAP2K1+ctrl,0.2323868360480228,1
RMGI,MAP2K1+ctrl,0.4789380822038105,1
TCCSUP,MAP2K1+ctrl,0.1431611381313575,0
HMC18,MAP2K1+ctrl,0.433342121796941,1
HT1376,MAP2K1+ctrl,0.2182434014480241,1
TE14,MAP2K1+ctrl,0.2627576852905083,1
SKMEL5,MAP2K1+ctrl,0.3274077979098611,1
PECAPJ41CLONED2,MAP2K1+ctrl,0.4000028249806949,1
NCIH1838,MAP2K1+ctrl,0.4160752962207262,1
JHH5,MAP2K1+ctrl,0.5389583650531476,1
PECAPJ49,MAP2K1+ctrl,0.5108109425950589,1
GB1,MAP2K1+ctrl,0.2053558730959843,1
UBLC1,MAP2K1+ctrl,0.4237750874989976,1
NCIH1623,MAP2K1+ctrl,0.1815210999112173,0
NCIH1703,MAP2K1+ctrl,0.0936395872340387,0
SJSA1,MAP2K1+ctrl,0.2290165615121882,1
DMS273,MAP2K1+ctrl,0.001,0
LOXIMVI,MAP2K1+ctrl,0.7759971677813274,1
JMSU1,MAP2K1+ctrl,0.464924979251185,1
GI1,MAP2K1+ctrl,0.1367375608883067,0
MDAMB175VII,MAP2K1+ctrl,0.3408821398068391,1
YD38,MAP2K1+ctrl,0.7300286427206601,1
SH10TC,MAP2K1+ctrl,0.2077390359013974,1
WM983B,MAP2K1+ctrl,0.7346405995766314,1
NCIH1648,MAP2K1+ctrl,0.4339128310054294,1
MDAMB231,MAP2K1+ctrl,0.395932402204912,1
BICR56,MAP2K1+ctrl,0.5346125530001049,1
RERFLCAD2,MAP2K1+ctrl,0.2587534523359736,1
NCIH727,MAP2K1+ctrl,0.5563703712794038,1
ONS76,MAP2K1+ctrl,0.726781788465428,1
KYSE30,MAP2K1+ctrl,0.3228602571612092,1
HSC3,MAP2K1+ctrl,0.5587262008239183,1
NCIH2023,MAP2K1+ctrl,0.2471802483188403,1
CAMA1,MAP2K1+ctrl,0.001,0
KYSE70,MAP2K1+ctrl,0.2956231104876807,1
NCIH2126,MAP2K1+ctrl,0.0985857882293346,0
LXF289,MAP2K1+ctrl,0.2562578769030339,1
A2058,MAP2K1+ctrl,0.2594240095104908,1
RERFLCAD1,MAP2K1+ctrl,0.060499088395143,0
BFTC909,MAP2K1+ctrl,0.001,0
MCAS,MAP2K1+ctrl,0.4114389018665076,1
NCIH446,MAP2K1+ctrl,0.001,0
BFTC905,MAP2K1+ctrl,0.6575713957698786,1
COLO668,MAP2K1+ctrl,0.0754571564571678,0
NB1,MAP2K1+ctrl,0.3700318865804011,1
COLO679,MAP2K1+ctrl,0.7281960792460087,1
HUH28,MAP2K1+ctrl,0.1778273473891111,0
KYSE410,MAP2K1+ctrl,0.3907742014890643,1
SKMEL30,MAP2K1+ctrl,0.7453155336542787,1
SKOV3,MAP2K1+ctrl,0.1420477043193566,0
COLO783,MAP2K1+ctrl,0.3199293490724034,1
T3M10,MAP2K1+ctrl,0.0485378124815256,0
HS939T,MAP2K1+ctrl,0.6151932786897049,1
LN18,MAP2K1+ctrl,0.1590819280056002,0
SKMEL24,MAP2K1+ctrl,0.6396771214748724,1
KYSE140,MAP2K1+ctrl,0.1579368046385103,0
KYSE510,MAP2K1+ctrl,0.1518906932358488,0
CAL12T,MAP2K1+ctrl,0.3367235164128854,1
WM793,MAP2K1+ctrl,0.413608094249174,1
CAL27,MAP2K1+ctrl,0.5166639790425016,1
RH30,MAP2K1+ctrl,0.3898178443875109,1
UMUC1,MAP2K1+ctrl,0.6452709256212643,1
GCT,MAP2K1+ctrl,0.1583676469718968,0
YD15,MAP2K1+ctrl,0.2367536067272172,1
NCIH322,MAP2K1+ctrl,0.2643722181366084,1
SCABER,MAP2K1+ctrl,0.2154283194478766,1
HCC366,MAP2K1+ctrl,0.001,0
NCIH2087,MAP2K1+ctrl,0.5504924030291567,1
SW480,MAP2K1+ctrl,0.5628689601123513,1
HARA,MAP2K1+ctrl,0.2745249761622343,1
NCIH1373,MAP2K1+ctrl,0.3239172407559877,1
FADU,MAP2K1+ctrl,0.5507471779111588,1
HGC27,MAP2K1+ctrl,0.10812403067906,0
JHH7,MAP2K1+ctrl,0.3716920911807815,1
MDAMB468,MAP2K1+ctrl,0.1249078660678294,0
NCIH1435,MAP2K1+ctrl,0.001,0
NCIH661,MAP2K1+ctrl,0.1338411773838799,0
KYSE150,MAP2K1+ctrl,0.2513061374655587,1
CAL51,MAP2K1+ctrl,0.0379996482677182,0
KNS62,MAP2K1+ctrl,0.5908116304303827,1
NCIH358,MAP2K1+ctrl,0.4816570644878912,1
KMBC2,MAP2K1+ctrl,0.4664839568012514,1
DBTRG05MG,MAP2K1+ctrl,0.5008833999944939,1
NCIH1048,MAP2K1+ctrl,0.1481420688072686,0
HCC1195,MAP2K1+ctrl,0.0702353934708149,0
NCIH1568,MAP2K1+ctrl,0.2556147892235031,1
KYSE270,MAP2K1+ctrl,0.1526436394965289,0
NCIH2347,MAP2K1+ctrl,0.6235215746860997,1
HCC15,MAP2K1+ctrl,0.4291024276499738,1
MFE296,MAP2K1+ctrl,0.001,0
AGS,MAP2K1+ctrl,0.7170635141005686,1
MELJUSO,MAP2K1+ctrl,0.5794406159327712,1
IGR1,MAP2K1+ctrl,0.6345331360552684,1
MDAMB435S,MAP2K1+ctrl,0.7315570309831185,1
TOV21G,MAP2K1+ctrl,0.3145319269121942,1
NCIH2009,MAP2K1+ctrl,0.2137235417596812,1
NCIH1793,MAP2K1+ctrl,0.1987808749032467,0
SW1271,MAP2K1+ctrl,0.3857539666439223,1
HCC1438,MAP2K1+ctrl,0.0521035879141221,0
NCIH1563,MAP2K1+ctrl,0.3820172403558417,1
NCIH1651,MAP2K1+ctrl,0.0748849238121378,0
CL34,MAP2K1+ctrl,0.6612666494083708,1
647V,MAP2K1+ctrl,0.0682595428420628,0
FTC238,MAP2K1+ctrl,0.001,0
SNU719,MAP2K1+ctrl,0.4197363487255311,1
WM88,MAP2K1+ctrl,0.8002422784970231,1
NCIH23,MAP2K1+ctrl,0.2900226122628613,1
HCC1359,MAP2K1+ctrl,0.001,0
FTC133,MAP2K1+ctrl,0.2146175715110458,1
5637,MAP2K1+ctrl,0.3327621200555453,1
ES2,MAP2K1+ctrl,0.5883051401903697,1
JHUEM2,MAP2K1+ctrl,0.2600111014431384,1
NUGC3,MAP2K1+ctrl,0.51927877450438,1
ESS1,MAP2K1+ctrl,0.0073280069779776,0
IPC298,MAP2K1+ctrl,0.737158714111958,1
NCIH1573,MAP2K1+ctrl,0.2293973657762296,1
TE4,MAP2K1+ctrl,0.3469856755480548,1
IM95,MAP2K1+ctrl,0.2553384694215379,1
NCIH1339,MAP2K1+ctrl,0.3876638036900111,1
NCIH2172,MAP2K1+ctrl,0.1463076474927577,0
HT55,MAP2K1+ctrl,0.3669318228366416,1
BT474,MAP2K1+ctrl,0.0183840865156295,0
NCIH2110,MAP2K1+ctrl,0.2789955846496512,1
EFO27,MAP2K1+ctrl,0.389591168875913,1
SKUT1,MAP2K1+ctrl,0.1924623728696315,0
AN3CA,MAP2K1+ctrl,0.3043128477365928,1
HEC1B,MAP2K1+ctrl,0.2415467930779057,1
RKO,MAP2K1+ctrl,0.3257555419156197,1
HEC265,MAP2K1+ctrl,0.0414661118917361,0
OVK18,MAP2K1+ctrl,0.3285272652264968,1
2313287,MAP2K1+ctrl,0.3299207341032675,1
LOVO,MAP2K1+ctrl,0.4822149047367852,1
HEC1A,MAP2K1+ctrl,0.0918483390017538,0
22RV1,MAP2K1+ctrl,0.0079469975439927,0
LS180,MAP2K1+ctrl,0.5439048361456487,1
SW48,MAP2K1+ctrl,0.350017960769786,1
SNUC4,MAP2K1+ctrl,0.1652697634903819,0
ISHIKAWAHERAKLIO02ER,MAP2K1+ctrl,0.0904253147509195,0
OC314,MAP2K1+ctrl,0.2421973773762143,1
RL952,MAP2K1+ctrl,0.6049674614405453,1
IGROV1,MAP2K1+ctrl,0.2264934766630955,1
SNUC2A,MAP2K1+ctrl,0.2301007968863434,1
COLO792,MAP2K1+ctrl,0.451293805227642,1
SNUC5,MAP2K1+ctrl,0.4301952837885572,1
HCT116,MAP2K1+ctrl,0.4556965323194784,1
HEC151,MAP2K1+ctrl,0.3800862272248809,1
639V,MAP2K1+ctrl,0.3680721143696848,1
SNGM,MAP2K1+ctrl,0.1775034773060335,0
HUCCT1,MAP2K1+ctrl,0.6568972210247719,1
LNCAPCLONEFGC,MAP2K1+ctrl,0.0548008588448323,0
EN,MAP2K1+ctrl,0.001,0
DU145,MAP2K1+ctrl,0.3465695180002077,1
GP2D,MAP2K1+ctrl,0.1036718882292668,0
HEC6,MAP2K1+ctrl,0.0679787142394912,0
LS411N,MAP2K1+ctrl,0.527048411803407,1
MEWO,MAP2K1+ctrl,0.3456315245582043,1
MFE319,MAP2K1+ctrl,0.1799438276637643,0
HEC108,MAP2K1+ctrl,0.2349378197462511,1
SNU81,MAP2K1+ctrl,0.2541934311697595,1
HEC59,MAP2K1+ctrl,0.0449909969276347,0
HEC251,MAP2K1+ctrl,0.1905120834460546,0
HCT15,MAP2K1+ctrl,0.1186477342758562,0
BECKER,MAP2K1+ctrl,0.3516219219626004,1
CHL1,MAP2K1+ctrl,0.3262525869293438,1
NCIH292,MAP2K1+ctrl,0.6742280061929289,1
LC1SQSF,MAP2K1+ctrl,0.1660893555604931,0
MON,MAP2K1+ctrl,0.7393522102404311,1
OC316,MAP2K1+ctrl,0.4694753502671321,1
SKMEL2,MAP2K1+ctrl,0.6380825147860425,1
WM2664,MAP2K1+ctrl,0.6134717871910274,1
8305C,MAP2K1+ctrl,0.3318176502049317,1
8505C,MAP2K1+ctrl,0.4970700107144639,1
PLCPRF5,MAP2K1+ctrl,0.3007703230540789,1
TT,MAP2K1+ctrl,0.001,0
NIHOVCAR3,MAP2K1+ctrl,0.0645030986200714,0
HL60,MAP2K1+ctrl,0.1807927731909479,0
HEL,MAP2K1+ctrl,0.001,0
MONOMAC6,MAP2K1+ctrl,0.2081630467622381,1
C2BBE1,MAP2K1+ctrl,0.3325743255512986,1
MHHCALL2,MAP2K1+ctrl,0.001,0
OPM2,MAP2K1+ctrl,0.001,0
EHEB,MAP2K1+ctrl,0.1961893743397144,0
MV411,MAP2K1+ctrl,0.5638740450108302,1
NCIH929,MAP2K1+ctrl,0.6587452703283918,1
KARPAS299,MAP2K1+ctrl,0.001,0
D283MED,MAP2K1+ctrl,0.001,0
ML1,MAP2K1+ctrl,0.3538417681481324,1
HH,MAP2K1+ctrl,0.1242029304065126,0
RERFLCMS,MAP2K1+ctrl,0.3836311484764337,1
OCIAML5,MAP2K1+ctrl,0.3796794034969271,1
HS683,MAP2K1+ctrl,0.1792995182374988,0
697,MAP2K1+ctrl,0.094178990392279,0
MEG01,MAP2K1+ctrl,0.5920626213962422,1
GRANTA519,MAP2K1+ctrl,0.0451332669117824,0
KU812,MAP2K1+ctrl,0.7165332294299751,1
U87MG,MAP2K1+ctrl,0.390617669392571,1
GDM1,MAP2K1+ctrl,0.1090418203610614,0
HPAFII,MAP2K1+ctrl,0.6631250166254413,1
RH41,MAP2K1+ctrl,0.1118457329209355,0
KE37,MAP2K1+ctrl,0.001,0
CAOV4,MAP2K1+ctrl,0.4807681517476538,1
LOUCY,MAP2K1+ctrl,0.1094278401539323,0
ALLSIL,MAP2K1+ctrl,0.1438178083654505,0
JVM2,MAP2K1+ctrl,0.1777436233638434,0
HCC1187,MAP2K1+ctrl,0.0651438206950686,0
OCIAML2,MAP2K1+ctrl,0.81783095220166,1
SU8686,MAP2K1+ctrl,0.1177885709192644,0
VCAP,MAP2K1+ctrl,0.001,0
OAW28,MAP2K1+ctrl,0.143005350895472,0
CHP212,MAP2K1+ctrl,0.7583842653950706,1
NCIH2405,MAP2K1+ctrl,0.3415379314189517,1
OCILY19,MAP2K1+ctrl,0.240447353683754,1
NCIH1341,MAP2K1+ctrl,0.1205774657604249,0
HS940T,MAP2K1+ctrl,0.1731861217682612,0
CHP126,MAP2K1+ctrl,0.001,0
RERFGC1B,MAP2K1+ctrl,0.3380641048950147,1
SKLMS1,MAP2K1+ctrl,0.5953537257206845,1
THP1,MAP2K1+ctrl,0.1039835379040623,0
HS578T,MAP2K1+ctrl,0.2289408738818973,1
SKNSH,MAP2K1+ctrl,0.2569400555412936,1
JM1,MAP2K1+ctrl,0.0582445929632309,0
A4FUK,MAP2K1+ctrl,0.3013749663962589,1
GA10,MAP2K1+ctrl,0.0495192980730164,0
RD,MAP2K1+ctrl,0.6491055007763614,1
SCC9,MAP2K1+ctrl,0.4965794095312185,1
L363,MAP2K1+ctrl,0.0922163757760773,0
HDMYZ,MAP2K1+ctrl,0.5324113459200164,1
KARPAS620,MAP2K1+ctrl,0.5999355597983493,1
EOL1,MAP2K1+ctrl,0.6927696675833449,1
NMCG1,MAP2K1+ctrl,0.3161050599041346,1
LP1,MAP2K1+ctrl,0.001,0
PL21,MAP2K1+ctrl,0.2276466583404621,1
SUPM2,MAP2K1+ctrl,0.0091312436999516,0
KPNYN,MAP2K1+ctrl,0.1611903140829587,0
DEL,MAP2K1+ctrl,0.0841883836954739,0
SW1417,MAP2K1+ctrl,0.190541473012468,0
SCC4,MAP2K1+ctrl,0.2495106599056815,1
BL41,MAP2K1+ctrl,0.001,0
OCUM1,MAP2K1+ctrl,0.7810890812287213,1
CL11,MAP2K1+ctrl,0.6758831712341853,1
SCC15,MAP2K1+ctrl,0.5279513740240738,1
CORL279,MAP2K1+ctrl,0.0721270360717305,0
DU4475,MAP2K1+ctrl,0.8102309122387348,1
KASUMI1,MAP2K1+ctrl,0.5707263887844005,1
KP4,MAP2K1+ctrl,0.2229948832554005,1
HDLM2,MAP2K1+ctrl,0.0697310836400082,0
AM38,MAP2K1+ctrl,0.0507843223060179,0
SUDHL10,MAP2K1+ctrl,0.001,0
NCIH1755,MAP2K1+ctrl,0.2614358767137958,1
NUDUL1,MAP2K1+ctrl,0.001,0
NCIH209,MAP2K1+ctrl,0.1455894252170755,0
OV90,MAP2K1+ctrl,0.7316089505128393,1
NCIH841,MAP2K1+ctrl,0.1480029584732601,0
KLE,MAP2K1+ctrl,0.1180542077832594,0
NB4,MAP2K1+ctrl,0.7414128174559957,1
EM2,MAP2K1+ctrl,0.6019195350070109,1
NCIH2029,MAP2K1+ctrl,0.001,0
LAMA84,MAP2K1+ctrl,0.123756284062092,0
SNU5,MAP2K1+ctrl,0.2648860205774314,1
WM115,MAP2K1+ctrl,0.5439405012239837,1
KARPAS422,MAP2K1+ctrl,0.0741979283916445,0
JURLMK1,MAP2K1+ctrl,0.6343534829887867,1
NCIH1395,MAP2K1+ctrl,0.2069400298563205,1
EFM19,MAP2K1+ctrl,0.1003113353046468,0
DB,MAP2K1+ctrl,0.1895408829515324,0
OCIAML3,MAP2K1+ctrl,0.7538545836617154,1
NCIH3122,MAP2K1+ctrl,0.5165874798372332,1
SR786,MAP2K1+ctrl,0.1767665785709383,0
SKNFI,MAP2K1+ctrl,0.3748720862579606,1
JVM3,MAP2K1+ctrl,0.2597618803000445,1
HCC1500,MAP2K1+ctrl,0.1100333508002112,0
COLO678,MAP2K1+ctrl,0.4632631701540791,1
TE15,MAP2K1+ctrl,0.1863247986160556,0
NCIH82,MAP2K1+ctrl,0.0534117027009749,0
JEKO1,MAP2K1+ctrl,0.0089768456073905,0
NCIH69,MAP2K1+ctrl,0.0681642446306621,0
NCIH508,MAP2K1+ctrl,0.1422866349071109,0
MOLM13,MAP2K1+ctrl,0.4624768349190638,1
SKMM2,MAP2K1+ctrl,0.001,0
SUDHL4,MAP2K1+ctrl,0.001,0
SKNDZ,MAP2K1+ctrl,0.2315216280411248,1
MOLM16,MAP2K1+ctrl,0.2200355809129209,1
RL,MAP2K1+ctrl,0.0896772514354492,0
P12ICHIKAWA,MAP2K1+ctrl,0.001,0
SKM1,MAP2K1+ctrl,0.7314310646283477,1
NCIH647,MAP2K1+ctrl,0.1297370430460981,0
NCIH1781,MAP2K1+ctrl,0.185060495411539,0
T84,MAP2K1+ctrl,0.2559214511862422,1
KG1,MAP2K1+ctrl,0.1627209471994712,0
CALU3,MAP2K1+ctrl,0.2463230037356832,1
NCIH2081,MAP2K1+ctrl,0.001,0
SKCO1,MAP2K1+ctrl,0.7112959932703957,1
SAOS2,MAP2K1+ctrl,0.1067622239038662,0
TC71,MAP2K1+ctrl,0.0417826311060117,0
TYKNU,MAP2K1+ctrl,0.5860995361550878,1
NCIH1694,MAP2K1+ctrl,0.001,0
BV173,MAP2K1+ctrl,0.2831607331031598,1
LU65,MAP2K1+ctrl,0.1914401851205631,0
ME1,MAP2K1+ctrl,0.1735665372581541,0
CA46,MAP2K1+ctrl,0.0977758541904961,0
RERFLCSQ1,MAP2K1+ctrl,0.3508010730121215,1
OVKATE,MAP2K1+ctrl,0.1903386224363906,0
NCIH1666,MAP2K1+ctrl,0.674435401167603,1
NCIH2085,MAP2K1+ctrl,0.15795854763312,0
BCPAP,MAP2K1+ctrl,0.5733732831886071,1
CAS1,MAP2K1+ctrl,0.296056366103289,1
SKMEL1,MAP2K1+ctrl,0.6364777551157804,1
SW1463,MAP2K1+ctrl,0.5109619618645584,1
[MERGED,MAP2K1+ctrl,0.6746881995918524,1
HUH1,MAP2K1+ctrl,0.1924971562003795,0
SNU387,MAP2K1+ctrl,0.3588163321015754,1
SNU182,MAP2K1+ctrl,0.3422605404829439,1
SW1116,MAP2K1+ctrl,0.4319262324932202,1
NCIH716,MAP2K1+ctrl,0.5259982544829294,1
LS123,MAP2K1+ctrl,0.3486765285629819,1
NCIH146,MAP2K1+ctrl,0.001,0
CORL88,MAP2K1+ctrl,0.0394323645684233,0
NCIH1092,MAP2K1+ctrl,0.0366788219561571,0
CAL33,MAP2K1+ctrl,0.4861009929428528,1
UMUC3,MAP2K1+ctrl,0.2907058813914616,1
DMS114,MAP2K1+ctrl,0.239721162606922,1
WSUDLCL2,MAP2K1+ctrl,0.171988372117266,0
BT20,MAP2K1+ctrl,0.2552589349378458,1
HUTU80,MAP2K1+ctrl,0.1784509751084463,0
HSC4,MAP2K1+ctrl,0.3802264318271153,1
HT1197,MAP2K1+ctrl,0.2353675365012576,1
BHY,MAP2K1+ctrl,0.2630154508561949,1
K562,MAP2K1+ctrl,0.4104703636425313,1
UACC893,MAP2K1+ctrl,0.3062456507318153,1
A498,MAP2K1+ctrl,0.2893374468012114,1
SIHA,MAP2K1+ctrl,0.1450206997687522,0
NCIH1836,MAP2K1+ctrl,0.086174079050322,0
ECC10,MAP2K1+ctrl,0.3883860666284235,1
ST486,MAP2K1+ctrl,0.001,0
FUOV1,MAP2K1+ctrl,0.2349036947838364,1
JHH2,MAP2K1+ctrl,0.2347287237663502,1
C32,MAP2K1+ctrl,0.7444567852407253,1
SNU16,MAP2K1+ctrl,0.098534600494169,0
MC116,MAP2K1+ctrl,0.001,0
JHOS4,MAP2K1+ctrl,0.3102195814906348,1
EPLC272H,MAP2K1+ctrl,0.5747132538560376,1
NCIH1876,MAP2K1+ctrl,0.0668507093790137,0
LCLC97TM1,MAP2K1+ctrl,0.6436417811581062,1
KYM1,MAP2K1+ctrl,0.1222837624550923,0
NCIH2227,MAP2K1+ctrl,0.1497190343343678,0
SUDHL6,MAP2K1+ctrl,0.001,0
SKMEL28,MAP2K1+ctrl,0.7146706736444184,1
HS746T,MAP2K1+ctrl,0.3478774723401242,1
OVCAR4,MAP2K1+ctrl,0.4760330861582112,1
MDAMB157,MAP2K1+ctrl,0.001,0
U266B1,MAP2K1+ctrl,0.2095699146900861,1
KS1,MAP2K1+ctrl,0.5538132362153609,1
FU97,MAP2K1+ctrl,0.290055277154172,1
RPMI8402,MAP2K1+ctrl,0.0887135005233915,0
NCIH441,MAP2K1+ctrl,0.3784515159550906,1
NCIH211,MAP2K1+ctrl,0.1245996279255235,0
SKMEL31,MAP2K1+ctrl,0.1657058022583967,0
CMK,MAP2K1+ctrl,0.094687533302322,0
COLO829,MAP2K1+ctrl,0.513147914056091,1
SUIT2,MAP2K1+ctrl,0.6232103335959506,1
JJN3,MAP2K1+ctrl,0.0917464755582418,0
RAJI,MAP2K1+ctrl,0.001,0
SF268,MAP2K1+ctrl,0.1837014672591633,0
SUDHL8,MAP2K1+ctrl,0.108137600568975,0
SUDHL5,MAP2K1+ctrl,0.7036846018310543,1
HCC70,MAP2K1+ctrl,0.2143374044199526,1
RH18,MAP2K1+ctrl,0.258490642452409,1
HCC2157,MAP2K1+ctrl,0.001,0
A3KAW,MAP2K1+ctrl,0.5892189078773723,1
DMS53,MAP2K1+ctrl,0.1645118064640357,0
HCC1395,MAP2K1+ctrl,0.2062489076356335,1
L1236,MAP2K1+ctrl,0.001,0
DMS79,MAP2K1+ctrl,0.0521076219231725,0
EKVX,MAP2K1+ctrl,0.3519473836668156,1
KMS11,MAP2K1+ctrl,0.0831614187440916,0
NCIH2291,MAP2K1+ctrl,0.7070205153337875,1
SNUC1,MAP2K1+ctrl,0.6396139162649208,1
HCC202,MAP2K1+ctrl,0.0892145636554071,0
NCIH2066,MAP2K1+ctrl,0.11462760154978,0
A253,MAP2K1+ctrl,0.1901167814745945,0
CORL95,MAP2K1+ctrl,0.0081960986904713,0
OCIM1,MAP2K1+ctrl,0.1060163719306647,0
NCIH196,MAP2K1+ctrl,0.001,0
L428,MAP2K1+ctrl,0.001,0
HCC2218,MAP2K1+ctrl,0.0448089754688131,0
NCIH526,MAP2K1+ctrl,0.001,0
LK2,MAP2K1+ctrl,0.1928991032281564,0
NCIH1105,MAP2K1+ctrl,0.0461016538240266,0
DAUDI,MAP2K1+ctrl,0.001,0
NCIH810,MAP2K1+ctrl,0.0440808777439164,0
SHP77,MAP2K1+ctrl,0.001,0
KATOIII,MAP2K1+ctrl,0.2358662016150456,1
BICR22,MAP2K1+ctrl,0.6136648238816662,1
MOLT13,MAP2K1+ctrl,0.6721648209809088,1
CL40,MAP2K1+ctrl,0.6205268029903139,1
L540,MAP2K1+ctrl,0.001,0
KMH2,MAP2K1+ctrl,0.001,0
NCIH524,MAP2K1+ctrl,0.001,0
RPMI8226,MAP2K1+ctrl,0.193278135745272,0
BT483,MAP2K1+ctrl,0.0713396604651525,0
EJM,MAP2K1+ctrl,0.001,0
HOP92,MAP2K1+ctrl,0.4994791988344359,1
ZR7530,MAP2K1+ctrl,0.0536989815677144,0
NCIH1436,MAP2K1+ctrl,0.0853437027034278,0
AMO1,MAP2K1+ctrl,0.1684439285548132,0
CAL851,MAP2K1+ctrl,0.3469221834162692,1
HCC1954,MAP2K1+ctrl,0.346216583712548,1
HOP62,MAP2K1+ctrl,0.4827829426635324,1
COLO684,MAP2K1+ctrl,0.0686775905534567,0
KYSE450,MAP2K1+ctrl,0.2838787840392386,1
CHAGOK1,MAP2K1+ctrl,0.0575825958729022,0
RS411,MAP2K1+ctrl,0.0532462004026924,0
MDAMB415,MAP2K1+ctrl,0.1800473708026484,0
SW1783,MAP2K1+ctrl,0.0771938803411881,0
NCIH1869,MAP2K1+ctrl,0.3292555043104176,1
MDAMB453,MAP2K1+ctrl,0.1426146380065145,0
HT,MAP2K1+ctrl,0.1013721617216532,0
MOLT16,MAP2K1+ctrl,0.1511515486509604,0
CMLT1,MAP2K1+ctrl,0.3404837435037917,1
RCHACV,MAP2K1+ctrl,0.032470952655058,0
HCC1569,MAP2K1+ctrl,0.2554827034812967,1
SNU1,MAP2K1+ctrl,0.1453318759909315,0
MDAMB361,MAP2K1+ctrl,0.0905797949224298,0
MDST8,MAP2K1+ctrl,0.7269223418628779,1
PF382,MAP2K1+ctrl,0.001,0
NALM6,MAP2K1+ctrl,0.001,0
NAMALWA,MAP2K1+ctrl,0.001,0
NCIH650,MAP2K1+ctrl,0.1937722523930034,0
TGBC11TKB,MAP2K1+ctrl,0.233387669792306,1
NCIH2342,MAP2K1+ctrl,0.0982881489882904,0
SUPT1,MAP2K1+ctrl,0.001,0
SNU407,MAP2K1+ctrl,0.5661066268269264,1
REH,MAP2K1+ctrl,0.1263159658951442,0
CCK81,MAP2K1+ctrl,0.001,0
KM12,MAP2K1+ctrl,0.1830231269210925,0
NCIH1155,MAP2K1+ctrl,0.0306606731304783,0
DND41,MAP2K1+ctrl,0.4120005318219915,1
KCL22,MAP2K1+ctrl,0.3069102245596421,1
HT115,MAP2K1+ctrl,0.1840422928901302,0
JURKAT,MAP2K1+ctrl,0.0698078825698444,0
CW2,MAP2K1+ctrl,0.1311307787033468,0
SNU1040,MAP2K1+ctrl,0.1691967422454346,0
451LU,MAP2K1+ctrl,0.7424887209147517,1
C3A,MAP2K1+ctrl,0.4337960139079424,1
CGTHW1,MAP2K1+ctrl,0.520282280450425,1
COLO205,MAP2K1+ctrl,0.6535936947749632,1
CPCN,MAP2K1+ctrl,0.1228889355560701,0
DOV13,MAP2K1+ctrl,0.3036438115117991,1
EB2,MAP2K1+ctrl,0.001,0
EVSAT,MAP2K1+ctrl,0.0527410198005078,0
HELA,MAP2K1+ctrl,0.2645635819981417,1
HLE,MAP2K1+ctrl,0.1469162982028907,0
HN,MAP2K1+ctrl,0.640681675648787,1
KOPN8,MAP2K1+ctrl,0.0972874519110506,0
KP1N,MAP2K1+ctrl,0.1993917564989266,0
M059J,MAP2K1+ctrl,0.1635514359809518,0
MOGGCCM,MAP2K1+ctrl,0.1657648440989092,0
MOGGUVW,MAP2K1+ctrl,0.4742704851408353,1
MOLT4,MAP2K1+ctrl,0.110966936107239,0
MS1,MAP2K1+ctrl,0.001,0
NCIH187,MAP2K1+ctrl,0.001,0
NCIH1993,MAP2K1+ctrl,0.3392340008816689,1
NCIH2141,MAP2K1+ctrl,0.001,0
OVCAR5,MAP2K1+ctrl,0.6729159712278017,1
RPMI6666,MAP2K1+ctrl,0.145786361343755,0
SJRH30,MAP2K1+ctrl,0.1355227924207636,0
SKPNDW,MAP2K1+ctrl,0.0741979283916445,0
SNUC2B,MAP2K1+ctrl,0.286252119508763,1
SUPHD1,MAP2K1+ctrl,0.0749486915962999,0
TK10,MAP2K1+ctrl,0.4042517651973262,1
UPCISCC090,MAP2K1+ctrl,0.4938370740886133,1
VMRCLCD,MAP2K1+ctrl,0.001,0
SW982,MAP2K1+ctrl,0.4373050990884595,1
A431,MAP2K1+ctrl,0.2166503130258974,1
BICR10,MAP2K1+ctrl,0.2303861373551411,1
BICR78,MAP2K1+ctrl,0.4391392883707982,1
C33A,MAP2K1+ctrl,0.4896583458401368,1
CASKI,MAP2K1+ctrl,0.1816165275133406,0
DOTC24510,MAP2K1+ctrl,0.0975089173624151,0
GIMEN,MAP2K1+ctrl,0.5506099275036285,1
GP5D,MAP2K1+ctrl,0.1590255821965306,0
HTCC3,MAP2K1+ctrl,0.6905346413352769,1
LAN6,MAP2K1+ctrl,0.3452467986427286,1
MDAMB330,MAP2K1+ctrl,0.0877071667682543,0
ME180,MAP2K1+ctrl,0.2885819747750289,1
MS751,MAP2K1+ctrl,0.1362656104294115,0
NCIH1770,MAP2K1+ctrl,0.0470699489435016,0
NCIH2135,MAP2K1+ctrl,0.001,0
NCIH345,MAP2K1+ctrl,0.001,0
NCIH847,MAP2K1+ctrl,0.001,0
OACM51,MAP2K1+ctrl,0.001,0
OV17R,MAP2K1+ctrl,0.2639561429125499,1
PWR1E,MAP2K1+ctrl,0.1676110741584978,0
RO82W1,MAP2K1+ctrl,0.382786577767744,1
RPMI2650,MAP2K1+ctrl,0.1344388980713132,0
SW156,MAP2K1+ctrl,0.1691198275132194,0
SW626,MAP2K1+ctrl,0.6284113336407174,1
SW954,MAP2K1+ctrl,0.5742857108213656,1
SW13,MAP2K1+ctrl,0.2910154520879514,1
SW756,MAP2K1+ctrl,0.3946221630132048,1
UMC11,MAP2K1+ctrl,0.0683341851346472,0
UWB1289,MAP2K1+ctrl,0.262035127127277,1
A388,MAP2K1+ctrl,0.1661268272416637,0
ASH3,MAP2K1+ctrl,0.6653436964808395,1
BPH1,MAP2K1+ctrl,0.6478874854325374,1
CORL32,MAP2K1+ctrl,0.2132623303362166,1
CORL321,MAP2K1+ctrl,0.001,0
EGI1,MAP2K1+ctrl,0.600899815641,1
ESO26,MAP2K1+ctrl,0.0627333683076442,0
ESO51,MAP2K1+ctrl,0.3059580909623414,1
FARAGE,MAP2K1+ctrl,0.001,0
FLO1,MAP2K1+ctrl,0.3442568987340507,1
HEC1,MAP2K1+ctrl,0.0590310781265481,0
HEMCSS,MAP2K1+ctrl,0.6843512317119245,1
HT3,MAP2K1+ctrl,0.3562602345076506,1
HUO9,MAP2K1+ctrl,0.1272981588192001,0
IHH4,MAP2K1+ctrl,0.7673179681130414,1
JAR,MAP2K1+ctrl,0.0967630672399626,0
JEG3,MAP2K1+ctrl,0.001,0
KON,MAP2K1+ctrl,0.4058850612773358,1
KYAE1,MAP2K1+ctrl,0.1598130462383605,0
LU135,MAP2K1+ctrl,0.001,0
NCIH1417,MAP2K1+ctrl,0.5751805096612261,1
NO10,MAP2K1+ctrl,0.1967684795909379,0
NO11,MAP2K1+ctrl,0.1712535879690241,0
OSC19,MAP2K1+ctrl,0.4547330621533855,1
OSC20,MAP2K1+ctrl,0.2027569713627707,1
PEO1,MAP2K1+ctrl,0.3872355948630293,1
RCK8,MAP2K1+ctrl,0.0706276823021146,0
ROS50,MAP2K1+ctrl,0.0430539944606684,0
SAT,MAP2K1+ctrl,0.5081994058347019,1
SKGT2,MAP2K1+ctrl,0.3270601872677817,1
SKGT4,MAP2K1+ctrl,0.5227614522641262,1
SKN,MAP2K1+ctrl,0.3210820468746453,1
[MERGED,MAP2K1+ctrl,0.1767665785709383,0
TGW,MAP2K1+ctrl,0.0680599423631244,0
U698M,MAP2K1+ctrl,0.0794782857623059,0
VAESBJ,MAP2K1+ctrl,0.1907285170432258,0
VAL,MAP2K1+ctrl,0.0345941668206227,0
VMRCMELG,MAP2K1+ctrl,0.1051014269509665,0
WSUNHL,MAP2K1+ctrl,0.001,0
CAL72,MAP2K1+ctrl,0.2609951969296767,1
GOTO,MAP2K1+ctrl,0.0535693927506717,0
CCRFCEM,MAP2K1+ctrl,0.0753595671266117,0
BB65RCC,MAP2K1+ctrl,0.4410028253512176,1
CAL39,MAP2K1+ctrl,0.5545526561780647,1
CHSA0011,MAP2K1+ctrl,0.4822386552983272,1
CHSA0108,MAP2K1+ctrl,0.2075387618404476,1
CHSA8926,MAP2K1+ctrl,0.2847642353581732,1
CP50MELB,MAP2K1+ctrl,0.73611592752413,1
CP66MEL,MAP2K1+ctrl,0.6886017371903879,1
CS1,MAP2K1+ctrl,0.215100706784907,1
DJM1,MAP2K1+ctrl,0.2768493686837129,1
EMCBAC1,MAP2K1+ctrl,0.4307144366095843,1
EMCBAC2,MAP2K1+ctrl,0.3961450493437416,1
ES1,MAP2K1+ctrl,0.001,0
ES3,MAP2K1+ctrl,0.1277213963545246,0
ES4,MAP2K1+ctrl,0.1557685565754837,0
ES5,MAP2K1+ctrl,0.078133450084627,0
ES6,MAP2K1+ctrl,0.1175110176416801,0
ES7,MAP2K1+ctrl,0.1302121498714175,0
ES8,MAP2K1+ctrl,0.088257478239486,0
EW1,MAP2K1+ctrl,0.001,0
EW11,MAP2K1+ctrl,0.1867430504202613,0
EW13,MAP2K1+ctrl,0.001,0
EW16,MAP2K1+ctrl,0.1788474042615091,0
EW18,MAP2K1+ctrl,0.069702918068901,0
EW22,MAP2K1+ctrl,0.0760745643516738,0
EW24,MAP2K1+ctrl,0.001,0
EW3,MAP2K1+ctrl,0.1240381788094199,0
EW7,MAP2K1+ctrl,0.065588748682261,0
GAK,MAP2K1+ctrl,0.7230974421429677,1
GMEL,MAP2K1+ctrl,0.8031928989629674,1
H2369,MAP2K1+ctrl,0.2477911600413611,1
NCIH2373,MAP2K1+ctrl,0.2912268543654333,1
NCIH2461,MAP2K1+ctrl,0.2411429095727729,1
NCIH2591,MAP2K1+ctrl,0.1696246006069546,0
NCIH2595,MAP2K1+ctrl,0.1541496937377781,0
NCIH2722,MAP2K1+ctrl,0.3077764254664492,1
NCIH2731,MAP2K1+ctrl,0.2101110064214658,1
NCIH2795,MAP2K1+ctrl,0.5366819772707445,1
NCIH2803,MAP2K1+ctrl,0.2362612798167661,1
NCIH2804,MAP2K1+ctrl,0.0003989722610228119,0
NCIH2810,MAP2K1+ctrl,0.3408618854530666,1
NCIH2818,MAP2K1+ctrl,0.1773708876619599,0
NCIH2869,MAP2K1+ctrl,0.1985559533731554,0
H290,MAP2K1+ctrl,0.5557243830506503,1
[MERGED,MAP2K1+ctrl,0.2732518942708708,1
H513,MAP2K1+ctrl,0.372926239146911,1
HA7RCC,MAP2K1+ctrl,0.2238394053074613,1
HEY,MAP2K1+ctrl,0.6752373701645911,1
HSC39,MAP2K1+ctrl,0.2660032195659194,1
HUO3N1,MAP2K1+ctrl,0.1418212047151239,0
ISTMEL1,MAP2K1+ctrl,0.4518690729219385,1
ISTSL1,MAP2K1+ctrl,0.0824668019879192,0
ISTSL2,MAP2K1+ctrl,0.0729797643486894,0
JHOS3,MAP2K1+ctrl,0.4945416260074357,1
K2,MAP2K1+ctrl,0.6775309348340978,1
K5,MAP2K1+ctrl,0.7435790501006359,1
KGN,MAP2K1+ctrl,0.2500129207829304,1
LB1047RCC,MAP2K1+ctrl,0.4487139256671354,1
LB2241RCC,MAP2K1+ctrl,0.5294239076919264,1
LB2518MEL,MAP2K1+ctrl,0.7340670294581346,1
LB373MELD,MAP2K1+ctrl,0.4779677704766043,1
LB647SCLC,MAP2K1+ctrl,0.0455578078378571,0
LB996RCC,MAP2K1+ctrl,0.281616452639333,1
LC1SQ,MAP2K1+ctrl,0.260221834984672,1
LC2AD,MAP2K1+ctrl,0.2679264716397306,1
LU99A,MAP2K1+ctrl,0.3616924382714456,1
M14,MAP2K1+ctrl,0.7389987745827296,1
MCIXC,MAP2K1+ctrl,0.001,0
MMACSF,MAP2K1+ctrl,0.7529727277999038,1
MRKNU1,MAP2K1+ctrl,0.001,0
MZ1PC,MAP2K1+ctrl,0.7050240351269552,1
MZ2MEL,MAP2K1+ctrl,0.4327426112371486,1
MZ7MEL,MAP2K1+ctrl,0.6870077933297678,1
NCC010,MAP2K1+ctrl,0.1732793438388536,0
NCC021,MAP2K1+ctrl,0.2172997650719433,1
NCIH1304,MAP2K1+ctrl,0.001,0
NCIH1688,MAP2K1+ctrl,0.1058583666635264,0
NCIH322M,MAP2K1+ctrl,0.1037503414047765,0
NCIH720,MAP2K1+ctrl,0.001,0
NCIH835,MAP2K1+ctrl,0.0608640518203454,0
NY,MAP2K1+ctrl,0.1255917479204987,0
OCUBM,MAP2K1+ctrl,0.0439126066129079,0
OMC1,MAP2K1+ctrl,0.237061496332231,1
OVCA420,MAP2K1+ctrl,0.5771352403508836,1
OVCA433,MAP2K1+ctrl,0.5631550887171772,1
OVMIU,MAP2K1+ctrl,0.5474206964736393,1
PC3JPC3,MAP2K1+ctrl,0.1460853521569243,0
PL18,MAP2K1+ctrl,0.7395773548423823,1
PL4,MAP2K1+ctrl,0.6553485148463958,1
RCCAB,MAP2K1+ctrl,0.2593333460526926,1
RCCER,MAP2K1+ctrl,0.1641767967782458,0
RCCFG2,MAP2K1+ctrl,0.3133784791553161,1
RCCJF,MAP2K1+ctrl,0.4382991653310431,1
RCCJW,MAP2K1+ctrl,0.2241906173392455,1
RCCMF,MAP2K1+ctrl,0.349548943575878,1
RH1,MAP2K1+ctrl,0.0250790148650726,0
RXF393,MAP2K1+ctrl,0.5113876477517293,1
SBC1,MAP2K1+ctrl,0.001,0
SBC3,MAP2K1+ctrl,0.1741307652987991,0
SCH,MAP2K1+ctrl,0.001,0
SN12C,MAP2K1+ctrl,0.3606957702734151,1
SW962,MAP2K1+ctrl,0.3629318656164183,1
TCYIK,MAP2K1+ctrl,0.2267432923931817,1
TMK1,MAP2K1+ctrl,0.3954994627681349,1
[MERGED,MAP2K1+ctrl,0.4635457102184498,1
WM1552C,MAP2K1+ctrl,0.2968364020591802,1
WM278,MAP2K1+ctrl,0.3594707461842854,1
WM35,MAP2K1+ctrl,0.750597172610193,1
ALLPO,MAP2K1+ctrl,0.060651613771448,0
ARH77,MAP2K1+ctrl,0.115925865240302,0
BALL1,MAP2K1+ctrl,0.001,0
BB30HNC,MAP2K1+ctrl,0.5098922470058975,1
BB49HNC,MAP2K1+ctrl,0.6314331136187888,1
BC1,MAP2K1+ctrl,0.1528967722630243,0
BE13,MAP2K1+ctrl,0.0757632837774071,0
BE2M17,MAP2K1+ctrl,0.2059846308212017,1
CESS,MAP2K1+ctrl,0.1020088346460201,0
COLO320HSR,MAP2K1+ctrl,0.001,0
CROAP2,MAP2K1+ctrl,0.0696176185720011,0
CTB1,MAP2K1+ctrl,0.1086518872686375,0
CTV1,MAP2K1+ctrl,0.069509361038507,0
D247MG,MAP2K1+ctrl,0.3599382073324774,1
D263MG,MAP2K1+ctrl,0.5571752491686666,1
D336MG,MAP2K1+ctrl,0.2340221490087238,1
D392MG,MAP2K1+ctrl,0.3713726892224743,1
D423MG,MAP2K1+ctrl,0.1665273829587219,0
D502MG,MAP2K1+ctrl,0.4179271741229569,1
D542MG,MAP2K1+ctrl,0.1552602936335961,0
D566MG,MAP2K1+ctrl,0.3923917908712444,1
DG75,MAP2K1+ctrl,0.0987224170130784,0
DIFI,MAP2K1+ctrl,0.5019034844395021,1
DOK,MAP2K1+ctrl,0.6053994730642267,1
DSH1,MAP2K1+ctrl,0.1921142599642428,0
EB3,MAP2K1+ctrl,0.0693665883091484,0
ETK1,MAP2K1+ctrl,0.2163683413587984,1
GRST,MAP2K1+ctrl,0.0990236189746111,0
H3118,MAP2K1+ctrl,0.7258895595320582,1
HAL01,MAP2K1+ctrl,0.2147250488394461,1
HC1,MAP2K1+ctrl,0.1733759601899913,0
HO1N1,MAP2K1+ctrl,0.6833063842488177,1
HS445,MAP2K1+ctrl,0.1622010466755691,0
HS633T,MAP2K1+ctrl,0.7243429503976613,1
IM9,MAP2K1+ctrl,0.3861418442329882,1
IMR5,MAP2K1+ctrl,0.1069737025533483,0
JHU022,MAP2K1+ctrl,0.4687290617908262,1
JHU029,MAP2K1+ctrl,0.5147378873286335,1
JIYOYEP2003,MAP2K1+ctrl,0.0701534976715255,0
JSC1,MAP2K1+ctrl,0.1730593078451493,0
KARPAS1106P,MAP2K1+ctrl,0.001,0
KARPAS231,MAP2K1+ctrl,0.001,0
KARPAS45,MAP2K1+ctrl,0.001,0
KINGS1,MAP2K1+ctrl,0.2390973591290645,1
KMOE2,MAP2K1+ctrl,0.8064642833106925,1
KNS81FD,MAP2K1+ctrl,0.2875973632420182,1
KOSC2,MAP2K1+ctrl,0.3895201819579448,1
KY821,MAP2K1+ctrl,0.1652515298484648,0
KYSE220,MAP2K1+ctrl,0.533841101604698,1
KYSE50,MAP2K1+ctrl,0.1408718445164054,0
LB771HNC,MAP2K1+ctrl,0.2035848908901276,1
LB831BLC,MAP2K1+ctrl,0.1201137061811659,0
LC41,MAP2K1+ctrl,0.1286685168192954,0
LN405,MAP2K1+ctrl,0.1316951382576717,0
LNZTA3WT4,MAP2K1+ctrl,0.2925816078224327,1
MCCAR,MAP2K1+ctrl,0.0953008868012847,0
MFHINO,MAP2K1+ctrl,0.4668864694806142,1
MHHPREB1,MAP2K1+ctrl,0.1168538814782427,0
MLMA,MAP2K1+ctrl,0.1383298722306555,0
MN60,MAP2K1+ctrl,0.001,0
NBTU110,MAP2K1+ctrl,0.001,0
NB10,MAP2K1+ctrl,0.4162350823933315,1
NB12,MAP2K1+ctrl,0.4197226437765716,1
NB13,MAP2K1+ctrl,0.0203499519294858,0
NB14,MAP2K1+ctrl,0.2219020235152063,1
NB17,MAP2K1+ctrl,0.0541499897725112,0
NB5,MAP2K1+ctrl,0.5500212796702753,1
NB7,MAP2K1+ctrl,0.0910265473553572,0
NCIH630,MAP2K1+ctrl,0.2762634293429421,1
NKM1,MAP2K1+ctrl,0.480011425724847,1
NTERA2CLD1,MAP2K1+ctrl,0.2797516818612755,1
OACP4C,MAP2K1+ctrl,0.5181033229570386,1
P32ISH,MAP2K1+ctrl,0.001,0
PCI15A,MAP2K1+ctrl,0.4680657325490741,1
PCI30,MAP2K1+ctrl,0.1997738333591775,0
PCI38,MAP2K1+ctrl,0.4720130684621568,1
PCI4B,MAP2K1+ctrl,0.5788060542226747,1
PCI6A,MAP2K1+ctrl,0.1846672947569554,0
QIMRWIL,MAP2K1+ctrl,0.1032296910790133,0
RAMOS2G64C10,MAP2K1+ctrl,0.1026823492591857,0
RF48,MAP2K1+ctrl,0.1023398777561775,0
RPMI8866,MAP2K1+ctrl,0.2115650420186722,1
SKMG1,MAP2K1+ctrl,0.1748023727730062,0
SKN3,MAP2K1+ctrl,0.3146897075704951,1
STS0421,MAP2K1+ctrl,0.3427777270501223,1
SUDHL16,MAP2K1+ctrl,0.001,0
SUPB8,MAP2K1+ctrl,0.0766403969213931,0
SW684,MAP2K1+ctrl,0.199992915128563,0
SW872,MAP2K1+ctrl,0.6456224614484141,1
TE12,MAP2K1+ctrl,0.3851833934700195,1
TGBC24TKB,MAP2K1+ctrl,0.274945577377289,1
TK,MAP2K1+ctrl,0.0583610869806712,0
TUR,MAP2K1+ctrl,0.1585646827290313,0
[MERGED,MAP2K1+ctrl,0.4938370740886133,1
WIL2NS,MAP2K1+ctrl,0.0601993419391999,0
YT,MAP2K1+ctrl,0.001,0
