cell_type,product_name,dose,viability,SIDM,dose_unit,product_name_norm,sciplex_smiles,sciplex_smiles_key,log10_dose,row_id,cell_norm,cpd_conc_umol,cpd_avg_pv,log10_cpd_conc_umol,sciplex_signal_remaining,ctrp_signal_remaining,depmap_id,product_name_norm_prism,prism_lfc,prism_lfc_dose,prism_lfc_screen_id,prism_lfc_source,prism_signal_remaining,gdsc_signal_remaining,gdsc_dose,gdsc_log10_dose,signal_remaining,drug
MCF7,TAK-901,10.0,0.483079641710481,SIDM00148,uM,tak901,CCS(=O)(=O)c1cccc(-c2cc(C(=O)NC3CCN(C)CC3)c(C)c3[nH]c4ncc(C)cc4c23)c1,ccs(=o)(=o)c1cccc(c2cc(c(=o)nc3ccn(c)cc3)c(c)c3[nh]c4ncc(c)cc4c23)c1,1.0,0,mcf7,,,,0.483079641710481,,ACH-000019,tak901,-2.1130207581,2.5,HTS,primary,0.23116249344180184,,,,0.23116249344180184,TAK-901
MCF7,AG-490 (Tyrphostin B42),0.01,0.999996924848152,SIDM00148,uM,ag490,N#CC(=Cc1ccc(O)c(O)c1)C(=O)NCc1ccccc1,n#cc(=cc1ccc(o)c(o)c1)c(=o)ncc1ccccc1,-2.0,1,mcf7,,,,0.999996924848152,,ACH-000019,ag490,,,,,,,,,,AG-490 (Tyrphostin B42)
MCF7,Abexinostat (PCI-24781),1.0,1.0,SIDM00148,uM,abexinostat,CN(C)Cc1c(C(=O)NCCOc2ccc(C(=O)NO)cc2)oc2ccccc12,cn(c)cc1c(c(=o)nccoc2ccc(c(=o)no)cc2)oc2ccccc12,0.0,2,mcf7,,,,1.0,,ACH-000019,abexinostat,,,,,,,,,,Abexinostat (PCI-24781)
MCF7,Obatoclax Mesylate (GX15-070),0.1,0.999809083030221,SIDM00148,uM,obatoclax,COC1=CC(c2cc3ccccc3[nH]2)=N/C1=C\c1[nH]c(C)cc1C.CS(=O)(=O)O,coc1=cc(c2cc3ccccc3[nh]2)=nc1=cc1[nh]c(c)cc1c,-1.0,3,mcf7,0.13,1.112,-0.8860566476931632,0.999809083030221,1.112,ACH-000019,obatoclax,-0.415179333745117,0.153406,MTS010,secondary,0.7499262695040589,,,,0.7499262695040589,Obatoclax Mesylate (GX15-070)
MCF7,BMS-265246,0.1,0.9998821322835192,SIDM00148,uM,bms265246,CCCCOc1c(C(=O)c2c(F)cc(C)cc2F)cnc2[nH]ncc12,ccccoc1c(c(=o)c2c(f)cc(c)cc2f)cnc2[nh]ncc12,-1.0,4,mcf7,,,,0.9998821322835192,,ACH-000019,bms265246,0.151311443938,0.15625,HTS002,secondary,1.11057855555024,,,,1.11057855555024,BMS-265246
MCF7,BMS-536924,10.0,0.8404871808054809,SIDM00148,uM,bms536924,Cc1cc(N2CCOCC2)cc2[nH]c(-c3c(NCC(O)c4cccc(Cl)c4)cc[nH]c3=O)nc12,cc1cc(n2ccocc2)cc2[nh]c(c3c(ncc(o)c4cccc(cl)c4)cc[nh]c3=o)nc12,1.0,5,mcf7,,,,0.8404871808054809,,ACH-000019,bms536924,,,,,,,,,,BMS-536924
MCF7,AG-14361,1.0,0.984454629364139,SIDM00148,uM,ag14361,CN(C)Cc1ccc(-c2nc3cccc4c3n2CCNC4=O)cc1,cn(c)cc1ccc(c2nc3cccc4c3n2ccnc4=o)cc1,0.0,6,mcf7,,,,0.984454629364139,,ACH-000019,ag14361,-0.385420826537,2.5,HTS,primary,0.7655556574260856,,,,0.7655556574260856,AG-14361
MCF7,Carmofur,10.0,0.9975276991603592,SIDM00148,uM,carmofur,CCCCCCNC(=O)n1cc(F)c(=O)[nH]c1=O,ccccccnc(=o)n1cc(f)c(=o)[nh]c1=o,1.0,7,mcf7,,,,0.9975276991603592,,ACH-000019,carmofur,-1.70163147374,2.5,HTS,primary,0.3074382397113888,,,,0.3074382397113888,Carmofur
MCF7,PJ34,1.0,1.0,SIDM00148,uM,pj34,CN(C)CC(=O)Nc1ccc2[nH]c(=O)c3ccccc3c2c1,cn(c)cc(=o)nc1ccc2[nh]c(=o)c3ccccc3c2c1,0.0,8,mcf7,,,,1.0,,ACH-000019,pj34,-0.599324592566,2.5,HTS,primary,0.6600628959703472,,,,0.6600628959703472,PJ34
MCF7,Tanespimycin (17-AAG),0.1,0.743788958660364,SIDM00148,uM,tanespimycin,C=CCNC1=C2CC(C)CC(OC)C(O)C(C)/C=C(\C)C(OC(N)=O)C(OC)/C=C\C=C(/C)C(=O)NC(=CC1=O)C2=O,c=ccnc1=c2cc(c)cc(oc)c(o)c(c)c=c(c)c(oc(n)=o)c(oc)c=cc=c(c)c(=o)nc(=cc1=o)c2=o,-1.0,9,mcf7,0.13,0.743,-0.8860566476931632,0.743788958660364,0.743,ACH-000019,tanespimycin,-1.78269253816843,0.15625,MTS010,secondary,0.2906404604998239,,,,0.2906404604998239,Tanespimycin (17-AAG)
MCF7,PD98059,0.01,1.0,SIDM00148,uM,pd98059,COc1cccc(-c2cc(=O)c3ccccc3o2)c1N,coc1cccc(c2cc(=o)c3ccccc3o2)c1n,-2.0,10,mcf7,,,,1.0,,ACH-000019,pd98059,0.032550512629,0.00976562,HTS002,secondary,1.0228187497524626,,,,1.0228187497524626,PD98059
MCF7,Disulfiram ,10.0,0.999965968725899,SIDM00148,uM,disulfiram,CCN(CC)C(=S)SSC(=S)N(CC)CC,ccn(cc)c(=s)ssc(=s)n(cc)cc,1.0,11,mcf7,,,,0.999965968725899,,ACH-000019,disulfiram,-0.212510968823,2.5,HTS,primary,0.8630338380484834,,,,0.8630338380484834,Disulfiram 
MCF7,Droxinostat,10.0,1.0,SIDM00148,uM,droxinostat,Cc1cc(Cl)ccc1OCCCC(=O)NO,cc1cc(cl)ccc1occcc(=o)no,1.0,12,mcf7,,,,1.0,,ACH-000019,droxinostat,0.191502016367,2.5,HTS,primary,1.141952004441627,,,,1.141952004441627,Droxinostat
MCF7,Sodium Phenylbutyrate,0.1,1.0,SIDM00148,uM,sodiumphenylbutyrate,O=C(CCCc1ccccc1)O[Na],o=c(cccc1ccccc1)o[na],-1.0,13,mcf7,,,,1.0,,ACH-000019,sodiumphenylbutyrate,,,,,,,,,,Sodium Phenylbutyrate
MCF7,AZ 960,0.1,0.999149744334165,SIDM00148,uM,az960,Cc1cc(Nc2nc(N[C@@H](C)c3ccc(F)cc3)c(C#N)cc2F)n[nH]1,cc1cc(nc2nc(n[ch](c)c3ccc(f)cc3)c(c#n)cc2f)n[nh]1,-1.0,14,mcf7,,,,0.999149744334165,,ACH-000019,az960,0.298222284807,0.15625,HTS002,secondary,1.2296283089786095,,,,1.2296283089786095,AZ 960
MCF7,MK-5108 (VX-689),1.0,0.866295679927274,SIDM00148,uM,mk5108,O=C(O)[C@]1(Cc2cccc(Nc3nccs3)n2)CC[C@@H](Oc2cccc(Cl)c2F)CC1,o=c(o)[c]1(cc2cccc(nc3nccs3)n2)cc[ch](oc2cccc(cl)c2f)cc1,0.0,15,mcf7,,,,0.866295679927274,,ACH-000019,mk5108,-0.681172861974,2.5,HTS,primary,0.6236580555265303,,,,0.6236580555265303,MK-5108 (VX-689)
MCF7,Ellagic acid,0.01,1.0,SIDM00148,uM,ellagicacid,O=c1oc2c(O)c(O)cc3c(=O)oc4c(O)c(O)cc1c4c23,o=c1oc2c(o)c(o)cc3c(=o)oc4c(o)c(o)cc1c4c23,-2.0,16,mcf7,,,,1.0,,ACH-000019,ellagicacid,,,,,,,,,,Ellagic acid
MCF7,AZ 960,0.01,0.9999978826837572,SIDM00148,uM,az960,Cc1cc(Nc2nc(N[C@@H](C)c3ccc(F)cc3)c(C#N)cc2F)n[nH]1,cc1cc(nc2nc(n[ch](c)c3ccc(f)cc3)c(c#n)cc2f)n[nh]1,-2.0,17,mcf7,,,,0.9999978826837572,,ACH-000019,az960,0.487200072456,0.00976562,HTS002,secondary,1.4017218259069055,,,,1.4017218259069055,AZ 960
MCF7,Trametinib (GSK1120212),10.0,0.999872134113868,SIDM00148,uM,trametinib,CC(=O)Nc1cccc(-n2c(=O)n(C3CC3)c(=O)c3c(Nc4ccc(I)cc4F)n(C)c(=O)c(C)c32)c1,cc(=o)nc1cccc(n2c(=o)n(c3cc3)c(=o)c3c(nc4ccc(i)cc4f)n(c)c(=o)c(c)c32)c1,1.0,18,mcf7,,,,0.999872134113868,,ACH-000019,trametinib,1.07186214766,2.5,HTS,primary,2.1021449445072866,,,,2.1021449445072866,Trametinib (GSK1120212)
MCF7,Thalidomide,10.0,1.0,SIDM00148,uM,thalidomide,O=C1CCC(N2C(=O)c3ccccc3C2=O)C(=O)N1,o=c1ccc(n2c(=o)c3ccccc3c2=o)c(=o)n1,1.0,19,mcf7,,,,1.0,,ACH-000019,thalidomide,0.316553735013,2.5,HTS,primary,1.2453521345484238,,,,1.2453521345484238,Thalidomide
MCF7,Meprednisone,1.0,1.0,SIDM00148,uM,meprednisone,CC1CC2C3CCC4=CC(=O)C=CC4(C)C3C(=O)CC2(C)C1(O)C(=O)CO,cc1cc2c3ccc4=cc(=o)c=cc4(c)c3c(=o)cc2(c)c1(o)c(=o)co,0.0,20,mcf7,,,,1.0,,ACH-000019,meprednisone,,,,,,,,,,Meprednisone
MCF7,BMS-911543,1.0,1.0,SIDM00148,uM,bms911543,CCn1c(C(=O)N(C2CC2)C2CC2)cc2c3c(ncn3C)c(Nc3cc(C)n(C)n3)nc21,ccn1c(c(=o)n(c2cc2)c2cc2)cc2c3c(ncn3c)c(nc3cc(c)n(c)n3)nc21,0.0,21,mcf7,,,,1.0,,ACH-000019,bms911543,,,,,,,,,,BMS-911543
MCF7,ENMD-2076 L-(+)-Tartaric acid ,1.0,0.942562446648997,SIDM00148,uM,enmd2076ltartaricacid,Cc1cc(Nc2cc(N3CCN(C)CC3)nc(C=Cc3ccccc3)n2)n[nH]1,cc1cc(nc2cc(n3ccn(c)cc3)nc(c=cc3ccccc3)n2)n[nh]1,0.0,22,mcf7,,,,0.942562446648997,,ACH-000019,enmd2076ltartaricacid,,,,,,,,,,ENMD-2076 L-(+)-Tartaric acid 
MCF7,TG101209,0.1,0.998071819711203,SIDM00148,uM,tg101209,Cc1cnc(Nc2ccc(N3CCN(C)CC3)cc2)nc1Nc1cccc(S(=O)(=O)NC(C)(C)C)c1,cc1cnc(nc2ccc(n3ccn(c)cc3)cc2)nc1nc1cccc(s(=o)(=o)nc(c)(c)c)c1,-1.0,23,mcf7,,,,0.998071819711203,,ACH-000019,tg101209,-0.0189633474606,0.15625,HTS002,secondary,0.9869416194156314,,,,0.9869416194156314,TG101209
MCF7,Glesatinib?(MGCD265),1.0,0.98156908998217,SIDM00148,uM,glesatinib,COCCNCc1ccc(-c2cc3nccc(Oc4ccc(NC(=S)NC(=O)Cc5ccc(F)cc5)cc4F)c3s2)nc1,coccncc1ccc(c2cc3nccc(oc4ccc(nc(=s)nc(=o)cc5ccc(f)cc5)cc4f)c3s2)nc1,0.0,24,mcf7,,,,0.98156908998217,,ACH-000019,glesatinib,,,,,,,,,,Glesatinib?(MGCD265)
MCF7,Fasudil (HA-1077) HCl,0.1,1.0,SIDM00148,uM,fasudil,Cl.O=S(=O)(c1cccc2cnccc12)N1CCCNCC1,o=s(=o)(c1cccc2cnccc12)n1cccncc1,-1.0,25,mcf7,,,,1.0,,ACH-000019,fasudil,,,,,,,,,,Fasudil (HA-1077) HCl
MCF7,Prednisone ,10.0,1.0,SIDM00148,uM,prednisone,CC12C=CC(=O)C=C1CCC1C2C(=O)CC2(C)C1CCC2(O)C(=O)CO,cc12c=cc(=o)c=c1ccc1c2c(=o)cc2(c)c1ccc2(o)c(=o)co,1.0,26,mcf7,,,,1.0,,ACH-000019,prednisone,-0.0371694635242,2.5,HTS,primary,0.9745651486620653,,,,0.9745651486620653,Prednisone 
MCF7,Crizotinib (PF-02341066),10.0,0.884131622250437,SIDM00148,uM,crizotinib,CC(Oc1cc(-c2cnn(C3CCNCC3)c2)cnc1N)c1c(Cl)ccc(F)c1Cl,cc(oc1cc(c2cnn(c3ccncc3)c2)cnc1n)c1c(cl)ccc(f)c1cl,1.0,27,mcf7,8.3,0.254,0.919078092376074,0.884131622250437,0.254,ACH-000019,crizotinib,-0.0559619382158,2.54,HTS,primary,0.9619528329721283,,,,0.9619528329721283,Crizotinib (PF-02341066)
MCF7,PHA-680632,1.0,0.7411141734618759,SIDM00148,uM,pha680632,CCc1cccc(CC)c1NC(=O)N1Cc2[nH]nc(NC(=O)c3ccc(N4CCN(C)CC4)cc3)c2C1,ccc1cccc(cc)c1nc(=o)n1cc2[nh]nc(nc(=o)c3ccc(n4ccn(c)cc4)cc3)c2c1,0.0,28,mcf7,,,,0.7411141734618759,,ACH-000019,pha680632,-0.889050939071,2.5,HTS,primary,0.5399692141991881,,,,0.5399692141991881,PHA-680632
MCF7,Dasatinib,1.0,0.927823272321492,SIDM00148,uM,dasatinib,Cc1nc(Nc2ncc(C(=O)Nc3c(C)cccc3Cl)s2)cc(N2CCN(CCO)CC2)n1,cc1nc(nc2ncc(c(=o)nc3c(c)cccc3cl)s2)cc(n2ccn(cco)cc2)n1,0.0,29,mcf7,1.0,0.822,0.0,0.927823272321492,0.822,ACH-000019,dasatinib,-2.78311418783,2.5,HTS,primary,0.14527776439893458,,,,0.14527776439893458,Dasatinib
MCF7,TGX-221,0.1,0.999996643866013,SIDM00148,uM,tgx221,Cc1cc(C(C)Nc2ccccc2)c2nc(N3CCOCC3)cc(=O)n2c1,cc1cc(c(c)nc2ccccc2)c2nc(n3ccocc3)cc(=o)n2c1,-1.0,30,mcf7,0.13,1.012,-0.8860566476931632,0.999996643866013,1.012,ACH-000019,tgx221,,,,,,,,,1.012,TGX-221
MCF7,Avagacestat (BMS-708163),0.1,1.0,SIDM00148,uM,avagacestat,NC(=O)C(CCC(F)(F)F)N(Cc1ccc(-c2ncon2)cc1F)S(=O)(=O)c1ccc(Cl)cc1,nc(=o)c(ccc(f)(f)f)n(cc1ccc(c2ncon2)cc1f)s(=o)(=o)c1ccc(cl)cc1,-1.0,31,mcf7,,,,1.0,,ACH-000019,avagacestat,,,,,,,,,,Avagacestat (BMS-708163)
MCF7,Gandotinib (LY2784544),1.0,0.908821677298534,SIDM00148,uM,gandotinib,Cc1cc(Nc2cc(CN3CCOCC3)c3nc(C)c(Cc4ccc(Cl)cc4F)n3n2)[nH]n1,cc1cc(nc2cc(cn3ccocc3)c3nc(c)c(cc4ccc(cl)cc4f)n3n2)[nh]n1,0.0,32,mcf7,,,,0.908821677298534,,ACH-000019,gandotinib,,,,,,,,,,Gandotinib (LY2784544)
MCF7,Iniparib (BSI-201),1.0,0.9997579161489292,SIDM00148,uM,iniparib,NC(=O)c1ccc(I)c([N+](=O)[O-])c1,nc(=o)c1ccc(i)c([n](=o)[o])c1,0.0,33,mcf7,,,,0.9997579161489292,,ACH-000019,iniparib,0.0269281182717,2.5,HTS,primary,1.0188404320174498,,,,1.0188404320174498,Iniparib (BSI-201)
MCF7,SRT2104 (GSK2245840),10.0,1.0,SIDM00148,uM,srt2104,Cc1nc(-c2cccnc2)sc1C(=O)Nc1ccccc1-c1cn2c(CN3CCOCC3)csc2n1,cc1nc(c2cccnc2)sc1c(=o)nc1ccccc1c1cn2c(cn3ccocc3)csc2n1,1.0,34,mcf7,,,,1.0,,ACH-000019,srt2104,-0.107384936436,2.5,MTS004,primary,0.928269140712085,,,,0.928269140712085,SRT2104 (GSK2245840)
MCF7,Toremifene Citrate,1.0,0.999926994851952,SIDM00148,uM,toremifene,CN(C)CCOc1ccc(/C(=C(/CCCl)c2ccccc2)c2ccccc2)cc1.O=C(O)CC(O)(CC(=O)O)C(=O)O,cn(c)ccoc1ccc(c(=c(cccl)c2ccccc2)c2ccccc2)cc1,0.0,35,mcf7,,,,0.999926994851952,,ACH-000019,toremifene,-0.423532155847,2.5,HTS,primary,0.7455969399959791,,,,0.7455969399959791,Toremifene Citrate
MCF7,Ruxolitinib (INCB018424),0.01,0.999999999999869,SIDM00148,uM,ruxolitinib,N#CC[C@H](C1CCCC1)n1cc(-c2ncnc3[nH]ccc23)cn1,n#cc[ch](c1cccc1)n1cc(c2ncnc3[nh]ccc23)cn1,-2.0,36,mcf7,0.016,0.9525,-1.7958800173440752,0.999999999999869,0.9525,ACH-000019,ruxolitinib,0.0255034287185284,0.00977,MTS010,secondary,1.0178348037960918,,,,1.0178348037960918,Ruxolitinib (INCB018424)
MCF7,CEP-33779,1.0,1.0,SIDM00148,uM,cep33779,CN1CCN(c2cccc(Nc3nc4c(-c5ccc(S(C)(=O)=O)cc5)cccn4n3)c2)CC1,cn1ccn(c2cccc(nc3nc4c(c5ccc(s(c)(=o)=o)cc5)cccn4n3)c2)cc1,0.0,37,mcf7,,,,1.0,,ACH-000019,cep33779,0.167491619621,2.5,HTS,primary,1.1231040711559985,,,,1.1231040711559985,CEP-33779
MCF7,(+)-JQ1,0.01,1.0,SIDM00148,uM,jq1,Cc1sc2c(c1C)C(c1ccc(Cl)cc1)=N[C@@H](CC(=O)OC(C)(C)C)c1nnc(C)n1-2,cc1sc2c(c1c)c(c1ccc(cl)cc1)=n[ch](cc(=o)oc(c)(c)c)c1nnc(c)n12,-2.0,38,mcf7,0.0081,0.9998,-2.0915149811213505,1.0,0.9998,ACH-000019,jq1,0.654947366561,0.00976562,HTS002,secondary,1.5745585079136089,,,,1.5745585079136089,(+)-JQ1
MCF7,Alendronate sodium trihydrate,0.01,0.9666232467829592,SIDM00148,uM,alendronatetrihydrate,NCCCC(O)(P(=O)(O)O)P(=O)(O)O[Na].O.O.O,ncccc(o)(p(=o)(o)o)p(=o)(o)o[na],-2.0,39,mcf7,,,,0.9666232467829592,,ACH-000019,alendronatetrihydrate,,,,,,,,,,Alendronate sodium trihydrate
MCF7,Aurora A Inhibitor I,1.0,0.998666295761332,SIDM00148,uM,auroraainhibitori,CCN1CCN(C(=O)Cc2ccc(Nc3ncc(F)c(Nc4ccc(C(=O)Nc5ccccc5Cl)cc4)n3)cc2)CC1,ccn1ccn(c(=o)cc2ccc(nc3ncc(f)c(nc4ccc(c(=o)nc5ccccc5cl)cc4)n3)cc2)cc1,0.0,40,mcf7,,,,0.998666295761332,,ACH-000019,auroraainhibitori,-0.710611638425,2.5,HTS,primary,0.6110610212726262,,,,0.6110610212726262,Aurora A Inhibitor I
MCF7,A-366,10.0,1.0,SIDM00148,uM,a366,COc1cc2c(cc1OCCCN1CCCC1)N=C(N)C21CCC1,coc1cc2c(cc1occcn1cccc1)n=c(n)c21ccc1,1.0,41,mcf7,,,,1.0,,ACH-000019,a366,0.364898119242,2.5,MTS004,primary,1.2877906846322948,,,,1.2877906846322948,A-366
MCF7,IOX2,0.01,0.9999983634485858,SIDM00148,uM,iox2,O=C(O)CNC(=O)c1c(O)c2ccccc2n(Cc2ccccc2)c1=O,o=c(o)cnc(=o)c1c(o)c2ccccc2n(cc2ccccc2)c1=o,-2.0,42,mcf7,,,,0.9999983634485858,,ACH-000019,iox2,,,,,,,,,,IOX2
MCF7,Ivosidenib (AG-120),10.0,0.9747076021833008,SIDM00148,uM,ivosidenib,N#Cc1ccnc(N2C(=O)CCC2C(=O)N(c2cncc(F)c2)C(C(=O)NC2CC(F)(F)C2)c2ccccc2Cl)c1,n#cc1ccnc(n2c(=o)ccc2c(=o)n(c2cncc(f)c2)c(c(=o)nc2cc(f)(f)c2)c2ccccc2cl)c1,1.0,43,mcf7,,,,0.9747076021833008,,ACH-000019,ivosidenib,0.228084920377638,2.4999924489,MTS007,primary,1.171279123396701,,,,1.171279123396701,Ivosidenib (AG-120)
MCF7,Selisistat (EX 527),1.0,1.0,SIDM00148,uM,selisistat,NC(=O)C1CCCc2c1[nH]c1ccc(Cl)cc21,nc(=o)c1cccc2c1[nh]c1ccc(cl)cc21,0.0,44,mcf7,,,,1.0,,ACH-000019,selisistat,,,,,,,,,,Selisistat (EX 527)
MCF7,Alisertib (MLN8237),0.01,0.993749327658305,SIDM00148,uM,alisertib,COc1cc(Nc2ncc3c(n2)-c2ccc(Cl)cc2C(c2c(F)cccc2OC)=NC3)ccc1C(=O)O,coc1cc(nc2ncc3c(n2)c2ccc(cl)cc2c(c2c(f)cccc2oc)=nc3)ccc1c(=o)o,-2.0,45,mcf7,0.0081,1.281,-2.0915149811213505,0.993749327658305,1.281,ACH-000019,alisertib,0.255932135055,0.00976562,HTS002,secondary,1.1941070144874346,,,,1.1941070144874346,Alisertib (MLN8237)
MCF7,PD173074,0.1,0.997368897103778,SIDM00148,uM,pd173074,CCN(CC)CCCCNc1ncc2cc(-c3cc(OC)cc(OC)c3)c(NC(=O)NC(C)(C)C)nc2n1,ccn(cc)ccccnc1ncc2cc(c3cc(oc)cc(oc)c3)c(nc(=o)nc(c)(c)c)nc2n1,-1.0,46,mcf7,,,,0.997368897103778,,ACH-000019,pd173074,0.598397031703,0.15625,HTS002,secondary,1.5140333997611921,,,,1.5140333997611921,PD173074
MCF7,BMS-754807,1.0,0.9258006250283,SIDM00148,uM,bms754807,CC1(C(=O)Nc2ccc(F)nc2)CCCN1c1nc(Nc2cc(C3CC3)[nH]n2)c2cccn2n1,cc1(c(=o)nc2ccc(f)nc2)cccn1c1nc(nc2cc(c3cc3)[nh]n2)c2cccn2n1,0.0,47,mcf7,0.52,0.3813,-0.2839966563652008,0.9258006250283,0.3813,ACH-000019,bms754807,-1.42029567541,2.5,HTS,primary,0.3736357289476503,,,,0.3736357289476503,BMS-754807
MCF7,Cyclocytidine HCl,0.1,0.995024895680092,SIDM00148,uM,cyclocytidine,Cl.N=c1ccn2c(n1)OC1C(O)C(CO)OC12,n=c1ccn2c(n1)oc1c(o)c(co)oc12,-1.0,48,mcf7,,,,0.995024895680092,,ACH-000019,cyclocytidine,0.0818265249783,0.15625,HTS002,secondary,1.0583571264233835,,,,1.0583571264233835,Cyclocytidine HCl
MCF7,Quercetin,10.0,0.999996231558784,SIDM00148,uM,quercetin,O=c1c(O)c(-c2ccc(O)c(O)c2)oc2cc(O)cc(O)c12,o=c1c(o)c(c2ccc(o)c(o)c2)oc2cc(o)cc(o)c12,1.0,49,mcf7,,,,0.999996231558784,,ACH-000019,quercetin,0.120560159558,2.5,HTS,primary,1.0871568942776826,,,,1.0871568942776826,Quercetin
MCF7,Thalidomide,0.1,1.0,SIDM00148,uM,thalidomide,O=C1CCC(N2C(=O)c3ccccc3C2=O)C(=O)N1,o=c1ccc(n2c(=o)c3ccccc3c2=o)c(=o)n1,-1.0,50,mcf7,,,,1.0,,ACH-000019,thalidomide,,,,,,,,,,Thalidomide
MCF7,Mesna ,0.01,1.0,SIDM00148,uM,mesna,O=S(=O)([O-])CCS.[Na+],o=s(=o)([o])ccs,-2.0,51,mcf7,,,,1.0,,ACH-000019,mesna,0.916687533293,0.00976562,HTS002,secondary,1.8877759292834324,,,,1.8877759292834324,Mesna 
MCF7,KW-2449,10.0,0.579040689516578,SIDM00148,uM,kw2449,O=C(c1ccc(C=Cc2n[nH]c3ccccc23)cc1)N1CCNCC1,o=c(c1ccc(c=cc2n[nh]c3ccccc23)cc1)n1ccncc1,1.0,52,mcf7,8.3,0.6955,0.919078092376074,0.579040689516578,0.6955,ACH-000019,kw2449,-0.595768056158,2.5,HTS,primary,0.6616920924480667,,,,0.6616920924480667,KW-2449
MCF7,Quercetin,1.0,0.99999737315435,SIDM00148,uM,quercetin,O=c1c(O)c(-c2ccc(O)c(O)c2)oc2cc(O)cc(O)c12,o=c1c(o)c(c2ccc(o)c(o)c2)oc2cc(o)cc(o)c12,0.0,53,mcf7,,,,0.99999737315435,,ACH-000019,quercetin,0.120560159558,2.5,HTS,primary,1.0871568942776826,,,,1.0871568942776826,Quercetin
MCF7,Azacitidine ,10.0,0.99845347788247,SIDM00148,uM,azacitidine,Nc1ncn([C@@H]2O[C@H](CO)[C@@H](O)[C@H]2O)c(=O)n1,nc1ncn([ch]2o[ch](co)[ch](o)[ch]2o)c(=o)n1,1.0,54,mcf7,8.3,1.071,0.919078092376074,0.99845347788247,1.071,ACH-000019,azacitidine,-0.823558931325,2.5,HTS,primary,0.5650463299574108,,,,0.5650463299574108,Azacitidine 
MCF7,Divalproex Sodium,0.01,1.0,SIDM00148,uM,divalproex,CCCC(CCC)C(=O)O.CCCC(CCC)C(=O)[O-].[Na+],cccc(ccc)c(=o)[o],-2.0,55,mcf7,,,,1.0,,ACH-000019,divalproex,,,,,,,,,,Divalproex Sodium
MCF7,Valproic acid sodium salt (Sodium valproate),0.01,0.9999999939473728,SIDM00148,uM,valproicacidsalt,CCCC(CCC)C(=O)[O-].[Na+],cccc(ccc)c(=o)[o],-2.0,56,mcf7,,,,0.9999999939473728,,ACH-000019,valproicacidsalt,,,,,,,,,,Valproic acid sodium salt (Sodium valproate)
MCF7,Motesanib Diphosphate (AMG-706),10.0,1.0,SIDM00148,uM,motesanibdiphosphate,CC1(C)CNc2cc(NC(=O)c3cccnc3NCc3ccncc3)ccc21.O=P(O)(O)O.O=P(O)(O)O,cc1(c)cnc2cc(nc(=o)c3cccnc3ncc3ccncc3)ccc21,1.0,57,mcf7,,,,1.0,,ACH-000019,motesanibdiphosphate,,,,,,,,,,Motesanib Diphosphate (AMG-706)
MCF7,WHI-P154,1.0,0.999812369593858,SIDM00148,uM,whip154,COc1cc2ncnc(Nc3ccc(O)c(Br)c3)c2cc1OC,coc1cc2ncnc(nc3ccc(o)c(br)c3)c2cc1oc,0.0,58,mcf7,,,,0.999812369593858,,ACH-000019,whip154,-0.167728495311,2.5,HTS,primary,0.8902432547792364,,,,0.8902432547792364,WHI-P154
MCF7,CYC116,1.0,0.9912486607106048,SIDM00148,uM,cyc116,Cc1nc(N)sc1-c1ccnc(Nc2ccc(N3CCOCC3)cc2)n1,cc1nc(n)sc1c1ccnc(nc2ccc(n3ccocc3)cc2)n1,0.0,59,mcf7,,,,0.9912486607106048,,ACH-000019,cyc116,-0.735455929323,2.5,HTS,primary,0.6006281805708085,,,,0.6006281805708085,CYC116
MCF7,PF-573228,10.0,0.9997370975121392,SIDM00148,uM,pf573228,CS(=O)(=O)c1cccc(CNc2nc(Nc3ccc4c(c3)CCC(=O)N4)ncc2C(F)(F)F)c1,cs(=o)(=o)c1cccc(cnc2nc(nc3ccc4c(c3)ccc(=o)n4)ncc2c(f)(f)f)c1,1.0,60,mcf7,17.0,0.8551,1.2304489213782739,0.9997370975121392,0.8551,ACH-000019,pf573228,-0.618362326227,2.5,HTS,primary,0.6514099555208128,,,,0.6514099555208128,PF-573228
MCF7,Gandotinib (LY2784544),0.01,0.9996205522570212,SIDM00148,uM,gandotinib,Cc1cc(Nc2cc(CN3CCOCC3)c3nc(C)c(Cc4ccc(Cl)cc4F)n3n2)[nH]n1,cc1cc(nc2cc(cn3ccocc3)c3nc(c)c(cc4ccc(cl)cc4f)n3n2)[nh]n1,-2.0,61,mcf7,,,,0.9996205522570212,,ACH-000019,gandotinib,,,,,,,,,,Gandotinib (LY2784544)
MCF7,Ki8751,1.0,0.993209659036444,SIDM00148,uM,ki8751,COc1cc2nccc(Oc3ccc(NC(=O)Nc4ccc(F)cc4F)c(F)c3)c2cc1OC,coc1cc2nccc(oc3ccc(nc(=o)nc4ccc(f)cc4f)c(f)c3)c2cc1oc,0.0,62,mcf7,1.0,1.069,0.0,0.993209659036444,1.069,ACH-000019,ki8751,-0.523108685543,2.5,HTS,primary,0.695870770462277,,,,0.695870770462277,Ki8751
MCF7,Barasertib (AZD1152-HQPA),0.01,0.9959867068571908,SIDM00148,uM,barasertib,CCN(CCO)CCCOc1ccc2c(Nc3cc(CC(=O)Nc4cccc(F)c4)n[nH]3)ncnc2c1,ccn(cco)cccoc1ccc2c(nc3cc(cc(=o)nc4cccc(f)c4)n[nh]3)ncnc2c1,-2.0,63,mcf7,0.0081,0.9992,-2.0915149811213505,0.9959867068571908,0.9992,ACH-000019,barasertib,0.448572511214446,0.00977,MTS010,secondary,1.3646892832755018,,,,1.3646892832755018,Barasertib (AZD1152-HQPA)
MCF7,Daphnetin,0.1,0.999967866586573,SIDM00148,uM,daphnetin,O=c1ccc2ccc(O)c(O)c2o1,o=c1ccc2ccc(o)c(o)c2o1,-1.0,64,mcf7,,,,0.999967866586573,,ACH-000019,daphnetin,,,,,,,,,,Daphnetin
MCF7,CUDC-101,0.01,0.999999999464427,SIDM00148,uM,cudc101,C#Cc1cccc(Nc2ncnc3cc(OC)c(OCCCCCCC(=O)NO)cc23)c1,c#cc1cccc(nc2ncnc3cc(oc)c(occccccc(=o)no)cc23)c1,-2.0,65,mcf7,,,,0.999999999464427,,ACH-000019,cudc101,,0.00976562,HTS002,secondary,,,,,,CUDC-101
MCF7,BMS-265246,0.01,0.999997181681938,SIDM00148,uM,bms265246,CCCCOc1c(C(=O)c2c(F)cc(C)cc2F)cnc2[nH]ncc12,ccccoc1c(c(=o)c2c(f)cc(c)cc2f)cnc2[nh]ncc12,-2.0,66,mcf7,,,,0.999997181681938,,ACH-000019,bms265246,0.169903696171,0.00976562,HTS002,secondary,1.124983386472838,,,,1.124983386472838,BMS-265246
MCF7,Filgotinib (GLPG0634),10.0,0.888552200698235,SIDM00148,uM,filgotinib,O=C(Nc1nc2cccc(-c3ccc(CN4CCS(=O)(=O)CC4)cc3)n2n1)C1CC1,o=c(nc1nc2cccc(c3ccc(cn4ccs(=o)(=o)cc4)cc3)n2n1)c1cc1,1.0,67,mcf7,,,,0.888552200698235,,ACH-000019,filgotinib,0.275935038417,2.5,HTS,primary,1.210778563860872,,,,1.210778563860872,Filgotinib (GLPG0634)
MCF7,NVP-BSK805 2HCl,0.1,0.999978466881369,SIDM00148,uM,nvpbsk8052hcl,Cl.Cl.Fc1cc(-c2cccc3ncc(-c4cnn(C5CCNCC5)c4)nc23)cc(F)c1CN1CCOCC1,fc1cc(c2cccc3ncc(c4cnn(c5ccncc5)c4)nc23)cc(f)c1cn1ccocc1,-1.0,68,mcf7,,,,0.999978466881369,,ACH-000019,nvpbsk8052hcl,,,,,,,,,,NVP-BSK805 2HCl
MCF7,2-Methoxyestradiol (2-MeOE2),10.0,0.990093271414792,SIDM00148,uM,2methoxyestradiol,COc1cc2c(cc1O)CC[C@@H]1[C@@H]2CC[C@]2(C)[C@@H](O)CC[C@@H]12,coc1cc2c(cc1o)cc[ch]1[ch]2cc[c]2(c)[ch](o)cc[ch]12,1.0,69,mcf7,,,,0.990093271414792,,ACH-000019,2methoxyestradiol,-1.78356494612,2.5,HTS,primary,0.2904647612749848,,,,0.2904647612749848,2-Methoxyestradiol (2-MeOE2)
MCF7,Maraviroc,0.1,1.0,SIDM00148,uM,maraviroc,Cc1nnc(C(C)C)n1C1CC2CCC(C1)N2CCC(NC(=O)C1CCC(F)(F)CC1)c1ccccc1,cc1nnc(c(c)c)n1c1cc2ccc(c1)n2ccc(nc(=o)c1ccc(f)(f)cc1)c1ccccc1,-1.0,70,mcf7,,,,1.0,,ACH-000019,maraviroc,,,,,,,,,,Maraviroc
MCF7,Aminoglutethimide ,10.0,1.0,SIDM00148,uM,aminoglutethimide,CCC1(c2ccc(N)cc2)CCC(=O)NC1=O,ccc1(c2ccc(n)cc2)ccc(=o)nc1=o,1.0,71,mcf7,,,,1.0,,ACH-000019,aminoglutethimide,0.549031844894,2.5,HTS,primary,1.4631035157222139,,,,1.4631035157222139,Aminoglutethimide 
MCF7,Vehicle,0.0,1.0,SIDM00148,uM,vehicle,CS(C)=O,cs(c)=o,,72,mcf7,,,,1.0,,ACH-000019,vehicle,,,,,,,,,1.0,Vehicle
MCF7,SRT3025 HCl,10.0,1.0,SIDM00148,uM,srt3025,COCCCc1sc(-c2ccccc2)nc1C(=O)Nc1ccccc1-c1nc2cc(CN3CCCC3)cnc2s1.Cl,cocccc1sc(c2ccccc2)nc1c(=o)nc1ccccc1c1nc2cc(cn3cccc3)cnc2s1,1.0,73,mcf7,,,,1.0,,ACH-000019,srt3025,,,,,,,,,,SRT3025 HCl
MCF7,Daphnetin,1.0,0.9989049953571628,SIDM00148,uM,daphnetin,O=c1ccc2ccc(O)c(O)c2o1,o=c1ccc2ccc(o)c(o)c2o1,0.0,74,mcf7,,,,0.9989049953571628,,ACH-000019,daphnetin,0.282059723815,2.5,HTS,primary,1.2159296184586819,,,,1.2159296184586819,Daphnetin
MCF7,A-366,0.01,1.0,SIDM00148,uM,a366,COc1cc2c(cc1OCCCN1CCCC1)N=C(N)C21CCC1,coc1cc2c(cc1occcn1cccc1)n=c(n)c21ccc1,-2.0,75,mcf7,,,,1.0,,ACH-000019,a366,,,,,,,,,,A-366
MCF7,TAK-901,0.01,0.958244151784302,SIDM00148,uM,tak901,CCS(=O)(=O)c1cccc(-c2cc(C(=O)NC3CCN(C)CC3)c(C)c3[nH]c4ncc(C)cc4c23)c1,ccs(=o)(=o)c1cccc(c2cc(c(=o)nc3ccn(c)cc3)c(c)c3[nh]c4ncc(c)cc4c23)c1,-2.0,76,mcf7,,,,0.958244151784302,,ACH-000019,tak901,0.442848746608,0.00976562,HTS002,secondary,1.359285725748627,,,,1.359285725748627,TAK-901
MCF7,XAV-939,0.1,1.0,SIDM00148,uM,xav939,Oc1nc(-c2ccc(C(F)(F)F)cc2)nc2c1CSCC2,oc1nc(c2ccc(c(f)(f)f)cc2)nc2c1cscc2,-1.0,77,mcf7,,,,1.0,,ACH-000019,xav939,,,,,,,,,,XAV-939
MCF7,UNC0379,1.0,0.999509964174943,SIDM00148,uM,unc0379,COc1cc2nc(N3CCCC3)nc(NCCCCCN3CCCC3)c2cc1OC,coc1cc2nc(n3cccc3)nc(ncccccn3cccc3)c2cc1oc,0.0,78,mcf7,,,,0.999509964174943,,ACH-000019,unc0379,,,,,,,,,,UNC0379
MCF7,BMS-265246,10.0,0.928909053481544,SIDM00148,uM,bms265246,CCCCOc1c(C(=O)c2c(F)cc(C)cc2F)cnc2[nH]ncc12,ccccoc1c(c(=o)c2c(f)cc(c)cc2f)cnc2[nh]ncc12,1.0,79,mcf7,,,,0.928909053481544,,ACH-000019,bms265246,-1.90297314266,2.5,HTS,primary,0.26739174971372176,,,,0.26739174971372176,BMS-265246
MCF7,Tucidinostat (Chidamide),0.1,0.9999329604277892,SIDM00148,uM,tucidinostat,Nc1ccc(F)cc1NC(=O)c1ccc(CNC(=O)C=Cc2cccnc2)cc1,nc1ccc(f)cc1nc(=o)c1ccc(cnc(=o)c=cc2cccnc2)cc1,-1.0,80,mcf7,,,,0.9999329604277892,,ACH-000019,tucidinostat,,,,,,,,,,Tucidinostat (Chidamide)
MCF7,Capecitabine ,10.0,1.0,SIDM00148,uM,capecitabine,CCCCCOC(=O)Nc1nc(=O)n(C2OC(C)C(O)C2O)cc1F,cccccoc(=o)nc1nc(=o)n(c2oc(c)c(o)c2o)cc1f,1.0,81,mcf7,,,,1.0,,ACH-000019,capecitabine,-0.720419180411,2.54,HTS,primary,0.6069210734008177,,,,0.6069210734008177,Capecitabine 
MCF7,SGI-1776 free base,0.1,0.999998145356327,SIDM00148,uM,sgi1776freebase,CN1CCC(CNc2ccc3ncc(-c4cccc(OC(F)(F)F)c4)n3n2)CC1,cn1ccc(cnc2ccc3ncc(c4cccc(oc(f)(f)f)c4)n3n2)cc1,-1.0,82,mcf7,,,,0.999998145356327,,ACH-000019,sgi1776freebase,,,,,,,,,,SGI-1776 free base
MCF7,Tranylcypromine (2-PCPA) HCl,10.0,0.9999511982480072,SIDM00148,uM,tranylcypromine,*.Cl.N[C@@H]1C[C@H]1c1ccccc1,n[ch]1c[ch]1c1ccccc1,1.0,83,mcf7,,,,0.9999511982480072,,ACH-000019,tranylcypromine,-0.101418292204,2.5,HTS,primary,0.9321161912923759,,,,0.9321161912923759,Tranylcypromine (2-PCPA) HCl
MCF7,SNS-314,0.1,0.946950689679771,SIDM00148,uM,sns314,CS(=O)(=O)O.O=C(Nc1cccc(Cl)c1)Nc1ncc(CCNc2ncnc3ccsc23)s1,o=c(nc1cccc(cl)c1)nc1ncc(ccnc2ncnc3ccsc23)s1,-1.0,84,mcf7,,,,0.946950689679771,,ACH-000019,sns314,0.0907441490633,0.15625,HTS002,secondary,1.0649193313438559,,,,1.0649193313438559,SNS-314
MCF7,Belinostat (PXD101),0.01,0.9999999999999508,SIDM00148,uM,belinostat,O=C(C=Cc1cccc(S(=O)(=O)Nc2ccccc2)c1)NO,o=c(c=cc1cccc(s(=o)(=o)nc2ccccc2)c1)no,-2.0,85,mcf7,,,,0.9999999999999508,,ACH-000019,belinostat,-0.353849723820291,0.00977,MTS010,secondary,0.7824932847389198,,,,0.7824932847389198,Belinostat (PXD101)
MCF7,MK-5108 (VX-689),0.1,0.956332338767322,SIDM00148,uM,mk5108,O=C(O)[C@]1(Cc2cccc(Nc3nccs3)n2)CC[C@@H](Oc2cccc(Cl)c2F)CC1,o=c(o)[c]1(cc2cccc(nc3nccs3)n2)cc[ch](oc2cccc(cl)c2f)cc1,-1.0,86,mcf7,,,,0.956332338767322,,ACH-000019,mk5108,0.663965799156,0.15625,HTS002,secondary,1.5844320605119517,,,,1.5844320605119517,MK-5108 (VX-689)
MCF7,Sirtinol,1.0,1.0,SIDM00148,uM,sirtinol,CC(NC(=O)c1ccccc1N=Cc1c(O)ccc2ccccc12)c1ccccc1,cc(nc(=o)c1ccccc1n=cc1c(o)ccc2ccccc12)c1ccccc1,0.0,87,mcf7,,,,1.0,,ACH-000019,sirtinol,,,,,,,,,,Sirtinol
MCF7,Nilotinib (AMN-107),0.01,0.999999687357457,SIDM00148,uM,nilotinib,Cc1cn(-c2cc(NC(=O)c3ccc(C)c(Nc4nccc(-c5cccnc5)n4)c3)cc(C(F)(F)F)c2)cn1,cc1cn(c2cc(nc(=o)c3ccc(c)c(nc4nccc(c5cccnc5)n4)c3)cc(c(f)(f)f)c2)cn1,-2.0,88,mcf7,0.0081,0.8391,-2.0915149811213505,0.999999687357457,0.8391,ACH-000019,nilotinib,-0.0434095777916,0.00976562,HTS002,secondary,0.9703589479961684,,,,0.9703589479961684,Nilotinib (AMN-107)
MCF7,GSK-LSD1 2HCl,0.1,1.0,SIDM00148,uM,gsklsd12hcl,Cl.Cl.c1ccc([C@@H]2C[C@H]2NC2CCNCC2)cc1,c1ccc([ch]2c[ch]2nc2ccncc2)cc1,-1.0,89,mcf7,,,,1.0,,ACH-000019,gsklsd12hcl,,,,,,,,,,GSK-LSD1 2HCl
MCF7,Gandotinib (LY2784544),0.1,0.991670573209066,SIDM00148,uM,gandotinib,Cc1cc(Nc2cc(CN3CCOCC3)c3nc(C)c(Cc4ccc(Cl)cc4F)n3n2)[nH]n1,cc1cc(nc2cc(cn3ccocc3)c3nc(c)c(cc4ccc(cl)cc4f)n3n2)[nh]n1,-1.0,90,mcf7,,,,0.991670573209066,,ACH-000019,gandotinib,,,,,,,,,,Gandotinib (LY2784544)
MCF7,BRD4770,0.01,0.9999996247968008,SIDM00148,uM,brd4770,COC(=O)c1ccc2c(c1)nc(NC(=O)c1ccccc1)n2CCCc1ccccc1,coc(=o)c1ccc2c(c1)nc(nc(=o)c1ccccc1)n2cccc1ccccc1,-2.0,91,mcf7,,,,0.9999996247968008,,ACH-000019,brd4770,,,,,,,,,,BRD4770
MCF7,Alvespimycin (17-DMAG) HCl,1.0,0.550776367969162,SIDM00148,uM,alvespimycin,COC1/C=C\C=C(/C)C(=O)NC2=CC(=O)C(NCCN(C)C)=C(CC(C)CC(OC)C(O)C(C)/C=C(\C)C1OC(N)=O)C2=O.Cl,coc1c=cc=c(c)c(=o)nc2=cc(=o)c(nccn(c)c)=c(cc(c)cc(oc)c(o)c(c)c=c(c)c1oc(n)=o)c2=o,0.0,92,mcf7,,,,0.550776367969162,,ACH-000019,alvespimycin,-1.63090153653,2.5,HTS,primary,0.3228863737141861,,,,0.3228863737141861,Alvespimycin (17-DMAG) HCl
MCF7,Busulfan ,1.0,1.0,SIDM00148,uM,busulfan,CS(=O)(=O)OCCCCOS(C)(=O)=O,cs(=o)(=o)occccos(c)(=o)=o,0.0,93,mcf7,,,,1.0,,ACH-000019,busulfan,0.530675604846,2.5,HTS,primary,1.4446055366659576,,,,1.4446055366659576,Busulfan 
MCF7,ZM 447439,10.0,0.7905302503605319,SIDM00148,uM,zm447439,COc1cc2c(Nc3ccc(NC(=O)c4ccccc4)cc3)ncnc2cc1OCCCN1CCOCC1,coc1cc2c(nc3ccc(nc(=o)c4ccccc4)cc3)ncnc2cc1occcn1ccocc1,1.0,94,mcf7,,,,0.7905302503605319,,ACH-000019,zm447439,-2.22547592562,2.5,HTS,primary,0.21382820574568315,,,,0.21382820574568315,ZM 447439
MCF7,(+)-JQ1,1.0,1.0,SIDM00148,uM,jq1,Cc1sc2c(c1C)C(c1ccc(Cl)cc1)=N[C@@H](CC(=O)OC(C)(C)C)c1nnc(C)n1-2,cc1sc2c(c1c)c(c1ccc(cl)cc1)=n[ch](cc(=o)oc(c)(c)c)c1nnc(c)n12,0.0,95,mcf7,1.0,0.4544,0.0,1.0,0.4544,ACH-000019,jq1,-0.465476840482,2.5,HTS,primary,0.7242316642041096,,,,0.7242316642041096,(+)-JQ1
MCF7,SRT2104 (GSK2245840),1.0,1.0,SIDM00148,uM,srt2104,Cc1nc(-c2cccnc2)sc1C(=O)Nc1ccccc1-c1cn2c(CN3CCOCC3)csc2n1,cc1nc(c2cccnc2)sc1c(=o)nc1ccccc1c1cn2c(cn3ccocc3)csc2n1,0.0,96,mcf7,,,,1.0,,ACH-000019,srt2104,-0.107384936436,2.5,MTS004,primary,0.928269140712085,,,,0.928269140712085,SRT2104 (GSK2245840)
MCF7,Tanespimycin (17-AAG),0.01,0.97953601457713,SIDM00148,uM,tanespimycin,C=CCNC1=C2CC(C)CC(OC)C(O)C(C)/C=C(\C)C(OC(N)=O)C(OC)/C=C\C=C(/C)C(=O)NC(=CC1=O)C2=O,c=ccnc1=c2cc(c)cc(oc)c(o)c(c)c=c(c)c(oc(n)=o)c(oc)c=cc=c(c)c(=o)nc(=cc1=o)c2=o,-2.0,97,mcf7,0.0081,1.085,-2.0915149811213505,0.97953601457713,1.085,ACH-000019,tanespimycin,-0.121906691842189,0.00977,MTS010,secondary,0.9189723172739374,,,,0.9189723172739374,Tanespimycin (17-AAG)
MCF7,Curcumin,10.0,1.0,SIDM00148,uM,curcumin,COc1cc(C=CC(=O)C=C(O)C=Cc2ccc(O)c(OC)c2)ccc1O,coc1cc(c=cc(=o)c=c(o)c=cc2ccc(o)c(oc)c2)ccc1o,1.0,98,mcf7,10.0,0.8216,1.0,1.0,0.8216,ACH-000019,curcumin,0.0518419531434,2.48,HTS,primary,1.0365875369114252,,,,1.0365875369114252,Curcumin
MCF7,Veliparib (ABT-888),10.0,0.760364619702805,SIDM00148,uM,veliparib,C[C@]1(c2nc3c(C(N)=O)cccc3[nH]2)CCCN1,c[c]1(c2nc3c(c(n)=o)cccc3[nh]2)cccn1,1.0,99,mcf7,8.3,1.033,0.919078092376074,0.760364619702805,1.033,ACH-000019,veliparib,-0.808366717445,2.5,HTS,primary,0.5710279558568577,,,,0.5710279558568577,Veliparib (ABT-888)
MCF7,KW-2449,0.01,0.9996630641334447,SIDM00148,uM,kw2449,O=C(c1ccc(C=Cc2n[nH]c3ccccc23)cc1)N1CCNCC1,o=c(c1ccc(c=cc2n[nh]c3ccccc23)cc1)n1ccncc1,-2.0,100,mcf7,0.0081,1.02,-2.0915149811213505,0.9996630641334447,1.02,ACH-000019,kw2449,0.831181010268,0.00976562,HTS002,secondary,1.7791411961488206,,,,1.7791411961488206,KW-2449
MCF7,Tie2 kinase inhibitor,10.0,0.903774169455159,SIDM00148,uM,tie2kinaseinhibitor,COc1ccc2cc(-c3[nH]c(-c4ccc(S(C)=O)cc4)nc3-c3ccncc3)ccc2c1,coc1ccc2cc(c3[nh]c(c4ccc(s(c)=o)cc4)nc3c3ccncc3)ccc2c1,1.0,101,mcf7,,,,0.903774169455159,,ACH-000019,tie2kinaseinhibitor,0.047377652303,2.5,HTS,primary,1.0333848600200968,,,,1.0333848600200968,Tie2 kinase inhibitor
MCF7,MK-0752,1.0,1.0,SIDM00148,uM,mk0752,O=C(O)CCC1CCC(c2cc(F)ccc2F)(S(=O)(=O)c2ccc(Cl)cc2)CC1,o=c(o)ccc1ccc(c2cc(f)ccc2f)(s(=o)(=o)c2ccc(cl)cc2)cc1,0.0,102,mcf7,1.0,0.6641,0.0,1.0,0.6641,ACH-000019,mk0752,-0.605242713286,2.5,HTS,primary,0.6573607790315937,,,,0.6573607790315937,MK-0752
MCF7,EED226,1.0,1.0,SIDM00148,uM,eed226,CS(=O)(=O)c1ccc(-c2cnc(NCc3ccco3)n3cnnc23)cc1,cs(=o)(=o)c1ccc(c2cnc(ncc3ccco3)n3cnnc23)cc1,0.0,103,mcf7,,,,1.0,,ACH-000019,eed226,0.218941978648894,2.5,MTS007,primary,1.1638797253189777,,,,1.1638797253189777,EED226
MCF7,ITSA-1 (ITSA1),10.0,1.0,SIDM00148,uM,itsa1,O=C(c1ccc(Cl)cc1Cl)n1nnc2ccccc21,o=c(c1ccc(cl)cc1cl)n1nnc2ccccc21,1.0,104,mcf7,,,,1.0,,ACH-000019,itsa1,,,,,,,,,,ITSA-1 (ITSA1)
MCF7,Cimetidine ,0.1,0.996595341968852,SIDM00148,uM,cimetidine,CNC(=NC#N)NCCSCc1nc[nH]c1C,cnc(=nc#n)nccscc1nc[nh]c1c,-1.0,105,mcf7,0.13,1.047,-0.8860566476931632,0.996595341968852,1.047,ACH-000019,cimetidine,0.63189138193,0.15625,HTS002,secondary,1.549595191124884,,,,1.549595191124884,Cimetidine 
MCF7,Glesatinib?(MGCD265),0.01,0.9999091200405692,SIDM00148,uM,glesatinib,COCCNCc1ccc(-c2cc3nccc(Oc4ccc(NC(=S)NC(=O)Cc5ccc(F)cc5)cc4F)c3s2)nc1,coccncc1ccc(c2cc3nccc(oc4ccc(nc(=s)nc(=o)cc5ccc(f)cc5)cc4f)c3s2)nc1,-2.0,106,mcf7,,,,0.9999091200405692,,ACH-000019,glesatinib,,,,,,,,,,Glesatinib?(MGCD265)
MCF7,"Tozasertib (VX-680, MK-0457)",0.01,0.9850517770922091,SIDM00148,uM,tozasertib,Cc1cc(Nc2cc(N3CCN(C)CC3)nc(Sc3ccc(NC(=O)C4CC4)cc3)n2)n[nH]1,cc1cc(nc2cc(n3ccn(c)cc3)nc(sc3ccc(nc(=o)c4cc4)cc3)n2)n[nh]1,-2.0,107,mcf7,,,,0.9850517770922091,,ACH-000019,tozasertib,-0.130312435405,0.00976562,HTS002,secondary,0.9136335689187399,,,,0.9136335689187399,"Tozasertib (VX-680, MK-0457)"
MCF7,AMG-900,0.01,0.999993299383897,SIDM00148,uM,amg900,Cc1csc(-c2nnc(Nc3ccc(Oc4ncccc4-c4ccnc(N)n4)cc3)c3ccccc23)c1,cc1csc(c2nnc(nc3ccc(oc4ncccc4c4ccnc(n)n4)cc3)c3ccccc23)c1,-2.0,108,mcf7,,,,0.999993299383897,,ACH-000019,amg900,-0.971076679723,0.00976562,HTS002,secondary,0.5101252155781854,,,,0.5101252155781854,AMG-900
MCF7,Clevudine ,0.01,0.999362825190172,SIDM00148,uM,clevudine,Cc1cn([C@H]2O[C@@H](CO)[C@H](O)[C@H]2F)c(=O)[nH]c1=O,cc1cn([ch]2o[ch](co)[ch](o)[ch]2f)c(=o)[nh]c1=o,-2.0,109,mcf7,,,,0.999362825190172,,ACH-000019,clevudine,,,,,,,,,,Clevudine 
MCF7,Triamcinolone Acetonide,10.0,1.0,SIDM00148,uM,triamcinoloneacetonide,CC1(C)OC2CC3C4CCC5=CC(=O)C=CC5(C)C4(F)C(O)CC3(C)C2(C(=O)CO)O1,cc1(c)oc2cc3c4ccc5=cc(=o)c=cc5(c)c4(f)c(o)cc3(c)c2(c(=o)co)o1,1.0,110,mcf7,,,,1.0,,ACH-000019,triamcinoloneacetonide,0.0141311603632,2.5,HTS,primary,1.0098431017296599,,,,1.0098431017296599,Triamcinolone Acetonide
MCF7,NVP-BSK805 2HCl,0.01,0.999997867718782,SIDM00148,uM,nvpbsk8052hcl,Cl.Cl.Fc1cc(-c2cccc3ncc(-c4cnn(C5CCNCC5)c4)nc23)cc(F)c1CN1CCOCC1,fc1cc(c2cccc3ncc(c4cnn(c5ccncc5)c4)nc23)cc(f)c1cn1ccocc1,-2.0,111,mcf7,,,,0.999997867718782,,ACH-000019,nvpbsk8052hcl,,,,,,,,,,NVP-BSK805 2HCl
MCF7,Busulfan ,0.1,1.0,SIDM00148,uM,busulfan,CS(=O)(=O)OCCCCOS(C)(=O)=O,cs(=o)(=o)occccos(c)(=o)=o,-1.0,112,mcf7,,,,1.0,,ACH-000019,busulfan,0.18133522169,0.15625,HTS002,secondary,1.1339328605069217,,,,1.1339328605069217,Busulfan 
MCF7,Dacinostat (LAQ824),0.01,0.999999665894154,SIDM00148,uM,dacinostat,O=C(C=Cc1ccc(CN(CCO)CCc2c[nH]c3ccccc23)cc1)NO,o=c(c=cc1ccc(cn(cco)ccc2c[nh]c3ccccc23)cc1)no,-2.0,113,mcf7,,,,0.999999665894154,,ACH-000019,dacinostat,0.534509498418,0.00976562,HTS002,secondary,1.4484496127523603,,,,1.4484496127523603,Dacinostat (LAQ824)
MCF7,Entacapone,10.0,1.0,SIDM00148,uM,entacapone,CCN(CC)C(=O)C(C#N)=Cc1cc(O)c(O)c([N+](=O)[O-])c1,ccn(cc)c(=o)c(c#n)=cc1cc(o)c(o)c([n](=o)[o])c1,1.0,114,mcf7,,,,1.0,,ACH-000019,entacapone,-0.229221378689,2.5,HTS,primary,0.8530951823063619,,,,0.8530951823063619,Entacapone
MCF7,Ofloxacin,10.0,0.9999898312926292,SIDM00148,uM,ofloxacin,CC1COc2c(N3CCN(C)CC3)c(F)cc3c(=O)c(C(=O)O)cn1c23,cc1coc2c(n3ccn(c)cc3)c(f)cc3c(=o)c(c(=o)o)cn1c23,1.0,115,mcf7,,,,0.9999898312926292,,ACH-000019,ofloxacin,0.372723852529,2.5,HTS,primary,1.294795137307408,,,,1.294795137307408,Ofloxacin
MCF7,Rigosertib (ON-01910),0.01,0.9789031922145308,SIDM00148,uM,rigosertib,COc1cc(OC)c(/C=C/S(=O)(=O)Cc2ccc(OC)c(NCC(=O)[O-])c2)c(OC)c1.[Na+],coc1cc(oc)c(c=cs(=o)(=o)cc2ccc(oc)c(ncc(=o)[o])c2)c(oc)c1,-2.0,116,mcf7,0.0081,0.9184,-2.0915149811213505,0.9789031922145308,0.9184,ACH-000019,rigosertib,0.0324727550760302,0.00977,MTS010,secondary,1.0227636239375018,,,,1.0227636239375018,Rigosertib (ON-01910)
MCF7,Sirtinol,10.0,1.0,SIDM00148,uM,sirtinol,CC(NC(=O)c1ccccc1N=Cc1c(O)ccc2ccccc12)c1ccccc1,cc(nc(=o)c1ccccc1n=cc1c(o)ccc2ccccc12)c1ccccc1,1.0,117,mcf7,,,,1.0,,ACH-000019,sirtinol,,,,,,,,,,Sirtinol
MCF7,SNS-314,1.0,0.9058140297969242,SIDM00148,uM,sns314,CS(=O)(=O)O.O=C(Nc1cccc(Cl)c1)Nc1ncc(CCNc2ncnc3ccsc23)s1,o=c(nc1cccc(cl)c1)nc1ncc(ccnc2ncnc3ccsc23)s1,0.0,118,mcf7,,,,0.9058140297969242,,ACH-000019,sns314,-1.5088126093,2.5,HTS,primary,0.3514003152409236,,,,0.3514003152409236,SNS-314
MCF7,GSK J1,1.0,0.999899374059828,SIDM00148,uM,gskj1,O=C(O)CCNc1cc(N2CCc3ccccc3CC2)nc(-c2ccccn2)n1,o=c(o)ccnc1cc(n2ccc3ccccc3cc2)nc(c2ccccn2)n1,0.0,119,mcf7,,,,0.999899374059828,,ACH-000019,gskj1,0.103458350608873,2.50001536012,MTS007,primary,1.0743457418096678,,,,1.0743457418096678,GSK J1
MCF7,ABT-737,10.0,0.956033056861608,SIDM00148,uM,abt737,CN(C)CCC(CSc1ccccc1)Nc1ccc(S(=O)(=O)NC(=O)c2ccc(N3CCN(Cc4ccccc4-c4ccc(Cl)cc4)CC3)cc2)cc1[N+](=O)[O-],cn(c)ccc(csc1ccccc1)nc1ccc(s(=o)(=o)nc(=o)c2ccc(n3ccn(cc4ccccc4c4ccc(cl)cc4)cc3)cc2)cc1[n](=o)[o],1.0,120,mcf7,9.2,1.093,0.9637878273455552,0.956033056861608,1.093,ACH-000019,abt737,-0.238058609572,2.5,HTS,primary,0.8478855185337529,,,,0.8478855185337529,ABT-737
MCF7,CUDC-101,1.0,0.999989358193884,SIDM00148,uM,cudc101,C#Cc1cccc(Nc2ncnc3cc(OC)c(OCCCCCCC(=O)NO)cc23)c1,c#cc1cccc(nc2ncnc3cc(oc)c(occccccc(=o)no)cc23)c1,0.0,121,mcf7,,,,0.999989358193884,,ACH-000019,cudc101,-2.75760513864,2.5,HTS,primary,0.1478693408932439,,,,0.1478693408932439,CUDC-101
MCF7,PCI-34051,0.01,0.998652645483912,SIDM00148,uM,pci34051,COc1ccc(Cn2ccc3ccc(C(=O)NO)cc32)cc1,coc1ccc(cn2ccc3ccc(c(=o)no)cc32)cc1,-2.0,122,mcf7,,,,0.998652645483912,,ACH-000019,pci34051,,,,,,,,,,PCI-34051
MCF7,Fasudil (HA-1077) HCl,10.0,1.0,SIDM00148,uM,fasudil,Cl.O=S(=O)(c1cccc2cnccc12)N1CCCNCC1,o=s(=o)(c1cccc2cnccc12)n1cccncc1,1.0,123,mcf7,,,,1.0,,ACH-000019,fasudil,0.0695880745593,2.5,HTS,primary,1.049417006095993,,,,1.049417006095993,Fasudil (HA-1077) HCl
MCF7,Valproic acid sodium salt (Sodium valproate),1.0,0.999997989631,SIDM00148,uM,valproicacidsalt,CCCC(CCC)C(=O)[O-].[Na+],cccc(ccc)c(=o)[o],0.0,124,mcf7,,,,0.999997989631,,ACH-000019,valproicacidsalt,,,,,,,,,,Valproic acid sodium salt (Sodium valproate)
MCF7,Givinostat (ITF2357),0.01,0.9997013878385708,SIDM00148,uM,givinostat,CCN(CC)Cc1ccc2cc(COC(=O)Nc3ccc(C(=O)NO)cc3)ccc2c1.Cl.O,ccn(cc)cc1ccc2cc(coc(=o)nc3ccc(c(=o)no)cc3)ccc2c1,-2.0,125,mcf7,,,,0.9997013878385708,,ACH-000019,givinostat,0.39263350121,0.00976562,HTS002,secondary,1.3127875856486602,,,,1.3127875856486602,Givinostat (ITF2357)
MCF7,Celecoxib,0.1,0.995843387918058,SIDM00148,uM,celecoxib,Cc1ccc(-c2cc(C(F)(F)F)nn2-c2ccc(S(N)(=O)=O)cc2)cc1,cc1ccc(c2cc(c(f)(f)f)nn2c2ccc(s(n)(=o)=o)cc2)cc1,-1.0,126,mcf7,,,,0.995843387918058,,ACH-000019,celecoxib,,,,,,,,,,Celecoxib
MCF7,Tranylcypromine (2-PCPA) HCl,0.01,0.999999999945774,SIDM00148,uM,tranylcypromine,*.Cl.N[C@@H]1C[C@H]1c1ccccc1,n[ch]1c[ch]1c1ccccc1,-2.0,127,mcf7,,,,0.999999999945774,,ACH-000019,tranylcypromine,,,,,,,,,,Tranylcypromine (2-PCPA) HCl
MCF7,Droxinostat,1.0,1.0,SIDM00148,uM,droxinostat,Cc1cc(Cl)ccc1OCCCC(=O)NO,cc1cc(cl)ccc1occcc(=o)no,0.0,128,mcf7,,,,1.0,,ACH-000019,droxinostat,0.191502016367,2.5,HTS,primary,1.141952004441627,,,,1.141952004441627,Droxinostat
MCF7,JNJ-26854165 (Serdemetan),0.01,0.999998823616967,SIDM00148,uM,jnj26854165,c1ccc2c(CCNc3ccc(Nc4ccncc4)cc3)c[nH]c2c1,c1ccc2c(ccnc3ccc(nc4ccncc4)cc3)c[nh]c2c1,-2.0,129,mcf7,,,,0.999998823616967,,ACH-000019,jnj26854165,,,,,,,,,,JNJ-26854165 (Serdemetan)
MCF7,Navitoclax (ABT-263),0.1,0.999998525017634,SIDM00148,uM,navitoclax,CC1(C)CCC(c2ccc(Cl)cc2)=C(CN2CCN(c3ccc(C(=O)NS(=O)(=O)c4ccc(N[C@H](CCN5CCOCC5)CSc5ccccc5)c(S(=O)(=O)C(F)(F)F)c4)cc3)CC2)C1,cc1(c)ccc(c2ccc(cl)cc2)=c(cn2ccn(c3ccc(c(=o)ns(=o)(=o)c4ccc(n[ch](ccn5ccocc5)csc5ccccc5)c(s(=o)(=o)c(f)(f)f)c4)cc3)cc2)c1,-1.0,130,mcf7,0.13,1.06,-0.8860566476931632,0.999998525017634,1.06,ACH-000019,navitoclax,0.116223513811845,0.15625,MTS010,secondary,1.0838938793140633,,,,1.0838938793140633,Navitoclax (ABT-263)
MCF7,Carmofur,1.0,0.998164183847713,SIDM00148,uM,carmofur,CCCCCCNC(=O)n1cc(F)c(=O)[nH]c1=O,ccccccnc(=o)n1cc(f)c(=o)[nh]c1=o,0.0,131,mcf7,,,,0.998164183847713,,ACH-000019,carmofur,-1.70163147374,2.5,HTS,primary,0.3074382397113888,,,,0.3074382397113888,Carmofur
MCF7,PJ34,10.0,1.0,SIDM00148,uM,pj34,CN(C)CC(=O)Nc1ccc2[nH]c(=O)c3ccccc3c2c1,cn(c)cc(=o)nc1ccc2[nh]c(=o)c3ccccc3c2c1,1.0,132,mcf7,,,,1.0,,ACH-000019,pj34,-0.599324592566,2.5,HTS,primary,0.6600628959703472,,,,0.6600628959703472,PJ34
MCF7,Mercaptopurine (6-MP),0.1,0.999864206662335,SIDM00148,uM,mercaptopurine,S=c1nc[nH]c2nc[nH]c12,s=c1nc[nh]c2nc[nh]c12,-1.0,133,mcf7,,,,0.999864206662335,,ACH-000019,mercaptopurine,0.647429186071,0.15625,HTS002,secondary,1.5663745025726699,,,,1.5663745025726699,Mercaptopurine (6-MP)
MCF7,Divalproex Sodium,1.0,1.0,SIDM00148,uM,divalproex,CCCC(CCC)C(=O)O.CCCC(CCC)C(=O)[O-].[Na+],cccc(ccc)c(=o)[o],0.0,134,mcf7,,,,1.0,,ACH-000019,divalproex,,,,,,,,,,Divalproex Sodium
MCF7,INO-1001 (3-Aminobenzamide),1.0,1.0,SIDM00148,uM,ino1001,NC(=O)c1cccc(N)c1,nc(=o)c1cccc(n)c1,0.0,135,mcf7,,,,1.0,,ACH-000019,ino1001,,,,,,,,,,INO-1001 (3-Aminobenzamide)
MCF7,WHI-P154,0.01,0.9999846812839128,SIDM00148,uM,whip154,COc1cc2ncnc(Nc3ccc(O)c(Br)c3)c2cc1OC,coc1cc2ncnc(nc3ccc(o)c(br)c3)c2cc1oc,-2.0,136,mcf7,,,,0.9999846812839128,,ACH-000019,whip154,-0.34714903449,0.00976562,HTS002,secondary,0.7861360778588142,,,,0.7861360778588142,WHI-P154
MCF7,JNJ-7706621,0.1,0.9998417371107,SIDM00148,uM,jnj7706621,Nc1nc(Nc2ccc(S(N)(=O)=O)cc2)nn1C(=O)c1c(F)cccc1F,nc1nc(nc2ccc(s(n)(=o)=o)cc2)nn1c(=o)c1c(f)cccc1f,-1.0,137,mcf7,,,,0.9998417371107,,ACH-000019,jnj7706621,0.124886877253,0.15625,HTS002,secondary,1.0904222285285183,,,,1.0904222285285183,JNJ-7706621
MCF7,MK-5108 (VX-689),0.01,0.994310780302128,SIDM00148,uM,mk5108,O=C(O)[C@]1(Cc2cccc(Nc3nccs3)n2)CC[C@@H](Oc2cccc(Cl)c2F)CC1,o=c(o)[c]1(cc2cccc(nc3nccs3)n2)cc[ch](oc2cccc(cl)c2f)cc1,-2.0,138,mcf7,,,,0.994310780302128,,ACH-000019,mk5108,0.359331912001,0.00976562,HTS002,secondary,1.2828317020380686,,,,1.2828317020380686,MK-5108 (VX-689)
MCF7,Sodium Phenylbutyrate,0.01,1.0,SIDM00148,uM,sodiumphenylbutyrate,O=C(CCCc1ccccc1)O[Na],o=c(cccc1ccccc1)o[na],-2.0,139,mcf7,,,,1.0,,ACH-000019,sodiumphenylbutyrate,,,,,,,,,,Sodium Phenylbutyrate
MCF7,XAV-939,1.0,1.0,SIDM00148,uM,xav939,Oc1nc(-c2ccc(C(F)(F)F)cc2)nc2c1CSCC2,oc1nc(c2ccc(c(f)(f)f)cc2)nc2c1cscc2,0.0,140,mcf7,,,,1.0,,ACH-000019,xav939,-0.258284892131,2.5,HTS,primary,0.8360812808204071,,,,0.8360812808204071,XAV-939
MCF7,Divalproex Sodium,10.0,1.0,SIDM00148,uM,divalproex,CCCC(CCC)C(=O)O.CCCC(CCC)C(=O)[O-].[Na+],cccc(ccc)c(=o)[o],1.0,141,mcf7,,,,1.0,,ACH-000019,divalproex,,,,,,,,,,Divalproex Sodium
MCF7,Pirarubicin,0.01,0.980783917821473,SIDM00148,uM,pirarubicin,COc1cccc2c1C(=O)c1c(O)c3c(c(O)c1C2=O)C[C@@](O)(C(=O)CO)C[C@@H]3O[C@H]1C[C@H](N)[C@H](O[C@@H]2CCCCO2)[C@H](C)O1,coc1cccc2c1c(=o)c1c(o)c3c(c(o)c1c2=o)c[c](o)(c(=o)co)c[ch]3o[ch]1c[ch](n)[ch](o[ch]2cccco2)[ch](c)o1,-2.0,142,mcf7,,,,0.980783917821473,,ACH-000019,pirarubicin,,,,,,,,,,Pirarubicin
MCF7,MC1568,1.0,1.0,SIDM00148,uM,mc1568,Cn1cc(C=CC(=O)c2cccc(F)c2)cc1C=CC(=O)NO,cn1cc(c=cc(=o)c2cccc(f)c2)cc1c=cc(=o)no,0.0,143,mcf7,,,,1.0,,ACH-000019,mc1568,,,,,,,,,,MC1568
MCF7,Tazemetostat (EPZ-6438),10.0,0.9997447079763372,SIDM00148,uM,tazemetostat,CCN(c1cc(-c2ccc(CN3CCOCC3)cc2)cc(C(=O)NCc2c(C)cc(C)[nH]c2=O)c1C)C1CCOCC1,ccn(c1cc(c2ccc(cn3ccocc3)cc2)cc(c(=o)ncc2c(c)cc(c)[nh]c2=o)c1c)c1ccocc1,1.0,144,mcf7,,,,0.9997447079763372,,ACH-000019,tazemetostat,-0.984592419041,2.31,HTS,primary,0.5053684765414437,,,,0.5053684765414437,Tazemetostat (EPZ-6438)
MCF7,Danusertib (PHA-739358),0.1,0.9511483029850948,SIDM00148,uM,danusertib,CO[C@@H](C(=O)N1Cc2[nH]nc(NC(=O)c3ccc(N4CCN(C)CC4)cc3)c2C1)c1ccccc1,co[ch](c(=o)n1cc2[nh]nc(nc(=o)c3ccc(n4ccn(c)cc4)cc3)c2c1)c1ccccc1,-1.0,145,mcf7,,,,0.9511483029850948,,ACH-000019,danusertib,-1.37485543383,0.150465,HTS002,secondary,0.38559134284079855,,,,0.38559134284079855,Danusertib (PHA-739358)
MCF7,Streptozotocin (STZ),10.0,1.0,SIDM00148,uM,streptozotocin,CN(N=O)C(=O)NC1C(O)OC(CO)C(O)C1O,cn(n=o)c(=o)nc1c(o)oc(co)c(o)c1o,1.0,146,mcf7,,,,1.0,,ACH-000019,streptozotocin,0.11201768998,2.5,HTS,primary,1.0807386537158432,,,,1.0807386537158432,Streptozotocin (STZ)
MCF7,AZ 960,1.0,0.8236210092259709,SIDM00148,uM,az960,Cc1cc(Nc2nc(N[C@@H](C)c3ccc(F)cc3)c(C#N)cc2F)n[nH]1,cc1cc(nc2nc(n[ch](c)c3ccc(f)cc3)c(c#n)cc2f)n[nh]1,0.0,147,mcf7,,,,0.8236210092259709,,ACH-000019,az960,-0.836680080802,2.5,HTS,primary,0.559930595781246,,,,0.559930595781246,AZ 960
MCF7,2-Methoxyestradiol (2-MeOE2),1.0,0.993488502209134,SIDM00148,uM,2methoxyestradiol,COc1cc2c(cc1O)CC[C@@H]1[C@@H]2CC[C@]2(C)[C@@H](O)CC[C@@H]12,coc1cc2c(cc1o)cc[ch]1[ch]2cc[c]2(c)[ch](o)cc[ch]12,0.0,148,mcf7,,,,0.993488502209134,,ACH-000019,2methoxyestradiol,-1.78356494612,2.5,HTS,primary,0.2904647612749848,,,,0.2904647612749848,2-Methoxyestradiol (2-MeOE2)
MCF7,Regorafenib (BAY 73-4506),0.01,0.9999999999999948,SIDM00148,uM,regorafenib,CNC(=O)c1cc(Oc2ccc(NC(=O)Nc3ccc(Cl)c(C(F)(F)F)c3)c(F)c2)ccn1,cnc(=o)c1cc(oc2ccc(nc(=o)nc3ccc(cl)c(c(f)(f)f)c3)c(f)c2)ccn1,-2.0,149,mcf7,0.032,1.101,-1.494850021680094,0.9999999999999948,1.101,ACH-000019,regorafenib,0.176916849136,0.00976562,HTS002,secondary,1.1304654099834024,,,,1.1304654099834024,Regorafenib (BAY 73-4506)
MCF7,Pelitinib (EKB-569),1.0,0.991905023852479,SIDM00148,uM,pelitinib,CCOc1cc2ncc(C#N)c(Nc3ccc(F)c(Cl)c3)c2cc1NC(=O)/C=C/CN(C)C,ccoc1cc2ncc(c#n)c(nc3ccc(f)c(cl)c3)c2cc1nc(=o)c=ccn(c)c,0.0,150,mcf7,,,,0.991905023852479,,ACH-000019,pelitinib,-0.984463803685,2.5,HTS,primary,0.5054135318317423,,,,0.5054135318317423,Pelitinib (EKB-569)
MCF7,Quisinostat (JNJ-26481585) 2HCl,1.0,0.9999968323649748,SIDM00148,uM,quisinostat2hcl,Cl.Cl.Cn1cc(CNCC2CCN(c3ncc(C(=O)NO)cn3)CC2)c2ccccc21,cn1cc(cncc2ccn(c3ncc(c(=o)no)cn3)cc2)c2ccccc21,0.0,151,mcf7,,,,0.9999968323649748,,ACH-000019,quisinostat2hcl,,,,,,,,,,Quisinostat (JNJ-26481585) 2HCl
MCF7,SRT1720 HCl,0.1,1.0,SIDM00148,uM,srt1720,Cl.O=C(Nc1ccccc1-c1cn2c(CN3CCNCC3)csc2n1)c1cnc2ccccc2n1,o=c(nc1ccccc1c1cn2c(cn3ccncc3)csc2n1)c1cnc2ccccc2n1,-1.0,152,mcf7,0.072,1.198,-1.1426675035687315,1.0,1.198,ACH-000019,srt1720,0.326935968297,0.15625,HTS002,secondary,1.2543465311287105,,,,1.2543465311287105,SRT1720 HCl
MCF7,Momelotinib (CYT387),0.1,0.999982596585412,SIDM00148,uM,momelotinib,N#CCNC(=O)c1ccc(-c2ccnc(Nc3ccc(N4CCOCC4)cc3)n2)cc1,n#ccnc(=o)c1ccc(c2ccnc(nc3ccc(n4ccocc4)cc3)n2)cc1,-1.0,153,mcf7,0.13,1.114,-0.8860566476931632,0.999982596585412,1.114,ACH-000019,momelotinib,,,,,,,,,1.114,Momelotinib (CYT387)
MCF7,Raltitrexed,0.1,0.9999520666833372,SIDM00148,uM,raltitrexed,Cc1nc2ccc(CN(C)c3ccc(C(=O)NC(CCC(=O)O)C(=O)O)s3)cc2c(=O)[nH]1,cc1nc2ccc(cn(c)c3ccc(c(=o)nc(ccc(=o)o)c(=o)o)s3)cc2c(=o)[nh]1,-1.0,154,mcf7,,,,0.9999520666833372,,ACH-000019,raltitrexed,-1.07302104737,0.15625,HTS002,secondary,0.47532261611824594,,,,0.47532261611824594,Raltitrexed
MCF7,GSK1070916,0.1,0.8978967469570799,SIDM00148,uM,gsk1070916,CCn1cc(-c2ccnc3[nH]c(-c4cccc(CN(C)C)c4)cc23)c(-c2ccc(NC(=O)N(C)C)cc2)n1,ccn1cc(c2ccnc3[nh]c(c4cccc(cn(c)c)c4)cc23)c(c2ccc(nc(=o)n(c)c)cc2)n1,-1.0,155,mcf7,,,,0.8978967469570799,,ACH-000019,gsk1070916,-0.600068753062,0.15625,HTS002,secondary,0.6597225149070036,,,,0.6597225149070036,GSK1070916
MCF7,Tie2 kinase inhibitor,0.1,0.978439433158693,SIDM00148,uM,tie2kinaseinhibitor,COc1ccc2cc(-c3[nH]c(-c4ccc(S(C)=O)cc4)nc3-c3ccncc3)ccc2c1,coc1ccc2cc(c3[nh]c(c4ccc(s(c)=o)cc4)nc3c3ccncc3)ccc2c1,-1.0,156,mcf7,,,,0.978439433158693,,ACH-000019,tie2kinaseinhibitor,,,,,,,,,,Tie2 kinase inhibitor
MCF7,Vandetanib (ZD6474),0.01,0.999999919594042,SIDM00148,uM,vandetanib,COc1cc2c(Nc3ccc(Br)cc3F)ncnc2cc1OCC1CCN(C)CC1,coc1cc2c(nc3ccc(br)cc3f)ncnc2cc1occ1ccn(c)cc1,-2.0,157,mcf7,0.0081,1.087,-2.0915149811213505,0.999999919594042,1.087,ACH-000019,vandetanib,0.14042983437524,0.00977,MTS010,secondary,1.1022334647292362,,,,1.1022334647292362,Vandetanib (ZD6474)
MCF7,Danusertib (PHA-739358),1.0,0.832999687390891,SIDM00148,uM,danusertib,CO[C@@H](C(=O)N1Cc2[nH]nc(NC(=O)c3ccc(N4CCN(C)CC4)cc3)c2C1)c1ccccc1,co[ch](c(=o)n1cc2[nh]nc(nc(=o)c3ccc(n4ccn(c)cc4)cc3)c2c1)c1ccccc1,0.0,158,mcf7,,,,0.832999687390891,,ACH-000019,danusertib,-2.48454005011,2.41,HTS,primary,0.17868122427956695,,,,0.17868122427956695,Danusertib (PHA-739358)
MCF7,Ramelteon,0.01,1.0,SIDM00148,uM,ramelteon,CCC(=O)NCCC1CCc2ccc3c(c21)CCO3,ccc(=o)nccc1ccc2ccc3c(c21)cco3,-2.0,159,mcf7,,,,1.0,,ACH-000019,ramelteon,,,,,,,,,,Ramelteon
MCF7,Aurora A Inhibitor I,0.01,0.999957031546782,SIDM00148,uM,auroraainhibitori,CCN1CCN(C(=O)Cc2ccc(Nc3ncc(F)c(Nc4ccc(C(=O)Nc5ccccc5Cl)cc4)n3)cc2)CC1,ccn1ccn(c(=o)cc2ccc(nc3ncc(f)c(nc4ccc(c(=o)nc5ccccc5cl)cc4)n3)cc2)cc1,-2.0,160,mcf7,,,,0.999957031546782,,ACH-000019,auroraainhibitori,0.171262844012,0.00976562,HTS002,secondary,1.1260437208886394,,,,1.1260437208886394,Aurora A Inhibitor I
MCF7,ZM 447439,1.0,0.8638909693227671,SIDM00148,uM,zm447439,COc1cc2c(Nc3ccc(NC(=O)c4ccccc4)cc3)ncnc2cc1OCCCN1CCOCC1,coc1cc2c(nc3ccc(nc(=o)c4ccccc4)cc3)ncnc2cc1occcn1ccocc1,0.0,161,mcf7,,,,0.8638909693227671,,ACH-000019,zm447439,-2.22547592562,2.5,HTS,primary,0.21382820574568315,,,,0.21382820574568315,ZM 447439
MCF7,Tubastatin A HCl,1.0,0.9999779612320892,SIDM00148,uM,tubastatina,CN1CCc2c(c3ccccc3n2Cc2ccc(C(=O)NO)cc2)C1.Cl,cn1ccc2c(c3ccccc3n2cc2ccc(c(=o)no)cc2)c1,0.0,162,mcf7,1.0,1.218,0.0,0.9999779612320892,1.218,ACH-000019,tubastatina,-0.0610617193858,2.5,HTS,primary,0.9585584298935336,,,,0.9585584298935336,Tubastatin A HCl
MCF7,Hesperadin,10.0,0.7475137147231999,SIDM00148,uM,hesperadin,CCS(=O)(=O)Nc1ccc2c(c1)C(=C(Nc1ccc(CN3CCCCC3)cc1)c1ccccc1)C(=O)N2,ccs(=o)(=o)nc1ccc2c(c1)c(=c(nc1ccc(cn3ccccc3)cc1)c1ccccc1)c(=o)n2,1.0,163,mcf7,,,,0.7475137147231999,,ACH-000019,hesperadin,-2.24911848564,2.5,HTS,primary,0.21035259402673956,,,,0.21035259402673956,Hesperadin
MCF7,UNC1999,0.1,1.0,SIDM00148,uM,unc1999,CCCc1cc(C)[nH]c(=O)c1CNC(=O)c1cc(-c2ccc(N3CCN(C(C)C)CC3)nc2)cc2c1cnn2C(C)C,cccc1cc(c)[nh]c(=o)c1cnc(=o)c1cc(c2ccc(n3ccn(c(c)c)cc3)nc2)cc2c1cnn2c(c)c,-1.0,164,mcf7,,,,1.0,,ACH-000019,unc1999,,,,,,,,,,UNC1999
MCF7,Enzastaurin (LY317615),10.0,1.0,SIDM00148,uM,enzastaurin,Cn1cc(C2=C(c3cn(C4CCN(Cc5ccccn5)CC4)c4ccccc34)C(=O)NC2=O)c2ccccc21,cn1cc(c2=c(c3cn(c4ccn(cc5ccccn5)cc4)c4ccccc34)c(=o)nc2=o)c2ccccc21,1.0,165,mcf7,,,,1.0,,ACH-000019,enzastaurin,-0.779864330042,2.5,HTS,primary,0.5824215611451593,,,,0.5824215611451593,Enzastaurin (LY317615)
MCF7,Ki16425,0.01,1.0,SIDM00148,uM,ki16425,Cc1noc(-c2ccc(CSCCC(=O)O)cc2)c1NC(=O)OC(C)c1ccccc1Cl,cc1noc(c2ccc(csccc(=o)o)cc2)c1nc(=o)oc(c)c1ccccc1cl,-2.0,166,mcf7,,,,1.0,,ACH-000019,ki16425,-0.0271665847607,0.00976562,HTS002,secondary,0.9813457435191374,,,,0.9813457435191374,Ki16425
MCF7,WP1066,0.01,0.999999999999288,SIDM00148,uM,wp1066,C[C@H](NC(=O)C(C#N)=Cc1cccc(Br)n1)c1ccccc1,c[ch](nc(=o)c(c#n)=cc1cccc(br)n1)c1ccccc1,-2.0,167,mcf7,,,,0.999999999999288,,ACH-000019,wp1066,0.331304668168,0.010022,HTS002,secondary,1.258150639886393,,,,1.258150639886393,WP1066
MCF7,Motesanib Diphosphate (AMG-706),0.01,1.0,SIDM00148,uM,motesanibdiphosphate,CC1(C)CNc2cc(NC(=O)c3cccnc3NCc3ccncc3)ccc21.O=P(O)(O)O.O=P(O)(O)O,cc1(c)cnc2cc(nc(=o)c3cccnc3ncc3ccncc3)ccc21,-2.0,168,mcf7,,,,1.0,,ACH-000019,motesanibdiphosphate,,,,,,,,,,Motesanib Diphosphate (AMG-706)
MCF7,Pelitinib (EKB-569),0.01,0.99999779766203,SIDM00148,uM,pelitinib,CCOc1cc2ncc(C#N)c(Nc3ccc(F)c(Cl)c3)c2cc1NC(=O)/C=C/CN(C)C,ccoc1cc2ncc(c#n)c(nc3ccc(f)c(cl)c3)c2cc1nc(=o)c=ccn(c)c,-2.0,169,mcf7,,,,0.99999779766203,,ACH-000019,pelitinib,0.111189135314993,0.00977,MTS010,secondary,1.080118152540168,,,,1.080118152540168,Pelitinib (EKB-569)
MCF7,Ruxolitinib (INCB018424),1.0,0.999999988460174,SIDM00148,uM,ruxolitinib,N#CC[C@H](C1CCCC1)n1cc(-c2ncnc3[nH]ccc23)cn1,n#cc[ch](c1cccc1)n1cc(c2ncnc3[nh]ccc23)cn1,0.0,170,mcf7,1.0,1.022,0.0,0.999999988460174,1.022,ACH-000019,ruxolitinib,-1.10139946736,2.5,HTS,primary,0.46606417699251335,,,,0.46606417699251335,Ruxolitinib (INCB018424)
MCF7,"Temsirolimus (CCI-779, NSC 683864)",0.01,0.99998564729976,SIDM00148,uM,temsirolimus,COC1CC2CCC(C)C(O)(O2)C(=O)C(=O)N2CCCCC2C(=O)OC(C(C)CC2CCC(OC(=O)C(C)(CO)CO)C(OC)C2)CC(=O)C(C)/C=C(\C)C(O)C(OC)C(=O)C(C)CC(C)/C=C/C=C/C=C/1C,coc1cc2ccc(c)c(o)(o2)c(=o)c(=o)n2ccccc2c(=o)oc(c(c)cc2ccc(oc(=o)c(c)(co)co)c(oc)c2)cc(=o)c(c)c=c(c)c(o)c(oc)c(=o)c(c)cc(c)c=cc=cc=c1c,-2.0,171,mcf7,0.0081,0.6221,-2.0915149811213505,0.99998564729976,0.6221,ACH-000019,temsirolimus,-1.01016966837688,0.00977,MTS010,secondary,0.4964878547527895,,,,0.4964878547527895,"Temsirolimus (CCI-779, NSC 683864)"
MCF7,BMS-536924,0.01,0.993400938811128,SIDM00148,uM,bms536924,Cc1cc(N2CCOCC2)cc2[nH]c(-c3c(NCC(O)c4cccc(Cl)c4)cc[nH]c3=O)nc12,cc1cc(n2ccocc2)cc2[nh]c(c3c(ncc(o)c4cccc(cl)c4)cc[nh]c3=o)nc12,-2.0,172,mcf7,,,,0.993400938811128,,ACH-000019,bms536924,,,,,,,,,,BMS-536924
MCF7,Iniparib (BSI-201),0.1,0.999863122909942,SIDM00148,uM,iniparib,NC(=O)c1ccc(I)c([N+](=O)[O-])c1,nc(=o)c1ccc(i)c([n](=o)[o])c1,-1.0,173,mcf7,,,,0.999863122909942,,ACH-000019,iniparib,-0.10221629011546,0.15625,MTS010,secondary,0.9316007524267217,,,,0.9316007524267217,Iniparib (BSI-201)
MCF7,ITSA-1 (ITSA1),1.0,1.0,SIDM00148,uM,itsa1,O=C(c1ccc(Cl)cc1Cl)n1nnc2ccccc21,o=c(c1ccc(cl)cc1cl)n1nnc2ccccc21,0.0,174,mcf7,,,,1.0,,ACH-000019,itsa1,,,,,,,,,,ITSA-1 (ITSA1)
MCF7,SL-327,0.1,0.999869632095006,SIDM00148,uM,sl327,N#C/C(=C(/N)Sc1ccc(N)cc1)c1ccccc1C(F)(F)F,n#cc(=c(n)sc1ccc(n)cc1)c1ccccc1c(f)(f)f,-1.0,175,mcf7,,,,0.999869632095006,,ACH-000019,sl327,,,,,,,,,,SL-327
MCF7,"Fluorouracil (5-Fluoracil, 5-FU)",0.01,1.0,SIDM00148,uM,fluorouracil,O=c1[nH]cc(F)c(=O)[nH]1,o=c1[nh]cc(f)c(=o)[nh]1,-2.0,176,mcf7,0.0081,0.995,-2.0915149811213505,1.0,0.995,ACH-000019,fluorouracil,,,,,,,,,0.995,"Fluorouracil (5-Fluoracil, 5-FU)"
MCF7,EED226,0.1,1.0,SIDM00148,uM,eed226,CS(=O)(=O)c1ccc(-c2cnc(NCc3ccco3)n3cnnc23)cc1,cs(=o)(=o)c1ccc(c2cnc(ncc3ccco3)n3cnnc23)cc1,-1.0,177,mcf7,,,,1.0,,ACH-000019,eed226,,,,,,,,,,EED226
MCF7,Epothilone A,0.01,0.999997069885547,SIDM00148,uM,epothilonea,C/C(=C\c1csc(C)n1)C1CC2OC2CCCC(C)C(O)C(C)C(=O)C(C)(C)C(O)CC(=O)O1,cc(=cc1csc(c)n1)c1cc2oc2cccc(c)c(o)c(c)c(=o)c(c)(c)c(o)cc(=o)o1,-2.0,178,mcf7,,,,0.999997069885547,,ACH-000019,epothilonea,-0.43126823617,0.00976562,HTS002,secondary,0.741609568751659,,,,0.741609568751659,Epothilone A
MCF7,"Fedratinib (SAR302503, TG101348)",0.1,0.999999992326376,SIDM00148,uM,fedratinib,Cc1cnc(Nc2ccc(OCCN3CCCC3)cc2)nc1Nc1cccc(S(=O)(=O)NC(C)(C)C)c1,cc1cnc(nc2ccc(occn3cccc3)cc2)nc1nc1cccc(s(=o)(=o)nc(c)(c)c)c1,-1.0,179,mcf7,,,,0.999999992326376,,ACH-000019,fedratinib,0.375989341169,0.15625,HTS002,secondary,1.2977291791006524,,,,1.2977291791006524,"Fedratinib (SAR302503, TG101348)"
MCF7,SRT1720 HCl,0.01,1.0,SIDM00148,uM,srt1720,Cl.O=C(Nc1ccccc1-c1cn2c(CN3CCNCC3)csc2n1)c1cnc2ccccc2n1,o=c(nc1ccccc1c1cn2c(cn3ccncc3)csc2n1)c1cnc2ccccc2n1,-2.0,180,mcf7,0.009,1.183,-2.0457574905606752,1.0,1.183,ACH-000019,srt1720,0.335236166237,0.00976562,HTS002,secondary,1.261583910643032,,,,1.261583910643032,SRT1720 HCl
MCF7,TGX-221,10.0,0.9999901187942252,SIDM00148,uM,tgx221,Cc1cc(C(C)Nc2ccccc2)c2nc(N3CCOCC3)cc(=O)n2c1,cc1cc(c(c)nc2ccccc2)c2nc(n3ccocc3)cc(=o)n2c1,1.0,181,mcf7,8.3,0.733,0.919078092376074,0.9999901187942252,0.733,ACH-000019,tgx221,0.603448356538,2.5,HTS,primary,1.5193437936640264,,,,1.5193437936640264,TGX-221
MCF7,Altretamine,0.1,0.9999706091497907,SIDM00148,uM,altretamine,CN(C)c1nc(N(C)C)nc(N(C)C)n1,cn(c)c1nc(n(c)c)nc(n(c)c)n1,-1.0,182,mcf7,,,,0.9999706091497907,,ACH-000019,altretamine,0.125690972957,0.15625,HTS002,secondary,1.0910301520302164,,,,1.0910301520302164,Altretamine
MCF7,Tacedinaline (CI994),0.01,0.999999897846086,SIDM00148,uM,tacedinaline,CC(=O)Nc1ccc(C(=O)Nc2ccccc2N)cc1,cc(=o)nc1ccc(c(=o)nc2ccccc2n)cc1,-2.0,183,mcf7,,,,0.999999897846086,,ACH-000019,tacedinaline,-0.192616551792045,0.00977,MTS010,secondary,0.87501730138915,,,,0.87501730138915,Tacedinaline (CI994)
MCF7,Entacapone,0.01,1.0,SIDM00148,uM,entacapone,CCN(CC)C(=O)C(C#N)=Cc1cc(O)c(O)c([N+](=O)[O-])c1,ccn(cc)c(=o)c(c#n)=cc1cc(o)c(o)c([n](=o)[o])c1,-2.0,184,mcf7,,,,1.0,,ACH-000019,entacapone,,,,,,,,,,Entacapone
MCF7,ABT-737,1.0,0.9701983222144228,SIDM00148,uM,abt737,CN(C)CCC(CSc1ccccc1)Nc1ccc(S(=O)(=O)NC(=O)c2ccc(N3CCN(Cc4ccccc4-c4ccc(Cl)cc4)CC3)cc2)cc1[N+](=O)[O-],cn(c)ccc(csc1ccccc1)nc1ccc(s(=o)(=o)nc(=o)c2ccc(n3ccn(cc4ccccc4c4ccc(cl)cc4)cc3)cc2)cc1[n](=o)[o],0.0,185,mcf7,1.2,1.148,0.07918124604762482,0.9701983222144228,1.148,ACH-000019,abt737,-0.238058609572,2.5,HTS,primary,0.8478855185337529,,,,0.8478855185337529,ABT-737
MCF7,Nintedanib (BIBF 1120),0.01,0.9991347301628491,SIDM00148,uM,nintedanib,COC(=O)c1ccc2c(c1)NC(=O)/C2=C(\Nc1ccc(N(C)C(=O)CN2CCN(C)CC2)cc1)c1ccccc1,coc(=o)c1ccc2c(c1)nc(=o)c2=c(nc1ccc(n(c)c(=o)cn2ccn(c)cc2)cc1)c1ccccc1,-2.0,186,mcf7,0.0081,0.9412,-2.0915149811213505,0.9991347301628491,0.9412,ACH-000019,nintedanib,0.451533844453,0.00976562,HTS002,secondary,1.3674933757038117,,,,1.3674933757038117,Nintedanib (BIBF 1120)
MCF7,Obatoclax Mesylate (GX15-070),0.01,0.99999788693787,SIDM00148,uM,obatoclax,COC1=CC(c2cc3ccccc3[nH]2)=N/C1=C\c1[nH]c(C)cc1C.CS(=O)(=O)O,coc1=cc(c2cc3ccccc3[nh]2)=nc1=cc1[nh]c(c)cc1c,-2.0,187,mcf7,0.0081,0.9545,-2.0915149811213505,0.99999788693787,0.9545,ACH-000019,obatoclax,-0.328034008416,0.00976562,HTS002,secondary,0.7966213174392511,,,,0.7966213174392511,Obatoclax Mesylate (GX15-070)
MCF7,EED226,0.01,1.0,SIDM00148,uM,eed226,CS(=O)(=O)c1ccc(-c2cnc(NCc3ccco3)n3cnnc23)cc1,cs(=o)(=o)c1ccc(c2cnc(ncc3ccco3)n3cnnc23)cc1,-2.0,188,mcf7,,,,1.0,,ACH-000019,eed226,,,,,,,,,,EED226
MCF7,PFI-1 (PF-6405761),0.1,0.9999992915599548,SIDM00148,uM,pfi1,COc1ccccc1S(=O)(=O)Nc1ccc2c(c1)CN(C)C(=O)N2,coc1ccccc1s(=o)(=o)nc1ccc2c(c1)cn(c)c(=o)n2,-1.0,189,mcf7,,,,0.9999992915599548,,ACH-000019,pfi1,0.480841692727,0.164427,HTS002,secondary,1.3955576208475076,,,,1.3955576208475076,PFI-1 (PF-6405761)
MCF7,Andarine,0.01,1.0,SIDM00148,uM,andarine,CC(=O)Nc1ccc(OCC(C)(O)C(=O)Nc2ccc([N+](=O)[O-])c(C(F)(F)F)c2)cc1,cc(=o)nc1ccc(occ(c)(o)c(=o)nc2ccc([n](=o)[o])c(c(f)(f)f)c2)cc1,-2.0,190,mcf7,,,,1.0,,ACH-000019,andarine,,,,,,,,,,Andarine
MCF7,Filgotinib (GLPG0634),0.01,0.99939716590904,SIDM00148,uM,filgotinib,O=C(Nc1nc2cccc(-c3ccc(CN4CCS(=O)(=O)CC4)cc3)n2n1)C1CC1,o=c(nc1nc2cccc(c3ccc(cn4ccs(=o)(=o)cc4)cc3)n2n1)c1cc1,-2.0,191,mcf7,,,,0.99939716590904,,ACH-000019,filgotinib,,0.00976562,HTS002,secondary,,,,,,Filgotinib (GLPG0634)
MCF7,Thalidomide,1.0,1.0,SIDM00148,uM,thalidomide,O=C1CCC(N2C(=O)c3ccccc3C2=O)C(=O)N1,o=c1ccc(n2c(=o)c3ccccc3c2=o)c(=o)n1,0.0,192,mcf7,,,,1.0,,ACH-000019,thalidomide,0.316553735013,2.5,HTS,primary,1.2453521345484238,,,,1.2453521345484238,Thalidomide
MCF7,BRD4770,1.0,0.9999448986980112,SIDM00148,uM,brd4770,COC(=O)c1ccc2c(c1)nc(NC(=O)c1ccccc1)n2CCCc1ccccc1,coc(=o)c1ccc2c(c1)nc(nc(=o)c1ccccc1)n2cccc1ccccc1,0.0,193,mcf7,,,,0.9999448986980112,,ACH-000019,brd4770,0.544228900878,2.5,MTS004,primary,1.4582407278507006,,,,1.4582407278507006,BRD4770
MCF7,S-Ruxolitinib (INCB018424),10.0,1.0,SIDM00148,uM,ruxolitinib,N#CC[C@@H](C1CCCC1)n1cc(-c2ncnc3[nH]ccc23)cn1,n#cc[ch](c1cccc1)n1cc(c2ncnc3[nh]ccc23)cn1,1.0,194,mcf7,17.0,1.256,1.2304489213782739,1.0,1.256,ACH-000019,sruxolitinib,,,,,,,,,1.256,S-Ruxolitinib (INCB018424)
MCF7,Glesatinib?(MGCD265),0.1,0.998244146896322,SIDM00148,uM,glesatinib,COCCNCc1ccc(-c2cc3nccc(Oc4ccc(NC(=S)NC(=O)Cc5ccc(F)cc5)cc4F)c3s2)nc1,coccncc1ccc(c2cc3nccc(oc4ccc(nc(=s)nc(=o)cc5ccc(f)cc5)cc4f)c3s2)nc1,-1.0,195,mcf7,,,,0.998244146896322,,ACH-000019,glesatinib,,,,,,,,,,Glesatinib?(MGCD265)
MCF7,Trichostatin A (TSA),0.1,0.9999999896059192,SIDM00148,uM,trichostatina,CC(C=CC(=O)NO)=C[C@@H](C)C(=O)c1ccc(N(C)C)cc1,cc(c=cc(=o)no)=c[ch](c)c(=o)c1ccc(n(c)c)cc1,-1.0,196,mcf7,,,,0.9999999896059192,,ACH-000019,trichostatina,-0.812749736243,0.164682,HTS002,secondary,0.5692957614904179,,,,0.5692957614904179,Trichostatin A (TSA)
MCF7,Lomustine ,1.0,1.0,SIDM00148,uM,lomustine,O=NN(CCCl)C(=O)NC1CCCCC1,o=nn(cccl)c(=o)nc1ccccc1,0.0,197,mcf7,,,,1.0,,ACH-000019,lomustine,,,,,,,,,,Lomustine 
MCF7,Meprednisone,0.01,1.0,SIDM00148,uM,meprednisone,CC1CC2C3CCC4=CC(=O)C=CC4(C)C3C(=O)CC2(C)C1(O)C(=O)CO,cc1cc2c3ccc4=cc(=o)c=cc4(c)c3c(=o)cc2(c)c1(o)c(=o)co,-2.0,198,mcf7,,,,1.0,,ACH-000019,meprednisone,,,,,,,,,,Meprednisone
MCF7,GSK-LSD1 2HCl,1.0,1.0,SIDM00148,uM,gsklsd12hcl,Cl.Cl.c1ccc([C@@H]2C[C@H]2NC2CCNCC2)cc1,c1ccc([ch]2c[ch]2nc2ccncc2)cc1,0.0,199,mcf7,,,,1.0,,ACH-000019,gsklsd12hcl,,,,,,,,,,GSK-LSD1 2HCl
MCF7,ABT-737,0.1,0.9836421714440527,SIDM00148,uM,abt737,CN(C)CCC(CSc1ccccc1)Nc1ccc(S(=O)(=O)NC(=O)c2ccc(N3CCN(Cc4ccccc4-c4ccc(Cl)cc4)CC3)cc2)cc1[N+](=O)[O-],cn(c)ccc(csc1ccccc1)nc1ccc(s(=o)(=o)nc(=o)c2ccc(n3ccn(cc4ccccc4c4ccc(cl)cc4)cc3)cc2)cc1[n](=o)[o],-1.0,200,mcf7,0.072,1.082,-1.1426675035687315,0.9836421714440527,1.082,ACH-000019,abt737,0.597960728567,0.15625,HTS002,secondary,1.5135755915446314,,,,1.5135755915446314,ABT-737
MCF7,PD173074,0.01,0.999831681902093,SIDM00148,uM,pd173074,CCN(CC)CCCCNc1ncc2cc(-c3cc(OC)cc(OC)c3)c(NC(=O)NC(C)(C)C)nc2n1,ccn(cc)ccccnc1ncc2cc(c3cc(oc)cc(oc)c3)c(nc(=o)nc(c)(c)c)nc2n1,-2.0,201,mcf7,,,,0.999831681902093,,ACH-000019,pd173074,0.707466132562,0.00976562,HTS002,secondary,1.6329336054292223,,,,1.6329336054292223,PD173074
MCF7,Tazemetostat (EPZ-6438),1.0,0.9999823045639392,SIDM00148,uM,tazemetostat,CCN(c1cc(-c2ccc(CN3CCOCC3)cc2)cc(C(=O)NCc2c(C)cc(C)[nH]c2=O)c1C)C1CCOCC1,ccn(c1cc(c2ccc(cn3ccocc3)cc2)cc(c(=o)ncc2c(c)cc(c)[nh]c2=o)c1c)c1ccocc1,0.0,202,mcf7,,,,0.9999823045639392,,ACH-000019,tazemetostat,-0.984592419041,2.31,HTS,primary,0.5053684765414437,,,,0.5053684765414437,Tazemetostat (EPZ-6438)
MCF7,Sirtinol,0.01,1.0,SIDM00148,uM,sirtinol,CC(NC(=O)c1ccccc1N=Cc1c(O)ccc2ccccc12)c1ccccc1,cc(nc(=o)c1ccccc1n=cc1c(o)ccc2ccccc12)c1ccccc1,-2.0,203,mcf7,,,,1.0,,ACH-000019,sirtinol,,,,,,,,,,Sirtinol
MCF7,M344,0.01,0.999569034554477,SIDM00148,uM,m344,CN(C)c1ccc(C(=O)NCCCCCCC(=O)NO)cc1,cn(c)c1ccc(c(=o)nccccccc(=o)no)cc1,-2.0,204,mcf7,,,,0.999569034554477,,ACH-000019,m344,0.0674342698488,0.0101245,HTS002,secondary,1.0478514964723276,,,,1.0478514964723276,M344
MCF7,A-366,0.1,1.0,SIDM00148,uM,a366,COc1cc2c(cc1OCCCN1CCCC1)N=C(N)C21CCC1,coc1cc2c(cc1occcn1cccc1)n=c(n)c21ccc1,-1.0,205,mcf7,,,,1.0,,ACH-000019,a366,,,,,,,,,,A-366
MCF7,GSK1070916,0.01,0.979454286026696,SIDM00148,uM,gsk1070916,CCn1cc(-c2ccnc3[nH]c(-c4cccc(CN(C)C)c4)cc23)c(-c2ccc(NC(=O)N(C)C)cc2)n1,ccn1cc(c2ccnc3[nh]c(c4cccc(cn(c)c)c4)cc23)c(c2ccc(nc(=o)n(c)c)cc2)n1,-2.0,206,mcf7,,,,0.979454286026696,,ACH-000019,gsk1070916,-0.10480056645,0.00976562,HTS002,secondary,0.9299334847601645,,,,0.9299334847601645,GSK1070916
MCF7,RG108,0.01,1.0,SIDM00148,uM,rg108,O=C(O)[C@H](Cc1c[nH]c2ccccc12)N1C(=O)c2ccccc2C1=O,o=c(o)[ch](cc1c[nh]c2ccccc12)n1c(=o)c2ccccc2c1=o,-2.0,207,mcf7,0.0081,1.072,-2.0915149811213505,1.0,1.072,ACH-000019,rg108,0.640849989018,0.00976562,HTS002,secondary,1.5592475467179026,,,,1.5592475467179026,RG108
MCF7,MC1568,0.01,1.0,SIDM00148,uM,mc1568,Cn1cc(C=CC(=O)c2cccc(F)c2)cc1C=CC(=O)NO,cn1cc(c=cc(=o)c2cccc(f)c2)cc1c=cc(=o)no,-2.0,208,mcf7,,,,1.0,,ACH-000019,mc1568,,,,,,,,,,MC1568
MCF7,Panobinostat (LBH589),1.0,1.0,SIDM00148,uM,panobinostat,Cc1[nH]c2ccccc2c1CCNCc1ccc(C=CC(=O)NO)cc1,cc1[nh]c2ccccc2c1ccncc1ccc(c=cc(=o)no)cc1,0.0,209,mcf7,,,,1.0,,ACH-000019,panobinostat,-4.46408382351,2.5,HTS,primary,0.04530820595226155,,,,0.04530820595226155,Panobinostat (LBH589)
MCF7,Avagacestat (BMS-708163),10.0,1.0,SIDM00148,uM,avagacestat,NC(=O)C(CCC(F)(F)F)N(Cc1ccc(-c2ncon2)cc1F)S(=O)(=O)c1ccc(Cl)cc1,nc(=o)c(ccc(f)(f)f)n(cc1ccc(c2ncon2)cc1f)s(=o)(=o)c1ccc(cl)cc1,1.0,210,mcf7,,,,1.0,,ACH-000019,avagacestat,-0.406047951274,2.5,HTS,primary,0.7546879000625382,,,,0.7546879000625382,Avagacestat (BMS-708163)
MCF7,Dacinostat (LAQ824),10.0,0.999817955986664,SIDM00148,uM,dacinostat,O=C(C=Cc1ccc(CN(CCO)CCc2c[nH]c3ccccc23)cc1)NO,o=c(c=cc1ccc(cn(cco)ccc2c[nh]c3ccccc23)cc1)no,1.0,211,mcf7,,,,0.999817955986664,,ACH-000019,dacinostat,-0.917349691914,2.5,HTS,primary,0.5294808120105383,,,,0.5294808120105383,Dacinostat (LAQ824)
MCF7,Capecitabine ,0.1,1.0,SIDM00148,uM,capecitabine,CCCCCOC(=O)Nc1nc(=O)n(C2OC(C)C(O)C2O)cc1F,cccccoc(=o)nc1nc(=o)n(c2oc(c)c(o)c2o)cc1f,-1.0,212,mcf7,,,,1.0,,ACH-000019,capecitabine,0.632837185755,0.15625,HTS002,secondary,1.550611409755045,,,,1.550611409755045,Capecitabine 
MCF7,Altretamine,10.0,0.9130856770025558,SIDM00148,uM,altretamine,CN(C)c1nc(N(C)C)nc(N(C)C)n1,cn(c)c1nc(n(c)c)nc(n(c)c)n1,1.0,213,mcf7,,,,0.9130856770025558,,ACH-000019,altretamine,0.0973248283348,2.5,HTS,primary,1.0697879276358642,,,,1.0697879276358642,Altretamine
MCF7,Tubastatin A HCl,0.1,0.999994911750571,SIDM00148,uM,tubastatina,CN1CCc2c(c3ccccc3n2Cc2ccc(C(=O)NO)cc2)C1.Cl,cn1ccc2c(c3ccccc3n2cc2ccc(c(=o)no)cc2)c1,-1.0,214,mcf7,0.13,1.169,-0.8860566476931632,0.999994911750571,1.169,ACH-000019,tubastatina,,,,,,,,,1.169,Tubastatin A HCl
MCF7,PD98059,0.1,1.0,SIDM00148,uM,pd98059,COc1cccc(-c2cc(=O)c3ccccc3o2)c1N,coc1cccc(c2cc(=o)c3ccccc3o2)c1n,-1.0,215,mcf7,,,,1.0,,ACH-000019,pd98059,1.02192698145,0.15625,HTS002,secondary,2.030629423698994,,,,2.030629423698994,PD98059
MCF7,Resminostat,0.1,0.998846807102174,SIDM00148,uM,resminostat,CN(C)Cc1ccc(S(=O)(=O)n2ccc(C=CC(=O)NO)c2)cc1,cn(c)cc1ccc(s(=o)(=o)n2ccc(c=cc(=o)no)c2)cc1,-1.0,216,mcf7,,,,0.998846807102174,,ACH-000019,resminostat,0.244151277993,0.15625,HTS002,secondary,1.184395798615719,,,,1.184395798615719,Resminostat
MCF7,BMS-265246,1.0,0.996840366966672,SIDM00148,uM,bms265246,CCCCOc1c(C(=O)c2c(F)cc(C)cc2F)cnc2[nH]ncc12,ccccoc1c(c(=o)c2c(f)cc(c)cc2f)cnc2[nh]ncc12,0.0,217,mcf7,,,,0.996840366966672,,ACH-000019,bms265246,-1.90297314266,2.5,HTS,primary,0.26739174971372176,,,,0.26739174971372176,BMS-265246
MCF7,S3I-201,10.0,0.999978993458874,SIDM00148,uM,s3i201,Cc1ccc(S(=O)(=O)OCC(=O)Nc2ccc(C(=O)O)c(O)c2)cc1,cc1ccc(s(=o)(=o)occ(=o)nc2ccc(c(=o)o)c(o)c2)cc1,1.0,218,mcf7,,,,0.999978993458874,,ACH-000019,s3i201,,,,,,,,,,S3I-201
MCF7,Altretamine,0.01,0.999999635186308,SIDM00148,uM,altretamine,CN(C)c1nc(N(C)C)nc(N(C)C)n1,cn(c)c1nc(n(c)c)nc(n(c)c)n1,-2.0,219,mcf7,,,,0.999999635186308,,ACH-000019,altretamine,,0.00976562,HTS002,secondary,,,,,,Altretamine
MCF7,Busulfan ,0.01,1.0,SIDM00148,uM,busulfan,CS(=O)(=O)OCCCCOS(C)(=O)=O,cs(=o)(=o)occccos(c)(=o)=o,-2.0,220,mcf7,,,,1.0,,ACH-000019,busulfan,0.707446683623,0.00976562,HTS002,secondary,1.6329115920368462,,,,1.6329115920368462,Busulfan 
MCF7,Lapatinib (GW-572016) Ditosylate,0.1,0.999835814619464,SIDM00148,uM,lapatinibditosylate,CS(=O)(=O)CCNCc1ccc(-c2ccc3ncnc(Nc4ccc(OCc5cccc(F)c5)c(Cl)c4)c3c2)o1.Cc1ccc(S(=O)(=O)O)cc1.Cc1ccc(S(=O)(=O)O)cc1,cs(=o)(=o)ccncc1ccc(c2ccc3ncnc(nc4ccc(occ5cccc(f)c5)c(cl)c4)c3c2)o1,-1.0,221,mcf7,,,,0.999835814619464,,ACH-000019,lapatinibditosylate,,,,,,,,,,Lapatinib (GW-572016) Ditosylate
MCF7,Triamcinolone Acetonide,0.01,1.0,SIDM00148,uM,triamcinoloneacetonide,CC1(C)OC2CC3C4CCC5=CC(=O)C=CC5(C)C4(F)C(O)CC3(C)C2(C(=O)CO)O1,cc1(c)oc2cc3c4ccc5=cc(=o)c=cc5(c)c4(f)c(o)cc3(c)c2(c(=o)co)o1,-2.0,222,mcf7,,,,1.0,,ACH-000019,triamcinoloneacetonide,0.327789099881,0.00976562,HTS002,secondary,1.2550885029808798,,,,1.2550885029808798,Triamcinolone Acetonide
MCF7,Filgotinib (GLPG0634),1.0,0.970910922312775,SIDM00148,uM,filgotinib,O=C(Nc1nc2cccc(-c3ccc(CN4CCS(=O)(=O)CC4)cc3)n2n1)C1CC1,o=c(nc1nc2cccc(c3ccc(cn4ccs(=o)(=o)cc4)cc3)n2n1)c1cc1,0.0,223,mcf7,,,,0.970910922312775,,ACH-000019,filgotinib,0.275935038417,2.5,HTS,primary,1.210778563860872,,,,1.210778563860872,Filgotinib (GLPG0634)
MCF7,CYC116,0.01,0.999992041080565,SIDM00148,uM,cyc116,Cc1nc(N)sc1-c1ccnc(Nc2ccc(N3CCOCC3)cc2)n1,cc1nc(n)sc1c1ccnc(nc2ccc(n3ccocc3)cc2)n1,-2.0,224,mcf7,,,,0.999992041080565,,ACH-000019,cyc116,0.391356044811,0.00976562,HTS002,secondary,1.311625672286549,,,,1.311625672286549,CYC116
MCF7,Motesanib Diphosphate (AMG-706),1.0,1.0,SIDM00148,uM,motesanibdiphosphate,CC1(C)CNc2cc(NC(=O)c3cccnc3NCc3ccncc3)ccc21.O=P(O)(O)O.O=P(O)(O)O,cc1(c)cnc2cc(nc(=o)c3cccnc3ncc3ccncc3)ccc21,0.0,225,mcf7,,,,1.0,,ACH-000019,motesanibdiphosphate,,,,,,,,,,Motesanib Diphosphate (AMG-706)
MCF7,Daphnetin,10.0,0.964731117670762,SIDM00148,uM,daphnetin,O=c1ccc2ccc(O)c(O)c2o1,o=c1ccc2ccc(o)c(o)c2o1,1.0,226,mcf7,,,,0.964731117670762,,ACH-000019,daphnetin,0.282059723815,2.5,HTS,primary,1.2159296184586819,,,,1.2159296184586819,Daphnetin
MCF7,CUDC-907,0.01,0.989538710993922,SIDM00148,uM,cudc907,COc1ccc(-c2nc(N3CCOCC3)c3sc(CN(C)c4ncc(C(=O)NO)cn4)cc3n2)cn1,coc1ccc(c2nc(n3ccocc3)c3sc(cn(c)c4ncc(c(=o)no)cn4)cc3n2)cn1,-2.0,227,mcf7,,,,0.989538710993922,,ACH-000019,cudc907,0.0434449214971,0.00976562,HTS002,secondary,1.0305717288999066,,,,1.0305717288999066,CUDC-907
MCF7,AG-490 (Tyrphostin B42),1.0,0.999953335994996,SIDM00148,uM,ag490,N#CC(=Cc1ccc(O)c(O)c1)C(=O)NCc1ccccc1,n#cc(=cc1ccc(o)c(o)c1)c(=o)ncc1ccccc1,0.0,228,mcf7,,,,0.999953335994996,,ACH-000019,ag490,-1.07464353845,2.5,HTS,primary,0.4747883568422135,,,,0.4747883568422135,AG-490 (Tyrphostin B42)
MCF7,G007-LK,10.0,0.841834666770193,SIDM00148,uM,g007lk,CS(=O)(=O)c1ccc(-c2nnc(C=Cc3nnc(-c4ccc(C#N)cc4)o3)n2-c2ccccc2Cl)nc1,cs(=o)(=o)c1ccc(c2nnc(c=cc3nnc(c4ccc(c#n)cc4)o3)n2c2ccccc2cl)nc1,1.0,229,mcf7,,,,0.841834666770193,,ACH-000019,g007lk,0.339316083969689,2.4999880481,MTS007,primary,1.265156698604092,,,,1.265156698604092,G007-LK
MCF7,Nilotinib (AMN-107),0.1,0.999997286011297,SIDM00148,uM,nilotinib,Cc1cn(-c2cc(NC(=O)c3ccc(C)c(Nc4nccc(-c5cccnc5)n4)c3)cc(C(F)(F)F)c2)cn1,cc1cn(c2cc(nc(=o)c3ccc(c)c(nc4nccc(c5cccnc5)n4)c3)cc(c(f)(f)f)c2)cn1,-1.0,230,mcf7,0.13,0.7964,-0.8860566476931632,0.999997286011297,0.7964,ACH-000019,nilotinib,0.729450963487,0.15625,HTS002,secondary,1.6580079948698194,,,,1.6580079948698194,Nilotinib (AMN-107)
MCF7,AZD1480,0.1,0.994803786135371,SIDM00148,uM,azd1480,Cc1cc(Nc2nc(N[C@@H](C)c3ncc(F)cn3)ncc2Cl)n[nH]1,cc1cc(nc2nc(n[ch](c)c3ncc(f)cn3)ncc2cl)n[nh]1,-1.0,231,mcf7,,,,0.994803786135371,,ACH-000019,azd1480,-0.308594740056,0.15625,HTS002,secondary,0.8074278530012224,,,,0.8074278530012224,AZD1480
MCF7,PCI-34051,10.0,0.7954040465618759,SIDM00148,uM,pci34051,COc1ccc(Cn2ccc3ccc(C(=O)NO)cc32)cc1,coc1ccc(cn2ccc3ccc(c(=o)no)cc32)cc1,1.0,232,mcf7,,,,0.7954040465618759,,ACH-000019,pci34051,0.212947070867,2.5,HTS,primary,1.1590534281439386,,,,1.1590534281439386,PCI-34051
MCF7,(+)-JQ1,0.1,1.0,SIDM00148,uM,jq1,Cc1sc2c(c1C)C(c1ccc(Cl)cc1)=N[C@@H](CC(=O)OC(C)(C)C)c1nnc(C)n1-2,cc1sc2c(c1c)c(c1ccc(cl)cc1)=n[ch](cc(=o)oc(c)(c)c)c1nnc(c)n12,-1.0,233,mcf7,0.13,0.8773,-0.8860566476931632,1.0,0.8773,ACH-000019,jq1,-0.332527435759,0.15625,HTS002,secondary,0.7941440154239316,,,,0.7941440154239316,(+)-JQ1
MCF7,SB431542,0.01,1.0,SIDM00148,uM,sb431542,NC(=O)c1ccc(-c2nc(-c3ccc4c(c3)OCO4)c(-c3ccccn3)[nH]2)cc1,nc(=o)c1ccc(c2nc(c3ccc4c(c3)oco4)c(c3ccccn3)[nh]2)cc1,-2.0,234,mcf7,0.016,0.9166,-1.7958800173440752,1.0,0.9166,ACH-000019,sb431542,0.18109617836,0.00976562,HTS002,secondary,1.1337449922296066,,,,1.1337449922296066,SB431542
MCF7,Filgotinib (GLPG0634),0.1,0.993836724843134,SIDM00148,uM,filgotinib,O=C(Nc1nc2cccc(-c3ccc(CN4CCS(=O)(=O)CC4)cc3)n2n1)C1CC1,o=c(nc1nc2cccc(c3ccc(cn4ccs(=o)(=o)cc4)cc3)n2n1)c1cc1,-1.0,235,mcf7,,,,0.993836724843134,,ACH-000019,filgotinib,,0.15625,HTS002,secondary,,,,,,Filgotinib (GLPG0634)
MCF7,Valproic acid sodium salt (Sodium valproate),0.1,0.9999998551603992,SIDM00148,uM,valproicacidsalt,CCCC(CCC)C(=O)[O-].[Na+],cccc(ccc)c(=o)[o],-1.0,236,mcf7,,,,0.9999998551603992,,ACH-000019,valproicacidsalt,,,,,,,,,,Valproic acid sodium salt (Sodium valproate)
MCF7,AZ 960,10.0,0.534984239532375,SIDM00148,uM,az960,Cc1cc(Nc2nc(N[C@@H](C)c3ccc(F)cc3)c(C#N)cc2F)n[nH]1,cc1cc(nc2nc(n[ch](c)c3ccc(f)cc3)c(c#n)cc2f)n[nh]1,1.0,237,mcf7,,,,0.534984239532375,,ACH-000019,az960,-0.836680080802,2.5,HTS,primary,0.559930595781246,,,,0.559930595781246,AZ 960
MCF7,Resminostat,1.0,0.992024539715176,SIDM00148,uM,resminostat,CN(C)Cc1ccc(S(=O)(=O)n2ccc(C=CC(=O)NO)c2)cc1,cn(c)cc1ccc(s(=o)(=o)n2ccc(c=cc(=o)no)c2)cc1,0.0,238,mcf7,,,,0.992024539715176,,ACH-000019,resminostat,-2.31323689992,2.5,HTS,primary,0.20120849194788967,,,,0.20120849194788967,Resminostat
MCF7,PHA-680632,0.01,0.971758012529116,SIDM00148,uM,pha680632,CCc1cccc(CC)c1NC(=O)N1Cc2[nH]nc(NC(=O)c3ccc(N4CCN(C)CC4)cc3)c2C1,ccc1cccc(cc)c1nc(=o)n1cc2[nh]nc(nc(=o)c3ccc(n4ccn(c)cc4)cc3)c2c1,-2.0,239,mcf7,,,,0.971758012529116,,ACH-000019,pha680632,0.225472899884,0.00976562,HTS002,secondary,1.1691604239423523,,,,1.1691604239423523,PHA-680632
MCF7,Ellagic acid,10.0,1.0,SIDM00148,uM,ellagicacid,O=c1oc2c(O)c(O)cc3c(=O)oc4c(O)c(O)cc1c4c23,o=c1oc2c(o)c(o)cc3c(=o)oc4c(o)c(o)cc1c4c23,1.0,240,mcf7,,,,1.0,,ACH-000019,ellagicacid,0.0227769692287,2.5,HTS,primary,1.0159130776502918,,,,1.0159130776502918,Ellagic acid
MCF7,S3I-201,0.1,0.9999944612200942,SIDM00148,uM,s3i201,Cc1ccc(S(=O)(=O)OCC(=O)Nc2ccc(C(=O)O)c(O)c2)cc1,cc1ccc(s(=o)(=o)occ(=o)nc2ccc(c(=o)o)c(o)c2)cc1,-1.0,241,mcf7,,,,0.9999944612200942,,ACH-000019,s3i201,,,,,,,,,,S3I-201
MCF7,Trichostatin A (TSA),0.01,0.999999999921154,SIDM00148,uM,trichostatina,CC(C=CC(=O)NO)=C[C@@H](C)C(=O)c1ccc(N(C)C)cc1,cc(c=cc(=o)no)=c[ch](c)c(=o)c1ccc(n(c)c)cc1,-2.0,242,mcf7,,,,0.999999999921154,,ACH-000019,trichostatina,0.082447331156,0.0102926,HTS002,secondary,1.0588126461335476,,,,1.0588126461335476,Trichostatin A (TSA)
MCF7,Pracinostat (SB939),0.1,0.999995739525121,SIDM00148,uM,pracinostat,CCCCc1nc2cc(C=CC(=O)NO)ccc2n1CCN(CC)CC,ccccc1nc2cc(c=cc(=o)no)ccc2n1ccn(cc)cc,-1.0,243,mcf7,,,,0.999995739525121,,ACH-000019,pracinostat,,,,,,,,,,Pracinostat (SB939)
MCF7,"Temsirolimus (CCI-779, NSC 683864)",1.0,0.999890290018239,SIDM00148,uM,temsirolimus,COC1CC2CCC(C)C(O)(O2)C(=O)C(=O)N2CCCCC2C(=O)OC(C(C)CC2CCC(OC(=O)C(C)(CO)CO)C(OC)C2)CC(=O)C(C)/C=C(\C)C(O)C(OC)C(=O)C(C)CC(C)/C=C/C=C/C=C/1C,coc1cc2ccc(c)c(o)(o2)c(=o)c(=o)n2ccccc2c(=o)oc(c(c)cc2ccc(oc(=o)c(c)(co)co)c(oc)c2)cc(=o)c(c)c=c(c)c(o)c(oc)c(=o)c(c)cc(c)c=cc=cc=c1c,0.0,244,mcf7,1.0,0.4496,0.0,0.999890290018239,0.4496,ACH-000019,temsirolimus,0.0707451622726,2.5,HTS,primary,1.050259009818483,,,,1.050259009818483,"Temsirolimus (CCI-779, NSC 683864)"
MCF7,PF-573228,0.01,0.999976025203871,SIDM00148,uM,pf573228,CS(=O)(=O)c1cccc(CNc2nc(Nc3ccc4c(c3)CCC(=O)N4)ncc2C(F)(F)F)c1,cs(=o)(=o)c1cccc(cnc2nc(nc3ccc4c(c3)ccc(=o)n4)ncc2c(f)(f)f)c1,-2.0,245,mcf7,0.0081,1.061,-2.0915149811213505,0.999976025203871,1.061,ACH-000019,pf573228,0.422983405392,0.00976562,HTS002,secondary,1.3406971701147379,,,,1.3406971701147379,PF-573228
MCF7,Mesna ,0.1,1.0,SIDM00148,uM,mesna,O=S(=O)([O-])CCS.[Na+],o=s(=o)([o])ccs,-1.0,246,mcf7,,,,1.0,,ACH-000019,mesna,0.0180160938417,0.15625,HTS002,secondary,1.012566102868405,,,,1.012566102868405,Mesna 
MCF7,"Patupilone (EPO906, Epothilone B)",10.0,0.999939228539296,SIDM00148,uM,patupilone,C/C(=C\c1csc(C)n1)C1CC2OC2(C)CCCC(C)C(O)C(C)C(=O)C(C)(C)C(O)CC(=O)O1,cc(=cc1csc(c)n1)c1cc2oc2(c)cccc(c)c(o)c(c)c(=o)c(c)(c)c(o)cc(=o)o1,1.0,247,mcf7,,,,0.999939228539296,,ACH-000019,patupilone,,,,,,,,,,"Patupilone (EPO906, Epothilone B)"
MCF7,Alendronate sodium trihydrate,0.1,0.64188922097502,SIDM00148,uM,alendronatetrihydrate,NCCCC(O)(P(=O)(O)O)P(=O)(O)O[Na].O.O.O,ncccc(o)(p(=o)(o)o)p(=o)(o)o[na],-1.0,248,mcf7,,,,0.64188922097502,,ACH-000019,alendronatetrihydrate,,,,,,,,,,Alendronate sodium trihydrate
MCF7,GSK-LSD1 2HCl,0.01,1.0,SIDM00148,uM,gsklsd12hcl,Cl.Cl.c1ccc([C@@H]2C[C@H]2NC2CCNCC2)cc1,c1ccc([ch]2c[ch]2nc2ccncc2)cc1,-2.0,249,mcf7,,,,1.0,,ACH-000019,gsklsd12hcl,,,,,,,,,,GSK-LSD1 2HCl
MCF7,TGX-221,0.01,0.9999992773377728,SIDM00148,uM,tgx221,Cc1cc(C(C)Nc2ccccc2)c2nc(N3CCOCC3)cc(=O)n2c1,cc1cc(c(c)nc2ccccc2)c2nc(n3ccocc3)cc(=o)n2c1,-2.0,250,mcf7,0.0081,0.9625,-2.0915149811213505,0.9999992773377728,0.9625,ACH-000019,tgx221,,,,,,,,,0.9625,TGX-221
MCF7,Regorafenib (BAY 73-4506),10.0,0.4923780403299749,SIDM00148,uM,regorafenib,CNC(=O)c1cc(Oc2ccc(NC(=O)Nc3ccc(Cl)c(C(F)(F)F)c3)c(F)c2)ccn1,cnc(=o)c1cc(oc2ccc(nc(=o)nc3ccc(cl)c(c(f)(f)f)c3)c(f)c2)ccn1,1.0,251,mcf7,8.3,1.03,0.919078092376074,0.4923780403299749,1.03,ACH-000019,regorafenib,0.184562094033,2.5,HTS,primary,1.136471963807691,,,,1.136471963807691,Regorafenib (BAY 73-4506)
MCF7,TMP195,0.1,0.966010011219878,SIDM00148,uM,tmp195,CC(C)(CNC(=O)c1cccc(-c2noc(C(F)(F)F)n2)c1)c1coc(-c2ccccc2)n1,cc(c)(cnc(=o)c1cccc(c2noc(c(f)(f)f)n2)c1)c1coc(c2ccccc2)n1,-1.0,252,mcf7,,,,0.966010011219878,,ACH-000019,tmp195,,,,,,,,,,TMP195
MCF7,M344,1.0,0.996112853906287,SIDM00148,uM,m344,CN(C)c1ccc(C(=O)NCCCCCCC(=O)NO)cc1,cn(c)c1ccc(c(=o)nccccccc(=o)no)cc1,0.0,253,mcf7,,,,0.996112853906287,,ACH-000019,m344,-2.86965380887,2.5,HTS,primary,0.13681954012794753,,,,0.13681954012794753,M344
MCF7,CEP-33779,0.1,1.0,SIDM00148,uM,cep33779,CN1CCN(c2cccc(Nc3nc4c(-c5ccc(S(C)(=O)=O)cc5)cccn4n3)c2)CC1,cn1ccn(c2cccc(nc3nc4c(c5ccc(s(c)(=o)=o)cc5)cccn4n3)c2)cc1,-1.0,254,mcf7,,,,1.0,,ACH-000019,cep33779,0.473154038988,0.15625,HTS002,secondary,1.3881409252562007,,,,1.3881409252562007,CEP-33779
MCF7,FLLL32,0.01,0.9999843561804042,SIDM00148,uM,flll32,COc1ccc(C=CC(=O)C2(C(=O)C=Cc3ccc(OC)c(OC)c3)CCCCC2)cc1OC,coc1ccc(c=cc(=o)c2(c(=o)c=cc3ccc(oc)c(oc)c3)ccccc2)cc1oc,-2.0,255,mcf7,,,,0.9999843561804042,,ACH-000019,flll32,,,,,,,,,,FLLL32
MCF7,Linifanib (ABT-869),1.0,0.97905179145197,SIDM00148,uM,linifanib,Cc1ccc(F)c(NC(=O)Nc2ccc(-c3cccc4[nH]nc(N)c34)cc2)c1,cc1ccc(f)c(nc(=o)nc2ccc(c3cccc4[nh]nc(n)c34)cc2)c1,0.0,256,mcf7,1.0,0.9492,0.0,0.97905179145197,0.9492,ACH-000019,linifanib,0.206540984873,2.5,HTS,primary,1.153918222666896,,,,1.153918222666896,Linifanib (ABT-869)
MCF7,Trametinib (GSK1120212),0.01,0.999988339558088,SIDM00148,uM,trametinib,CC(=O)Nc1cccc(-n2c(=O)n(C3CC3)c(=O)c3c(Nc4ccc(I)cc4F)n(C)c(=O)c(C)c32)c1,cc(=o)nc1cccc(n2c(=o)n(c3cc3)c(=o)c3c(nc4ccc(i)cc4f)n(c)c(=o)c(c)c32)c1,-2.0,257,mcf7,,,,0.999988339558088,,ACH-000019,trametinib,-0.0033838767500429,0.00977,MTS010,secondary,0.9976572239648527,,,,0.9976572239648527,Trametinib (GSK1120212)
MCF7,PHA-680632,10.0,0.6327411439692111,SIDM00148,uM,pha680632,CCc1cccc(CC)c1NC(=O)N1Cc2[nH]nc(NC(=O)c3ccc(N4CCN(C)CC4)cc3)c2C1,ccc1cccc(cc)c1nc(=o)n1cc2[nh]nc(nc(=o)c3ccc(n4ccn(c)cc4)cc3)c2c1,1.0,258,mcf7,,,,0.6327411439692111,,ACH-000019,pha680632,-0.889050939071,2.5,HTS,primary,0.5399692141991881,,,,0.5399692141991881,PHA-680632
MCF7,Selisistat (EX 527),0.1,1.0,SIDM00148,uM,selisistat,NC(=O)C1CCCc2c1[nH]c1ccc(Cl)cc21,nc(=o)c1cccc2c1[nh]c1ccc(cl)cc21,-1.0,259,mcf7,,,,1.0,,ACH-000019,selisistat,,,,,,,,,,Selisistat (EX 527)
MCF7,Givinostat (ITF2357),10.0,0.985124288971734,SIDM00148,uM,givinostat,CCN(CC)Cc1ccc2cc(COC(=O)Nc3ccc(C(=O)NO)cc3)ccc2c1.Cl.O,ccn(cc)cc1ccc2cc(coc(=o)nc3ccc(c(=o)no)cc3)ccc2c1,1.0,260,mcf7,,,,0.985124288971734,,ACH-000019,givinostat,-3.9286767997,2.5,HTS,primary,0.06566749353793261,,,,0.06566749353793261,Givinostat (ITF2357)
MCF7,Tubastatin A HCl,10.0,0.999914734219186,SIDM00148,uM,tubastatina,CN1CCc2c(c3ccccc3n2Cc2ccc(C(=O)NO)cc2)C1.Cl,cn1ccc2c(c3ccccc3n2cc2ccc(c(=o)no)cc2)c1,1.0,261,mcf7,8.3,0.8189,0.919078092376074,0.999914734219186,0.8189,ACH-000019,tubastatina,-0.0610617193858,2.5,HTS,primary,0.9585584298935336,,,,0.9585584298935336,Tubastatin A HCl
MCF7,Enzastaurin (LY317615),0.1,1.0,SIDM00148,uM,enzastaurin,Cn1cc(C2=C(c3cn(C4CCN(Cc5ccccn5)CC4)c4ccccc34)C(=O)NC2=O)c2ccccc21,cn1cc(c2=c(c3cn(c4ccn(cc5ccccn5)cc4)c4ccccc34)c(=o)nc2=o)c2ccccc21,-1.0,262,mcf7,,,,1.0,,ACH-000019,enzastaurin,,,,,,,,,,Enzastaurin (LY317615)
MCF7,RG108,0.1,1.0,SIDM00148,uM,rg108,O=C(O)[C@H](Cc1c[nH]c2ccccc12)N1C(=O)c2ccccc2C1=O,o=c(o)[ch](cc1c[nh]c2ccccc12)n1c(=o)c2ccccc2c1=o,-1.0,263,mcf7,0.13,1.115,-0.8860566476931632,1.0,1.115,ACH-000019,rg108,0.812275843225,0.15625,HTS002,secondary,1.7559793062860798,,,,1.7559793062860798,RG108
MCF7,Streptozotocin (STZ),0.01,1.0,SIDM00148,uM,streptozotocin,CN(N=O)C(=O)NC1C(O)OC(CO)C(O)C1O,cn(n=o)c(=o)nc1c(o)oc(co)c(o)c1o,-2.0,264,mcf7,,,,1.0,,ACH-000019,streptozotocin,,0.00976562,HTS002,secondary,,,,,,Streptozotocin (STZ)
MCF7,FLLL32,1.0,0.990910848215924,SIDM00148,uM,flll32,COc1ccc(C=CC(=O)C2(C(=O)C=Cc3ccc(OC)c(OC)c3)CCCCC2)cc1OC,coc1ccc(c=cc(=o)c2(c(=o)c=cc3ccc(oc)c(oc)c3)ccccc2)cc1oc,0.0,265,mcf7,,,,0.990910848215924,,ACH-000019,flll32,,,,,,,,,,FLLL32
MCF7,Lenalidomide (CC-5013),1.0,1.0,SIDM00148,uM,lenalidomide,Nc1cccc2c1CN(C1CCC(=O)NC1=O)C2=O,nc1cccc2c1cn(c1ccc(=o)nc1=o)c2=o,0.0,266,mcf7,,,,1.0,,ACH-000019,lenalidomide,0.382052942537,2.5,HTS,primary,1.3031949717929336,,,,1.3031949717929336,Lenalidomide (CC-5013)
MCF7,Ki8751,0.1,0.999479649649312,SIDM00148,uM,ki8751,COc1cc2nccc(Oc3ccc(NC(=O)Nc4ccc(F)cc4F)c(F)c3)c2cc1OC,coc1cc2nccc(oc3ccc(nc(=o)nc4ccc(f)cc4f)c(f)c3)c2cc1oc,-1.0,267,mcf7,0.13,1.116,-0.8860566476931632,0.999479649649312,1.116,ACH-000019,ki8751,0.378060627271,0.15625,HTS002,secondary,1.2995936749412202,,,,1.2995936749412202,Ki8751
MCF7,Regorafenib (BAY 73-4506),0.1,0.999999998280112,SIDM00148,uM,regorafenib,CNC(=O)c1cc(Oc2ccc(NC(=O)Nc3ccc(Cl)c(C(F)(F)F)c3)c(F)c2)ccn1,cnc(=o)c1cc(oc2ccc(nc(=o)nc3ccc(cl)c(c(f)(f)f)c3)c(f)c2)ccn1,-1.0,268,mcf7,0.13,0.9814,-0.8860566476931632,0.999999998280112,0.9814,ACH-000019,regorafenib,0.277460453184,0.15625,HTS002,secondary,1.2120594418090291,,,,1.2120594418090291,Regorafenib (BAY 73-4506)
MCF7,Decitabine,0.01,1.0,SIDM00148,uM,decitabine,Nc1ncn([C@H]2C[C@H](O)[C@@H](CO)O2)c(=O)n1,nc1ncn([ch]2c[ch](o)[ch](co)o2)c(=o)n1,-2.0,269,mcf7,0.0081,1.014,-2.0915149811213505,1.0,1.014,ACH-000019,decitabine,-0.0253189270778627,0.00977,MTS010,secondary,0.9826033568903794,,,,0.9826033568903794,Decitabine
MCF7,Nilotinib (AMN-107),10.0,0.999962538454202,SIDM00148,uM,nilotinib,Cc1cn(-c2cc(NC(=O)c3ccc(C)c(Nc4nccc(-c5cccnc5)n4)c3)cc(C(F)(F)F)c2)cn1,cc1cn(c2cc(nc(=o)c3ccc(c)c(nc4nccc(c5cccnc5)n4)c3)cc(c(f)(f)f)c2)cn1,1.0,270,mcf7,8.3,1.174,0.919078092376074,0.999962538454202,1.174,ACH-000019,nilotinib,-0.805588712787,2.5,HTS,primary,0.5721285672385908,,,,0.5721285672385908,Nilotinib (AMN-107)
MCF7,Tie2 kinase inhibitor,0.01,0.9962337494030832,SIDM00148,uM,tie2kinaseinhibitor,COc1ccc2cc(-c3[nH]c(-c4ccc(S(C)=O)cc4)nc3-c3ccncc3)ccc2c1,coc1ccc2cc(c3[nh]c(c4ccc(s(c)=o)cc4)nc3c3ccncc3)ccc2c1,-2.0,271,mcf7,,,,0.9962337494030832,,ACH-000019,tie2kinaseinhibitor,,,,,,,,,,Tie2 kinase inhibitor
MCF7,PF-3845,0.1,0.999973233973754,SIDM00148,uM,pf3845,O=C(Nc1cccnc1)N1CCC(Cc2cccc(Oc3ccc(C(F)(F)F)cn3)c2)CC1,o=c(nc1cccnc1)n1ccc(cc2cccc(oc3ccc(c(f)(f)f)cn3)c2)cc1,-1.0,272,mcf7,,,,0.999973233973754,,ACH-000019,pf3845,0.688365301548,0.15625,HTS002,secondary,1.611456563714734,,,,1.611456563714734,PF-3845
MCF7,PD98059,1.0,1.0,SIDM00148,uM,pd98059,COc1cccc(-c2cc(=O)c3ccccc3o2)c1N,coc1cccc(c2cc(=o)c3ccccc3o2)c1n,0.0,273,mcf7,,,,1.0,,ACH-000019,pd98059,0.00730095622088,2.5,HTS,primary,1.005073463872314,,,,1.005073463872314,PD98059
MCF7,Veliparib (ABT-888),0.1,0.999586699290515,SIDM00148,uM,veliparib,C[C@]1(c2nc3c(C(N)=O)cccc3[nH]2)CCCN1,c[c]1(c2nc3c(c(n)=o)cccc3[nh]2)cccn1,-1.0,274,mcf7,0.13,1.028,-0.8860566476931632,0.999586699290515,1.028,ACH-000019,veliparib,0.180662542531299,0.15625,MTS010,secondary,1.1334042697921682,,,,1.1334042697921682,Veliparib (ABT-888)
MCF7,Maraviroc,1.0,1.0,SIDM00148,uM,maraviroc,Cc1nnc(C(C)C)n1C1CC2CCC(C1)N2CCC(NC(=O)C1CCC(F)(F)CC1)c1ccccc1,cc1nnc(c(c)c)n1c1cc2ccc(c1)n2ccc(nc(=o)c1ccc(f)(f)cc1)c1ccccc1,0.0,275,mcf7,,,,1.0,,ACH-000019,maraviroc,0.412220875315,2.5,HTS,primary,1.3307327594760114,,,,1.3307327594760114,Maraviroc
MCF7,Celecoxib,1.0,0.993950055127981,SIDM00148,uM,celecoxib,Cc1ccc(-c2cc(C(F)(F)F)nn2-c2ccc(S(N)(=O)=O)cc2)cc1,cc1ccc(c2cc(c(f)(f)f)nn2c2ccc(s(n)(=o)=o)cc2)cc1,0.0,276,mcf7,,,,0.993950055127981,,ACH-000019,celecoxib,0.394098445282,2.5,HTS,primary,1.3141212958763762,,,,1.3141212958763762,Celecoxib
MCF7,ENMD-2076 L-(+)-Tartaric acid ,0.01,0.999999999066443,SIDM00148,uM,enmd2076ltartaricacid,Cc1cc(Nc2cc(N3CCN(C)CC3)nc(C=Cc3ccccc3)n2)n[nH]1,cc1cc(nc2cc(n3ccn(c)cc3)nc(c=cc3ccccc3)n2)n[nh]1,-2.0,277,mcf7,,,,0.999999999066443,,ACH-000019,enmd2076ltartaricacid,,,,,,,,,,ENMD-2076 L-(+)-Tartaric acid 
MCF7,Amisulpride,0.1,1.0,SIDM00148,uM,amisulpride,CCN1CCCC1CNC(=O)c1cc(S(=O)(=O)CC)c(N)cc1OC,ccn1cccc1cnc(=o)c1cc(s(=o)(=o)cc)c(n)cc1oc,-1.0,278,mcf7,,,,1.0,,ACH-000019,amisulpride,0.392001100242,0.15625,HTS002,secondary,1.3122122553235396,,,,1.3122122553235396,Amisulpride
MCF7,Clevudine ,1.0,0.983876004612591,SIDM00148,uM,clevudine,Cc1cn([C@H]2O[C@@H](CO)[C@H](O)[C@H]2F)c(=O)[nH]c1=O,cc1cn([ch]2o[ch](co)[ch](o)[ch]2f)c(=o)[nh]c1=o,0.0,279,mcf7,,,,0.983876004612591,,ACH-000019,clevudine,-0.606518941299,2.5,HTS,primary,0.6567795257129698,,,,0.6567795257129698,Clevudine 
MCF7,Anacardic Acid,1.0,0.9999722944132142,SIDM00148,uM,anacardicacid,CCCCCCCCCCCCCCCc1cccc(O)c1C(=O)O,cccccccccccccccc1cccc(o)c1c(=o)o,0.0,280,mcf7,,,,0.9999722944132142,,ACH-000019,anacardicacid,,,,,,,,,,Anacardic Acid
MCF7,SB431542,1.0,1.0,SIDM00148,uM,sb431542,NC(=O)c1ccc(-c2nc(-c3ccc4c(c3)OCO4)c(-c3ccccn3)[nH]2)cc1,nc(=o)c1ccc(c2nc(c3ccc4c(c3)oco4)c(c3ccccn3)[nh]2)cc1,0.0,281,mcf7,1.0,0.9753,0.0,1.0,0.9753,ACH-000019,sb431542,-1.14381114762,2.5,HTS,primary,0.4525624691204213,,,,0.4525624691204213,SB431542
MCF7,Andarine,0.1,1.0,SIDM00148,uM,andarine,CC(=O)Nc1ccc(OCC(C)(O)C(=O)Nc2ccc([N+](=O)[O-])c(C(F)(F)F)c2)cc1,cc(=o)nc1ccc(occ(c)(o)c(=o)nc2ccc([n](=o)[o])c(c(f)(f)f)c2)cc1,-1.0,282,mcf7,,,,1.0,,ACH-000019,andarine,,,,,,,,,,Andarine
MCF7,AG-490 (Tyrphostin B42),0.1,0.999981549834453,SIDM00148,uM,ag490,N#CC(=Cc1ccc(O)c(O)c1)C(=O)NCc1ccccc1,n#cc(=cc1ccc(o)c(o)c1)c(=o)ncc1ccccc1,-1.0,283,mcf7,,,,0.999981549834453,,ACH-000019,ag490,,,,,,,,,,AG-490 (Tyrphostin B42)
MCF7,Quisinostat (JNJ-26481585) 2HCl,10.0,0.9999954557488822,SIDM00148,uM,quisinostat2hcl,Cl.Cl.Cn1cc(CNCC2CCN(c3ncc(C(=O)NO)cn3)CC2)c2ccccc21,cn1cc(cncc2ccn(c3ncc(c(=o)no)cn3)cc2)c2ccccc21,1.0,284,mcf7,,,,0.9999954557488822,,ACH-000019,quisinostat2hcl,,,,,,,,,,Quisinostat (JNJ-26481585) 2HCl
MCF7,Momelotinib (CYT387),1.0,0.99579286651298,SIDM00148,uM,momelotinib,N#CCNC(=O)c1ccc(-c2ccnc(Nc3ccc(N4CCOCC4)cc3)n2)cc1,n#ccnc(=o)c1ccc(c2ccnc(nc3ccc(n4ccocc4)cc3)n2)cc1,0.0,285,mcf7,1.0,1.206,0.0,0.99579286651298,1.206,ACH-000019,momelotinib,,,,,,,,,1.206,Momelotinib (CYT387)
MCF7,Bisindolylmaleimide IX (Ro 31-8220 Mesylate),10.0,0.0692164163778928,SIDM00148,uM,bisindolylmaleimideix,CS(=O)(=O)O.Cn1cc(C2=C(c3cn(CCCSC(=N)N)c4ccccc34)C(=O)NC2=O)c2ccccc21,cn1cc(c2=c(c3cn(cccsc(=n)n)c4ccccc34)c(=o)nc2=o)c2ccccc21,1.0,286,mcf7,,,,0.0692164163778928,,ACH-000019,bisindolylmaleimideix,-0.83394229221,2.5,HTS,primary,0.5609941795791117,,,,0.5609941795791117,Bisindolylmaleimide IX (Ro 31-8220 Mesylate)
MCF7,INO-1001 (3-Aminobenzamide),0.1,1.0,SIDM00148,uM,ino1001,NC(=O)c1cccc(N)c1,nc(=o)c1cccc(n)c1,-1.0,287,mcf7,,,,1.0,,ACH-000019,ino1001,,,,,,,,,,INO-1001 (3-Aminobenzamide)
MCF7,"Baricitinib (LY3009104, INCB028050)",1.0,1.0,SIDM00148,uM,baricitinib,CCS(=O)(=O)N1CC(CC#N)(n2cc(-c3ncnc4[nH]ccc34)cn2)C1,ccs(=o)(=o)n1cc(cc#n)(n2cc(c3ncnc4[nh]ccc34)cn2)c1,0.0,288,mcf7,,,,1.0,,ACH-000019,baricitinib,-1.96758084055,2.5,HTS,primary,0.2556814073313383,,,,0.2556814073313383,"Baricitinib (LY3009104, INCB028050)"
MCF7,Panobinostat (LBH589),10.0,1.0,SIDM00148,uM,panobinostat,Cc1[nH]c2ccccc2c1CCNCc1ccc(C=CC(=O)NO)cc1,cc1[nh]c2ccccc2c1ccncc1ccc(c=cc(=o)no)cc1,1.0,289,mcf7,,,,1.0,,ACH-000019,panobinostat,-4.46408382351,2.5,HTS,primary,0.04530820595226155,,,,0.04530820595226155,Panobinostat (LBH589)
MCF7,MLN8054,1.0,0.999952823717979,SIDM00148,uM,mln8054,O=C(O)c1ccc(Nc2ncc3c(n2)-c2ccc(Cl)cc2C(c2c(F)cccc2F)=NC3)cc1,o=c(o)c1ccc(nc2ncc3c(n2)c2ccc(cl)cc2c(c2c(f)cccc2f)=nc3)cc1,0.0,290,mcf7,,,,0.999952823717979,,ACH-000019,mln8054,-1.91580038372,2.5,HTS,primary,0.2650248630700447,,,,0.2650248630700447,MLN8054
MCF7,Nilotinib (AMN-107),1.0,0.9999892733849548,SIDM00148,uM,nilotinib,Cc1cn(-c2cc(NC(=O)c3ccc(C)c(Nc4nccc(-c5cccnc5)n4)c3)cc(C(F)(F)F)c2)cn1,cc1cn(c2cc(nc(=o)c3ccc(c)c(nc4nccc(c5cccnc5)n4)c3)cc(c(f)(f)f)c2)cn1,0.0,291,mcf7,1.0,1.157,0.0,0.9999892733849548,1.157,ACH-000019,nilotinib,-0.805588712787,2.5,HTS,primary,0.5721285672385908,,,,0.5721285672385908,Nilotinib (AMN-107)
MCF7,Sodium Phenylbutyrate,1.0,1.0,SIDM00148,uM,sodiumphenylbutyrate,O=C(CCCc1ccccc1)O[Na],o=c(cccc1ccccc1)o[na],0.0,292,mcf7,,,,1.0,,ACH-000019,sodiumphenylbutyrate,,,,,,,,,,Sodium Phenylbutyrate
MCF7,Linifanib (ABT-869),0.01,0.999939297210466,SIDM00148,uM,linifanib,Cc1ccc(F)c(NC(=O)Nc2ccc(-c3cccc4[nH]nc(N)c34)cc2)c1,cc1ccc(f)c(nc(=o)nc2ccc(c3cccc4[nh]nc(n)c34)cc2)c1,-2.0,293,mcf7,0.0081,1.048,-2.0915149811213505,0.999939297210466,1.048,ACH-000019,linifanib,0.0670051706195843,0.00977,MTS010,secondary,1.0475398814764099,,,,1.0475398814764099,Linifanib (ABT-869)
MCF7,Hesperadin,1.0,0.7575421606252131,SIDM00148,uM,hesperadin,CCS(=O)(=O)Nc1ccc2c(c1)C(=C(Nc1ccc(CN3CCCCC3)cc1)c1ccccc1)C(=O)N2,ccs(=o)(=o)nc1ccc2c(c1)c(=c(nc1ccc(cn3ccccc3)cc1)c1ccccc1)c(=o)n2,0.0,294,mcf7,,,,0.7575421606252131,,ACH-000019,hesperadin,-2.24911848564,2.5,HTS,primary,0.21035259402673956,,,,0.21035259402673956,Hesperadin
MCF7,SRT3025 HCl,0.1,1.0,SIDM00148,uM,srt3025,COCCCc1sc(-c2ccccc2)nc1C(=O)Nc1ccccc1-c1nc2cc(CN3CCCC3)cnc2s1.Cl,cocccc1sc(c2ccccc2)nc1c(=o)nc1ccccc1c1nc2cc(cn3cccc3)cnc2s1,-1.0,295,mcf7,,,,1.0,,ACH-000019,srt3025,,,,,,,,,,SRT3025 HCl
MCF7,Sodium Phenylbutyrate,10.0,1.0,SIDM00148,uM,sodiumphenylbutyrate,O=C(CCCc1ccccc1)O[Na],o=c(cccc1ccccc1)o[na],1.0,296,mcf7,,,,1.0,,ACH-000019,sodiumphenylbutyrate,,,,,,,,,,Sodium Phenylbutyrate
MCF7,AICAR (Acadesine),0.01,1.0,SIDM00148,uM,aicar,NC(=O)c1ncn([C@@H]2O[C@H](CO)[C@@H](O)[C@H]2O)c1N,nc(=o)c1ncn([ch]2o[ch](co)[ch](o)[ch]2o)c1n,-2.0,297,mcf7,,,,1.0,,ACH-000019,aicar,,,,,,,,,,AICAR (Acadesine)
MCF7,Tofacitinib (CP-690550) Citrate,0.1,0.999999977700831,SIDM00148,uM,tofacitinib,C[C@@H]1CCN(C(=O)CC#N)C[C@@H]1N(C)c1ncnc2[nH]ccc12.O=C(O)CC(O)(CC(=O)O)C(=O)O,c[ch]1ccn(c(=o)cc#n)c[ch]1n(c)c1ncnc2[nh]ccc12,-1.0,298,mcf7,,,,0.999999977700831,,ACH-000019,tofacitinib,,,,,,,,,,Tofacitinib (CP-690550) Citrate
MCF7,SRT1720 HCl,10.0,1.0,SIDM00148,uM,srt1720,Cl.O=C(Nc1ccccc1-c1cn2c(CN3CCNCC3)csc2n1)c1cnc2ccccc2n1,o=c(nc1ccccc1c1cn2c(cn3ccncc3)csc2n1)c1cnc2ccccc2n1,1.0,299,mcf7,9.2,0.9028,0.9637878273455552,1.0,0.9028,ACH-000019,srt1720,0.223373815219,2.5,HTS,primary,1.167460562129735,,,,1.167460562129735,SRT1720 HCl
MCF7,PD173074,1.0,0.978725959470547,SIDM00148,uM,pd173074,CCN(CC)CCCCNc1ncc2cc(-c3cc(OC)cc(OC)c3)c(NC(=O)NC(C)(C)C)nc2n1,ccn(cc)ccccnc1ncc2cc(c3cc(oc)cc(oc)c3)c(nc(=o)nc(c)(c)c)nc2n1,0.0,300,mcf7,,,,0.978725959470547,,ACH-000019,pd173074,0.444679073574,2.5,HTS,primary,1.3610113268777626,,,,1.3610113268777626,PD173074
MCF7,S-Ruxolitinib (INCB018424),1.0,1.0,SIDM00148,uM,ruxolitinib,N#CC[C@@H](C1CCCC1)n1cc(-c2ncnc3[nH]ccc23)cn1,n#cc[ch](c1cccc1)n1cc(c2ncnc3[nh]ccc23)cn1,0.0,301,mcf7,1.0,1.022,0.0,1.0,1.022,ACH-000019,sruxolitinib,,,,,,,,,1.022,S-Ruxolitinib (INCB018424)
MCF7,Quercetin,0.01,0.99999965634549,SIDM00148,uM,quercetin,O=c1c(O)c(-c2ccc(O)c(O)c2)oc2cc(O)cc(O)c12,o=c1c(o)c(c2ccc(o)c(o)c2)oc2cc(o)cc(o)c12,-2.0,302,mcf7,,,,0.99999965634549,,ACH-000019,quercetin,,,,,,,,,,Quercetin
MCF7,Resveratrol,1.0,1.0,SIDM00148,uM,resveratrol,Oc1ccc(C=Cc2cc(O)cc(O)c2)cc1,oc1ccc(c=cc2cc(o)cc(o)c2)cc1,0.0,303,mcf7,,,,1.0,,ACH-000019,resveratrol,0.0523735888459,2.500037854,MTS004,primary,1.0369695916620845,,,,1.0369695916620845,Resveratrol
MCF7,Momelotinib (CYT387),10.0,0.515235442958374,SIDM00148,uM,momelotinib,N#CCNC(=O)c1ccc(-c2ccnc(Nc3ccc(N4CCOCC4)cc3)n2)cc1,n#ccnc(=o)c1ccc(c2ccnc(nc3ccc(n4ccocc4)cc3)n2)cc1,1.0,304,mcf7,8.3,0.7974,0.919078092376074,0.515235442958374,0.7974,ACH-000019,momelotinib,,,,,,,,,0.7974,Momelotinib (CYT387)
MCF7,Abexinostat (PCI-24781),0.1,1.0,SIDM00148,uM,abexinostat,CN(C)Cc1c(C(=O)NCCOc2ccc(C(=O)NO)cc2)oc2ccccc12,cn(c)cc1c(c(=o)nccoc2ccc(c(=o)no)cc2)oc2ccccc12,-1.0,305,mcf7,,,,1.0,,ACH-000019,abexinostat,,,,,,,,,,Abexinostat (PCI-24781)
MCF7,Obatoclax Mesylate (GX15-070),10.0,0.583814711220664,SIDM00148,uM,obatoclax,COC1=CC(c2cc3ccccc3[nH]2)=N/C1=C\c1[nH]c(C)cc1C.CS(=O)(=O)O,coc1=cc(c2cc3ccccc3[nh]2)=nc1=cc1[nh]c(c)cc1c,1.0,306,mcf7,8.3,0.1688,0.919078092376074,0.583814711220664,0.1688,ACH-000019,obatoclax,-3.64958725029,2.5,HTS,primary,0.07968283291019232,,,,0.07968283291019232,Obatoclax Mesylate (GX15-070)
MCF7,Thiotepa,1.0,0.9866807827279952,SIDM00148,uM,thiotepa,S=P(N1CC1)(N1CC1)N1CC1,s=p(n1cc1)(n1cc1)n1cc1,0.0,307,mcf7,,,,0.9866807827279952,,ACH-000019,thiotepa,0.0052015983654294,0.625,MTS010,secondary,1.0036119807786166,,,,1.0036119807786166,Thiotepa
MCF7,Anacardic Acid,0.01,0.999996850525534,SIDM00148,uM,anacardicacid,CCCCCCCCCCCCCCCc1cccc(O)c1C(=O)O,cccccccccccccccc1cccc(o)c1c(=o)o,-2.0,308,mcf7,,,,0.999996850525534,,ACH-000019,anacardicacid,,,,,,,,,,Anacardic Acid
MCF7,MLN8054,10.0,0.9999323214739828,SIDM00148,uM,mln8054,O=C(O)c1ccc(Nc2ncc3c(n2)-c2ccc(Cl)cc2C(c2c(F)cccc2F)=NC3)cc1,o=c(o)c1ccc(nc2ncc3c(n2)c2ccc(cl)cc2c(c2c(f)cccc2f)=nc3)cc1,1.0,309,mcf7,,,,0.9999323214739828,,ACH-000019,mln8054,-1.91580038372,2.5,HTS,primary,0.2650248630700447,,,,0.2650248630700447,MLN8054
MCF7,Resveratrol,0.01,1.0,SIDM00148,uM,resveratrol,Oc1ccc(C=Cc2cc(O)cc(O)c2)cc1,oc1ccc(c=cc2cc(o)cc(o)c2)cc1,-2.0,310,mcf7,,,,1.0,,ACH-000019,resveratrol,,,,,,,,,,Resveratrol
MCF7,Cediranib (AZD2171),0.1,0.997677747663089,SIDM00148,uM,cediranib,COc1cc2c(Oc3ccc4[nH]c(C)cc4c3F)ncnc2cc1OCCCN1CCCC1,coc1cc2c(oc3ccc4[nh]c(c)cc4c3f)ncnc2cc1occcn1cccc1,-1.0,311,mcf7,,,,0.997677747663089,,ACH-000019,cediranib,-0.102870762546,0.15625,HTS002,secondary,0.9311782315772839,,,,0.9311782315772839,Cediranib (AZD2171)
MCF7,Clevudine ,0.1,0.9951517179934928,SIDM00148,uM,clevudine,Cc1cn([C@H]2O[C@@H](CO)[C@H](O)[C@H]2F)c(=O)[nH]c1=O,cc1cn([ch]2o[ch](co)[ch](o)[ch]2f)c(=o)[nh]c1=o,-1.0,312,mcf7,,,,0.9951517179934928,,ACH-000019,clevudine,,,,,,,,,,Clevudine 
MCF7,Maraviroc,0.01,1.0,SIDM00148,uM,maraviroc,Cc1nnc(C(C)C)n1C1CC2CCC(C1)N2CCC(NC(=O)C1CCC(F)(F)CC1)c1ccccc1,cc1nnc(c(c)c)n1c1cc2ccc(c1)n2ccc(nc(=o)c1ccc(f)(f)cc1)c1ccccc1,-2.0,313,mcf7,,,,1.0,,ACH-000019,maraviroc,,,,,,,,,,Maraviroc
MCF7,Roxadustat (FG-4592),1.0,1.0,SIDM00148,uM,roxadustat,Cc1nc(C(=O)NCC(=O)O)c(O)c2ccc(Oc3ccccc3)cc12,cc1nc(c(=o)ncc(=o)o)c(o)c2ccc(oc3ccccc3)cc12,0.0,314,mcf7,,,,1.0,,ACH-000019,roxadustat,,,,,,,,,,Roxadustat (FG-4592)
MCF7,"Tozasertib (VX-680, MK-0457)",0.1,0.5762040208278121,SIDM00148,uM,tozasertib,Cc1cc(Nc2cc(N3CCN(C)CC3)nc(Sc3ccc(NC(=O)C4CC4)cc3)n2)n[nH]1,cc1cc(nc2cc(n3ccn(c)cc3)nc(sc3ccc(nc(=o)c4cc4)cc3)n2)n[nh]1,-1.0,315,mcf7,,,,0.5762040208278121,,ACH-000019,tozasertib,-0.452888305197,0.15625,HTS002,secondary,0.7305787491752345,,,,0.7305787491752345,"Tozasertib (VX-680, MK-0457)"
MCF7,Alisertib (MLN8237),10.0,0.634658341411151,SIDM00148,uM,alisertib,COc1cc(Nc2ncc3c(n2)-c2ccc(Cl)cc2C(c2c(F)cccc2OC)=NC3)ccc1C(=O)O,coc1cc(nc2ncc3c(n2)c2ccc(cl)cc2c(c2c(f)cccc2oc)=nc3)ccc1c(=o)o,1.0,316,mcf7,17.0,1.259,1.2304489213782739,0.634658341411151,1.259,ACH-000019,alisertib,0.120569866337,2.5,HTS,primary,1.0871642089401115,,,,1.0871642089401115,Alisertib (MLN8237)
MCF7,ABT-737,0.01,0.996331290319114,SIDM00148,uM,abt737,CN(C)CCC(CSc1ccccc1)Nc1ccc(S(=O)(=O)NC(=O)c2ccc(N3CCN(Cc4ccccc4-c4ccc(Cl)cc4)CC3)cc2)cc1[N+](=O)[O-],cn(c)ccc(csc1ccccc1)nc1ccc(s(=o)(=o)nc(=o)c2ccc(n3ccn(cc4ccccc4c4ccc(cl)cc4)cc3)cc2)cc1[n](=o)[o],-2.0,317,mcf7,0.009,1.093,-2.0457574905606752,0.996331290319114,1.093,ACH-000019,abt737,0.576430784063,0.00976562,HTS002,secondary,1.4911555745510792,,,,1.4911555745510792,ABT-737
MCF7,Panobinostat (LBH589),0.1,1.0,SIDM00148,uM,panobinostat,Cc1[nH]c2ccccc2c1CCNCc1ccc(C=CC(=O)NO)cc1,cc1[nh]c2ccccc2c1ccncc1ccc(c=cc(=o)no)cc1,-1.0,318,mcf7,,,,1.0,,ACH-000019,panobinostat,-3.34089063261,0.15625,HTS002,secondary,0.09869421733541268,,,,0.09869421733541268,Panobinostat (LBH589)
MCF7,Pirarubicin,1.0,0.7649835935904409,SIDM00148,uM,pirarubicin,COc1cccc2c1C(=O)c1c(O)c3c(c(O)c1C2=O)C[C@@](O)(C(=O)CO)C[C@@H]3O[C@H]1C[C@H](N)[C@H](O[C@@H]2CCCCO2)[C@H](C)O1,coc1cccc2c1c(=o)c1c(o)c3c(c(o)c1c2=o)c[c](o)(c(=o)co)c[ch]3o[ch]1c[ch](n)[ch](o[ch]2cccco2)[ch](c)o1,0.0,319,mcf7,,,,0.7649835935904409,,ACH-000019,pirarubicin,,,,,,,,,,Pirarubicin
MCF7,Daphnetin,0.01,0.999999372086296,SIDM00148,uM,daphnetin,O=c1ccc2ccc(O)c(O)c2o1,o=c1ccc2ccc(o)c(o)c2o1,-2.0,320,mcf7,,,,0.999999372086296,,ACH-000019,daphnetin,,,,,,,,,,Daphnetin
MCF7,Raltitrexed,10.0,0.999878381499412,SIDM00148,uM,raltitrexed,Cc1nc2ccc(CN(C)c3ccc(C(=O)NC(CCC(=O)O)C(=O)O)s3)cc2c(=O)[nH]1,cc1nc2ccc(cn(c)c3ccc(c(=o)nc(ccc(=o)o)c(=o)o)s3)cc2c(=o)[nh]1,1.0,321,mcf7,,,,0.999878381499412,,ACH-000019,raltitrexed,-0.221201907907,2.5,HTS,primary,0.8578504642277844,,,,0.8578504642277844,Raltitrexed
MCF7,Entinostat (MS-275),10.0,1.0,SIDM00148,uM,entinostat,Nc1ccccc1NC(=O)c1ccc(CNC(=O)OCc2cccnc2)cc1,nc1ccccc1nc(=o)c1ccc(cnc(=o)occ2cccnc2)cc1,1.0,322,mcf7,8.3,0.2034,0.919078092376074,1.0,0.2034,ACH-000019,entinostat,-1.49122020036,2.5,HTS,primary,0.3557115684606305,,,,0.3557115684606305,Entinostat (MS-275)
MCF7,TG101209,0.01,0.99997569276425,SIDM00148,uM,tg101209,Cc1cnc(Nc2ccc(N3CCN(C)CC3)cc2)nc1Nc1cccc(S(=O)(=O)NC(C)(C)C)c1,cc1cnc(nc2ccc(n3ccn(c)cc3)cc2)nc1nc1cccc(s(=o)(=o)nc(c)(c)c)c1,-2.0,323,mcf7,,,,0.99997569276425,,ACH-000019,tg101209,0.388314601482,0.00976562,HTS002,secondary,1.3088634578178784,,,,1.3088634578178784,TG101209
MCF7,Tucidinostat (Chidamide),10.0,0.9998299042808492,SIDM00148,uM,tucidinostat,Nc1ccc(F)cc1NC(=O)c1ccc(CNC(=O)C=Cc2cccnc2)cc1,nc1ccc(f)cc1nc(=o)c1ccc(cnc(=o)c=cc2cccnc2)cc1,1.0,324,mcf7,,,,0.9998299042808492,,ACH-000019,tucidinostat,,,,,,,,,,Tucidinostat (Chidamide)
MCF7,WHI-P154,10.0,0.9996515957758392,SIDM00148,uM,whip154,COc1cc2ncnc(Nc3ccc(O)c(Br)c3)c2cc1OC,coc1cc2ncnc(nc3ccc(o)c(br)c3)c2cc1oc,1.0,325,mcf7,,,,0.9996515957758392,,ACH-000019,whip154,-0.167728495311,2.5,HTS,primary,0.8902432547792364,,,,0.8902432547792364,WHI-P154
MCF7,CEP-33779,0.01,1.0,SIDM00148,uM,cep33779,CN1CCN(c2cccc(Nc3nc4c(-c5ccc(S(C)(=O)=O)cc5)cccn4n3)c2)CC1,cn1ccn(c2cccc(nc3nc4c(c5ccc(s(c)(=o)=o)cc5)cccn4n3)c2)cc1,-2.0,326,mcf7,,,,1.0,,ACH-000019,cep33779,0.278140947656,0.00976562,HTS002,secondary,1.2126312842837241,,,,1.2126312842837241,CEP-33779
MCF7,"Cerdulatinib (PRT062070, PRT2070)",0.1,0.999997649065174,SIDM00148,uM,cerdulatinib,CCS(=O)(=O)N1CCN(c2ccc(Nc3ncc(C(N)=O)c(NC4CC4)n3)cc2)CC1.Cl,ccs(=o)(=o)n1ccn(c2ccc(nc3ncc(c(n)=o)c(nc4cc4)n3)cc2)cc1,-1.0,327,mcf7,,,,0.999997649065174,,ACH-000019,cerdulatinib,,,,,,,,,,"Cerdulatinib (PRT062070, PRT2070)"
MCF7,Veliparib (ABT-888),1.0,0.9890041680073428,SIDM00148,uM,veliparib,C[C@]1(c2nc3c(C(N)=O)cccc3[nH]2)CCCN1,c[c]1(c2nc3c(c(n)=o)cccc3[nh]2)cccn1,0.0,328,mcf7,0.52,1.086,-0.2839966563652008,0.9890041680073428,1.086,ACH-000019,veliparib,-0.808366717445,2.5,HTS,primary,0.5710279558568577,,,,0.5710279558568577,Veliparib (ABT-888)
MCF7,Momelotinib (CYT387),0.01,0.999999941963615,SIDM00148,uM,momelotinib,N#CCNC(=O)c1ccc(-c2ccnc(Nc3ccc(N4CCOCC4)cc3)n2)cc1,n#ccnc(=o)c1ccc(c2ccnc(nc3ccc(n4ccocc4)cc3)n2)cc1,-2.0,329,mcf7,0.0081,1.199,-2.0915149811213505,0.999999941963615,1.199,ACH-000019,momelotinib,,,,,,,,,1.199,Momelotinib (CYT387)
MCF7,Zileuton,1.0,1.0,SIDM00148,uM,zileuton,CC(c1cc2ccccc2s1)N(O)C(N)=O,cc(c1cc2ccccc2s1)n(o)c(n)=o,0.0,330,mcf7,,,,1.0,,ACH-000019,zileuton,0.0205766949849,2.5,HTS,primary,1.014364875398477,,,,1.014364875398477,Zileuton
MCF7,MLN8054,0.1,0.9999733259631972,SIDM00148,uM,mln8054,O=C(O)c1ccc(Nc2ncc3c(n2)-c2ccc(Cl)cc2C(c2c(F)cccc2F)=NC3)cc1,o=c(o)c1ccc(nc2ncc3c(n2)c2ccc(cl)cc2c(c2c(f)cccc2f)=nc3)cc1,-1.0,331,mcf7,,,,0.9999733259631972,,ACH-000019,mln8054,-0.168479761423,0.15625,HTS002,secondary,0.8897797919802769,,,,0.8897797919802769,MLN8054
MCF7,Costunolide,10.0,0.9999022708874792,SIDM00148,uM,costunolide,C=C1C(=O)OC2/C=C(\C)CC/C=C(\C)CCC12,c=c1c(=o)oc2c=c(c)ccc=c(c)ccc12,1.0,332,mcf7,,,,0.9999022708874792,,ACH-000019,costunolide,0.239661288503,2.5,HTS,primary,1.1807154241566489,,,,1.1807154241566489,Costunolide
MCF7,PCI-34051,0.1,0.9868034811372708,SIDM00148,uM,pci34051,COc1ccc(Cn2ccc3ccc(C(=O)NO)cc32)cc1,coc1ccc(cn2ccc3ccc(c(=o)no)cc32)cc1,-1.0,333,mcf7,,,,0.9868034811372708,,ACH-000019,pci34051,,,,,,,,,,PCI-34051
MCF7,JNJ-26854165 (Serdemetan),0.1,0.9999309009988028,SIDM00148,uM,jnj26854165,c1ccc2c(CCNc3ccc(Nc4ccncc4)cc3)c[nH]c2c1,c1ccc2c(ccnc3ccc(nc4ccncc4)cc3)c[nh]c2c1,-1.0,334,mcf7,,,,0.9999309009988028,,ACH-000019,jnj26854165,,,,,,,,,,JNJ-26854165 (Serdemetan)
MCF7,Vandetanib (ZD6474),0.1,0.999982334244563,SIDM00148,uM,vandetanib,COc1cc2c(Nc3ccc(Br)cc3F)ncnc2cc1OCC1CCN(C)CC1,coc1cc2c(nc3ccc(br)cc3f)ncnc2cc1occ1ccn(c)cc1,-1.0,335,mcf7,0.13,1.215,-0.8860566476931632,0.999982334244563,1.215,ACH-000019,vandetanib,0.275870499497,0.15625,HTS002,secondary,1.2107244009291125,,,,1.2107244009291125,Vandetanib (ZD6474)
MCF7,Ramelteon,10.0,1.0,SIDM00148,uM,ramelteon,CCC(=O)NCCC1CCc2ccc3c(c21)CCO3,ccc(=o)nccc1ccc2ccc3c(c21)cco3,1.0,336,mcf7,,,,1.0,,ACH-000019,ramelteon,0.200075821886,2.5,HTS,primary,1.148758727260058,,,,1.148758727260058,Ramelteon
MCF7,Raltitrexed,1.0,0.999915224091128,SIDM00148,uM,raltitrexed,Cc1nc2ccc(CN(C)c3ccc(C(=O)NC(CCC(=O)O)C(=O)O)s3)cc2c(=O)[nH]1,cc1nc2ccc(cn(c)c3ccc(c(=o)nc(ccc(=o)o)c(=o)o)s3)cc2c(=o)[nh]1,0.0,337,mcf7,,,,0.999915224091128,,ACH-000019,raltitrexed,-0.221201907907,2.5,HTS,primary,0.8578504642277844,,,,0.8578504642277844,Raltitrexed
MCF7,TGX-221,1.0,0.999993611188162,SIDM00148,uM,tgx221,Cc1cc(C(C)Nc2ccccc2)c2nc(N3CCOCC3)cc(=O)n2c1,cc1cc(c(c)nc2ccccc2)c2nc(n3ccocc3)cc(=o)n2c1,0.0,338,mcf7,1.0,0.8801,0.0,0.999993611188162,0.8801,ACH-000019,tgx221,0.603448356538,2.5,HTS,primary,1.5193437936640264,,,,1.5193437936640264,TGX-221
MCF7,UNC0379,10.0,0.505538845766081,SIDM00148,uM,unc0379,COc1cc2nc(N3CCCC3)nc(NCCCCCN3CCCC3)c2cc1OC,coc1cc2nc(n3cccc3)nc(ncccccn3cccc3)c2cc1oc,1.0,339,mcf7,,,,0.505538845766081,,ACH-000019,unc0379,,,,,,,,,,UNC0379
MCF7,Altretamine,1.0,0.998318914269956,SIDM00148,uM,altretamine,CN(C)c1nc(N(C)C)nc(N(C)C)n1,cn(c)c1nc(n(c)c)nc(n(c)c)n1,0.0,340,mcf7,,,,0.998318914269956,,ACH-000019,altretamine,0.0973248283348,2.5,HTS,primary,1.0697879276358642,,,,1.0697879276358642,Altretamine
MCF7,Cediranib (AZD2171),1.0,0.973403744029376,SIDM00148,uM,cediranib,COc1cc2c(Oc3ccc4[nH]c(C)cc4c3F)ncnc2cc1OCCCN1CCCC1,coc1cc2c(oc3ccc4[nh]c(c)cc4c3f)ncnc2cc1occcn1cccc1,0.0,341,mcf7,,,,0.973403744029376,,ACH-000019,cediranib,-0.23790161241,2.5,HTS,primary,0.8479777922711429,,,,0.8479777922711429,Cediranib (AZD2171)
MCF7,Tofacitinib (CP-690550) Citrate,10.0,0.99990421217408,SIDM00148,uM,tofacitinib,C[C@@H]1CCN(C(=O)CC#N)C[C@@H]1N(C)c1ncnc2[nH]ccc12.O=C(O)CC(O)(CC(=O)O)C(=O)O,c[ch]1ccn(c(=o)cc#n)c[ch]1n(c)c1ncnc2[nh]ccc12,1.0,342,mcf7,,,,0.99990421217408,,ACH-000019,tofacitinib,-0.575463605035,2.5,HTS,primary,0.6710705705433755,,,,0.6710705705433755,Tofacitinib (CP-690550) Citrate
MCF7,Entinostat (MS-275),1.0,1.0,SIDM00148,uM,entinostat,Nc1ccccc1NC(=O)c1ccc(CNC(=O)OCc2cccnc2)cc1,nc1ccccc1nc(=o)c1ccc(cnc(=o)occ2cccnc2)cc1,0.0,343,mcf7,1.0,0.6619,0.0,1.0,0.6619,ACH-000019,entinostat,-1.49122020036,2.5,HTS,primary,0.3557115684606305,,,,0.3557115684606305,Entinostat (MS-275)
MCF7,S3I-201,0.01,0.999998935520736,SIDM00148,uM,s3i201,Cc1ccc(S(=O)(=O)OCC(=O)Nc2ccc(C(=O)O)c(O)c2)cc1,cc1ccc(s(=o)(=o)occ(=o)nc2ccc(c(=o)o)c(o)c2)cc1,-2.0,344,mcf7,,,,0.999998935520736,,ACH-000019,s3i201,,,,,,,,,,S3I-201
MCF7,Hesperadin,0.01,0.9336240075107288,SIDM00148,uM,hesperadin,CCS(=O)(=O)Nc1ccc2c(c1)C(=C(Nc1ccc(CN3CCCCC3)cc1)c1ccccc1)C(=O)N2,ccs(=o)(=o)nc1ccc2c(c1)c(=c(nc1ccc(cn3ccccc3)cc1)c1ccccc1)c(=o)n2,-2.0,345,mcf7,,,,0.9336240075107288,,ACH-000019,hesperadin,,0.00976562,HTS002,secondary,,,,,,Hesperadin
MCF7,Toremifene Citrate,0.01,0.999999999999001,SIDM00148,uM,toremifene,CN(C)CCOc1ccc(/C(=C(/CCCl)c2ccccc2)c2ccccc2)cc1.O=C(O)CC(O)(CC(=O)O)C(=O)O,cn(c)ccoc1ccc(c(=c(cccl)c2ccccc2)c2ccccc2)cc1,-2.0,346,mcf7,,,,0.999999999999001,,ACH-000019,toremifene,-0.461240851832,0.00976562,HTS002,secondary,0.7263612517257338,,,,0.7263612517257338,Toremifene Citrate
MCF7,Lenalidomide (CC-5013),0.1,1.0,SIDM00148,uM,lenalidomide,Nc1cccc2c1CN(C1CCC(=O)NC1=O)C2=O,nc1cccc2c1cn(c1ccc(=o)nc1=o)c2=o,-1.0,347,mcf7,,,,1.0,,ACH-000019,lenalidomide,0.315849852454,0.15625,HTS002,secondary,1.2447446826492343,,,,1.2447446826492343,Lenalidomide (CC-5013)
MCF7,Abexinostat (PCI-24781),0.01,1.0,SIDM00148,uM,abexinostat,CN(C)Cc1c(C(=O)NCCOc2ccc(C(=O)NO)cc2)oc2ccccc12,cn(c)cc1c(c(=o)nccoc2ccc(c(=o)no)cc2)oc2ccccc12,-2.0,348,mcf7,,,,1.0,,ACH-000019,abexinostat,,,,,,,,,,Abexinostat (PCI-24781)
MCF7,"Cerdulatinib (PRT062070, PRT2070)",1.0,0.9992816494656708,SIDM00148,uM,cerdulatinib,CCS(=O)(=O)N1CCN(c2ccc(Nc3ncc(C(N)=O)c(NC4CC4)n3)cc2)CC1.Cl,ccs(=o)(=o)n1ccn(c2ccc(nc3ncc(c(n)=o)c(nc4cc4)n3)cc2)cc1,0.0,349,mcf7,,,,0.9992816494656708,,ACH-000019,cerdulatinib,,,,,,,,,,"Cerdulatinib (PRT062070, PRT2070)"
MCF7,Disulfiram ,1.0,0.9999762780152472,SIDM00148,uM,disulfiram,CCN(CC)C(=S)SSC(=S)N(CC)CC,ccn(cc)c(=s)ssc(=s)n(cc)cc,0.0,350,mcf7,,,,0.9999762780152472,,ACH-000019,disulfiram,-0.212510968823,2.5,HTS,primary,0.8630338380484834,,,,0.8630338380484834,Disulfiram 
MCF7,Bisindolylmaleimide IX (Ro 31-8220 Mesylate),1.0,0.9667713112927891,SIDM00148,uM,bisindolylmaleimideix,CS(=O)(=O)O.Cn1cc(C2=C(c3cn(CCCSC(=N)N)c4ccccc34)C(=O)NC2=O)c2ccccc21,cn1cc(c2=c(c3cn(cccsc(=n)n)c4ccccc34)c(=o)nc2=o)c2ccccc21,0.0,351,mcf7,,,,0.9667713112927891,,ACH-000019,bisindolylmaleimideix,-0.83394229221,2.5,HTS,primary,0.5609941795791117,,,,0.5609941795791117,Bisindolylmaleimide IX (Ro 31-8220 Mesylate)
MCF7,RG108,1.0,1.0,SIDM00148,uM,rg108,O=C(O)[C@H](Cc1c[nH]c2ccccc12)N1C(=O)c2ccccc2C1=O,o=c(o)[ch](cc1c[nh]c2ccccc12)n1c(=o)c2ccccc2c1=o,0.0,352,mcf7,1.0,1.097,0.0,1.0,1.097,ACH-000019,rg108,-0.870137976016,2.5,HTS,primary,0.5470945252735911,,,,0.5470945252735911,RG108
MCF7,Ramelteon,0.1,1.0,SIDM00148,uM,ramelteon,CCC(=O)NCCC1CCc2ccc3c(c21)CCO3,ccc(=o)nccc1ccc2ccc3c(c21)cco3,-1.0,353,mcf7,,,,1.0,,ACH-000019,ramelteon,,,,,,,,,,Ramelteon
MCF7,PJ34,0.01,1.0,SIDM00148,uM,pj34,CN(C)CC(=O)Nc1ccc2[nH]c(=O)c3ccccc3c2c1,cn(c)cc(=o)nc1ccc2[nh]c(=o)c3ccccc3c2c1,-2.0,354,mcf7,,,,1.0,,ACH-000019,pj34,0.624441908902,0.00976562,HTS002,secondary,1.5416143530732969,,,,1.5416143530732969,PJ34
MCF7,JNJ-7706621,10.0,0.980482887080138,SIDM00148,uM,jnj7706621,Nc1nc(Nc2ccc(S(N)(=O)=O)cc2)nn1C(=O)c1c(F)cccc1F,nc1nc(nc2ccc(s(n)(=o)=o)cc2)nn1c(=o)c1c(f)cccc1f,1.0,355,mcf7,,,,0.980482887080138,,ACH-000019,jnj7706621,-3.24654339638,2.5,HTS,primary,0.10536419549563698,,,,0.10536419549563698,JNJ-7706621
MCF7,S-Ruxolitinib (INCB018424),0.01,1.0,SIDM00148,uM,ruxolitinib,N#CC[C@@H](C1CCCC1)n1cc(-c2ncnc3[nH]ccc23)cn1,n#cc[ch](c1cccc1)n1cc(c2ncnc3[nh]ccc23)cn1,-2.0,356,mcf7,0.016,0.9525,-1.7958800173440752,1.0,0.9525,ACH-000019,sruxolitinib,,,,,,,,,0.9525,S-Ruxolitinib (INCB018424)
MCF7,Barasertib (AZD1152-HQPA),1.0,0.967993083800687,SIDM00148,uM,barasertib,CCN(CCO)CCCOc1ccc2c(Nc3cc(CC(=O)Nc4cccc(F)c4)n[nH]3)ncnc2c1,ccn(cco)cccoc1ccc2c(nc3cc(cc(=o)nc4cccc(f)c4)n[nh]3)ncnc2c1,0.0,357,mcf7,1.0,0.7486,0.0,0.967993083800687,0.7486,ACH-000019,barasertib,-0.404778027564,2.5,HTS,primary,0.7553525020510153,,,,0.7553525020510153,Barasertib (AZD1152-HQPA)
MCF7,Cimetidine ,1.0,0.992819135555164,SIDM00148,uM,cimetidine,CNC(=NC#N)NCCSCc1nc[nH]c1C,cnc(=nc#n)nccscc1nc[nh]c1c,0.0,358,mcf7,1.0,1.036,0.0,0.992819135555164,1.036,ACH-000019,cimetidine,-0.754217811579,2.5,HTS,primary,0.592867734456441,,,,0.592867734456441,Cimetidine 
MCF7,Divalproex Sodium,0.1,1.0,SIDM00148,uM,divalproex,CCCC(CCC)C(=O)O.CCCC(CCC)C(=O)[O-].[Na+],cccc(ccc)c(=o)[o],-1.0,359,mcf7,,,,1.0,,ACH-000019,divalproex,,,,,,,,,,Divalproex Sodium
MCF7,UNC0379,0.01,0.9999999998533722,SIDM00148,uM,unc0379,COc1cc2nc(N3CCCC3)nc(NCCCCCN3CCCC3)c2cc1OC,coc1cc2nc(n3cccc3)nc(ncccccn3cccc3)c2cc1oc,-2.0,360,mcf7,,,,0.9999999998533722,,ACH-000019,unc0379,,,,,,,,,,UNC0379
MCF7,Motesanib Diphosphate (AMG-706),0.1,1.0,SIDM00148,uM,motesanibdiphosphate,CC1(C)CNc2cc(NC(=O)c3cccnc3NCc3ccncc3)ccc21.O=P(O)(O)O.O=P(O)(O)O,cc1(c)cnc2cc(nc(=o)c3cccnc3ncc3ccncc3)ccc21,-1.0,361,mcf7,,,,1.0,,ACH-000019,motesanibdiphosphate,,,,,,,,,,Motesanib Diphosphate (AMG-706)
MCF7,SRT3025 HCl,0.01,1.0,SIDM00148,uM,srt3025,COCCCc1sc(-c2ccccc2)nc1C(=O)Nc1ccccc1-c1nc2cc(CN3CCCC3)cnc2s1.Cl,cocccc1sc(c2ccccc2)nc1c(=o)nc1ccccc1c1nc2cc(cn3cccc3)cnc2s1,-2.0,362,mcf7,,,,1.0,,ACH-000019,srt3025,,,,,,,,,,SRT3025 HCl
MCF7,Tacedinaline (CI994),1.0,0.999993031901592,SIDM00148,uM,tacedinaline,CC(=O)Nc1ccc(C(=O)Nc2ccccc2N)cc1,cc(=o)nc1ccc(c(=o)nc2ccccc2n)cc1,0.0,363,mcf7,,,,0.999993031901592,,ACH-000019,tacedinaline,-1.36973529895,2.5,HTS,primary,0.3869622404610755,,,,0.3869622404610755,Tacedinaline (CI994)
MCF7,Resveratrol,10.0,1.0,SIDM00148,uM,resveratrol,Oc1ccc(C=Cc2cc(O)cc(O)c2)cc1,oc1ccc(c=cc2cc(o)cc(o)c2)cc1,1.0,364,mcf7,,,,1.0,,ACH-000019,resveratrol,0.0523735888459,2.500037854,MTS004,primary,1.0369695916620845,,,,1.0369695916620845,Resveratrol
MCF7,Dacinostat (LAQ824),0.1,0.999995592136951,SIDM00148,uM,dacinostat,O=C(C=Cc1ccc(CN(CCO)CCc2c[nH]c3ccccc23)cc1)NO,o=c(c=cc1ccc(cn(cco)ccc2c[nh]c3ccccc23)cc1)no,-1.0,365,mcf7,,,,0.999995592136951,,ACH-000019,dacinostat,-0.510840033594,0.15625,HTS002,secondary,0.7018136759906802,,,,0.7018136759906802,Dacinostat (LAQ824)
MCF7,"Patupilone (EPO906, Epothilone B)",0.01,0.9999944580835648,SIDM00148,uM,patupilone,C/C(=C\c1csc(C)n1)C1CC2OC2(C)CCCC(C)C(O)C(C)C(=O)C(C)(C)C(O)CC(=O)O1,cc(=cc1csc(c)n1)c1cc2oc2(c)cccc(c)c(o)c(c)c(=o)c(c)(c)c(o)cc(=o)o1,-2.0,366,mcf7,,,,0.9999944580835648,,ACH-000019,patupilone,,,,,,,,,,"Patupilone (EPO906, Epothilone B)"
MCF7,Curcumin,0.01,1.0,SIDM00148,uM,curcumin,COc1cc(C=CC(=O)C=C(O)C=Cc2ccc(O)c(OC)c2)ccc1O,coc1cc(c=cc(=o)c=c(o)c=cc2ccc(o)c(oc)c2)ccc1o,-2.0,367,mcf7,0.01,0.9033,-2.0,1.0,0.9033,ACH-000019,curcumin,-0.0874914281401,0.00969109,HTS002,secondary,0.9411578214346125,,,,0.9411578214346125,Curcumin
MCF7,Resveratrol,0.1,1.0,SIDM00148,uM,resveratrol,Oc1ccc(C=Cc2cc(O)cc(O)c2)cc1,oc1ccc(c=cc2cc(o)cc(o)c2)cc1,-1.0,368,mcf7,,,,1.0,,ACH-000019,resveratrol,,,,,,,,,,Resveratrol
MCF7,"Fedratinib (SAR302503, TG101348)",0.01,0.999999999999948,SIDM00148,uM,fedratinib,Cc1cnc(Nc2ccc(OCCN3CCCC3)cc2)nc1Nc1cccc(S(=O)(=O)NC(C)(C)C)c1,cc1cnc(nc2ccc(occn3cccc3)cc2)nc1nc1cccc(s(=o)(=o)nc(c)(c)c)c1,-2.0,369,mcf7,,,,0.999999999999948,,ACH-000019,fedratinib,0.429376548317,0.00976562,HTS002,secondary,1.3466515040388762,,,,1.3466515040388762,"Fedratinib (SAR302503, TG101348)"
MCF7,Fasudil (HA-1077) HCl,1.0,1.0,SIDM00148,uM,fasudil,Cl.O=S(=O)(c1cccc2cnccc12)N1CCCNCC1,o=s(=o)(c1cccc2cnccc12)n1cccncc1,0.0,370,mcf7,,,,1.0,,ACH-000019,fasudil,0.0695880745593,2.5,HTS,primary,1.049417006095993,,,,1.049417006095993,Fasudil (HA-1077) HCl
MCF7,Ruxolitinib (INCB018424),10.0,0.999996904606178,SIDM00148,uM,ruxolitinib,N#CC[C@H](C1CCCC1)n1cc(-c2ncnc3[nH]ccc23)cn1,n#cc[ch](c1cccc1)n1cc(c2ncnc3[nh]ccc23)cn1,1.0,371,mcf7,17.0,1.256,1.2304489213782739,0.999996904606178,1.256,ACH-000019,ruxolitinib,-1.10139946736,2.5,HTS,primary,0.46606417699251335,,,,0.46606417699251335,Ruxolitinib (INCB018424)
MCF7,Toremifene Citrate,10.0,0.6712327079148579,SIDM00148,uM,toremifene,CN(C)CCOc1ccc(/C(=C(/CCCl)c2ccccc2)c2ccccc2)cc1.O=C(O)CC(O)(CC(=O)O)C(=O)O,cn(c)ccoc1ccc(c(=c(cccl)c2ccccc2)c2ccccc2)cc1,1.0,372,mcf7,,,,0.6712327079148579,,ACH-000019,toremifene,-0.423532155847,2.5,HTS,primary,0.7455969399959791,,,,0.7455969399959791,Toremifene Citrate
MCF7,Mocetinostat (MGCD0103),0.1,0.999725984881874,SIDM00148,uM,mocetinostat,Nc1ccccc1NC(=O)c1ccc(CNc2nccc(-c3cccnc3)n2)cc1,nc1ccccc1nc(=o)c1ccc(cnc2nccc(c3cccnc3)n2)cc1,-1.0,373,mcf7,,,,0.999725984881874,,ACH-000019,mocetinostat,,0.15625,HTS002,secondary,,,,,,Mocetinostat (MGCD0103)
MCF7,Trametinib (GSK1120212),1.0,0.999910869258484,SIDM00148,uM,trametinib,CC(=O)Nc1cccc(-n2c(=O)n(C3CC3)c(=O)c3c(Nc4ccc(I)cc4F)n(C)c(=O)c(C)c32)c1,cc(=o)nc1cccc(n2c(=o)n(c3cc3)c(=o)c3c(nc4ccc(i)cc4f)n(c)c(=o)c(c)c32)c1,0.0,374,mcf7,,,,0.999910869258484,,ACH-000019,trametinib,1.07186214766,2.5,HTS,primary,2.1021449445072866,,,,2.1021449445072866,Trametinib (GSK1120212)
MCF7,G007-LK,0.01,0.998902188721703,SIDM00148,uM,g007lk,CS(=O)(=O)c1ccc(-c2nnc(C=Cc3nnc(-c4ccc(C#N)cc4)o3)n2-c2ccccc2Cl)nc1,cs(=o)(=o)c1ccc(c2nnc(c=cc3nnc(c4ccc(c#n)cc4)o3)n2c2ccccc2cl)nc1,-2.0,375,mcf7,,,,0.998902188721703,,ACH-000019,g007lk,,,,,,,,,,G007-LK
MCF7,SRT3025 HCl,1.0,1.0,SIDM00148,uM,srt3025,COCCCc1sc(-c2ccccc2)nc1C(=O)Nc1ccccc1-c1nc2cc(CN3CCCC3)cnc2s1.Cl,cocccc1sc(c2ccccc2)nc1c(=o)nc1ccccc1c1nc2cc(cn3cccc3)cnc2s1,0.0,376,mcf7,,,,1.0,,ACH-000019,srt3025,,,,,,,,,,SRT3025 HCl
MCF7,AG-14361,0.01,0.9984582684180608,SIDM00148,uM,ag14361,CN(C)Cc1ccc(-c2nc3cccc4c3n2CCNC4=O)cc1,cn(c)cc1ccc(c2nc3cccc4c3n2ccnc4=o)cc1,-2.0,377,mcf7,,,,0.9984582684180608,,ACH-000019,ag14361,0.448338714641,0.00976562,HTS002,secondary,1.3644681458778363,,,,1.3644681458778363,AG-14361
MCF7,SRT1720 HCl,1.0,1.0,SIDM00148,uM,srt1720,Cl.O=C(Nc1ccccc1-c1cn2c(CN3CCNCC3)csc2n1)c1cnc2ccccc2n1,o=c(nc1ccccc1c1cn2c(cn3ccncc3)csc2n1)c1cnc2ccccc2n1,0.0,378,mcf7,1.2,1.213,0.07918124604762482,1.0,1.213,ACH-000019,srt1720,0.223373815219,2.5,HTS,primary,1.167460562129735,,,,1.167460562129735,SRT1720 HCl
MCF7,JNJ-7706621,0.01,0.9999931340514971,SIDM00148,uM,jnj7706621,Nc1nc(Nc2ccc(S(N)(=O)=O)cc2)nn1C(=O)c1c(F)cccc1F,nc1nc(nc2ccc(s(n)(=o)=o)cc2)nn1c(=o)c1c(f)cccc1f,-2.0,379,mcf7,,,,0.9999931340514971,,ACH-000019,jnj7706621,0.682767992637,0.00976562,HTS002,secondary,1.605216613363872,,,,1.605216613363872,JNJ-7706621
MCF7,Carmofur,0.01,0.999731763768595,SIDM00148,uM,carmofur,CCCCCCNC(=O)n1cc(F)c(=O)[nH]c1=O,ccccccnc(=o)n1cc(f)c(=o)[nh]c1=o,-2.0,380,mcf7,,,,0.999731763768595,,ACH-000019,carmofur,-0.147007499916346,0.00977,MTS010,secondary,0.9031218152194367,,,,0.9031218152194367,Carmofur
MCF7,Aminoglutethimide ,1.0,1.0,SIDM00148,uM,aminoglutethimide,CCC1(c2ccc(N)cc2)CCC(=O)NC1=O,ccc1(c2ccc(n)cc2)ccc(=o)nc1=o,0.0,381,mcf7,,,,1.0,,ACH-000019,aminoglutethimide,0.549031844894,2.5,HTS,primary,1.4631035157222139,,,,1.4631035157222139,Aminoglutethimide 
MCF7,Aurora A Inhibitor I,0.1,0.9996431642008692,SIDM00148,uM,auroraainhibitori,CCN1CCN(C(=O)Cc2ccc(Nc3ncc(F)c(Nc4ccc(C(=O)Nc5ccccc5Cl)cc4)n3)cc2)CC1,ccn1ccn(c(=o)cc2ccc(nc3ncc(f)c(nc4ccc(c(=o)nc5ccccc5cl)cc4)n3)cc2)cc1,-1.0,382,mcf7,,,,0.9996431642008692,,ACH-000019,auroraainhibitori,0.585145360429,0.15625,HTS002,secondary,1.500190135085827,,,,1.500190135085827,Aurora A Inhibitor I
MCF7,FLLL32,10.0,0.876751635801626,SIDM00148,uM,flll32,COc1ccc(C=CC(=O)C2(C(=O)C=Cc3ccc(OC)c(OC)c3)CCCCC2)cc1OC,coc1ccc(c=cc(=o)c2(c(=o)c=cc3ccc(oc)c(oc)c3)ccccc2)cc1oc,1.0,383,mcf7,,,,0.876751635801626,,ACH-000019,flll32,,,,,,,,,,FLLL32
MCF7,Tacedinaline (CI994),0.1,0.999998796034296,SIDM00148,uM,tacedinaline,CC(=O)Nc1ccc(C(=O)Nc2ccccc2N)cc1,cc(=o)nc1ccc(c(=o)nc2ccccc2n)cc1,-1.0,384,mcf7,,,,0.999998796034296,,ACH-000019,tacedinaline,0.513575064275,0.15625,HTS002,secondary,1.4275834330468746,,,,1.4275834330468746,Tacedinaline (CI994)
MCF7,Disulfiram ,0.01,0.999996896594558,SIDM00148,uM,disulfiram,CCN(CC)C(=S)SSC(=S)N(CC)CC,ccn(cc)c(=s)ssc(=s)n(cc)cc,-2.0,385,mcf7,,,,0.999996896594558,,ACH-000019,disulfiram,-0.0558811815757,0.009765623,MTS006,secondary,0.9620066809793617,,,,0.9620066809793617,Disulfiram 
MCF7,Azacitidine ,0.01,0.999990077513452,SIDM00148,uM,azacitidine,Nc1ncn([C@@H]2O[C@H](CO)[C@@H](O)[C@H]2O)c(=O)n1,nc1ncn([ch]2o[ch](co)[ch](o)[ch]2o)c(=o)n1,-2.0,386,mcf7,0.0081,0.9405,-2.0915149811213505,0.999990077513452,0.9405,ACH-000019,azacitidine,-0.29470287332874,0.00977,MTS010,secondary,0.8152402158863642,,,,0.8152402158863642,Azacitidine 
MCF7,Tacedinaline (CI994),10.0,0.99996287824898,SIDM00148,uM,tacedinaline,CC(=O)Nc1ccc(C(=O)Nc2ccccc2N)cc1,cc(=o)nc1ccc(c(=o)nc2ccccc2n)cc1,1.0,387,mcf7,,,,0.99996287824898,,ACH-000019,tacedinaline,-1.36973529895,2.5,HTS,primary,0.3869622404610755,,,,0.3869622404610755,Tacedinaline (CI994)
MCF7,UNC0631,0.01,0.999999999916032,SIDM00148,uM,unc0631,COc1cc2c(NC3CCN(CC4CCCCC4)CC3)nc(N3CCCN(C(C)C)CC3)nc2cc1OCCCN1CCCCC1,coc1cc2c(nc3ccn(cc4ccccc4)cc3)nc(n3cccn(c(c)c)cc3)nc2cc1occcn1ccccc1,-2.0,388,mcf7,,,,0.999999999916032,,ACH-000019,unc0631,0.202773221295,0.009765625,MTS006,secondary,1.1509085646169301,,,,1.1509085646169301,UNC0631
MCF7,Epothilone A,10.0,0.999967868996917,SIDM00148,uM,epothilonea,C/C(=C\c1csc(C)n1)C1CC2OC2CCCC(C)C(O)C(C)C(=O)C(C)(C)C(O)CC(=O)O1,cc(=cc1csc(c)n1)c1cc2oc2cccc(c)c(o)c(c)c(=o)c(c)(c)c(o)cc(=o)o1,1.0,389,mcf7,,,,0.999967868996917,,ACH-000019,epothilonea,-3.25836615596,2.5,HTS,primary,0.1045042734415795,,,,0.1045042734415795,Epothilone A
MCF7,Lomustine ,0.1,1.0,SIDM00148,uM,lomustine,O=NN(CCCl)C(=O)NC1CCCCC1,o=nn(cccl)c(=o)nc1ccccc1,-1.0,390,mcf7,,,,1.0,,ACH-000019,lomustine,,,,,,,,,,Lomustine 
MCF7,RG108,10.0,1.0,SIDM00148,uM,rg108,O=C(O)[C@H](Cc1c[nH]c2ccccc12)N1C(=O)c2ccccc2C1=O,o=c(o)[ch](cc1c[nh]c2ccccc12)n1c(=o)c2ccccc2c1=o,1.0,391,mcf7,8.3,0.9547,0.919078092376074,1.0,0.9547,ACH-000019,rg108,-0.870137976016,2.5,HTS,primary,0.5470945252735911,,,,0.5470945252735911,RG108
MCF7,Pirarubicin,0.1,0.8913291019911399,SIDM00148,uM,pirarubicin,COc1cccc2c1C(=O)c1c(O)c3c(c(O)c1C2=O)C[C@@](O)(C(=O)CO)C[C@@H]3O[C@H]1C[C@H](N)[C@H](O[C@@H]2CCCCO2)[C@H](C)O1,coc1cccc2c1c(=o)c1c(o)c3c(c(o)c1c2=o)c[c](o)(c(=o)co)c[ch]3o[ch]1c[ch](n)[ch](o[ch]2cccco2)[ch](c)o1,-1.0,392,mcf7,,,,0.8913291019911399,,ACH-000019,pirarubicin,,,,,,,,,,Pirarubicin
MCF7,Sorafenib Tosylate,10.0,0.7953927743933571,SIDM00148,uM,sorafenibtosylate,CNC(=O)c1cc(Oc2ccc(NC(=O)Nc3ccc(Cl)c(C(F)(F)F)c3)cc2)ccn1.Cc1ccc(S(=O)(=O)O)cc1,cnc(=o)c1cc(oc2ccc(nc(=o)nc3ccc(cl)c(c(f)(f)f)c3)cc2)ccn1,1.0,393,mcf7,,,,0.7953927743933571,,ACH-000019,sorafenibtosylate,,,,,,,,,,Sorafenib Tosylate
MCF7,Tubastatin A HCl,0.01,0.9999994555126308,SIDM00148,uM,tubastatina,CN1CCc2c(c3ccccc3n2Cc2ccc(C(=O)NO)cc2)C1.Cl,cn1ccc2c(c3ccccc3n2cc2ccc(c(=o)no)cc2)c1,-2.0,394,mcf7,0.0081,1.093,-2.0915149811213505,0.9999994555126308,1.093,ACH-000019,tubastatina,,,,,,,,,1.093,Tubastatin A HCl
MCF7,BMS-754807,10.0,0.4202754130060671,SIDM00148,uM,bms754807,CC1(C(=O)Nc2ccc(F)nc2)CCCN1c1nc(Nc2cc(C3CC3)[nH]n2)c2cccn2n1,cc1(c(=o)nc2ccc(f)nc2)cccn1c1nc(nc2cc(c3cc3)[nh]n2)c2cccn2n1,1.0,395,mcf7,8.3,0.2498,0.919078092376074,0.4202754130060671,0.2498,ACH-000019,bms754807,-1.42029567541,2.5,HTS,primary,0.3736357289476503,,,,0.3736357289476503,BMS-754807
MCF7,BMS-754807,0.1,0.998216295507746,SIDM00148,uM,bms754807,CC1(C(=O)Nc2ccc(F)nc2)CCCN1c1nc(Nc2cc(C3CC3)[nH]n2)c2cccn2n1,cc1(c(=o)nc2ccc(f)nc2)cccn1c1nc(nc2cc(c3cc3)[nh]n2)c2cccn2n1,-1.0,396,mcf7,0.13,0.5079,-0.8860566476931632,0.998216295507746,0.5079,ACH-000019,bms754807,0.129663018783,0.15625,HTS002,secondary,1.0940381286348604,,,,1.0940381286348604,BMS-754807
MCF7,Ki8751,0.01,0.9999772525218172,SIDM00148,uM,ki8751,COc1cc2nccc(Oc3ccc(NC(=O)Nc4ccc(F)cc4F)c(F)c3)c2cc1OC,coc1cc2nccc(oc3ccc(nc(=o)nc4ccc(f)cc4f)c(f)c3)c2cc1oc,-2.0,397,mcf7,0.0081,1.061,-2.0915149811213505,0.9999772525218172,1.061,ACH-000019,ki8751,0.0989235618189,0.00976562,HTS002,secondary,1.0709740783653123,,,,1.0709740783653123,Ki8751
MCF7,Belinostat (PXD101),0.1,0.9999999999794008,SIDM00148,uM,belinostat,O=C(C=Cc1cccc(S(=O)(=O)Nc2ccccc2)c1)NO,o=c(c=cc1cccc(s(=o)(=o)nc2ccccc2)c1)no,-1.0,398,mcf7,,,,0.9999999999794008,,ACH-000019,belinostat,0.461125493805,0.15625,HTS002,secondary,1.3766153422004288,,,,1.3766153422004288,Belinostat (PXD101)
MCF7,Clevudine ,10.0,0.9549620394774052,SIDM00148,uM,clevudine,Cc1cn([C@H]2O[C@@H](CO)[C@H](O)[C@H]2F)c(=O)[nH]c1=O,cc1cn([ch]2o[ch](co)[ch](o)[ch]2f)c(=o)[nh]c1=o,1.0,399,mcf7,,,,0.9549620394774052,,ACH-000019,clevudine,-0.606518941299,2.5,HTS,primary,0.6567795257129698,,,,0.6567795257129698,Clevudine 
MCF7,Crizotinib (PF-02341066),1.0,0.9355807168943,SIDM00148,uM,crizotinib,CC(Oc1cc(-c2cnn(C3CCNCC3)c2)cnc1N)c1c(Cl)ccc(F)c1Cl,cc(oc1cc(c2cnn(c3ccncc3)c2)cnc1n)c1c(cl)ccc(f)c1cl,0.0,400,mcf7,1.0,0.6613,0.0,0.9355807168943,0.6613,ACH-000019,crizotinib,-0.659745589083,2.5,HTS,primary,0.6329899112493108,,,,0.6329899112493108,Crizotinib (PF-02341066)
MCF7,Bosutinib (SKI-606),0.1,0.913965472932501,SIDM00148,uM,bosutinib,COc1cc(Nc2c(C#N)cnc3cc(OCCCN4CCN(C)CC4)c(OC)cc23)c(Cl)cc1Cl,coc1cc(nc2c(c#n)cnc3cc(occcn4ccn(c)cc4)c(oc)cc23)c(cl)cc1cl,-1.0,401,mcf7,0.13,1.223,-0.8860566476931632,0.913965472932501,1.223,ACH-000019,bosutinib,0.901279666631,0.15625,HTS002,secondary,1.8677219128886529,,,,1.8677219128886529,Bosutinib (SKI-606)
MCF7,Celecoxib,10.0,0.9927955888371992,SIDM00148,uM,celecoxib,Cc1ccc(-c2cc(C(F)(F)F)nn2-c2ccc(S(N)(=O)=O)cc2)cc1,cc1ccc(c2cc(c(f)(f)f)nn2c2ccc(s(n)(=o)=o)cc2)cc1,1.0,402,mcf7,,,,0.9927955888371992,,ACH-000019,celecoxib,0.394098445282,2.5,HTS,primary,1.3141212958763762,,,,1.3141212958763762,Celecoxib
MCF7,Givinostat (ITF2357),1.0,0.994004773465447,SIDM00148,uM,givinostat,CCN(CC)Cc1ccc2cc(COC(=O)Nc3ccc(C(=O)NO)cc3)ccc2c1.Cl.O,ccn(cc)cc1ccc2cc(coc(=o)nc3ccc(c(=o)no)cc3)ccc2c1,0.0,403,mcf7,,,,0.994004773465447,,ACH-000019,givinostat,-3.9286767997,2.5,HTS,primary,0.06566749353793261,,,,0.06566749353793261,Givinostat (ITF2357)
MCF7,Dacinostat (LAQ824),1.0,0.99997063339284,SIDM00148,uM,dacinostat,O=C(C=Cc1ccc(CN(CCO)CCc2c[nH]c3ccccc23)cc1)NO,o=c(c=cc1ccc(cn(cco)ccc2c[nh]c3ccccc23)cc1)no,0.0,404,mcf7,,,,0.99997063339284,,ACH-000019,dacinostat,-0.917349691914,2.5,HTS,primary,0.5294808120105383,,,,0.5294808120105383,Dacinostat (LAQ824)
MCF7,Navitoclax (ABT-263),1.0,0.999033935367304,SIDM00148,uM,navitoclax,CC1(C)CCC(c2ccc(Cl)cc2)=C(CN2CCN(c3ccc(C(=O)NS(=O)(=O)c4ccc(N[C@H](CCN5CCOCC5)CSc5ccccc5)c(S(=O)(=O)C(F)(F)F)c4)cc3)CC2)C1,cc1(c)ccc(c2ccc(cl)cc2)=c(cn2ccn(c3ccc(c(=o)ns(=o)(=o)c4ccc(n[ch](ccn5ccocc5)csc5ccccc5)c(s(=o)(=o)c(f)(f)f)c4)cc3)cc2)c1,0.0,405,mcf7,1.0,0.8914,0.0,0.999033935367304,0.8914,ACH-000019,navitoclax,0.206876675491,2.5,HTS,primary,1.1541867510667263,,,,1.1541867510667263,Navitoclax (ABT-263)
MCF7,Tazemetostat (EPZ-6438),0.01,0.9999999528146378,SIDM00148,uM,tazemetostat,CCN(c1cc(-c2ccc(CN3CCOCC3)cc2)cc(C(=O)NCc2c(C)cc(C)[nH]c2=O)c1C)C1CCOCC1,ccn(c1cc(c2ccc(cn3ccocc3)cc2)cc(c(=o)ncc2c(c)cc(c)[nh]c2=o)c1c)c1ccocc1,-2.0,406,mcf7,,,,0.9999999528146378,,ACH-000019,tazemetostat,0.139901112064,0.00902672,HTS002,secondary,1.1018295895975794,,,,1.1018295895975794,Tazemetostat (EPZ-6438)
MCF7,TMP195,1.0,0.937073802398141,SIDM00148,uM,tmp195,CC(C)(CNC(=O)c1cccc(-c2noc(C(F)(F)F)n2)c1)c1coc(-c2ccccc2)n1,cc(c)(cnc(=o)c1cccc(c2noc(c(f)(f)f)n2)c1)c1coc(c2ccccc2)n1,0.0,407,mcf7,,,,0.937073802398141,,ACH-000019,tmp195,,,,,,,,,,TMP195
MCF7,ENMD-2076,0.01,0.99999997168141,SIDM00148,uM,enmd2076,Cc1cc(Nc2cc(N3CCN(C)CC3)nc(C=Cc3ccccc3)n2)n[nH]1,cc1cc(nc2cc(n3ccn(c)cc3)nc(c=cc3ccccc3)n2)n[nh]1,-2.0,408,mcf7,,,,0.99999997168141,,ACH-000019,enmd2076,0.285775282892,0.00976562,HTS002,secondary,1.2190651952178644,,,,1.2190651952178644,ENMD-2076
MCF7,S-Ruxolitinib (INCB018424),0.1,1.0,SIDM00148,uM,ruxolitinib,N#CC[C@@H](C1CCCC1)n1cc(-c2ncnc3[nH]ccc23)cn1,n#cc[ch](c1cccc1)n1cc(c2ncnc3[nh]ccc23)cn1,-1.0,409,mcf7,0.13,0.9556,-0.8860566476931632,1.0,0.9556,ACH-000019,sruxolitinib,,,,,,,,,0.9556,S-Ruxolitinib (INCB018424)
MCF7,Amisulpride,10.0,1.0,SIDM00148,uM,amisulpride,CCN1CCCC1CNC(=O)c1cc(S(=O)(=O)CC)c(N)cc1OC,ccn1cccc1cnc(=o)c1cc(s(=o)(=o)cc)c(n)cc1oc,1.0,410,mcf7,,,,1.0,,ACH-000019,amisulpride,-1.81922144875,2.5,HTS,primary,0.2833738529397681,,,,0.2833738529397681,Amisulpride
MCF7,Andarine,1.0,1.0,SIDM00148,uM,andarine,CC(=O)Nc1ccc(OCC(C)(O)C(=O)Nc2ccc([N+](=O)[O-])c(C(F)(F)F)c2)cc1,cc(=o)nc1ccc(occ(c)(o)c(=o)nc2ccc([n](=o)[o])c(c(f)(f)f)c2)cc1,0.0,411,mcf7,,,,1.0,,ACH-000019,andarine,0.0629505557891,2.5,HTS,primary,1.0445999616003323,,,,1.0445999616003323,Andarine
MCF7,AT9283,10.0,0.884364281610653,SIDM00148,uM,at9283,O=C(Nc1c[nH]nc1-c1nc2cc(CN3CCOCC3)ccc2[nH]1)NC1CC1,o=c(nc1c[nh]nc1c1nc2cc(cn3ccocc3)ccc2[nh]1)nc1cc1,1.0,412,mcf7,,,,0.884364281610653,,ACH-000019,at9283,-3.29042131517,2.5,HTS,primary,0.10220790483674674,,,,0.10220790483674674,AT9283
MCF7,SGI-1776 free base,1.0,0.9989705805415892,SIDM00148,uM,sgi1776freebase,CN1CCC(CNc2ccc3ncc(-c4cccc(OC(F)(F)F)c4)n3n2)CC1,cn1ccc(cnc2ccc3ncc(c4cccc(oc(f)(f)f)c4)n3n2)cc1,0.0,413,mcf7,,,,0.9989705805415892,,ACH-000019,sgi1776freebase,,,,,,,,,,SGI-1776 free base
MCF7,Decitabine,0.1,1.0,SIDM00148,uM,decitabine,Nc1ncn([C@H]2C[C@H](O)[C@@H](CO)O2)c(=O)n1,nc1ncn([ch]2c[ch](o)[ch](co)o2)c(=o)n1,-1.0,414,mcf7,0.13,1.048,-0.8860566476931632,1.0,1.048,ACH-000019,decitabine,-0.723998453756333,0.15625,MTS010,secondary,0.6054171908455989,,,,0.6054171908455989,Decitabine
MCF7,PD173074,10.0,0.856997903137314,SIDM00148,uM,pd173074,CCN(CC)CCCCNc1ncc2cc(-c3cc(OC)cc(OC)c3)c(NC(=O)NC(C)(C)C)nc2n1,ccn(cc)ccccnc1ncc2cc(c3cc(oc)cc(oc)c3)c(nc(=o)nc(c)(c)c)nc2n1,1.0,415,mcf7,,,,0.856997903137314,,ACH-000019,pd173074,0.444679073574,2.5,HTS,primary,1.3610113268777626,,,,1.3610113268777626,PD173074
MCF7,PFI-1 (PF-6405761),0.01,0.9999998758230642,SIDM00148,uM,pfi1,COc1ccccc1S(=O)(=O)Nc1ccc2c(c1)CN(C)C(=O)N2,coc1ccccc1s(=o)(=o)nc1ccc2c(c1)cn(c)c(=o)n2,-2.0,416,mcf7,,,,0.9999998758230642,,ACH-000019,pfi1,0.333088747621,0.0102767,HTS002,secondary,1.2597074686746266,,,,1.2597074686746266,PFI-1 (PF-6405761)
MCF7,Quercetin,0.1,0.9999985147499192,SIDM00148,uM,quercetin,O=c1c(O)c(-c2ccc(O)c(O)c2)oc2cc(O)cc(O)c12,o=c1c(o)c(c2ccc(o)c(o)c2)oc2cc(o)cc(o)c12,-1.0,417,mcf7,,,,0.9999985147499192,,ACH-000019,quercetin,,,,,,,,,,Quercetin
MCF7,IOX2,1.0,0.9999874904372572,SIDM00148,uM,iox2,O=C(O)CNC(=O)c1c(O)c2ccccc2n(Cc2ccccc2)c1=O,o=c(o)cnc(=o)c1c(o)c2ccccc2n(cc2ccccc2)c1=o,0.0,418,mcf7,,,,0.9999874904372572,,ACH-000019,iox2,0.207995417849,2.5,HTS,primary,1.1550821158856206,,,,1.1550821158856206,IOX2
MCF7,"Tozasertib (VX-680, MK-0457)",10.0,0.563773295749452,SIDM00148,uM,tozasertib,Cc1cc(Nc2cc(N3CCN(C)CC3)nc(Sc3ccc(NC(=O)C4CC4)cc3)n2)n[nH]1,cc1cc(nc2cc(n3ccn(c)cc3)nc(sc3ccc(nc(=o)c4cc4)cc3)n2)n[nh]1,1.0,419,mcf7,,,,0.563773295749452,,ACH-000019,tozasertib,0.744736999592,2.5,HTS,primary,1.675668770439905,,,,1.675668770439905,"Tozasertib (VX-680, MK-0457)"
MCF7,TAK-901,0.1,0.805160942783665,SIDM00148,uM,tak901,CCS(=O)(=O)c1cccc(-c2cc(C(=O)NC3CCN(C)CC3)c(C)c3[nH]c4ncc(C)cc4c23)c1,ccs(=o)(=o)c1cccc(c2cc(c(=o)nc3ccn(c)cc3)c(c)c3[nh]c4ncc(c)cc4c23)c1,-1.0,420,mcf7,,,,0.805160942783665,,ACH-000019,tak901,-0.717942074623,0.15625,HTS002,secondary,0.6079640513516863,,,,0.6079640513516863,TAK-901
MCF7,PHA-680632,0.1,0.861781248059728,SIDM00148,uM,pha680632,CCc1cccc(CC)c1NC(=O)N1Cc2[nH]nc(NC(=O)c3ccc(N4CCN(C)CC4)cc3)c2C1,ccc1cccc(cc)c1nc(=o)n1cc2[nh]nc(nc(=o)c3ccc(n4ccn(c)cc4)cc3)c2c1,-1.0,421,mcf7,,,,0.861781248059728,,ACH-000019,pha680632,0.168791179631,0.15625,HTS002,secondary,1.124116203769861,,,,1.124116203769861,PHA-680632
MCF7,Tofacitinib (CP-690550) Citrate,0.01,0.9999999997548492,SIDM00148,uM,tofacitinib,C[C@@H]1CCN(C(=O)CC#N)C[C@@H]1N(C)c1ncnc2[nH]ccc12.O=C(O)CC(O)(CC(=O)O)C(=O)O,c[ch]1ccn(c(=o)cc#n)c[ch]1n(c)c1ncnc2[nh]ccc12,-2.0,422,mcf7,,,,0.9999999997548492,,ACH-000019,tofacitinib,,,,,,,,,,Tofacitinib (CP-690550) Citrate
MCF7,Givinostat (ITF2357),0.1,0.997960359189157,SIDM00148,uM,givinostat,CCN(CC)Cc1ccc2cc(COC(=O)Nc3ccc(C(=O)NO)cc3)ccc2c1.Cl.O,ccn(cc)cc1ccc2cc(coc(=o)nc3ccc(c(=o)no)cc3)ccc2c1,-1.0,423,mcf7,,,,0.997960359189157,,ACH-000019,givinostat,0.131197634327,0.15625,HTS002,secondary,1.0952024919527856,,,,1.0952024919527856,Givinostat (ITF2357)
MCF7,M344,10.0,0.993926656921176,SIDM00148,uM,m344,CN(C)c1ccc(C(=O)NCCCCCCC(=O)NO)cc1,cn(c)c1ccc(c(=o)nccccccc(=o)no)cc1,1.0,424,mcf7,,,,0.993926656921176,,ACH-000019,m344,-4.61883079165,2.59,HTS,primary,0.04069990418490255,,,,0.04069990418490255,M344
MCF7,"Fedratinib (SAR302503, TG101348)",1.0,0.998891300957666,SIDM00148,uM,fedratinib,Cc1cnc(Nc2ccc(OCCN3CCCC3)cc2)nc1Nc1cccc(S(=O)(=O)NC(C)(C)C)c1,cc1cnc(nc2ccc(occn3cccc3)cc2)nc1nc1cccc(s(=o)(=o)nc(c)(c)c)c1,0.0,425,mcf7,,,,0.998891300957666,,ACH-000019,fedratinib,0.257854215875,2.5,HTS,primary,1.1956989654638939,,,,1.1956989654638939,"Fedratinib (SAR302503, TG101348)"
MCF7,PJ34,0.1,1.0,SIDM00148,uM,pj34,CN(C)CC(=O)Nc1ccc2[nH]c(=O)c3ccccc3c2c1,cn(c)cc(=o)nc1ccc2[nh]c(=o)c3ccccc3c2c1,-1.0,426,mcf7,,,,1.0,,ACH-000019,pj34,0.27901719131,0.15625,HTS002,secondary,1.2133680187869722,,,,1.2133680187869722,PJ34
MCF7,Capecitabine ,1.0,1.0,SIDM00148,uM,capecitabine,CCCCCOC(=O)Nc1nc(=O)n(C2OC(C)C(O)C2O)cc1F,cccccoc(=o)nc1nc(=o)n(c2oc(c)c(o)c2o)cc1f,0.0,427,mcf7,,,,1.0,,ACH-000019,capecitabine,0.0917349862069,2.5,HTS,primary,1.0656509648643582,,,,1.0656509648643582,Capecitabine 
MCF7,Barasertib (AZD1152-HQPA),10.0,0.9532269033060692,SIDM00148,uM,barasertib,CCN(CCO)CCCOc1ccc2c(Nc3cc(CC(=O)Nc4cccc(F)c4)n[nH]3)ncnc2c1,ccn(cco)cccoc1ccc2c(nc3cc(cc(=o)nc4cccc(f)c4)n[nh]3)ncnc2c1,1.0,428,mcf7,8.3,0.7224,0.919078092376074,0.9532269033060692,0.7224,ACH-000019,barasertib,-0.404778027564,2.5,HTS,primary,0.7553525020510153,,,,0.7553525020510153,Barasertib (AZD1152-HQPA)
MCF7,Sorafenib Tosylate,1.0,0.897112297976667,SIDM00148,uM,sorafenibtosylate,CNC(=O)c1cc(Oc2ccc(NC(=O)Nc3ccc(Cl)c(C(F)(F)F)c3)cc2)ccn1.Cc1ccc(S(=O)(=O)O)cc1,cnc(=o)c1cc(oc2ccc(nc(=o)nc3ccc(cl)c(c(f)(f)f)c3)cc2)ccn1,0.0,429,mcf7,,,,0.897112297976667,,ACH-000019,sorafenibtosylate,,,,,,,,,,Sorafenib Tosylate
MCF7,Aminoglutethimide ,0.1,1.0,SIDM00148,uM,aminoglutethimide,CCC1(c2ccc(N)cc2)CCC(=O)NC1=O,ccc1(c2ccc(n)cc2)ccc(=o)nc1=o,-1.0,430,mcf7,,,,1.0,,ACH-000019,aminoglutethimide,-0.0722799528627414,0.15625,MTS010,secondary,0.9511336923212889,,,,0.9511336923212889,Aminoglutethimide 
MCF7,Cimetidine ,0.01,0.9993344269023092,SIDM00148,uM,cimetidine,CNC(=NC#N)NCCSCc1nc[nH]c1C,cnc(=nc#n)nccscc1nc[nh]c1c,-2.0,431,mcf7,0.0081,1.08,-2.0915149811213505,0.9993344269023092,1.08,ACH-000019,cimetidine,0.393761621216,0.00976562,HTS002,secondary,1.3138145255612865,,,,1.3138145255612865,Cimetidine 
MCF7,Trichostatin A (TSA),1.0,0.999998968159309,SIDM00148,uM,trichostatina,CC(C=CC(=O)NO)=C[C@@H](C)C(=O)c1ccc(N(C)C)cc1,cc(c=cc(=o)no)=c[ch](c)c(=o)c1ccc(n(c)c)cc1,0.0,432,mcf7,,,,0.999998968159309,,ACH-000019,trichostatina,-4.41284840665,2.63,HTS,primary,0.04694618039821726,,,,0.04694618039821726,Trichostatin A (TSA)
MCF7,A-366,1.0,1.0,SIDM00148,uM,a366,COc1cc2c(cc1OCCCN1CCCC1)N=C(N)C21CCC1,coc1cc2c(cc1occcn1cccc1)n=c(n)c21ccc1,0.0,433,mcf7,,,,1.0,,ACH-000019,a366,0.364898119242,2.5,MTS004,primary,1.2877906846322948,,,,1.2877906846322948,A-366
MCF7,Roxadustat (FG-4592),0.01,1.0,SIDM00148,uM,roxadustat,Cc1nc(C(=O)NCC(=O)O)c(O)c2ccc(Oc3ccccc3)cc12,cc1nc(c(=o)ncc(=o)o)c(o)c2ccc(oc3ccccc3)cc12,-2.0,434,mcf7,,,,1.0,,ACH-000019,roxadustat,,,,,,,,,,Roxadustat (FG-4592)
MCF7,MK-0752,10.0,1.0,SIDM00148,uM,mk0752,O=C(O)CCC1CCC(c2cc(F)ccc2F)(S(=O)(=O)c2ccc(Cl)cc2)CC1,o=c(o)ccc1ccc(c2cc(f)ccc2f)(s(=o)(=o)c2ccc(cl)cc2)cc1,1.0,435,mcf7,8.3,0.7307,0.919078092376074,1.0,0.7307,ACH-000019,mk0752,-0.605242713286,2.5,HTS,primary,0.6573607790315937,,,,0.6573607790315937,MK-0752
MCF7,Nintedanib (BIBF 1120),10.0,0.6300937974353299,SIDM00148,uM,nintedanib,COC(=O)c1ccc2c(c1)NC(=O)/C2=C(\Nc1ccc(N(C)C(=O)CN2CCN(C)CC2)cc1)c1ccccc1,coc(=o)c1ccc2c(c1)nc(=o)c2=c(nc1ccc(n(c)c(=o)cn2ccn(c)cc2)cc1)c1ccccc1,1.0,436,mcf7,8.3,0.9938,0.919078092376074,0.6300937974353299,0.9938,ACH-000019,nintedanib,-0.0978490301712,2.5,HTS,primary,0.9344251240406363,,,,0.9344251240406363,Nintedanib (BIBF 1120)
MCF7,Dasatinib,0.01,0.998707973191894,SIDM00148,uM,dasatinib,Cc1nc(Nc2ncc(C(=O)Nc3c(C)cccc3Cl)s2)cc(N2CCN(CCO)CC2)n1,cc1nc(nc2ncc(c(=o)nc3c(c)cccc3cl)s2)cc(n2ccn(cco)cc2)n1,-2.0,437,mcf7,0.0081,1.079,-2.0915149811213505,0.998707973191894,1.079,ACH-000019,dasatinib,-0.144110777350117,0.00977,MTS010,secondary,0.9049369746223627,,,,0.9049369746223627,Dasatinib
MCF7,UNC1999,1.0,1.0,SIDM00148,uM,unc1999,CCCc1cc(C)[nH]c(=O)c1CNC(=O)c1cc(-c2ccc(N3CCN(C(C)C)CC3)nc2)cc2c1cnn2C(C)C,cccc1cc(c)[nh]c(=o)c1cnc(=o)c1cc(c2ccc(n3ccn(c(c)c)cc3)nc2)cc2c1cnn2c(c)c,0.0,438,mcf7,,,,1.0,,ACH-000019,unc1999,-0.20887498086,2.5,HTS,primary,0.8652116636932633,,,,0.8652116636932633,UNC1999
MCF7,BMS-536924,0.1,0.961941723968877,SIDM00148,uM,bms536924,Cc1cc(N2CCOCC2)cc2[nH]c(-c3c(NCC(O)c4cccc(Cl)c4)cc[nH]c3=O)nc12,cc1cc(n2ccocc2)cc2[nh]c(c3c(ncc(o)c4cccc(cl)c4)cc[nh]c3=o)nc12,-1.0,439,mcf7,,,,0.961941723968877,,ACH-000019,bms536924,,,,,,,,,,BMS-536924
MCF7,"Rucaparib (AG-014699,PF-01367338) phosphate",0.01,0.99996353807713,SIDM00148,uM,rucaparib,CNCc1ccc(-c2[nH]c3cc(F)cc4c3c2CCNC4=O)cc1.O=P(O)(O)O,cncc1ccc(c2[nh]c3cc(f)cc4c3c2ccnc4=o)cc1,-2.0,440,mcf7,,,,0.99996353807713,,ACH-000019,rucaparib,-0.539159461507556,0.00977,MTS010,secondary,0.6881717327673152,,,,0.6881717327673152,"Rucaparib (AG-014699,PF-01367338) phosphate"
MCF7,Meprednisone,10.0,1.0,SIDM00148,uM,meprednisone,CC1CC2C3CCC4=CC(=O)C=CC4(C)C3C(=O)CC2(C)C1(O)C(=O)CO,cc1cc2c3ccc4=cc(=o)c=cc4(c)c3c(=o)cc2(c)c1(o)c(=o)co,1.0,441,mcf7,,,,1.0,,ACH-000019,meprednisone,,,,,,,,,,Meprednisone
MCF7,Cimetidine ,10.0,0.987631269200134,SIDM00148,uM,cimetidine,CNC(=NC#N)NCCSCc1nc[nH]c1C,cnc(=nc#n)nccscc1nc[nh]c1c,1.0,442,mcf7,8.3,1.048,0.919078092376074,0.987631269200134,1.048,ACH-000019,cimetidine,-0.754217811579,2.5,HTS,primary,0.592867734456441,,,,0.592867734456441,Cimetidine 
MCF7,Regorafenib (BAY 73-4506),1.0,0.9994592642894228,SIDM00148,uM,regorafenib,CNC(=O)c1cc(Oc2ccc(NC(=O)Nc3ccc(Cl)c(C(F)(F)F)c3)c(F)c2)ccn1,cnc(=o)c1cc(oc2ccc(nc(=o)nc3ccc(cl)c(c(f)(f)f)c3)c(f)c2)ccn1,0.0,443,mcf7,1.0,1.146,0.0,0.9994592642894228,1.146,ACH-000019,regorafenib,0.184562094033,2.5,HTS,primary,1.136471963807691,,,,1.136471963807691,Regorafenib (BAY 73-4506)
MCF7,AZD1480,0.01,0.999956897779139,SIDM00148,uM,azd1480,Cc1cc(Nc2nc(N[C@@H](C)c3ncc(F)cn3)ncc2Cl)n[nH]1,cc1cc(nc2nc(n[ch](c)c3ncc(f)cn3)ncc2cl)n[nh]1,-2.0,444,mcf7,,,,0.999956897779139,,ACH-000019,azd1480,-0.273063133199,0.00976562,HTS002,secondary,0.8275606007383054,,,,0.8275606007383054,AZD1480
MCF7,Crizotinib (PF-02341066),0.1,0.972071950761116,SIDM00148,uM,crizotinib,CC(Oc1cc(-c2cnn(C3CCNCC3)c2)cnc1N)c1c(Cl)ccc(F)c1Cl,cc(oc1cc(c2cnn(c3ccncc3)c2)cnc1n)c1c(cl)ccc(f)c1cl,-1.0,445,mcf7,0.13,0.9352,-0.8860566476931632,0.972071950761116,0.9352,ACH-000019,crizotinib,0.164094448077727,0.15625,MTS010,secondary,1.120462564464639,,,,1.120462564464639,Crizotinib (PF-02341066)
MCF7,PF-573228,1.0,0.999816740079102,SIDM00148,uM,pf573228,CS(=O)(=O)c1cccc(CNc2nc(Nc3ccc4c(c3)CCC(=O)N4)ncc2C(F)(F)F)c1,cs(=o)(=o)c1cccc(cnc2nc(nc3ccc4c(c3)ccc(=o)n4)ncc2c(f)(f)f)c1,0.0,446,mcf7,1.0,0.9485,0.0,0.999816740079102,0.9485,ACH-000019,pf573228,-0.618362326227,2.5,HTS,primary,0.6514099555208128,,,,0.6514099555208128,PF-573228
MCF7,Streptozotocin (STZ),0.1,1.0,SIDM00148,uM,streptozotocin,CN(N=O)C(=O)NC1C(O)OC(CO)C(O)C1O,cn(n=o)c(=o)nc1c(o)oc(co)c(o)c1o,-1.0,447,mcf7,,,,1.0,,ACH-000019,streptozotocin,0.0309035316618,0.15625,HTS002,secondary,1.0216517658902675,,,,1.0216517658902675,Streptozotocin (STZ)
MCF7,UNC0631,10.0,0.999947504314869,SIDM00148,uM,unc0631,COc1cc2c(NC3CCN(CC4CCCCC4)CC3)nc(N3CCCN(C(C)C)CC3)nc2cc1OCCCN1CCCCC1,coc1cc2c(nc3ccn(cc4ccccc4)cc3)nc(n3cccn(c(c)c)cc3)nc2cc1occcn1ccccc1,1.0,448,mcf7,,,,0.999947504314869,,ACH-000019,unc0631,0.248073745696,2.499994836,MTS004,primary,1.1876203716626046,,,,1.1876203716626046,UNC0631
MCF7,Lapatinib (GW-572016) Ditosylate,0.01,0.999998969809293,SIDM00148,uM,lapatinibditosylate,CS(=O)(=O)CCNCc1ccc(-c2ccc3ncnc(Nc4ccc(OCc5cccc(F)c5)c(Cl)c4)c3c2)o1.Cc1ccc(S(=O)(=O)O)cc1.Cc1ccc(S(=O)(=O)O)cc1,cs(=o)(=o)ccncc1ccc(c2ccc3ncnc(nc4ccc(occ5cccc(f)c5)c(cl)c4)c3c2)o1,-2.0,449,mcf7,,,,0.999998969809293,,ACH-000019,lapatinibditosylate,,,,,,,,,,Lapatinib (GW-572016) Ditosylate
MCF7,Gandotinib (LY2784544),10.0,0.583777715754061,SIDM00148,uM,gandotinib,Cc1cc(Nc2cc(CN3CCOCC3)c3nc(C)c(Cc4ccc(Cl)cc4F)n3n2)[nH]n1,cc1cc(nc2cc(cn3ccocc3)c3nc(c)c(cc4ccc(cl)cc4f)n3n2)[nh]n1,1.0,450,mcf7,,,,0.583777715754061,,ACH-000019,gandotinib,,,,,,,,,,Gandotinib (LY2784544)
MCF7,Pracinostat (SB939),1.0,0.999991641089328,SIDM00148,uM,pracinostat,CCCCc1nc2cc(C=CC(=O)NO)ccc2n1CCN(CC)CC,ccccc1nc2cc(c=cc(=o)no)ccc2n1ccn(cc)cc,0.0,451,mcf7,,,,0.999991641089328,,ACH-000019,pracinostat,,,,,,,,,,Pracinostat (SB939)
MCF7,Resminostat,0.01,0.999915617605578,SIDM00148,uM,resminostat,CN(C)Cc1ccc(S(=O)(=O)n2ccc(C=CC(=O)NO)c2)cc1,cn(c)cc1ccc(s(=o)(=o)n2ccc(c=cc(=o)no)c2)cc1,-2.0,452,mcf7,,,,0.999915617605578,,ACH-000019,resminostat,-0.0892068939371546,0.0102,MTS010,secondary,0.9400393837221146,,,,0.9400393837221146,Resminostat
MCF7,BRD4770,10.0,0.9995366329752868,SIDM00148,uM,brd4770,COC(=O)c1ccc2c(c1)nc(NC(=O)c1ccccc1)n2CCCc1ccccc1,coc(=o)c1ccc2c(c1)nc(nc(=o)c1ccccc1)n2cccc1ccccc1,1.0,453,mcf7,,,,0.9995366329752868,,ACH-000019,brd4770,0.544228900878,2.5,MTS004,primary,1.4582407278507006,,,,1.4582407278507006,BRD4770
MCF7,SL-327,10.0,0.994842443497805,SIDM00148,uM,sl327,N#C/C(=C(/N)Sc1ccc(N)cc1)c1ccccc1C(F)(F)F,n#cc(=c(n)sc1ccc(n)cc1)c1ccccc1c(f)(f)f,1.0,454,mcf7,,,,0.994842443497805,,ACH-000019,sl327,,,,,,,,,,SL-327
MCF7,CUDC-907,0.1,0.933426762002048,SIDM00148,uM,cudc907,COc1ccc(-c2nc(N3CCOCC3)c3sc(CN(C)c4ncc(C(=O)NO)cn4)cc3n2)cn1,coc1ccc(c2nc(n3ccocc3)c3sc(cn(c)c4ncc(c(=o)no)cn4)cc3n2)cn1,-1.0,455,mcf7,,,,0.933426762002048,,ACH-000019,cudc907,-4.4365823342,0.15625,HTS002,secondary,0.04618018189335702,,,,0.04618018189335702,CUDC-907
MCF7,AC480 (BMS-599626),1.0,0.999923947565842,SIDM00148,uM,ac480,Cc1c(NC(=O)OCC2COCCN2)cn2ncnc(Nc3ccc4c(cnn4Cc4cccc(F)c4)c3)c12,cc1c(nc(=o)occ2coccn2)cn2ncnc(nc3ccc4c(cnn4cc4cccc(f)c4)c3)c12,0.0,456,mcf7,,,,0.999923947565842,,ACH-000019,ac480,,,,,,,,,,AC480 (BMS-599626)
MCF7,Tranylcypromine (2-PCPA) HCl,1.0,0.999999441042278,SIDM00148,uM,tranylcypromine,*.Cl.N[C@@H]1C[C@H]1c1ccccc1,n[ch]1c[ch]1c1ccccc1,0.0,457,mcf7,,,,0.999999441042278,,ACH-000019,tranylcypromine,-0.101418292204,2.5,HTS,primary,0.9321161912923759,,,,0.9321161912923759,Tranylcypromine (2-PCPA) HCl
MCF7,JNJ-26854165 (Serdemetan),1.0,0.9972556196664508,SIDM00148,uM,jnj26854165,c1ccc2c(CCNc3ccc(Nc4ccncc4)cc3)c[nH]c2c1,c1ccc2c(ccnc3ccc(nc4ccncc4)cc3)c[nh]c2c1,0.0,458,mcf7,,,,0.9972556196664508,,ACH-000019,jnj26854165,,,,,,,,,,JNJ-26854165 (Serdemetan)
MCF7,WP1066,10.0,0.999944276857137,SIDM00148,uM,wp1066,C[C@H](NC(=O)C(C#N)=Cc1cccc(Br)n1)c1ccccc1,c[ch](nc(=o)c(c#n)=cc1cccc(br)n1)c1ccccc1,1.0,459,mcf7,,,,0.999944276857137,,ACH-000019,wp1066,-4.79101510482,2.57,HTS,primary,0.03612108139506978,,,,0.03612108139506978,WP1066
MCF7,SL-327,1.0,0.999147743332652,SIDM00148,uM,sl327,N#C/C(=C(/N)Sc1ccc(N)cc1)c1ccccc1C(F)(F)F,n#cc(=c(n)sc1ccc(n)cc1)c1ccccc1c(f)(f)f,0.0,460,mcf7,,,,0.999147743332652,,ACH-000019,sl327,,,,,,,,,,SL-327
MCF7,Prednisone ,0.1,1.0,SIDM00148,uM,prednisone,CC12C=CC(=O)C=C1CCC1C2C(=O)CC2(C)C1CCC2(O)C(=O)CO,cc12c=cc(=o)c=c1ccc1c2c(=o)cc2(c)c1ccc2(o)c(=o)co,-1.0,461,mcf7,,,,1.0,,ACH-000019,prednisone,,,,,,,,,,Prednisone 
MCF7,Amisulpride,1.0,1.0,SIDM00148,uM,amisulpride,CCN1CCCC1CNC(=O)c1cc(S(=O)(=O)CC)c(N)cc1OC,ccn1cccc1cnc(=o)c1cc(s(=o)(=o)cc)c(n)cc1oc,0.0,462,mcf7,,,,1.0,,ACH-000019,amisulpride,-1.81922144875,2.5,HTS,primary,0.2833738529397681,,,,0.2833738529397681,Amisulpride
MCF7,Thiotepa,10.0,0.9772999557630492,SIDM00148,uM,thiotepa,S=P(N1CC1)(N1CC1)N1CC1,s=p(n1cc1)(n1cc1)n1cc1,1.0,463,mcf7,,,,0.9772999557630492,,ACH-000019,thiotepa,-0.46665713651236,10.0,MTS010,secondary,0.7236393989212437,,,,0.7236393989212437,Thiotepa
MCF7,Triamcinolone Acetonide,1.0,1.0,SIDM00148,uM,triamcinoloneacetonide,CC1(C)OC2CC3C4CCC5=CC(=O)C=CC5(C)C4(F)C(O)CC3(C)C2(C(=O)CO)O1,cc1(c)oc2cc3c4ccc5=cc(=o)c=cc5(c)c4(f)c(o)cc3(c)c2(c(=o)co)o1,0.0,464,mcf7,,,,1.0,,ACH-000019,triamcinoloneacetonide,0.0141311603632,2.5,HTS,primary,1.0098431017296599,,,,1.0098431017296599,Triamcinolone Acetonide
MCF7,Mesna ,1.0,1.0,SIDM00148,uM,mesna,O=S(=O)([O-])CCS.[Na+],o=s(=o)([o])ccs,0.0,465,mcf7,,,,1.0,,ACH-000019,mesna,-0.168168694405,2.5,HTS,primary,0.8899716627360376,,,,0.8899716627360376,Mesna 
MCF7,CYC116,0.1,0.999669991926997,SIDM00148,uM,cyc116,Cc1nc(N)sc1-c1ccnc(Nc2ccc(N3CCOCC3)cc2)n1,cc1nc(n)sc1c1ccnc(nc2ccc(n3ccocc3)cc2)n1,-1.0,466,mcf7,,,,0.999669991926997,,ACH-000019,cyc116,0.208863752935,0.15625,HTS002,secondary,1.155777550613611,,,,1.155777550613611,CYC116
MCF7,UNC0631,1.0,0.999999317987402,SIDM00148,uM,unc0631,COc1cc2c(NC3CCN(CC4CCCCC4)CC3)nc(N3CCCN(C(C)C)CC3)nc2cc1OCCCN1CCCCC1,coc1cc2c(nc3ccn(cc4ccccc4)cc3)nc(n3cccn(c(c)c)cc3)nc2cc1occcn1ccccc1,0.0,467,mcf7,,,,0.999999317987402,,ACH-000019,unc0631,0.248073745696,2.499994836,MTS004,primary,1.1876203716626046,,,,1.1876203716626046,UNC0631
MCF7,Bosutinib (SKI-606),0.01,0.9877675778877528,SIDM00148,uM,bosutinib,COc1cc(Nc2c(C#N)cnc3cc(OCCCN4CCN(C)CC4)c(OC)cc23)c(Cl)cc1Cl,coc1cc(nc2c(c#n)cnc3cc(occcn4ccn(c)cc4)c(oc)cc23)c(cl)cc1cl,-2.0,468,mcf7,0.0081,0.7899,-2.0915149811213505,0.9877675778877528,0.7899,ACH-000019,bosutinib,0.351347102986,0.00976562,HTS002,secondary,1.2757512921704588,,,,1.2757512921704588,Bosutinib (SKI-606)
MCF7,AR-42,0.01,1.0,SIDM00148,uM,ar42,CC(C)[C@H](C(=O)Nc1ccc(C(=O)NO)cc1)c1ccccc1,cc(c)[ch](c(=o)nc1ccc(c(=o)no)cc1)c1ccccc1,-2.0,469,mcf7,,,,1.0,,ACH-000019,ar42,1.10210962408,0.00976562,HTS002,secondary,2.146683683684672,,,,2.146683683684672,AR-42
MCF7,UNC0631,0.1,0.999999991170854,SIDM00148,uM,unc0631,COc1cc2c(NC3CCN(CC4CCCCC4)CC3)nc(N3CCCN(C(C)C)CC3)nc2cc1OCCCN1CCCCC1,coc1cc2c(nc3ccn(cc4ccccc4)cc3)nc(n3cccn(c(c)c)cc3)nc2cc1occcn1ccccc1,-1.0,470,mcf7,,,,0.999999991170854,,ACH-000019,unc0631,0.17244185759,0.15625,MTS006,secondary,1.1269643336531263,,,,1.1269643336531263,UNC0631
MCF7,Veliparib (ABT-888),0.01,0.9999900634326172,SIDM00148,uM,veliparib,C[C@]1(c2nc3c(C(N)=O)cccc3[nH]2)CCCN1,c[c]1(c2nc3c(c(n)=o)cccc3[nh]2)cccn1,-2.0,471,mcf7,0.0081,1.086,-2.0915149811213505,0.9999900634326172,1.086,ACH-000019,veliparib,-0.0919623462527047,0.00977,MTS010,secondary,0.9382456840076355,,,,0.9382456840076355,Veliparib (ABT-888)
MCF7,SL-327,0.01,0.9999899720528158,SIDM00148,uM,sl327,N#C/C(=C(/N)Sc1ccc(N)cc1)c1ccccc1C(F)(F)F,n#cc(=c(n)sc1ccc(n)cc1)c1ccccc1c(f)(f)f,-2.0,472,mcf7,,,,0.9999899720528158,,ACH-000019,sl327,,,,,,,,,,SL-327
MCF7,MK-5108 (VX-689),10.0,0.7169294575593929,SIDM00148,uM,mk5108,O=C(O)[C@]1(Cc2cccc(Nc3nccs3)n2)CC[C@@H](Oc2cccc(Cl)c2F)CC1,o=c(o)[c]1(cc2cccc(nc3nccs3)n2)cc[ch](oc2cccc(cl)c2f)cc1,1.0,473,mcf7,,,,0.7169294575593929,,ACH-000019,mk5108,-0.681172861974,2.5,HTS,primary,0.6236580555265303,,,,0.6236580555265303,MK-5108 (VX-689)
MCF7,SGI-1776 free base,10.0,0.5753009734102329,SIDM00148,uM,sgi1776freebase,CN1CCC(CNc2ccc3ncc(-c4cccc(OC(F)(F)F)c4)n3n2)CC1,cn1ccc(cnc2ccc3ncc(c4cccc(oc(f)(f)f)c4)n3n2)cc1,1.0,474,mcf7,,,,0.5753009734102329,,ACH-000019,sgi1776freebase,,,,,,,,,,SGI-1776 free base
MCF7,INO-1001 (3-Aminobenzamide),10.0,1.0,SIDM00148,uM,ino1001,NC(=O)c1cccc(N)c1,nc(=o)c1cccc(n)c1,1.0,475,mcf7,,,,1.0,,ACH-000019,ino1001,,,,,,,,,,INO-1001 (3-Aminobenzamide)
MCF7,KW-2449,0.1,0.9852757303625708,SIDM00148,uM,kw2449,O=C(c1ccc(C=Cc2n[nH]c3ccccc23)cc1)N1CCNCC1,o=c(c1ccc(c=cc2n[nh]c3ccccc23)cc1)n1ccncc1,-1.0,476,mcf7,0.13,1.042,-0.8860566476931632,0.9852757303625708,1.042,ACH-000019,kw2449,0.45332332003,0.15625,HTS002,secondary,1.3691906257864566,,,,1.3691906257864566,KW-2449
MCF7,Cyclocytidine HCl,0.01,0.999782031956294,SIDM00148,uM,cyclocytidine,Cl.N=c1ccn2c(n1)OC1C(O)C(CO)OC12,n=c1ccn2c(n1)oc1c(o)c(co)oc12,-2.0,477,mcf7,,,,0.999782031956294,,ACH-000019,cyclocytidine,0.572112003097,0.00976562,HTS002,secondary,1.4866983992323477,,,,1.4866983992323477,Cyclocytidine HCl
MCF7,(+)-JQ1,10.0,1.0,SIDM00148,uM,jq1,Cc1sc2c(c1C)C(c1ccc(Cl)cc1)=N[C@@H](CC(=O)OC(C)(C)C)c1nnc(C)n1-2,cc1sc2c(c1c)c(c1ccc(cl)cc1)=n[ch](cc(=o)oc(c)(c)c)c1nnc(c)n12,1.0,478,mcf7,8.3,0.3705,0.919078092376074,1.0,0.3705,ACH-000019,jq1,-0.465476840482,2.5,HTS,primary,0.7242316642041096,,,,0.7242316642041096,(+)-JQ1
MCF7,Pracinostat (SB939),10.0,0.99998665530006,SIDM00148,uM,pracinostat,CCCCc1nc2cc(C=CC(=O)NO)ccc2n1CCN(CC)CC,ccccc1nc2cc(c=cc(=o)no)ccc2n1ccn(cc)cc,1.0,479,mcf7,,,,0.99998665530006,,ACH-000019,pracinostat,,,,,,,,,,Pracinostat (SB939)
MCF7,Curcumin,1.0,1.0,SIDM00148,uM,curcumin,COc1cc(C=CC(=O)C=C(O)C=Cc2ccc(O)c(OC)c2)ccc1O,coc1cc(c=cc(=o)c=c(o)c=cc2ccc(o)c(oc)c2)ccc1o,0.0,480,mcf7,1.3,1.039,0.11394335230683678,1.0,1.039,ACH-000019,curcumin,0.0518419531434,2.48,HTS,primary,1.0365875369114252,,,,1.0365875369114252,Curcumin
MCF7,Costunolide,1.0,0.9999994960343828,SIDM00148,uM,costunolide,C=C1C(=O)OC2/C=C(\C)CC/C=C(\C)CCC12,c=c1c(=o)oc2c=c(c)ccc=c(c)ccc12,0.0,481,mcf7,,,,0.9999994960343828,,ACH-000019,costunolide,0.239661288503,2.5,HTS,primary,1.1807154241566489,,,,1.1807154241566489,Costunolide
MCF7,"Cerdulatinib (PRT062070, PRT2070)",10.0,0.8222822262758671,SIDM00148,uM,cerdulatinib,CCS(=O)(=O)N1CCN(c2ccc(Nc3ncc(C(N)=O)c(NC4CC4)n3)cc2)CC1.Cl,ccs(=o)(=o)n1ccn(c2ccc(nc3ncc(c(n)=o)c(nc4cc4)n3)cc2)cc1,1.0,482,mcf7,,,,0.8222822262758671,,ACH-000019,cerdulatinib,,,,,,,,,,"Cerdulatinib (PRT062070, PRT2070)"
MCF7,Alvespimycin (17-DMAG) HCl,0.01,0.972895872385515,SIDM00148,uM,alvespimycin,COC1/C=C\C=C(/C)C(=O)NC2=CC(=O)C(NCCN(C)C)=C(CC(C)CC(OC)C(O)C(C)/C=C(\C)C1OC(N)=O)C2=O.Cl,coc1c=cc=c(c)c(=o)nc2=cc(=o)c(nccn(c)c)=c(cc(c)cc(oc)c(o)c(c)c=c(c)c1oc(n)=o)c2=o,-2.0,483,mcf7,,,,0.972895872385515,,ACH-000019,alvespimycin,-2.96952099125,0.00976562,HTS002,secondary,0.12766889775960402,,,,0.12766889775960402,Alvespimycin (17-DMAG) HCl
MCF7,Ellagic acid,1.0,1.0,SIDM00148,uM,ellagicacid,O=c1oc2c(O)c(O)cc3c(=O)oc4c(O)c(O)cc1c4c23,o=c1oc2c(o)c(o)cc3c(=o)oc4c(o)c(o)cc1c4c23,0.0,484,mcf7,,,,1.0,,ACH-000019,ellagicacid,0.0227769692287,2.5,HTS,primary,1.0159130776502918,,,,1.0159130776502918,Ellagic acid
MCF7,Alendronate sodium trihydrate,10.0,0.63829804407663,SIDM00148,uM,alendronatetrihydrate,NCCCC(O)(P(=O)(O)O)P(=O)(O)O[Na].O.O.O,ncccc(o)(p(=o)(o)o)p(=o)(o)o[na],1.0,485,mcf7,,,,0.63829804407663,,ACH-000019,alendronatetrihydrate,,,,,,,,,,Alendronate sodium trihydrate
MCF7,Ramelteon,1.0,1.0,SIDM00148,uM,ramelteon,CCC(=O)NCCC1CCc2ccc3c(c21)CCO3,ccc(=o)nccc1ccc2ccc3c(c21)cco3,0.0,486,mcf7,,,,1.0,,ACH-000019,ramelteon,0.200075821886,2.5,HTS,primary,1.148758727260058,,,,1.148758727260058,Ramelteon
MCF7,Resminostat,10.0,0.950666075857876,SIDM00148,uM,resminostat,CN(C)Cc1ccc(S(=O)(=O)n2ccc(C=CC(=O)NO)c2)cc1,cn(c)cc1ccc(s(=o)(=o)n2ccc(c=cc(=o)no)c2)cc1,1.0,487,mcf7,,,,0.950666075857876,,ACH-000019,resminostat,-2.31323689992,2.5,HTS,primary,0.20120849194788967,,,,0.20120849194788967,Resminostat
MCF7,Cediranib (AZD2171),10.0,0.768818479273838,SIDM00148,uM,cediranib,COc1cc2c(Oc3ccc4[nH]c(C)cc4c3F)ncnc2cc1OCCCN1CCCC1,coc1cc2c(oc3ccc4[nh]c(c)cc4c3f)ncnc2cc1occcn1cccc1,1.0,488,mcf7,,,,0.768818479273838,,ACH-000019,cediranib,-0.23790161241,2.5,HTS,primary,0.8479777922711429,,,,0.8479777922711429,Cediranib (AZD2171)
MCF7,Lenalidomide (CC-5013),10.0,1.0,SIDM00148,uM,lenalidomide,Nc1cccc2c1CN(C1CCC(=O)NC1=O)C2=O,nc1cccc2c1cn(c1ccc(=o)nc1=o)c2=o,1.0,489,mcf7,,,,1.0,,ACH-000019,lenalidomide,0.382052942537,2.5,HTS,primary,1.3031949717929336,,,,1.3031949717929336,Lenalidomide (CC-5013)
MCF7,Thiotepa,0.1,0.993632248491062,SIDM00148,uM,thiotepa,S=P(N1CC1)(N1CC1)N1CC1,s=p(n1cc1)(n1cc1)n1cc1,-1.0,490,mcf7,,,,0.993632248491062,,ACH-000019,thiotepa,-0.164275046821528,0.15625,MTS010,secondary,0.8923768254609592,,,,0.8923768254609592,Thiotepa
MCF7,MK-0752,0.01,1.0,SIDM00148,uM,mk0752,O=C(O)CCC1CCC(c2cc(F)ccc2F)(S(=O)(=O)c2ccc(Cl)cc2)CC1,o=c(o)ccc1ccc(c2cc(f)ccc2f)(s(=o)(=o)c2ccc(cl)cc2)cc1,-2.0,491,mcf7,0.016,0.9358,-1.7958800173440752,1.0,0.9358,ACH-000019,mk0752,,,,,,,,,0.9358,MK-0752
MCF7,GSK-LSD1 2HCl,10.0,1.0,SIDM00148,uM,gsklsd12hcl,Cl.Cl.c1ccc([C@@H]2C[C@H]2NC2CCNCC2)cc1,c1ccc([ch]2c[ch]2nc2ccncc2)cc1,1.0,492,mcf7,,,,1.0,,ACH-000019,gsklsd12hcl,,,,,,,,,,GSK-LSD1 2HCl
MCF7,BMS-911543,10.0,1.0,SIDM00148,uM,bms911543,CCn1c(C(=O)N(C2CC2)C2CC2)cc2c3c(ncn3C)c(Nc3cc(C)n(C)n3)nc21,ccn1c(c(=o)n(c2cc2)c2cc2)cc2c3c(ncn3c)c(nc3cc(c)n(c)n3)nc21,1.0,493,mcf7,,,,1.0,,ACH-000019,bms911543,,,,,,,,,,BMS-911543
MCF7,Raltitrexed,0.01,0.999988909275033,SIDM00148,uM,raltitrexed,Cc1nc2ccc(CN(C)c3ccc(C(=O)NC(CCC(=O)O)C(=O)O)s3)cc2c(=O)[nH]1,cc1nc2ccc(cn(c)c3ccc(c(=o)nc(ccc(=o)o)c(=o)o)s3)cc2c(=o)[nh]1,-2.0,494,mcf7,,,,0.999988909275033,,ACH-000019,raltitrexed,-0.462259766461,0.00976562,HTS002,secondary,0.7258484345362844,,,,0.7258484345362844,Raltitrexed
MCF7,Selisistat (EX 527),0.01,1.0,SIDM00148,uM,selisistat,NC(=O)C1CCCc2c1[nH]c1ccc(Cl)cc21,nc(=o)c1cccc2c1[nh]c1ccc(cl)cc21,-2.0,495,mcf7,,,,1.0,,ACH-000019,selisistat,,,,,,,,,,Selisistat (EX 527)
MCF7,G007-LK,1.0,0.952343840910918,SIDM00148,uM,g007lk,CS(=O)(=O)c1ccc(-c2nnc(C=Cc3nnc(-c4ccc(C#N)cc4)o3)n2-c2ccccc2Cl)nc1,cs(=o)(=o)c1ccc(c2nnc(c=cc3nnc(c4ccc(c#n)cc4)o3)n2c2ccccc2cl)nc1,0.0,496,mcf7,,,,0.952343840910918,,ACH-000019,g007lk,0.339316083969689,2.4999880481,MTS007,primary,1.265156698604092,,,,1.265156698604092,G007-LK
MCF7,AICAR (Acadesine),10.0,1.0,SIDM00148,uM,aicar,NC(=O)c1ncn([C@@H]2O[C@H](CO)[C@@H](O)[C@H]2O)c1N,nc(=o)c1ncn([ch]2o[ch](co)[ch](o)[ch]2o)c1n,1.0,497,mcf7,,,,1.0,,ACH-000019,aicar,,,,,,,,,,AICAR (Acadesine)
MCF7,PD98059,10.0,1.0,SIDM00148,uM,pd98059,COc1cccc(-c2cc(=O)c3ccccc3o2)c1N,coc1cccc(c2cc(=o)c3ccccc3o2)c1n,1.0,498,mcf7,,,,1.0,,ACH-000019,pd98059,0.00730095622088,2.5,HTS,primary,1.005073463872314,,,,1.005073463872314,PD98059
MCF7,Crizotinib (PF-02341066),0.01,0.9951153672983548,SIDM00148,uM,crizotinib,CC(Oc1cc(-c2cnn(C3CCNCC3)c2)cnc1N)c1c(Cl)ccc(F)c1Cl,cc(oc1cc(c2cnn(c3ccncc3)c2)cnc1n)c1c(cl)ccc(f)c1cl,-2.0,499,mcf7,0.0081,1.054,-2.0915149811213505,0.9951153672983548,1.054,ACH-000019,crizotinib,0.209872162501,0.0099098,HTS002,secondary,1.156585694072548,,,,1.156585694072548,Crizotinib (PF-02341066)
MCF7,PFI-1 (PF-6405761),1.0,0.999998309369342,SIDM00148,uM,pfi1,COc1ccccc1S(=O)(=O)Nc1ccc2c(c1)CN(C)C(=O)N2,coc1ccccc1s(=o)(=o)nc1ccc2c(c1)cn(c)c(=o)n2,0.0,500,mcf7,,,,0.999998309369342,,ACH-000019,pfi1,-1.50685289012,2.63,HTS,primary,0.35187797257616343,,,,0.35187797257616343,PFI-1 (PF-6405761)
MCF7,Droxinostat,0.01,1.0,SIDM00148,uM,droxinostat,Cc1cc(Cl)ccc1OCCCC(=O)NO,cc1cc(cl)ccc1occcc(=o)no,-2.0,501,mcf7,,,,1.0,,ACH-000019,droxinostat,,,,,,,,,,Droxinostat
MCF7,"Temsirolimus (CCI-779, NSC 683864)",0.1,0.9999379686598728,SIDM00148,uM,temsirolimus,COC1CC2CCC(C)C(O)(O2)C(=O)C(=O)N2CCCCC2C(=O)OC(C(C)CC2CCC(OC(=O)C(C)(CO)CO)C(OC)C2)CC(=O)C(C)/C=C(\C)C(O)C(OC)C(=O)C(C)CC(C)/C=C/C=C/C=C/1C,coc1cc2ccc(c)c(o)(o2)c(=o)c(=o)n2ccccc2c(=o)oc(c(c)cc2ccc(oc(=o)c(c)(co)co)c(oc)c2)cc(=o)c(c)c=c(c)c(o)c(oc)c(=o)c(c)cc(c)c=cc=cc=c1c,-1.0,502,mcf7,0.13,0.5238,-0.8860566476931632,0.9999379686598728,0.5238,ACH-000019,temsirolimus,-0.841650806024,0.15625,HTS002,secondary,0.5580047058510642,,,,0.5580047058510642,"Temsirolimus (CCI-779, NSC 683864)"
MCF7,AT9283,0.1,0.9419811515663492,SIDM00148,uM,at9283,O=C(Nc1c[nH]nc1-c1nc2cc(CN3CCOCC3)ccc2[nH]1)NC1CC1,o=c(nc1c[nh]nc1c1nc2cc(cn3ccocc3)ccc2[nh]1)nc1cc1,-1.0,503,mcf7,,,,0.9419811515663492,,ACH-000019,at9283,-0.261199455885,0.15625,HTS002,secondary,0.8343939163159015,,,,0.8343939163159015,AT9283
MCF7,Pelitinib (EKB-569),0.1,0.999840028123125,SIDM00148,uM,pelitinib,CCOc1cc2ncc(C#N)c(Nc3ccc(F)c(Cl)c3)c2cc1NC(=O)/C=C/CN(C)C,ccoc1cc2ncc(c#n)c(nc3ccc(f)c(cl)c3)c2cc1nc(=o)c=ccn(c)c,-1.0,504,mcf7,,,,0.999840028123125,,ACH-000019,pelitinib,0.00294644812252,0.15625,HTS002,secondary,1.0020444091693,,,,1.0020444091693,Pelitinib (EKB-569)
MCF7,AMG-900,0.1,0.999971040418826,SIDM00148,uM,amg900,Cc1csc(-c2nnc(Nc3ccc(Oc4ncccc4-c4ccnc(N)n4)cc3)c3ccccc23)c1,cc1csc(c2nnc(nc3ccc(oc4ncccc4c4ccnc(n)n4)cc3)c3ccccc23)c1,-1.0,505,mcf7,,,,0.999971040418826,,ACH-000019,amg900,-0.624030833757,0.15625,HTS002,secondary,0.6488555157660715,,,,0.6488555157660715,AMG-900
MCF7,Capecitabine ,0.01,1.0,SIDM00148,uM,capecitabine,CCCCCOC(=O)Nc1nc(=O)n(C2OC(C)C(O)C2O)cc1F,cccccoc(=o)nc1nc(=o)n(c2oc(c)c(o)c2o)cc1f,-2.0,506,mcf7,,,,1.0,,ACH-000019,capecitabine,-0.179094490567936,0.00977,MTS010,secondary,0.8832571998875589,,,,0.8832571998875589,Capecitabine 
MCF7,TG101209,1.0,0.906951948325935,SIDM00148,uM,tg101209,Cc1cnc(Nc2ccc(N3CCN(C)CC3)cc2)nc1Nc1cccc(S(=O)(=O)NC(C)(C)C)c1,cc1cnc(nc2ccc(n3ccn(c)cc3)cc2)nc1nc1cccc(s(=o)(=o)nc(c)(c)c)c1,0.0,507,mcf7,,,,0.906951948325935,,ACH-000019,tg101209,-0.756888253372,2.5,HTS,primary,0.5917713458515137,,,,0.5917713458515137,TG101209
MCF7,"Fedratinib (SAR302503, TG101348)",10.0,0.379837333932198,SIDM00148,uM,fedratinib,Cc1cnc(Nc2ccc(OCCN3CCCC3)cc2)nc1Nc1cccc(S(=O)(=O)NC(C)(C)C)c1,cc1cnc(nc2ccc(occn3cccc3)cc2)nc1nc1cccc(s(=o)(=o)nc(c)(c)c)c1,1.0,508,mcf7,,,,0.379837333932198,,ACH-000019,fedratinib,0.257854215875,2.5,HTS,primary,1.1956989654638939,,,,1.1956989654638939,"Fedratinib (SAR302503, TG101348)"
MCF7,TMP195,10.0,0.906642217339218,SIDM00148,uM,tmp195,CC(C)(CNC(=O)c1cccc(-c2noc(C(F)(F)F)n2)c1)c1coc(-c2ccccc2)n1,cc(c)(cnc(=o)c1cccc(c2noc(c(f)(f)f)n2)c1)c1coc(c2ccccc2)n1,1.0,509,mcf7,,,,0.906642217339218,,ACH-000019,tmp195,,,,,,,,,,TMP195
MCF7,Decitabine,10.0,1.0,SIDM00148,uM,decitabine,Nc1ncn([C@H]2C[C@H](O)[C@@H](CO)O2)c(=O)n1,nc1ncn([ch]2c[ch](o)[ch](co)o2)c(=o)n1,1.0,510,mcf7,8.3,1.052,0.919078092376074,1.0,1.052,ACH-000019,decitabine,-0.553944545593,2.5,HTS,primary,0.6811551991054575,,,,0.6811551991054575,Decitabine
MCF7,MC1568,0.1,1.0,SIDM00148,uM,mc1568,Cn1cc(C=CC(=O)c2cccc(F)c2)cc1C=CC(=O)NO,cn1cc(c=cc(=o)c2cccc(f)c2)cc1c=cc(=o)no,-1.0,511,mcf7,,,,1.0,,ACH-000019,mc1568,,,,,,,,,,MC1568
MCF7,"Baricitinib (LY3009104, INCB028050)",0.1,1.0,SIDM00148,uM,baricitinib,CCS(=O)(=O)N1CC(CC#N)(n2cc(-c3ncnc4[nH]ccc34)cn2)C1,ccs(=o)(=o)n1cc(cc#n)(n2cc(c3ncnc4[nh]ccc34)cn2)c1,-1.0,512,mcf7,,,,1.0,,ACH-000019,baricitinib,0.258867325764,0.15625,HTS002,secondary,1.1965389211341728,,,,1.1965389211341728,"Baricitinib (LY3009104, INCB028050)"
MCF7,ENMD-2076,1.0,0.9221833668893348,SIDM00148,uM,enmd2076,Cc1cc(Nc2cc(N3CCN(C)CC3)nc(C=Cc3ccccc3)n2)n[nH]1,cc1cc(nc2cc(n3ccn(c)cc3)nc(c=cc3ccccc3)n2)n[nh]1,0.0,513,mcf7,,,,0.9221833668893348,,ACH-000019,enmd2076,-0.321233581433,2.5,HTS,primary,0.800385212747479,,,,0.800385212747479,ENMD-2076
MCF7,AR-42,0.1,1.0,SIDM00148,uM,ar42,CC(C)[C@H](C(=O)Nc1ccc(C(=O)NO)cc1)c1ccccc1,cc(c)[ch](c(=o)nc1ccc(c(=o)no)cc1)c1ccccc1,-1.0,514,mcf7,,,,1.0,,ACH-000019,ar42,0.580015447822,0.15625,HTS002,secondary,1.494865254989772,,,,1.494865254989772,AR-42
MCF7,UNC0379,0.1,0.999999716457127,SIDM00148,uM,unc0379,COc1cc2nc(N3CCCC3)nc(NCCCCCN3CCCC3)c2cc1OC,coc1cc2nc(n3cccc3)nc(ncccccn3cccc3)c2cc1oc,-1.0,515,mcf7,,,,0.999999716457127,,ACH-000019,unc0379,,,,,,,,,,UNC0379
MCF7,Tofacitinib (CP-690550) Citrate,1.0,0.999998535272472,SIDM00148,uM,tofacitinib,C[C@@H]1CCN(C(=O)CC#N)C[C@@H]1N(C)c1ncnc2[nH]ccc12.O=C(O)CC(O)(CC(=O)O)C(=O)O,c[ch]1ccn(c(=o)cc#n)c[ch]1n(c)c1ncnc2[nh]ccc12,0.0,516,mcf7,,,,0.999998535272472,,ACH-000019,tofacitinib,-0.575463605035,2.5,HTS,primary,0.6710705705433755,,,,0.6710705705433755,Tofacitinib (CP-690550) Citrate
MCF7,AG-490 (Tyrphostin B42),10.0,0.999901565359554,SIDM00148,uM,ag490,N#CC(=Cc1ccc(O)c(O)c1)C(=O)NCc1ccccc1,n#cc(=cc1ccc(o)c(o)c1)c(=o)ncc1ccccc1,1.0,517,mcf7,,,,0.999901565359554,,ACH-000019,ag490,-1.07464353845,2.5,HTS,primary,0.4747883568422135,,,,0.4747883568422135,AG-490 (Tyrphostin B42)
MCF7,Fasudil (HA-1077) HCl,0.01,1.0,SIDM00148,uM,fasudil,Cl.O=S(=O)(c1cccc2cnccc12)N1CCCNCC1,o=s(=o)(c1cccc2cnccc12)n1cccncc1,-2.0,518,mcf7,,,,1.0,,ACH-000019,fasudil,,,,,,,,,,Fasudil (HA-1077) HCl
MCF7,Panobinostat (LBH589),0.01,1.0,SIDM00148,uM,panobinostat,Cc1[nH]c2ccccc2c1CCNCc1ccc(C=CC(=O)NO)cc1,cc1[nh]c2ccccc2c1ccncc1ccc(c=cc(=o)no)cc1,-2.0,519,mcf7,,,,1.0,,ACH-000019,panobinostat,0.0582402121642133,0.00977,MTS010,secondary,1.0411949446932416,,,,1.0411949446932416,Panobinostat (LBH589)
MCF7,Aurora A Inhibitor I,10.0,0.995641171936392,SIDM00148,uM,auroraainhibitori,CCN1CCN(C(=O)Cc2ccc(Nc3ncc(F)c(Nc4ccc(C(=O)Nc5ccccc5Cl)cc4)n3)cc2)CC1,ccn1ccn(c(=o)cc2ccc(nc3ncc(f)c(nc4ccc(c(=o)nc5ccccc5cl)cc4)n3)cc2)cc1,1.0,520,mcf7,,,,0.995641171936392,,ACH-000019,auroraainhibitori,-0.710611638425,2.5,HTS,primary,0.6110610212726262,,,,0.6110610212726262,Aurora A Inhibitor I
MCF7,FLLL32,0.1,0.999513210502761,SIDM00148,uM,flll32,COc1ccc(C=CC(=O)C2(C(=O)C=Cc3ccc(OC)c(OC)c3)CCCCC2)cc1OC,coc1ccc(c=cc(=o)c2(c(=o)c=cc3ccc(oc)c(oc)c3)ccccc2)cc1oc,-1.0,521,mcf7,,,,0.999513210502761,,ACH-000019,flll32,,,,,,,,,,FLLL32
MCF7,WP1066,1.0,0.9999998616698608,SIDM00148,uM,wp1066,C[C@H](NC(=O)C(C#N)=Cc1cccc(Br)n1)c1ccccc1,c[ch](nc(=o)c(c#n)=cc1cccc(br)n1)c1ccccc1,0.0,522,mcf7,,,,0.9999998616698608,,ACH-000019,wp1066,-4.79101510482,2.57,HTS,primary,0.03612108139506978,,,,0.03612108139506978,WP1066
MCF7,Danusertib (PHA-739358),0.01,0.994457138448086,SIDM00148,uM,danusertib,CO[C@@H](C(=O)N1Cc2[nH]nc(NC(=O)c3ccc(N4CCN(C)CC4)cc3)c2C1)c1ccccc1,co[ch](c(=o)n1cc2[nh]nc(nc(=o)c3ccc(n4ccn(c)cc4)cc3)c2c1)c1ccccc1,-2.0,523,mcf7,,,,0.994457138448086,,ACH-000019,danusertib,-0.540334728044,0.00940408,HTS002,secondary,0.6876113538626,,,,0.6876113538626,Danusertib (PHA-739358)
MCF7,S3I-201,1.0,0.999988083699346,SIDM00148,uM,s3i201,Cc1ccc(S(=O)(=O)OCC(=O)Nc2ccc(C(=O)O)c(O)c2)cc1,cc1ccc(s(=o)(=o)occ(=o)nc2ccc(c(=o)o)c(o)c2)cc1,0.0,524,mcf7,,,,0.999988083699346,,ACH-000019,s3i201,,,,,,,,,,S3I-201
MCF7,GSK J1,10.0,0.9998304464957808,SIDM00148,uM,gskj1,O=C(O)CCNc1cc(N2CCc3ccccc3CC2)nc(-c2ccccn2)n1,o=c(o)ccnc1cc(n2ccc3ccccc3cc2)nc(c2ccccn2)n1,1.0,525,mcf7,,,,0.9998304464957808,,ACH-000019,gskj1,0.103458350608873,2.50001536012,MTS007,primary,1.0743457418096678,,,,1.0743457418096678,GSK J1
MCF7,Carmofur,0.1,0.9988996227874428,SIDM00148,uM,carmofur,CCCCCCNC(=O)n1cc(F)c(=O)[nH]c1=O,ccccccnc(=o)n1cc(f)c(=o)[nh]c1=o,-1.0,526,mcf7,,,,0.9988996227874428,,ACH-000019,carmofur,-0.100487133643,0.15625,HTS002,secondary,0.9327180011737661,,,,0.9327180011737661,Carmofur
MCF7,PFI-1 (PF-6405761),10.0,0.999996658235052,SIDM00148,uM,pfi1,COc1ccccc1S(=O)(=O)Nc1ccc2c(c1)CN(C)C(=O)N2,coc1ccccc1s(=o)(=o)nc1ccc2c(c1)cn(c)c(=o)n2,1.0,527,mcf7,,,,0.999996658235052,,ACH-000019,pfi1,-1.50685289012,2.63,HTS,primary,0.35187797257616343,,,,0.35187797257616343,PFI-1 (PF-6405761)
MCF7,Anacardic Acid,0.1,0.999985408898051,SIDM00148,uM,anacardicacid,CCCCCCCCCCCCCCCc1cccc(O)c1C(=O)O,cccccccccccccccc1cccc(o)c1c(=o)o,-1.0,528,mcf7,,,,0.999985408898051,,ACH-000019,anacardicacid,,,,,,,,,,Anacardic Acid
MCF7,2-Methoxyestradiol (2-MeOE2),0.1,0.996526297697914,SIDM00148,uM,2methoxyestradiol,COc1cc2c(cc1O)CC[C@@H]1[C@@H]2CC[C@]2(C)[C@@H](O)CC[C@@H]12,coc1cc2c(cc1o)cc[ch]1[ch]2cc[c]2(c)[ch](o)cc[ch]12,-1.0,529,mcf7,,,,0.996526297697914,,ACH-000019,2methoxyestradiol,0.512841691417,0.15625,HTS002,secondary,1.4268579263689767,,,,1.4268579263689767,2-Methoxyestradiol (2-MeOE2)
MCF7,Barasertib (AZD1152-HQPA),0.1,0.982267308414434,SIDM00148,uM,barasertib,CCN(CCO)CCCOc1ccc2c(Nc3cc(CC(=O)Nc4cccc(F)c4)n[nH]3)ncnc2c1,ccn(cco)cccoc1ccc2c(nc3cc(cc(=o)nc4cccc(f)c4)n[nh]3)ncnc2c1,-1.0,530,mcf7,0.13,0.7169,-0.8860566476931632,0.982267308414434,0.7169,ACH-000019,barasertib,0.186697771033,0.15625,HTS002,secondary,1.138155572847991,,,,1.138155572847991,Barasertib (AZD1152-HQPA)
MCF7,Bisindolylmaleimide IX (Ro 31-8220 Mesylate),0.1,0.999991268951485,SIDM00148,uM,bisindolylmaleimideix,CS(=O)(=O)O.Cn1cc(C2=C(c3cn(CCCSC(=N)N)c4ccccc34)C(=O)NC2=O)c2ccccc21,cn1cc(c2=c(c3cn(cccsc(=n)n)c4ccccc34)c(=o)nc2=o)c2ccccc21,-1.0,531,mcf7,,,,0.999991268951485,,ACH-000019,bisindolylmaleimideix,0.782046974695,0.15625,HTS002,secondary,1.719568961388841,,,,1.719568961388841,Bisindolylmaleimide IX (Ro 31-8220 Mesylate)
MCF7,AR-42,10.0,1.0,SIDM00148,uM,ar42,CC(C)[C@H](C(=O)Nc1ccc(C(=O)NO)cc1)c1ccccc1,cc(c)[ch](c(=o)nc1ccc(c(=o)no)cc1)c1ccccc1,1.0,532,mcf7,,,,1.0,,ACH-000019,ar42,-2.68891095949,2.5,HTS,primary,0.15508048320400694,,,,0.15508048320400694,AR-42
MCF7,"Fluorouracil (5-Fluoracil, 5-FU)",10.0,1.0,SIDM00148,uM,fluorouracil,O=c1[nH]cc(F)c(=O)[nH]1,o=c1[nh]cc(f)c(=o)[nh]1,1.0,533,mcf7,8.3,0.7471,0.919078092376074,1.0,0.7471,ACH-000019,fluorouracil,,,,,,,,,0.7471,"Fluorouracil (5-Fluoracil, 5-FU)"
MCF7,AT9283,0.01,0.984994281602908,SIDM00148,uM,at9283,O=C(Nc1c[nH]nc1-c1nc2cc(CN3CCOCC3)ccc2[nH]1)NC1CC1,o=c(nc1c[nh]nc1c1nc2cc(cn3ccocc3)ccc2[nh]1)nc1cc1,-2.0,534,mcf7,,,,0.984994281602908,,ACH-000019,at9283,0.164499335417,0.00976562,HTS002,secondary,1.1207770625108526,,,,1.1207770625108526,AT9283
MCF7,SB431542,10.0,1.0,SIDM00148,uM,sb431542,NC(=O)c1ccc(-c2nc(-c3ccc4c(c3)OCO4)c(-c3ccccn3)[nH]2)cc1,nc(=o)c1ccc(c2nc(c3ccc4c(c3)oco4)c(c3ccccn3)[nh]2)cc1,1.0,535,mcf7,8.3,0.9247,0.919078092376074,1.0,0.9247,ACH-000019,sb431542,-1.14381114762,2.5,HTS,primary,0.4525624691204213,,,,0.4525624691204213,SB431542
MCF7,Mesna ,10.0,1.0,SIDM00148,uM,mesna,O=S(=O)([O-])CCS.[Na+],o=s(=o)([o])ccs,1.0,536,mcf7,,,,1.0,,ACH-000019,mesna,-0.168168694405,2.5,HTS,primary,0.8899716627360376,,,,0.8899716627360376,Mesna 
MCF7,AG-14361,0.1,0.992360833181326,SIDM00148,uM,ag14361,CN(C)Cc1ccc(-c2nc3cccc4c3n2CCNC4=O)cc1,cn(c)cc1ccc(c2nc3cccc4c3n2ccnc4=o)cc1,-1.0,537,mcf7,,,,0.992360833181326,,ACH-000019,ag14361,0.503437993651,0.15625,HTS002,secondary,1.4175877023978183,,,,1.4175877023978183,AG-14361
MCF7,Entacapone,1.0,1.0,SIDM00148,uM,entacapone,CCN(CC)C(=O)C(C#N)=Cc1cc(O)c(O)c([N+](=O)[O-])c1,ccn(cc)c(=o)c(c#n)=cc1cc(o)c(o)c([n](=o)[o])c1,0.0,538,mcf7,,,,1.0,,ACH-000019,entacapone,-0.229221378689,2.5,HTS,primary,0.8530951823063619,,,,0.8530951823063619,Entacapone
MCF7,Andarine,10.0,1.0,SIDM00148,uM,andarine,CC(=O)Nc1ccc(OCC(C)(O)C(=O)Nc2ccc([N+](=O)[O-])c(C(F)(F)F)c2)cc1,cc(=o)nc1ccc(occ(c)(o)c(=o)nc2ccc([n](=o)[o])c(c(f)(f)f)c2)cc1,1.0,539,mcf7,,,,1.0,,ACH-000019,andarine,0.0629505557891,2.5,HTS,primary,1.0445999616003323,,,,1.0445999616003323,Andarine
MCF7,"Roscovitine (Seliciclib,CYC202)",1.0,0.975760703692069,SIDM00148,uM,roscovitine,CCC(CO)Nc1nc(NCc2ccccc2)c2ncn(C(C)C)c2n1,ccc(co)nc1nc(ncc2ccccc2)c2ncn(c(c)c)c2n1,0.0,540,mcf7,,,,0.975760703692069,,ACH-000019,roscovitine,0.751349885708,2.5,HTS,primary,1.6833671691335739,,,,1.6833671691335739,"Roscovitine (Seliciclib,CYC202)"
MCF7,Sorafenib Tosylate,0.01,0.999998663801318,SIDM00148,uM,sorafenibtosylate,CNC(=O)c1cc(Oc2ccc(NC(=O)Nc3ccc(Cl)c(C(F)(F)F)c3)cc2)ccn1.Cc1ccc(S(=O)(=O)O)cc1,cnc(=o)c1cc(oc2ccc(nc(=o)nc3ccc(cl)c(c(f)(f)f)c3)cc2)ccn1,-2.0,541,mcf7,,,,0.999998663801318,,ACH-000019,sorafenibtosylate,,,,,,,,,,Sorafenib Tosylate
MCF7,"Roscovitine (Seliciclib,CYC202)",0.01,0.9993873143810792,SIDM00148,uM,roscovitine,CCC(CO)Nc1nc(NCc2ccccc2)c2ncn(C(C)C)c2n1,ccc(co)nc1nc(ncc2ccccc2)c2ncn(c(c)c)c2n1,-2.0,542,mcf7,,,,0.9993873143810792,,ACH-000019,roscovitine,-0.208156334699129,0.00977,MTS010,secondary,0.8656427568291516,,,,0.8656427568291516,"Roscovitine (Seliciclib,CYC202)"
MCF7,Alisertib (MLN8237),1.0,0.6346953034968511,SIDM00148,uM,alisertib,COc1cc(Nc2ncc3c(n2)-c2ccc(Cl)cc2C(c2c(F)cccc2OC)=NC3)ccc1C(=O)O,coc1cc(nc2ncc3c(n2)c2ccc(cl)cc2c(c2c(f)cccc2oc)=nc3)ccc1c(=o)o,0.0,543,mcf7,1.0,0.8706,0.0,0.6346953034968511,0.8706,ACH-000019,alisertib,0.120569866337,2.5,HTS,primary,1.0871642089401115,,,,1.0871642089401115,Alisertib (MLN8237)
MCF7,SNS-314,0.01,0.987914057075067,SIDM00148,uM,sns314,CS(=O)(=O)O.O=C(Nc1cccc(Cl)c1)Nc1ncc(CCNc2ncnc3ccsc23)s1,o=c(nc1cccc(cl)c1)nc1ncc(ccnc2ncnc3ccsc23)s1,-2.0,544,mcf7,,,,0.987914057075067,,ACH-000019,sns314,-0.0740659333149,0.00976562,HTS002,secondary,0.9499569674327093,,,,0.9499569674327093,SNS-314
MCF7,Trametinib (GSK1120212),0.1,0.999949604407661,SIDM00148,uM,trametinib,CC(=O)Nc1cccc(-n2c(=O)n(C3CC3)c(=O)c3c(Nc4ccc(I)cc4F)n(C)c(=O)c(C)c32)c1,cc(=o)nc1cccc(n2c(=o)n(c3cc3)c(=o)c3c(nc4ccc(i)cc4f)n(c)c(=o)c(c)c32)c1,-1.0,545,mcf7,,,,0.999949604407661,,ACH-000019,trametinib,-0.267552980648033,0.15625,MTS010,secondary,0.830727385266483,,,,0.830727385266483,Trametinib (GSK1120212)
MCF7,Valproic acid sodium salt (Sodium valproate),10.0,0.9999729147966478,SIDM00148,uM,valproicacidsalt,CCCC(CCC)C(=O)[O-].[Na+],cccc(ccc)c(=o)[o],1.0,546,mcf7,,,,0.9999729147966478,,ACH-000019,valproicacidsalt,,,,,,,,,,Valproic acid sodium salt (Sodium valproate)
MCF7,AICAR (Acadesine),0.1,1.0,SIDM00148,uM,aicar,NC(=O)c1ncn([C@@H]2O[C@H](CO)[C@@H](O)[C@H]2O)c1N,nc(=o)c1ncn([ch]2o[ch](co)[ch](o)[ch]2o)c1n,-1.0,547,mcf7,,,,1.0,,ACH-000019,aicar,,,,,,,,,,AICAR (Acadesine)
MCF7,XAV-939,0.01,1.0,SIDM00148,uM,xav939,Oc1nc(-c2ccc(C(F)(F)F)cc2)nc2c1CSCC2,oc1nc(c2ccc(c(f)(f)f)cc2)nc2c1cscc2,-2.0,548,mcf7,,,,1.0,,ACH-000019,xav939,,,,,,,,,,XAV-939
MCF7,Amisulpride,0.01,1.0,SIDM00148,uM,amisulpride,CCN1CCCC1CNC(=O)c1cc(S(=O)(=O)CC)c(N)cc1OC,ccn1cccc1cnc(=o)c1cc(s(=o)(=o)cc)c(n)cc1oc,-2.0,549,mcf7,,,,1.0,,ACH-000019,amisulpride,0.0472176828528,0.00976562,HTS002,secondary,1.0332702822066484,,,,1.0332702822066484,Amisulpride
MCF7,Tazemetostat (EPZ-6438),0.1,0.9999988070781508,SIDM00148,uM,tazemetostat,CCN(c1cc(-c2ccc(CN3CCOCC3)cc2)cc(C(=O)NCc2c(C)cc(C)[nH]c2=O)c1C)C1CCOCC1,ccn(c1cc(c2ccc(cn3ccocc3)cc2)cc(c(=o)ncc2c(c)cc(c)[nh]c2=o)c1c)c1ccocc1,-1.0,550,mcf7,,,,0.9999988070781508,,ACH-000019,tazemetostat,-0.15038021648,0.144427,HTS002,secondary,0.9010129729695265,,,,0.9010129729695265,Tazemetostat (EPZ-6438)
MCF7,Droxinostat,0.1,1.0,SIDM00148,uM,droxinostat,Cc1cc(Cl)ccc1OCCCC(=O)NO,cc1cc(cl)ccc1occcc(=o)no,-1.0,551,mcf7,,,,1.0,,ACH-000019,droxinostat,,,,,,,,,,Droxinostat
MCF7,WP1066,0.1,0.999999999656828,SIDM00148,uM,wp1066,C[C@H](NC(=O)C(C#N)=Cc1cccc(Br)n1)c1ccccc1,c[ch](nc(=o)c(c#n)=cc1cccc(br)n1)c1ccccc1,-1.0,552,mcf7,,,,0.999999999656828,,ACH-000019,wp1066,0.3492500778,0.160352,HTS002,secondary,1.2738982746358587,,,,1.2738982746358587,WP1066
MCF7,CYC116,10.0,0.808085808401474,SIDM00148,uM,cyc116,Cc1nc(N)sc1-c1ccnc(Nc2ccc(N3CCOCC3)cc2)n1,cc1nc(n)sc1c1ccnc(nc2ccc(n3ccocc3)cc2)n1,1.0,553,mcf7,,,,0.808085808401474,,ACH-000019,cyc116,-0.735455929323,2.5,HTS,primary,0.6006281805708085,,,,0.6006281805708085,CYC116
MCF7,Costunolide,0.01,0.9999999999893492,SIDM00148,uM,costunolide,C=C1C(=O)OC2/C=C(\C)CC/C=C(\C)CCC12,c=c1c(=o)oc2c=c(c)ccc=c(c)ccc12,-2.0,554,mcf7,,,,0.9999999999893492,,ACH-000019,costunolide,0.417219287487,0.00976562,HTS002,secondary,1.3353512592638652,,,,1.3353512592638652,Costunolide
MCF7,Entacapone,0.1,1.0,SIDM00148,uM,entacapone,CCN(CC)C(=O)C(C#N)=Cc1cc(O)c(O)c([N+](=O)[O-])c1,ccn(cc)c(=o)c(c#n)=cc1cc(o)c(o)c([n](=o)[o])c1,-1.0,555,mcf7,,,,1.0,,ACH-000019,entacapone,,,,,,,,,,Entacapone
MCF7,BMS-536924,1.0,0.911590180618937,SIDM00148,uM,bms536924,Cc1cc(N2CCOCC2)cc2[nH]c(-c3c(NCC(O)c4cccc(Cl)c4)cc[nH]c3=O)nc12,cc1cc(n2ccocc2)cc2[nh]c(c3c(ncc(o)c4cccc(cl)c4)cc[nh]c3=o)nc12,0.0,556,mcf7,,,,0.911590180618937,,ACH-000019,bms536924,,,,,,,,,,BMS-536924
MCF7,Bosutinib (SKI-606),1.0,0.771872953122964,SIDM00148,uM,bosutinib,COc1cc(Nc2c(C#N)cnc3cc(OCCCN4CCN(C)CC4)c(OC)cc23)c(Cl)cc1Cl,coc1cc(nc2c(c#n)cnc3cc(occcn4ccn(c)cc4)c(oc)cc23)c(cl)cc1cl,0.0,557,mcf7,1.0,1.073,0.0,0.771872953122964,1.073,ACH-000019,bosutinib,0.506461650379,2.5,HTS,primary,1.4205618537659512,,,,1.4205618537659512,Bosutinib (SKI-606)
MCF7,"Baricitinib (LY3009104, INCB028050)",10.0,1.0,SIDM00148,uM,baricitinib,CCS(=O)(=O)N1CC(CC#N)(n2cc(-c3ncnc4[nH]ccc34)cn2)C1,ccs(=o)(=o)n1cc(cc#n)(n2cc(c3ncnc4[nh]ccc34)cn2)c1,1.0,558,mcf7,,,,1.0,,ACH-000019,baricitinib,-1.96758084055,2.5,HTS,primary,0.2556814073313383,,,,0.2556814073313383,"Baricitinib (LY3009104, INCB028050)"
MCF7,"Rucaparib (AG-014699,PF-01367338) phosphate",10.0,0.999600166460543,SIDM00148,uM,rucaparib,CNCc1ccc(-c2[nH]c3cc(F)cc4c3c2CCNC4=O)cc1.O=P(O)(O)O,cncc1ccc(c2[nh]c3cc(f)cc4c3c2ccnc4=o)cc1,1.0,559,mcf7,,,,0.999600166460543,,ACH-000019,rucaparib,0.306763795542,2.5,HTS,primary,1.2369299464276464,,,,1.2369299464276464,"Rucaparib (AG-014699,PF-01367338) phosphate"
MCF7,GSK J1,0.01,0.999990266702276,SIDM00148,uM,gskj1,O=C(O)CCNc1cc(N2CCc3ccccc3CC2)nc(-c2ccccn2)n1,o=c(o)ccnc1cc(n2ccc3ccccc3cc2)nc(c2ccccn2)n1,-2.0,560,mcf7,,,,0.999990266702276,,ACH-000019,gskj1,,,,,,,,,,GSK J1
MCF7,INO-1001 (3-Aminobenzamide),0.01,1.0,SIDM00148,uM,ino1001,NC(=O)c1cccc(N)c1,nc(=o)c1cccc(n)c1,-2.0,561,mcf7,,,,1.0,,ACH-000019,ino1001,,,,,,,,,,INO-1001 (3-Aminobenzamide)
MCF7,Ellagic acid,0.1,1.0,SIDM00148,uM,ellagicacid,O=c1oc2c(O)c(O)cc3c(=O)oc4c(O)c(O)cc1c4c23,o=c1oc2c(o)c(o)cc3c(=o)oc4c(o)c(o)cc1c4c23,-1.0,562,mcf7,,,,1.0,,ACH-000019,ellagicacid,,,,,,,,,,Ellagic acid
MCF7,JNJ-7706621,1.0,0.9979529130139542,SIDM00148,uM,jnj7706621,Nc1nc(Nc2ccc(S(N)(=O)=O)cc2)nn1C(=O)c1c(F)cccc1F,nc1nc(nc2ccc(s(n)(=o)=o)cc2)nn1c(=o)c1c(f)cccc1f,0.0,563,mcf7,,,,0.9979529130139542,,ACH-000019,jnj7706621,-3.24654339638,2.5,HTS,primary,0.10536419549563698,,,,0.10536419549563698,JNJ-7706621
MCF7,2-Methoxyestradiol (2-MeOE2),0.01,0.999241142768272,SIDM00148,uM,2methoxyestradiol,COc1cc2c(cc1O)CC[C@@H]1[C@@H]2CC[C@]2(C)[C@@H](O)CC[C@@H]12,coc1cc2c(cc1o)cc[ch]1[ch]2cc[c]2(c)[ch](o)cc[ch]12,-2.0,564,mcf7,,,,0.999241142768272,,ACH-000019,2methoxyestradiol,-0.032058877502356,0.00977,MTS010,secondary,0.9780235587337077,,,,0.9780235587337077,2-Methoxyestradiol (2-MeOE2)
MCF7,Nintedanib (BIBF 1120),1.0,0.927362329720171,SIDM00148,uM,nintedanib,COC(=O)c1ccc2c(c1)NC(=O)/C2=C(\Nc1ccc(N(C)C(=O)CN2CCN(C)CC2)cc1)c1ccccc1,coc(=o)c1ccc2c(c1)nc(=o)c2=c(nc1ccc(n(c)c(=o)cn2ccn(c)cc2)cc1)c1ccccc1,0.0,565,mcf7,1.0,0.8708,0.0,0.927362329720171,0.8708,ACH-000019,nintedanib,-0.0978490301712,2.5,HTS,primary,0.9344251240406363,,,,0.9344251240406363,Nintedanib (BIBF 1120)
MCF7,CUDC-907,1.0,0.836910425213293,SIDM00148,uM,cudc907,COc1ccc(-c2nc(N3CCOCC3)c3sc(CN(C)c4ncc(C(=O)NO)cn4)cc3n2)cn1,coc1ccc(c2nc(n3ccocc3)c3sc(cn(c)c4ncc(c(=o)no)cn4)cc3n2)cn1,0.0,566,mcf7,,,,0.836910425213293,,ACH-000019,cudc907,-4.95242252939,2.5,HTS,primary,0.03229774991713531,,,,0.03229774991713531,CUDC-907
MCF7,Belinostat (PXD101),10.0,0.999997527728228,SIDM00148,uM,belinostat,O=C(C=Cc1cccc(S(=O)(=O)Nc2ccccc2)c1)NO,o=c(c=cc1cccc(s(=o)(=o)nc2ccccc2)c1)no,1.0,567,mcf7,,,,0.999997527728228,,ACH-000019,belinostat,-3.02868934914,2.5,HTS,primary,0.12253880996301693,,,,0.12253880996301693,Belinostat (PXD101)
MCF7,Ofloxacin,0.1,0.999999990829473,SIDM00148,uM,ofloxacin,CC1COc2c(N3CCN(C)CC3)c(F)cc3c(=O)c(C(=O)O)cn1c23,cc1coc2c(n3ccn(c)cc3)c(f)cc3c(=o)c(c(=o)o)cn1c23,-1.0,568,mcf7,,,,0.999999990829473,,ACH-000019,ofloxacin,,,,,,,,,,Ofloxacin
MCF7,ENMD-2076,0.1,0.999940338691384,SIDM00148,uM,enmd2076,Cc1cc(Nc2cc(N3CCN(C)CC3)nc(C=Cc3ccccc3)n2)n[nH]1,cc1cc(nc2cc(n3ccn(c)cc3)nc(c=cc3ccccc3)n2)n[nh]1,-1.0,569,mcf7,,,,0.999940338691384,,ACH-000019,enmd2076,0.451326574239,0.15625,HTS002,secondary,1.367296923732477,,,,1.367296923732477,ENMD-2076
MCF7,Thalidomide,0.01,1.0,SIDM00148,uM,thalidomide,O=C1CCC(N2C(=O)c3ccccc3C2=O)C(=O)N1,o=c1ccc(n2c(=o)c3ccccc3c2=o)c(=o)n1,-2.0,570,mcf7,,,,1.0,,ACH-000019,thalidomide,,,,,,,,,,Thalidomide
MCF7,Fulvestrant,0.01,0.999999999999939,SIDM00148,uM,fulvestrant,CC12CCC3c4ccc(O)cc4CC(CCCCCCCCCS(=O)CCCC(F)(F)C(F)(F)F)C3C1CCC2O,cc12ccc3c4ccc(o)cc4cc(cccccccccs(=o)cccc(f)(f)c(f)(f)f)c3c1ccc2o,-2.0,571,mcf7,0.0081,0.7372,-2.0915149811213505,0.999999999999939,0.7372,ACH-000019,fulvestrant,-0.122539896236,0.00976562,HTS002,secondary,0.9185690652956615,,,,0.9185690652956615,Fulvestrant
MCF7,"Luminespib (AUY-922, NVP-AUY922)",0.1,0.599774490219509,SIDM00148,uM,luminespib,CCNC(=O)c1noc(-c2cc(C(C)C)c(O)cc2O)c1-c1ccc(CN2CCOCC2)cc1,ccnc(=o)c1noc(c2cc(c(c)c)c(o)cc2o)c1c1ccc(cn2ccocc2)cc1,-1.0,572,mcf7,,,,0.599774490219509,,ACH-000019,luminespib,,,,,,,,,,"Luminespib (AUY-922, NVP-AUY922)"
MCF7,Azacitidine ,0.1,0.999907343825954,SIDM00148,uM,azacitidine,Nc1ncn([C@@H]2O[C@H](CO)[C@@H](O)[C@H]2O)c(=O)n1,nc1ncn([ch]2o[ch](co)[ch](o)[ch]2o)c(=o)n1,-1.0,573,mcf7,0.13,1.086,-0.8860566476931632,0.999907343825954,1.086,ACH-000019,azacitidine,-0.0186039331660835,0.15625,MTS010,secondary,0.987187523854731,,,,0.987187523854731,Azacitidine 
MCF7,GSK1070916,1.0,0.8011215941519109,SIDM00148,uM,gsk1070916,CCn1cc(-c2ccnc3[nH]c(-c4cccc(CN(C)C)c4)cc23)c(-c2ccc(NC(=O)N(C)C)cc2)n1,ccn1cc(c2ccnc3[nh]c(c4cccc(cn(c)c)c4)cc23)c(c2ccc(nc(=o)n(c)c)cc2)n1,0.0,574,mcf7,,,,0.8011215941519109,,ACH-000019,gsk1070916,-0.486047960677,2.5,HTS,primary,0.7139782540919769,,,,0.7139782540919769,GSK1070916
MCF7,JNJ-26854165 (Serdemetan),10.0,0.915295707542667,SIDM00148,uM,jnj26854165,c1ccc2c(CCNc3ccc(Nc4ccncc4)cc3)c[nH]c2c1,c1ccc2c(ccnc3ccc(nc4ccncc4)cc3)c[nh]c2c1,1.0,575,mcf7,,,,0.915295707542667,,ACH-000019,jnj26854165,,,,,,,,,,JNJ-26854165 (Serdemetan)
MCF7,Pelitinib (EKB-569),10.0,0.699624144598051,SIDM00148,uM,pelitinib,CCOc1cc2ncc(C#N)c(Nc3ccc(F)c(Cl)c3)c2cc1NC(=O)/C=C/CN(C)C,ccoc1cc2ncc(c#n)c(nc3ccc(f)c(cl)c3)c2cc1nc(=o)c=ccn(c)c,1.0,576,mcf7,,,,0.699624144598051,,ACH-000019,pelitinib,-0.984463803685,2.5,HTS,primary,0.5054135318317423,,,,0.5054135318317423,Pelitinib (EKB-569)
MCF7,CUDC-101,0.1,0.999999913861746,SIDM00148,uM,cudc101,C#Cc1cccc(Nc2ncnc3cc(OC)c(OCCCCCCC(=O)NO)cc23)c1,c#cc1cccc(nc2ncnc3cc(oc)c(occccccc(=o)no)cc23)c1,-1.0,577,mcf7,,,,0.999999913861746,,ACH-000019,cudc101,,0.15625,HTS002,secondary,,,,,,CUDC-101
MCF7,Epothilone A,1.0,0.9999776026264732,SIDM00148,uM,epothilonea,C/C(=C\c1csc(C)n1)C1CC2OC2CCCC(C)C(O)C(C)C(=O)C(C)(C)C(O)CC(=O)O1,cc(=cc1csc(c)n1)c1cc2oc2cccc(c)c(o)c(c)c(=o)c(c)(c)c(o)cc(=o)o1,0.0,578,mcf7,,,,0.9999776026264732,,ACH-000019,epothilonea,-3.25836615596,2.5,HTS,primary,0.1045042734415795,,,,0.1045042734415795,Epothilone A
MCF7,AC480 (BMS-599626),0.1,0.9999731102029192,SIDM00148,uM,ac480,Cc1c(NC(=O)OCC2COCCN2)cn2ncnc(Nc3ccc4c(cnn4Cc4cccc(F)c4)c3)c12,cc1c(nc(=o)occ2coccn2)cn2ncnc(nc3ccc4c(cnn4cc4cccc(f)c4)c3)c12,-1.0,579,mcf7,,,,0.9999731102029192,,ACH-000019,ac480,,,,,,,,,,AC480 (BMS-599626)
MCF7,Busulfan ,10.0,1.0,SIDM00148,uM,busulfan,CS(=O)(=O)OCCCCOS(C)(=O)=O,cs(=o)(=o)occccos(c)(=o)=o,1.0,580,mcf7,,,,1.0,,ACH-000019,busulfan,0.530675604846,2.5,HTS,primary,1.4446055366659576,,,,1.4446055366659576,Busulfan 
MCF7,Trichostatin A (TSA),10.0,0.999897843157352,SIDM00148,uM,trichostatina,CC(C=CC(=O)NO)=C[C@@H](C)C(=O)c1ccc(N(C)C)cc1,cc(c=cc(=o)no)=c[ch](c)c(=o)c1ccc(n(c)c)cc1,1.0,581,mcf7,,,,0.999897843157352,,ACH-000019,trichostatina,-4.41284840665,2.63,HTS,primary,0.04694618039821726,,,,0.04694618039821726,Trichostatin A (TSA)
MCF7,Tie2 kinase inhibitor,1.0,0.949206164795273,SIDM00148,uM,tie2kinaseinhibitor,COc1ccc2cc(-c3[nH]c(-c4ccc(S(C)=O)cc4)nc3-c3ccncc3)ccc2c1,coc1ccc2cc(c3[nh]c(c4ccc(s(c)=o)cc4)nc3c3ccncc3)ccc2c1,0.0,582,mcf7,,,,0.949206164795273,,ACH-000019,tie2kinaseinhibitor,0.047377652303,2.5,HTS,primary,1.0333848600200968,,,,1.0333848600200968,Tie2 kinase inhibitor
MCF7,CUDC-101,10.0,0.998699071139141,SIDM00148,uM,cudc101,C#Cc1cccc(Nc2ncnc3cc(OC)c(OCCCCCCC(=O)NO)cc23)c1,c#cc1cccc(nc2ncnc3cc(oc)c(occccccc(=o)no)cc23)c1,1.0,583,mcf7,,,,0.998699071139141,,ACH-000019,cudc101,-2.75760513864,2.5,HTS,primary,0.1478693408932439,,,,0.1478693408932439,CUDC-101
MCF7,M344,0.1,0.997978530523084,SIDM00148,uM,m344,CN(C)c1ccc(C(=O)NCCCCCCC(=O)NO)cc1,cn(c)c1ccc(c(=o)nccccccc(=o)no)cc1,-1.0,584,mcf7,,,,0.997978530523084,,ACH-000019,m344,0.144480715563,0.161993,HTS002,secondary,1.1053327276471296,,,,1.1053327276471296,M344
MCF7,Rigosertib (ON-01910),10.0,0.378968634552266,SIDM00148,uM,rigosertib,COc1cc(OC)c(/C=C/S(=O)(=O)Cc2ccc(OC)c(NCC(=O)[O-])c2)c(OC)c1.[Na+],coc1cc(oc)c(c=cs(=o)(=o)cc2ccc(oc)c(ncc(=o)[o])c2)c(oc)c1,1.0,585,mcf7,8.3,0.3461,0.919078092376074,0.378968634552266,0.3461,ACH-000019,rigosertib,-3.86010972301,2.5,HTS,primary,0.06886383215979945,,,,0.06886383215979945,Rigosertib (ON-01910)
MCF7,SRT2104 (GSK2245840),0.1,1.0,SIDM00148,uM,srt2104,Cc1nc(-c2cccnc2)sc1C(=O)Nc1ccccc1-c1cn2c(CN3CCOCC3)csc2n1,cc1nc(c2cccnc2)sc1c(=o)nc1ccccc1c1cn2c(cn3ccocc3)csc2n1,-1.0,586,mcf7,,,,1.0,,ACH-000019,srt2104,,,,,,,,,,SRT2104 (GSK2245840)
MCF7,SGI-1776 free base,0.01,0.9999999971574448,SIDM00148,uM,sgi1776freebase,CN1CCC(CNc2ccc3ncc(-c4cccc(OC(F)(F)F)c4)n3n2)CC1,cn1ccc(cnc2ccc3ncc(c4cccc(oc(f)(f)f)c4)n3n2)cc1,-2.0,587,mcf7,,,,0.9999999971574448,,ACH-000019,sgi1776freebase,,,,,,,,,,SGI-1776 free base
MCF7,Fulvestrant,0.1,0.9999999999558492,SIDM00148,uM,fulvestrant,CC12CCC3c4ccc(O)cc4CC(CCCCCCCCCS(=O)CCCC(F)(F)C(F)(F)F)C3C1CCC2O,cc12ccc3c4ccc(o)cc4cc(cccccccccs(=o)cccc(f)(f)c(f)(f)f)c3c1ccc2o,-1.0,588,mcf7,0.13,0.7068,-0.8860566476931632,0.9999999999558492,0.7068,ACH-000019,fulvestrant,0.519663753797,0.15625,HTS002,secondary,1.4336210777235445,,,,1.4336210777235445,Fulvestrant
MCF7,Ki8751,10.0,0.921188161527782,SIDM00148,uM,ki8751,COc1cc2nccc(Oc3ccc(NC(=O)Nc4ccc(F)cc4F)c(F)c3)c2cc1OC,coc1cc2nccc(oc3ccc(nc(=o)nc4ccc(f)cc4f)c(f)c3)c2cc1oc,1.0,589,mcf7,8.3,1.054,0.919078092376074,0.921188161527782,1.054,ACH-000019,ki8751,-0.523108685543,2.5,HTS,primary,0.695870770462277,,,,0.695870770462277,Ki8751
MCF7,Obatoclax Mesylate (GX15-070),1.0,0.9877262500643628,SIDM00148,uM,obatoclax,COC1=CC(c2cc3ccccc3[nH]2)=N/C1=C\c1[nH]c(C)cc1C.CS(=O)(=O)O,coc1=cc(c2cc3ccccc3[nh]2)=nc1=cc1[nh]c(c)cc1c,0.0,590,mcf7,0.52,0.8284,-0.2839966563652008,0.9877262500643628,0.8284,ACH-000019,obatoclax,-3.64958725029,2.5,HTS,primary,0.07968283291019232,,,,0.07968283291019232,Obatoclax Mesylate (GX15-070)
MCF7,Ki16425,1.0,1.0,SIDM00148,uM,ki16425,Cc1noc(-c2ccc(CSCCC(=O)O)cc2)c1NC(=O)OC(C)c1ccccc1Cl,cc1noc(c2ccc(csccc(=o)o)cc2)c1nc(=o)oc(c)c1ccccc1cl,0.0,591,mcf7,,,,1.0,,ACH-000019,ki16425,-0.377180430624,2.5,HTS,primary,0.7699408755754965,,,,0.7699408755754965,Ki16425
MCF7,Prednisone ,1.0,1.0,SIDM00148,uM,prednisone,CC12C=CC(=O)C=C1CCC1C2C(=O)CC2(C)C1CCC2(O)C(=O)CO,cc12c=cc(=o)c=c1ccc1c2c(=o)cc2(c)c1ccc2(o)c(=o)co,0.0,592,mcf7,,,,1.0,,ACH-000019,prednisone,-0.0371694635242,2.5,HTS,primary,0.9745651486620653,,,,0.9745651486620653,Prednisone 
MCF7,Vandetanib (ZD6474),1.0,0.9969404763728208,SIDM00148,uM,vandetanib,COc1cc2c(Nc3ccc(Br)cc3F)ncnc2cc1OCC1CCN(C)CC1,coc1cc2c(nc3ccc(br)cc3f)ncnc2cc1occ1ccn(c)cc1,0.0,593,mcf7,1.0,1.054,0.0,0.9969404763728208,1.054,ACH-000019,vandetanib,-0.212589351565,2.5,HTS,primary,0.8629869500235542,,,,0.8629869500235542,Vandetanib (ZD6474)
MCF7,AT9283,1.0,0.9089099393083208,SIDM00148,uM,at9283,O=C(Nc1c[nH]nc1-c1nc2cc(CN3CCOCC3)ccc2[nH]1)NC1CC1,o=c(nc1c[nh]nc1c1nc2cc(cn3ccocc3)ccc2[nh]1)nc1cc1,0.0,594,mcf7,,,,0.9089099393083208,,ACH-000019,at9283,-3.29042131517,2.5,HTS,primary,0.10220790483674674,,,,0.10220790483674674,AT9283
MCF7,G007-LK,0.1,0.989182670473703,SIDM00148,uM,g007lk,CS(=O)(=O)c1ccc(-c2nnc(C=Cc3nnc(-c4ccc(C#N)cc4)o3)n2-c2ccccc2Cl)nc1,cs(=o)(=o)c1ccc(c2nnc(c=cc3nnc(c4ccc(c#n)cc4)o3)n2c2ccccc2cl)nc1,-1.0,595,mcf7,,,,0.989182670473703,,ACH-000019,g007lk,,,,,,,,,,G007-LK
MCF7,Ruxolitinib (INCB018424),0.1,0.9999999999570092,SIDM00148,uM,ruxolitinib,N#CC[C@H](C1CCCC1)n1cc(-c2ncnc3[nH]ccc23)cn1,n#cc[ch](c1cccc1)n1cc(c2ncnc3[nh]ccc23)cn1,-1.0,596,mcf7,0.13,0.9556,-0.8860566476931632,0.9999999999570092,0.9556,ACH-000019,ruxolitinib,0.374018246173,0.15625,HTS002,secondary,1.2959573556696011,,,,1.2959573556696011,Ruxolitinib (INCB018424)
MCF7,PCI-34051,1.0,0.94147262239356,SIDM00148,uM,pci34051,COc1ccc(Cn2ccc3ccc(C(=O)NO)cc32)cc1,coc1ccc(cn2ccc3ccc(c(=o)no)cc32)cc1,0.0,597,mcf7,,,,0.94147262239356,,ACH-000019,pci34051,0.212947070867,2.5,HTS,primary,1.1590534281439386,,,,1.1590534281439386,PCI-34051
MCF7,Avagacestat (BMS-708163),0.01,1.0,SIDM00148,uM,avagacestat,NC(=O)C(CCC(F)(F)F)N(Cc1ccc(-c2ncon2)cc1F)S(=O)(=O)c1ccc(Cl)cc1,nc(=o)c(ccc(f)(f)f)n(cc1ccc(c2ncon2)cc1f)s(=o)(=o)c1ccc(cl)cc1,-2.0,598,mcf7,,,,1.0,,ACH-000019,avagacestat,,,,,,,,,,Avagacestat (BMS-708163)
MCF7,AMG-900,10.0,0.9999265224884152,SIDM00148,uM,amg900,Cc1csc(-c2nnc(Nc3ccc(Oc4ncccc4-c4ccnc(N)n4)cc3)c3ccccc23)c1,cc1csc(c2nnc(nc3ccc(oc4ncccc4c4ccnc(n)n4)cc3)c3ccccc23)c1,1.0,599,mcf7,,,,0.9999265224884152,,ACH-000019,amg900,-1.54378230783,2.5,HTS,primary,0.3429850721915572,,,,0.3429850721915572,AMG-900
MCF7,Azacitidine ,1.0,0.9995991856634052,SIDM00148,uM,azacitidine,Nc1ncn([C@@H]2O[C@H](CO)[C@@H](O)[C@H]2O)c(=O)n1,nc1ncn([ch]2o[ch](co)[ch](o)[ch]2o)c(=o)n1,0.0,600,mcf7,1.0,0.9167,0.0,0.9995991856634052,0.9167,ACH-000019,azacitidine,-0.823558931325,2.5,HTS,primary,0.5650463299574108,,,,0.5650463299574108,Azacitidine 
MCF7,Cyclocytidine HCl,1.0,0.9416216227780128,SIDM00148,uM,cyclocytidine,Cl.N=c1ccn2c(n1)OC1C(O)C(CO)OC12,n=c1ccn2c(n1)oc1c(o)c(co)oc12,0.0,601,mcf7,,,,0.9416216227780128,,ACH-000019,cyclocytidine,-2.24623389284,2.5,HTS,primary,0.21077360371998047,,,,0.21077360371998047,Cyclocytidine HCl
MCF7,"Cerdulatinib (PRT062070, PRT2070)",0.01,0.999999993677749,SIDM00148,uM,cerdulatinib,CCS(=O)(=O)N1CCN(c2ccc(Nc3ncc(C(N)=O)c(NC4CC4)n3)cc2)CC1.Cl,ccs(=o)(=o)n1ccn(c2ccc(nc3ncc(c(n)=o)c(nc4cc4)n3)cc2)cc1,-2.0,602,mcf7,,,,0.999999993677749,,ACH-000019,cerdulatinib,,,,,,,,,,"Cerdulatinib (PRT062070, PRT2070)"
MCF7,Streptozotocin (STZ),1.0,1.0,SIDM00148,uM,streptozotocin,CN(N=O)C(=O)NC1C(O)OC(CO)C(O)C1O,cn(n=o)c(=o)nc1c(o)oc(co)c(o)c1o,0.0,603,mcf7,,,,1.0,,ACH-000019,streptozotocin,0.11201768998,2.5,HTS,primary,1.0807386537158432,,,,1.0807386537158432,Streptozotocin (STZ)
MCF7,"Rucaparib (AG-014699,PF-01367338) phosphate",1.0,0.999721290316357,SIDM00148,uM,rucaparib,CNCc1ccc(-c2[nH]c3cc(F)cc4c3c2CCNC4=O)cc1.O=P(O)(O)O,cncc1ccc(c2[nh]c3cc(f)cc4c3c2ccnc4=o)cc1,0.0,604,mcf7,,,,0.999721290316357,,ACH-000019,rucaparib,0.306763795542,2.5,HTS,primary,1.2369299464276464,,,,1.2369299464276464,"Rucaparib (AG-014699,PF-01367338) phosphate"
MCF7,Cediranib (AZD2171),0.01,0.9998886116872908,SIDM00148,uM,cediranib,COc1cc2c(Oc3ccc4[nH]c(C)cc4c3F)ncnc2cc1OCCCN1CCCC1,coc1cc2c(oc3ccc4[nh]c(c)cc4c3f)ncnc2cc1occcn1cccc1,-2.0,605,mcf7,,,,0.9998886116872908,,ACH-000019,cediranib,0.143641073377,0.00976562,HTS002,secondary,1.104689616009962,,,,1.104689616009962,Cediranib (AZD2171)
MCF7,Navitoclax (ABT-263),10.0,0.6111654653327739,SIDM00148,uM,navitoclax,CC1(C)CCC(c2ccc(Cl)cc2)=C(CN2CCN(c3ccc(C(=O)NS(=O)(=O)c4ccc(N[C@H](CCN5CCOCC5)CSc5ccccc5)c(S(=O)(=O)C(F)(F)F)c4)cc3)CC2)C1,cc1(c)ccc(c2ccc(cl)cc2)=c(cn2ccn(c3ccc(c(=o)ns(=o)(=o)c4ccc(n[ch](ccn5ccocc5)csc5ccccc5)c(s(=o)(=o)c(f)(f)f)c4)cc3)cc2)c1,1.0,606,mcf7,8.3,0.8185,0.919078092376074,0.6111654653327739,0.8185,ACH-000019,navitoclax,0.206876675491,2.5,HTS,primary,1.1541867510667263,,,,1.1541867510667263,Navitoclax (ABT-263)
MCF7,Ki16425,10.0,1.0,SIDM00148,uM,ki16425,Cc1noc(-c2ccc(CSCCC(=O)O)cc2)c1NC(=O)OC(C)c1ccccc1Cl,cc1noc(c2ccc(csccc(=o)o)cc2)c1nc(=o)oc(c)c1ccccc1cl,1.0,607,mcf7,,,,1.0,,ACH-000019,ki16425,-0.377180430624,2.5,HTS,primary,0.7699408755754965,,,,0.7699408755754965,Ki16425
MCF7,ITSA-1 (ITSA1),0.1,1.0,SIDM00148,uM,itsa1,O=C(c1ccc(Cl)cc1Cl)n1nnc2ccccc21,o=c(c1ccc(cl)cc1cl)n1nnc2ccccc21,-1.0,608,mcf7,,,,1.0,,ACH-000019,itsa1,,,,,,,,,,ITSA-1 (ITSA1)
MCF7,Celecoxib,0.01,0.998830357630973,SIDM00148,uM,celecoxib,Cc1ccc(-c2cc(C(F)(F)F)nn2-c2ccc(S(N)(=O)=O)cc2)cc1,cc1ccc(c2cc(c(f)(f)f)nn2c2ccc(s(n)(=o)=o)cc2)cc1,-2.0,609,mcf7,,,,0.998830357630973,,ACH-000019,celecoxib,,,,,,,,,,Celecoxib
MCF7,"Luminespib (AUY-922, NVP-AUY922)",0.01,0.8658530487276709,SIDM00148,uM,luminespib,CCNC(=O)c1noc(-c2cc(C(C)C)c(O)cc2O)c1-c1ccc(CN2CCOCC2)cc1,ccnc(=o)c1noc(c2cc(c(c)c)c(o)cc2o)c1c1ccc(cn2ccocc2)cc1,-2.0,610,mcf7,,,,0.8658530487276709,,ACH-000019,luminespib,,,,,,,,,,"Luminespib (AUY-922, NVP-AUY922)"
MCF7,Mocetinostat (MGCD0103),10.0,0.99930475665041,SIDM00148,uM,mocetinostat,Nc1ccccc1NC(=O)c1ccc(CNc2nccc(-c3cccnc3)n2)cc1,nc1ccccc1nc(=o)c1ccc(cnc2nccc(c3cccnc3)n2)cc1,1.0,611,mcf7,,,,0.99930475665041,,ACH-000019,mocetinostat,-3.97106959509,2.5,HTS,primary,0.0637659650816075,,,,0.0637659650816075,Mocetinostat (MGCD0103)
MCF7,Mercaptopurine (6-MP),10.0,0.466219995968199,SIDM00148,uM,mercaptopurine,S=c1nc[nH]c2nc[nH]c12,s=c1nc[nh]c2nc[nh]c12,1.0,612,mcf7,,,,0.466219995968199,,ACH-000019,mercaptopurine,-0.137354904354,2.5,HTS,primary,0.9091845640195527,,,,0.9091845640195527,Mercaptopurine (6-MP)
MCF7,Enzastaurin (LY317615),0.01,1.0,SIDM00148,uM,enzastaurin,Cn1cc(C2=C(c3cn(C4CCN(Cc5ccccn5)CC4)c4ccccc34)C(=O)NC2=O)c2ccccc21,cn1cc(c2=c(c3cn(c4ccn(cc5ccccn5)cc4)c4ccccc34)c(=o)nc2=o)c2ccccc21,-2.0,613,mcf7,,,,1.0,,ACH-000019,enzastaurin,,,,,,,,,,Enzastaurin (LY317615)
MCF7,Roxadustat (FG-4592),10.0,1.0,SIDM00148,uM,roxadustat,Cc1nc(C(=O)NCC(=O)O)c(O)c2ccc(Oc3ccccc3)cc12,cc1nc(c(=o)ncc(=o)o)c(o)c2ccc(oc3ccccc3)cc12,1.0,614,mcf7,,,,1.0,,ACH-000019,roxadustat,,,,,,,,,,Roxadustat (FG-4592)
MCF7,"Fluorouracil (5-Fluoracil, 5-FU)",0.1,1.0,SIDM00148,uM,fluorouracil,O=c1[nH]cc(F)c(=O)[nH]1,o=c1[nh]cc(f)c(=o)[nh]1,-1.0,615,mcf7,0.13,1.057,-0.8860566476931632,1.0,1.057,ACH-000019,fluorouracil,,,,,,,,,1.057,"Fluorouracil (5-Fluoracil, 5-FU)"
MCF7,Selisistat (EX 527),10.0,1.0,SIDM00148,uM,selisistat,NC(=O)C1CCCc2c1[nH]c1ccc(Cl)cc21,nc(=o)c1cccc2c1[nh]c1ccc(cl)cc21,1.0,616,mcf7,,,,1.0,,ACH-000019,selisistat,,,,,,,,,,Selisistat (EX 527)
MCF7,Tranylcypromine (2-PCPA) HCl,0.1,0.9999999936171948,SIDM00148,uM,tranylcypromine,*.Cl.N[C@@H]1C[C@H]1c1ccccc1,n[ch]1c[ch]1c1ccccc1,-1.0,617,mcf7,,,,0.9999999936171948,,ACH-000019,tranylcypromine,,,,,,,,,,Tranylcypromine (2-PCPA) HCl
MCF7,Ofloxacin,1.0,0.999999693100984,SIDM00148,uM,ofloxacin,CC1COc2c(N3CCN(C)CC3)c(F)cc3c(=O)c(C(=O)O)cn1c23,cc1coc2c(n3ccn(c)cc3)c(f)cc3c(=o)c(c(=o)o)cn1c23,0.0,618,mcf7,,,,0.999999693100984,,ACH-000019,ofloxacin,0.372723852529,2.5,HTS,primary,1.294795137307408,,,,1.294795137307408,Ofloxacin
MCF7,Entinostat (MS-275),0.01,1.0,SIDM00148,uM,entinostat,Nc1ccccc1NC(=O)c1ccc(CNC(=O)OCc2cccnc2)cc1,nc1ccccc1nc(=o)c1ccc(cnc(=o)occ2cccnc2)cc1,-2.0,619,mcf7,0.0081,0.9395,-2.0915149811213505,1.0,0.9395,ACH-000019,entinostat,0.318806611129,0.00976562,HTS002,secondary,1.2472983641651405,,,,1.2472983641651405,Entinostat (MS-275)
MCF7,PF-3845,1.0,0.9999526610237408,SIDM00148,uM,pf3845,O=C(Nc1cccnc1)N1CCC(Cc2cccc(Oc3ccc(C(F)(F)F)cn3)c2)CC1,o=c(nc1cccnc1)n1ccc(cc2cccc(oc3ccc(c(f)(f)f)cn3)c2)cc1,0.0,620,mcf7,,,,0.9999526610237408,,ACH-000019,pf3845,-1.07630793267,2.5,HTS,primary,0.474240923521627,,,,0.474240923521627,PF-3845
MCF7,"Luminespib (AUY-922, NVP-AUY922)",10.0,0.592221298822908,SIDM00148,uM,luminespib,CCNC(=O)c1noc(-c2cc(C(C)C)c(O)cc2O)c1-c1ccc(CN2CCOCC2)cc1,ccnc(=o)c1noc(c2cc(c(c)c)c(o)cc2o)c1c1ccc(cn2ccocc2)cc1,1.0,621,mcf7,,,,0.592221298822908,,ACH-000019,luminespib,,,,,,,,,,"Luminespib (AUY-922, NVP-AUY922)"
MCF7,PF-3845,10.0,0.999932088075269,SIDM00148,uM,pf3845,O=C(Nc1cccnc1)N1CCC(Cc2cccc(Oc3ccc(C(F)(F)F)cn3)c2)CC1,o=c(nc1cccnc1)n1ccc(cc2cccc(oc3ccc(c(f)(f)f)cn3)c2)cc1,1.0,622,mcf7,,,,0.999932088075269,,ACH-000019,pf3845,-1.07630793267,2.5,HTS,primary,0.474240923521627,,,,0.474240923521627,PF-3845
MCF7,CEP-33779,10.0,1.0,SIDM00148,uM,cep33779,CN1CCN(c2cccc(Nc3nc4c(-c5ccc(S(C)(=O)=O)cc5)cccn4n3)c2)CC1,cn1ccn(c2cccc(nc3nc4c(c5ccc(s(c)(=o)=o)cc5)cccn4n3)c2)cc1,1.0,623,mcf7,,,,1.0,,ACH-000019,cep33779,0.167491619621,2.5,HTS,primary,1.1231040711559985,,,,1.1231040711559985,CEP-33779
MCF7,MK-0752,0.1,1.0,SIDM00148,uM,mk0752,O=C(O)CCC1CCC(c2cc(F)ccc2F)(S(=O)(=O)c2ccc(Cl)cc2)CC1,o=c(o)ccc1ccc(c2cc(f)ccc2f)(s(=o)(=o)c2ccc(cl)cc2)cc1,-1.0,624,mcf7,0.065,1.095,-1.1870866433571443,1.0,1.095,ACH-000019,mk0752,,,,,,,,,1.095,MK-0752
MCF7,IOX2,0.1,0.9999929269426792,SIDM00148,uM,iox2,O=C(O)CNC(=O)c1c(O)c2ccccc2n(Cc2ccccc2)c1=O,o=c(o)cnc(=o)c1c(o)c2ccccc2n(cc2ccccc2)c1=o,-1.0,625,mcf7,,,,0.9999929269426792,,ACH-000019,iox2,,,,,,,,,,IOX2
MCF7,Zileuton,10.0,1.0,SIDM00148,uM,zileuton,CC(c1cc2ccccc2s1)N(O)C(N)=O,cc(c1cc2ccccc2s1)n(o)c(n)=o,1.0,626,mcf7,,,,1.0,,ACH-000019,zileuton,0.0205766949849,2.5,HTS,primary,1.014364875398477,,,,1.014364875398477,Zileuton
MCF7,"Roscovitine (Seliciclib,CYC202)",0.1,0.994280830884228,SIDM00148,uM,roscovitine,CCC(CO)Nc1nc(NCc2ccccc2)c2ncn(C(C)C)c2n1,ccc(co)nc1nc(ncc2ccccc2)c2ncn(c(c)c)c2n1,-1.0,627,mcf7,,,,0.994280830884228,,ACH-000019,roscovitine,-0.330164565765248,0.15625,MTS010,secondary,0.7954457434390482,,,,0.7954457434390482,"Roscovitine (Seliciclib,CYC202)"
MCF7,Anacardic Acid,10.0,0.999957262589209,SIDM00148,uM,anacardicacid,CCCCCCCCCCCCCCCc1cccc(O)c1C(=O)O,cccccccccccccccc1cccc(o)c1c(=o)o,1.0,628,mcf7,,,,0.999957262589209,,ACH-000019,anacardicacid,,,,,,,,,,Anacardic Acid
MCF7,NVP-BSK805 2HCl,1.0,0.999897274276104,SIDM00148,uM,nvpbsk8052hcl,Cl.Cl.Fc1cc(-c2cccc3ncc(-c4cnn(C5CCNCC5)c4)nc23)cc(F)c1CN1CCOCC1,fc1cc(c2cccc3ncc(c4cnn(c5ccncc5)c4)nc23)cc(f)c1cn1ccocc1,0.0,629,mcf7,,,,0.999897274276104,,ACH-000019,nvpbsk8052hcl,,,,,,,,,,NVP-BSK805 2HCl
MCF7,Mercaptopurine (6-MP),0.01,0.999999677776967,SIDM00148,uM,mercaptopurine,S=c1nc[nH]c2nc[nH]c12,s=c1nc[nh]c2nc[nh]c12,-2.0,630,mcf7,,,,0.999999677776967,,ACH-000019,mercaptopurine,0.669345835167,0.00976562,HTS002,secondary,1.5903516868396084,,,,1.5903516868396084,Mercaptopurine (6-MP)
MCF7,WHI-P154,0.1,0.999916826654411,SIDM00148,uM,whip154,COc1cc2ncnc(Nc3ccc(O)c(Br)c3)c2cc1OC,coc1cc2ncnc(nc3ccc(o)c(br)c3)c2cc1oc,-1.0,631,mcf7,,,,0.999916826654411,,ACH-000019,whip154,0.487823567886,0.15625,HTS002,secondary,1.402327744696394,,,,1.402327744696394,WHI-P154
MCF7,Tucidinostat (Chidamide),0.01,0.999984488503492,SIDM00148,uM,tucidinostat,Nc1ccc(F)cc1NC(=O)c1ccc(CNC(=O)C=Cc2cccnc2)cc1,nc1ccc(f)cc1nc(=o)c1ccc(cnc(=o)c=cc2cccnc2)cc1,-2.0,632,mcf7,,,,0.999984488503492,,ACH-000019,tucidinostat,,,,,,,,,,Tucidinostat (Chidamide)
MCF7,SB431542,0.1,1.0,SIDM00148,uM,sb431542,NC(=O)c1ccc(-c2nc(-c3ccc4c(c3)OCO4)c(-c3ccccn3)[nH]2)cc1,nc(=o)c1ccc(c2nc(c3ccc4c(c3)oco4)c(c3ccccn3)[nh]2)cc1,-1.0,633,mcf7,0.065,0.9097,-1.1870866433571443,1.0,0.9097,ACH-000019,sb431542,0.0268444763843,0.15625,HTS002,secondary,1.0187813652957738,,,,1.0187813652957738,SB431542
MCF7,"Patupilone (EPO906, Epothilone B)",1.0,0.999957638387485,SIDM00148,uM,patupilone,C/C(=C\c1csc(C)n1)C1CC2OC2(C)CCCC(C)C(O)C(C)C(=O)C(C)(C)C(O)CC(=O)O1,cc(=cc1csc(c)n1)c1cc2oc2(c)cccc(c)c(o)c(c)c(=o)c(c)(c)c(o)cc(=o)o1,0.0,634,mcf7,,,,0.999957638387485,,ACH-000019,patupilone,,,,,,,,,,"Patupilone (EPO906, Epothilone B)"
MCF7,GSK J1,0.1,0.999951240715704,SIDM00148,uM,gskj1,O=C(O)CCNc1cc(N2CCc3ccccc3CC2)nc(-c2ccccn2)n1,o=c(o)ccnc1cc(n2ccc3ccccc3cc2)nc(c2ccccn2)n1,-1.0,635,mcf7,,,,0.999951240715704,,ACH-000019,gskj1,,,,,,,,,,GSK J1
MCF7,AZD1480,1.0,0.7356915421338008,SIDM00148,uM,azd1480,Cc1cc(Nc2nc(N[C@@H](C)c3ncc(F)cn3)ncc2Cl)n[nH]1,cc1cc(nc2nc(n[ch](c)c3ncc(f)cn3)ncc2cl)n[nh]1,0.0,636,mcf7,,,,0.7356915421338008,,ACH-000019,azd1480,-0.469181706136,2.5,HTS,primary,0.7223742108532193,,,,0.7223742108532193,AZD1480
MCF7,Entinostat (MS-275),0.1,1.0,SIDM00148,uM,entinostat,Nc1ccccc1NC(=O)c1ccc(CNC(=O)OCc2cccnc2)cc1,nc1ccccc1nc(=o)c1ccc(cnc(=o)occ2cccnc2)cc1,-1.0,637,mcf7,0.13,0.89,-0.8860566476931632,1.0,0.89,ACH-000019,entinostat,0.995545658078,0.15625,HTS002,secondary,1.9938344938538313,,,,1.9938344938538313,Entinostat (MS-275)
MCF7,Fulvestrant,1.0,0.999999972554357,SIDM00148,uM,fulvestrant,CC12CCC3c4ccc(O)cc4CC(CCCCCCCCCS(=O)CCCC(F)(F)C(F)(F)F)C3C1CCC2O,cc12ccc3c4ccc(o)cc4cc(cccccccccs(=o)cccc(f)(f)c(f)(f)f)c3c1ccc2o,0.0,638,mcf7,1.0,0.609,0.0,0.999999972554357,0.609,ACH-000019,fulvestrant,-0.153823507154,2.5,HTS,primary,0.8988650830111822,,,,0.8988650830111822,Fulvestrant
MCF7,Ofloxacin,0.01,0.999999999817753,SIDM00148,uM,ofloxacin,CC1COc2c(N3CCN(C)CC3)c(F)cc3c(=O)c(C(=O)O)cn1c23,cc1coc2c(n3ccn(c)cc3)c(f)cc3c(=o)c(c(=o)o)cn1c23,-2.0,639,mcf7,,,,0.999999999817753,,ACH-000019,ofloxacin,,,,,,,,,,Ofloxacin
MCF7,Meprednisone,0.1,1.0,SIDM00148,uM,meprednisone,CC1CC2C3CCC4=CC(=O)C=CC4(C)C3C(=O)CC2(C)C1(O)C(=O)CO,cc1cc2c3ccc4=cc(=o)c=cc4(c)c3c(=o)cc2(c)c1(o)c(=o)co,-1.0,640,mcf7,,,,1.0,,ACH-000019,meprednisone,,,,,,,,,,Meprednisone
MCF7,Enzastaurin (LY317615),1.0,1.0,SIDM00148,uM,enzastaurin,Cn1cc(C2=C(c3cn(C4CCN(Cc5ccccn5)CC4)c4ccccc34)C(=O)NC2=O)c2ccccc21,cn1cc(c2=c(c3cn(c4ccn(cc5ccccn5)cc4)c4ccccc34)c(=o)nc2=o)c2ccccc21,0.0,641,mcf7,,,,1.0,,ACH-000019,enzastaurin,-0.779864330042,2.5,HTS,primary,0.5824215611451593,,,,0.5824215611451593,Enzastaurin (LY317615)
MCF7,Zileuton,0.1,1.0,SIDM00148,uM,zileuton,CC(c1cc2ccccc2s1)N(O)C(N)=O,cc(c1cc2ccccc2s1)n(o)c(n)=o,-1.0,642,mcf7,,,,1.0,,ACH-000019,zileuton,,,,,,,,,,Zileuton
MCF7,"Baricitinib (LY3009104, INCB028050)",0.01,1.0,SIDM00148,uM,baricitinib,CCS(=O)(=O)N1CC(CC#N)(n2cc(-c3ncnc4[nH]ccc34)cn2)C1,ccs(=o)(=o)n1cc(cc#n)(n2cc(c3ncnc4[nh]ccc34)cn2)c1,-2.0,643,mcf7,,,,1.0,,ACH-000019,baricitinib,0.19874153369,0.00976562,HTS002,secondary,1.1476967795960744,,,,1.1476967795960744,"Baricitinib (LY3009104, INCB028050)"
MCF7,Ivosidenib (AG-120),1.0,0.982400234451416,SIDM00148,uM,ivosidenib,N#Cc1ccnc(N2C(=O)CCC2C(=O)N(c2cncc(F)c2)C(C(=O)NC2CC(F)(F)C2)c2ccccc2Cl)c1,n#cc1ccnc(n2c(=o)ccc2c(=o)n(c2cncc(f)c2)c(c(=o)nc2cc(f)(f)c2)c2ccccc2cl)c1,0.0,644,mcf7,,,,0.982400234451416,,ACH-000019,ivosidenib,0.228084920377638,2.4999924489,MTS007,primary,1.171279123396701,,,,1.171279123396701,Ivosidenib (AG-120)
MCF7,Dasatinib,0.1,0.9856437586593442,SIDM00148,uM,dasatinib,Cc1nc(Nc2ncc(C(=O)Nc3c(C)cccc3Cl)s2)cc(N2CCN(CCO)CC2)n1,cc1nc(nc2ncc(c(=o)nc3c(c)cccc3cl)s2)cc(n2ccn(cco)cc2)n1,-1.0,645,mcf7,0.13,0.8447,-0.8860566476931632,0.9856437586593442,0.8447,ACH-000019,dasatinib,0.0566704798245,0.15625,HTS002,secondary,1.040062682853306,,,,1.040062682853306,Dasatinib
MCF7,AG-14361,10.0,0.9742729403046272,SIDM00148,uM,ag14361,CN(C)Cc1ccc(-c2nc3cccc4c3n2CCNC4=O)cc1,cn(c)cc1ccc(c2nc3cccc4c3n2ccnc4=o)cc1,1.0,646,mcf7,,,,0.9742729403046272,,ACH-000019,ag14361,-0.385420826537,2.5,HTS,primary,0.7655556574260856,,,,0.7655556574260856,AG-14361
MCF7,Lapatinib (GW-572016) Ditosylate,10.0,0.538578797574573,SIDM00148,uM,lapatinibditosylate,CS(=O)(=O)CCNCc1ccc(-c2ccc3ncnc(Nc4ccc(OCc5cccc(F)c5)c(Cl)c4)c3c2)o1.Cc1ccc(S(=O)(=O)O)cc1.Cc1ccc(S(=O)(=O)O)cc1,cs(=o)(=o)ccncc1ccc(c2ccc3ncnc(nc4ccc(occ5cccc(f)c5)c(cl)c4)c3c2)o1,1.0,647,mcf7,,,,0.538578797574573,,ACH-000019,lapatinibditosylate,,,,,,,,,,Lapatinib (GW-572016) Ditosylate
MCF7,Prednisone ,0.01,1.0,SIDM00148,uM,prednisone,CC12C=CC(=O)C=C1CCC1C2C(=O)CC2(C)C1CCC2(O)C(=O)CO,cc12c=cc(=o)c=c1ccc1c2c(=o)cc2(c)c1ccc2(o)c(=o)co,-2.0,648,mcf7,,,,1.0,,ACH-000019,prednisone,,,,,,,,,,Prednisone 
MCF7,Flavopiridol HCl,0.01,0.919779652902617,SIDM00148,uM,flavopiridol,CN1CCC(c2c(O)cc(O)c3c(=O)cc(-c4ccccc4Cl)oc23)C(O)C1.Cl,cn1ccc(c2c(o)cc(o)c3c(=o)cc(c4ccccc4cl)oc23)c(o)c1,-2.0,649,mcf7,,,,0.919779652902617,,ACH-000019,flavopiridol,,,,,,,,,,Flavopiridol HCl
MCF7,Toremifene Citrate,0.1,0.999999991162467,SIDM00148,uM,toremifene,CN(C)CCOc1ccc(/C(=C(/CCCl)c2ccccc2)c2ccccc2)cc1.O=C(O)CC(O)(CC(=O)O)C(=O)O,cn(c)ccoc1ccc(c(=c(cccl)c2ccccc2)c2ccccc2)cc1,-1.0,650,mcf7,,,,0.999999991162467,,ACH-000019,toremifene,0.122404381127,0.15625,HTS002,secondary,1.0885475140335756,,,,1.0885475140335756,Toremifene Citrate
MCF7,UNC1999,10.0,1.0,SIDM00148,uM,unc1999,CCCc1cc(C)[nH]c(=O)c1CNC(=O)c1cc(-c2ccc(N3CCN(C(C)C)CC3)nc2)cc2c1cnn2C(C)C,cccc1cc(c)[nh]c(=o)c1cnc(=o)c1cc(c2ccc(n3ccn(c(c)c)cc3)nc2)cc2c1cnn2c(c)c,1.0,651,mcf7,,,,1.0,,ACH-000019,unc1999,-0.20887498086,2.5,HTS,primary,0.8652116636932633,,,,0.8652116636932633,UNC1999
MCF7,Curcumin,0.1,1.0,SIDM00148,uM,curcumin,COc1cc(C=CC(=O)C=C(O)C=Cc2ccc(O)c(OC)c2)ccc1O,coc1cc(c=cc(=o)c=c(o)c=cc2ccc(o)c(oc)c2)ccc1o,-1.0,652,mcf7,0.081,1.077,-1.0915149811213503,1.0,1.077,ACH-000019,curcumin,-0.0353293064603,0.155057,HTS002,secondary,0.9758089992948441,,,,0.9758089992948441,Curcumin
MCF7,PF-573228,0.1,0.999896382645657,SIDM00148,uM,pf573228,CS(=O)(=O)c1cccc(CNc2nc(Nc3ccc4c(c3)CCC(=O)N4)ncc2C(F)(F)F)c1,cs(=o)(=o)c1cccc(cnc2nc(nc3ccc4c(c3)ccc(=o)n4)ncc2c(f)(f)f)c1,-1.0,653,mcf7,0.13,1.102,-0.8860566476931632,0.999896382645657,1.102,ACH-000019,pf573228,0.085545074509,0.15625,HTS002,secondary,1.0610885627929334,,,,1.0610885627929334,PF-573228
MCF7,Linifanib (ABT-869),0.1,0.998514669180119,SIDM00148,uM,linifanib,Cc1ccc(F)c(NC(=O)Nc2ccc(-c3cccc4[nH]nc(N)c34)cc2)c1,cc1ccc(f)c(nc(=o)nc2ccc(c3cccc4[nh]nc(n)c34)cc2)c1,-1.0,654,mcf7,0.13,0.753,-0.8860566476931632,0.998514669180119,0.753,ACH-000019,linifanib,0.607986493091,0.15625,HTS002,secondary,1.5241305609421663,,,,1.5241305609421663,Linifanib (ABT-869)
MCF7,Rigosertib (ON-01910),0.1,0.814278554359353,SIDM00148,uM,rigosertib,COc1cc(OC)c(/C=C/S(=O)(=O)Cc2ccc(OC)c(NCC(=O)[O-])c2)c(OC)c1.[Na+],coc1cc(oc)c(c=cs(=o)(=o)cc2ccc(oc)c(ncc(=o)[o])c2)c(oc)c1,-1.0,655,mcf7,0.13,0.5584,-0.8860566476931632,0.814278554359353,0.5584,ACH-000019,rigosertib,,0.15625,HTS002,secondary,,,,,0.5584,Rigosertib (ON-01910)
MCF7,Zileuton,0.01,1.0,SIDM00148,uM,zileuton,CC(c1cc2ccccc2s1)N(O)C(N)=O,cc(c1cc2ccccc2s1)n(o)c(n)=o,-2.0,656,mcf7,,,,1.0,,ACH-000019,zileuton,,,,,,,,,,Zileuton
MCF7,UNC1999,0.01,1.0,SIDM00148,uM,unc1999,CCCc1cc(C)[nH]c(=O)c1CNC(=O)c1cc(-c2ccc(N3CCN(C(C)C)CC3)nc2)cc2c1cnn2C(C)C,cccc1cc(c)[nh]c(=o)c1cnc(=o)c1cc(c2ccc(n3ccn(c(c)c)cc3)nc2)cc2c1cnn2c(c)c,-2.0,657,mcf7,,,,1.0,,ACH-000019,unc1999,,,,,,,,,,UNC1999
MCF7,EED226,10.0,1.0,SIDM00148,uM,eed226,CS(=O)(=O)c1ccc(-c2cnc(NCc3ccco3)n3cnnc23)cc1,cs(=o)(=o)c1ccc(c2cnc(ncc3ccco3)n3cnnc23)cc1,1.0,658,mcf7,,,,1.0,,ACH-000019,eed226,0.218941978648894,2.5,MTS007,primary,1.1638797253189777,,,,1.1638797253189777,EED226
MCF7,Vandetanib (ZD6474),10.0,0.6213123236187199,SIDM00148,uM,vandetanib,COc1cc2c(Nc3ccc(Br)cc3F)ncnc2cc1OCC1CCN(C)CC1,coc1cc2c(nc3ccc(br)cc3f)ncnc2cc1occ1ccn(c)cc1,1.0,659,mcf7,8.3,0.8842,0.919078092376074,0.6213123236187199,0.8842,ACH-000019,vandetanib,-0.212589351565,2.5,HTS,primary,0.8629869500235542,,,,0.8629869500235542,Vandetanib (ZD6474)
MCF7,Aminoglutethimide ,0.01,1.0,SIDM00148,uM,aminoglutethimide,CCC1(c2ccc(N)cc2)CCC(=O)NC1=O,ccc1(c2ccc(n)cc2)ccc(=o)nc1=o,-2.0,660,mcf7,,,,1.0,,ACH-000019,aminoglutethimide,-0.695655146343763,0.00977,MTS010,secondary,0.6174288725117749,,,,0.6174288725117749,Aminoglutethimide 
MCF7,Decitabine,1.0,1.0,SIDM00148,uM,decitabine,Nc1ncn([C@H]2C[C@H](O)[C@@H](CO)O2)c(=O)n1,nc1ncn([ch]2c[ch](o)[ch](co)o2)c(=o)n1,0.0,661,mcf7,1.0,0.9877,0.0,1.0,0.9877,ACH-000019,decitabine,-0.553944545593,2.5,HTS,primary,0.6811551991054575,,,,0.6811551991054575,Decitabine
MCF7,Bisindolylmaleimide IX (Ro 31-8220 Mesylate),0.01,0.999999997970058,SIDM00148,uM,bisindolylmaleimideix,CS(=O)(=O)O.Cn1cc(C2=C(c3cn(CCCSC(=N)N)c4ccccc34)C(=O)NC2=O)c2ccccc21,cn1cc(c2=c(c3cn(cccsc(=n)n)c4ccccc34)c(=o)nc2=o)c2ccccc21,-2.0,662,mcf7,,,,0.999999997970058,,ACH-000019,bisindolylmaleimideix,0.684821336551,0.00976562,HTS002,secondary,1.607502895894539,,,,1.607502895894539,Bisindolylmaleimide IX (Ro 31-8220 Mesylate)
MCF7,NVP-BSK805 2HCl,10.0,0.9995577126786078,SIDM00148,uM,nvpbsk8052hcl,Cl.Cl.Fc1cc(-c2cccc3ncc(-c4cnn(C5CCNCC5)c4)nc23)cc(F)c1CN1CCOCC1,fc1cc(c2cccc3ncc(c4cnn(c5ccncc5)c4)nc23)cc(f)c1cn1ccocc1,1.0,663,mcf7,,,,0.9995577126786078,,ACH-000019,nvpbsk8052hcl,,,,,,,,,,NVP-BSK805 2HCl
MCF7,"Temsirolimus (CCI-779, NSC 683864)",10.0,0.9998426113760392,SIDM00148,uM,temsirolimus,COC1CC2CCC(C)C(O)(O2)C(=O)C(=O)N2CCCCC2C(=O)OC(C(C)CC2CCC(OC(=O)C(C)(CO)CO)C(OC)C2)CC(=O)C(C)/C=C(\C)C(O)C(OC)C(=O)C(C)CC(C)/C=C/C=C/C=C/1C,coc1cc2ccc(c)c(o)(o2)c(=o)c(=o)n2ccccc2c(=o)oc(c(c)cc2ccc(oc(=o)c(c)(co)co)c(oc)c2)cc(=o)c(c)c=c(c)c(o)c(oc)c(=o)c(c)cc(c)c=cc=cc=c1c,1.0,664,mcf7,8.3,0.4185,0.919078092376074,0.9998426113760392,0.4185,ACH-000019,temsirolimus,0.0707451622726,2.5,HTS,primary,1.050259009818483,,,,1.050259009818483,"Temsirolimus (CCI-779, NSC 683864)"
MCF7,Rigosertib (ON-01910),1.0,0.536699828739096,SIDM00148,uM,rigosertib,COc1cc(OC)c(/C=C/S(=O)(=O)Cc2ccc(OC)c(NCC(=O)[O-])c2)c(OC)c1.[Na+],coc1cc(oc)c(c=cs(=o)(=o)cc2ccc(oc)c(ncc(=o)[o])c2)c(oc)c1,0.0,665,mcf7,1.0,0.3298,0.0,0.536699828739096,0.3298,ACH-000019,rigosertib,-3.86010972301,2.5,HTS,primary,0.06886383215979945,,,,0.06886383215979945,Rigosertib (ON-01910)
MCF7,Mocetinostat (MGCD0103),0.01,0.9999365988931508,SIDM00148,uM,mocetinostat,Nc1ccccc1NC(=O)c1ccc(CNc2nccc(-c3cccnc3)n2)cc1,nc1ccccc1nc(=o)c1ccc(cnc2nccc(c3cccnc3)n2)cc1,-2.0,666,mcf7,,,,0.9999365988931508,,ACH-000019,mocetinostat,,0.00976562,HTS002,secondary,,,,,,Mocetinostat (MGCD0103)
MCF7,Thiotepa,0.01,0.998747003369409,SIDM00148,uM,thiotepa,S=P(N1CC1)(N1CC1)N1CC1,s=p(n1cc1)(n1cc1)n1cc1,-2.0,667,mcf7,,,,0.998747003369409,,ACH-000019,thiotepa,0.116409967406358,0.00977,MTS010,secondary,1.0840339705766788,,,,1.0840339705766788,Thiotepa
MCF7,Glesatinib?(MGCD265),10.0,0.843455213259167,SIDM00148,uM,glesatinib,COCCNCc1ccc(-c2cc3nccc(Oc4ccc(NC(=S)NC(=O)Cc5ccc(F)cc5)cc4F)c3s2)nc1,coccncc1ccc(c2cc3nccc(oc4ccc(nc(=s)nc(=o)cc5ccc(f)cc5)cc4f)c3s2)nc1,1.0,668,mcf7,,,,0.843455213259167,,ACH-000019,glesatinib,,,,,,,,,,Glesatinib?(MGCD265)
MCF7,Pracinostat (SB939),0.01,0.999999108526119,SIDM00148,uM,pracinostat,CCCCc1nc2cc(C=CC(=O)NO)ccc2n1CCN(CC)CC,ccccc1nc2cc(c=cc(=o)no)ccc2n1ccn(cc)cc,-2.0,669,mcf7,,,,0.999999108526119,,ACH-000019,pracinostat,,,,,,,,,,Pracinostat (SB939)
MCF7,"Tozasertib (VX-680, MK-0457)",1.0,0.5637886146453679,SIDM00148,uM,tozasertib,Cc1cc(Nc2cc(N3CCN(C)CC3)nc(Sc3ccc(NC(=O)C4CC4)cc3)n2)n[nH]1,cc1cc(nc2cc(n3ccn(c)cc3)nc(sc3ccc(nc(=o)c4cc4)cc3)n2)n[nh]1,0.0,670,mcf7,,,,0.5637886146453679,,ACH-000019,tozasertib,0.744736999592,2.5,HTS,primary,1.675668770439905,,,,1.675668770439905,"Tozasertib (VX-680, MK-0457)"
MCF7,MC1568,10.0,1.0,SIDM00148,uM,mc1568,Cn1cc(C=CC(=O)c2cccc(F)c2)cc1C=CC(=O)NO,cn1cc(c=cc(=o)c2cccc(f)c2)cc1c=cc(=o)no,1.0,671,mcf7,,,,1.0,,ACH-000019,mc1568,,,,,,,,,,MC1568
MCF7,Abexinostat (PCI-24781),10.0,1.0,SIDM00148,uM,abexinostat,CN(C)Cc1c(C(=O)NCCOc2ccc(C(=O)NO)cc2)oc2ccccc12,cn(c)cc1c(c(=o)nccoc2ccc(c(=o)no)cc2)oc2ccccc12,1.0,672,mcf7,,,,1.0,,ACH-000019,abexinostat,,,,,,,,,,Abexinostat (PCI-24781)
MCF7,"Fluorouracil (5-Fluoracil, 5-FU)",1.0,1.0,SIDM00148,uM,fluorouracil,O=c1[nH]cc(F)c(=O)[nH]1,o=c1[nh]cc(f)c(=o)[nh]1,0.0,673,mcf7,1.0,0.9373,0.0,1.0,0.9373,ACH-000019,fluorouracil,,,,,,,,,0.9373,"Fluorouracil (5-Fluoracil, 5-FU)"
MCF7,Lomustine ,10.0,1.0,SIDM00148,uM,lomustine,O=NN(CCCl)C(=O)NC1CCCCC1,o=nn(cccl)c(=o)nc1ccccc1,1.0,674,mcf7,,,,1.0,,ACH-000019,lomustine,,,,,,,,,,Lomustine 
MCF7,Belinostat (PXD101),1.0,0.99999999286167,SIDM00148,uM,belinostat,O=C(C=Cc1cccc(S(=O)(=O)Nc2ccccc2)c1)NO,o=c(c=cc1cccc(s(=o)(=o)nc2ccccc2)c1)no,0.0,675,mcf7,,,,0.99999999286167,,ACH-000019,belinostat,-3.02868934914,2.5,HTS,primary,0.12253880996301693,,,,0.12253880996301693,Belinostat (PXD101)
MCF7,Alvespimycin (17-DMAG) HCl,0.1,0.8161774052012829,SIDM00148,uM,alvespimycin,COC1/C=C\C=C(/C)C(=O)NC2=CC(=O)C(NCCN(C)C)=C(CC(C)CC(OC)C(O)C(C)/C=C(\C)C1OC(N)=O)C2=O.Cl,coc1c=cc=c(c)c(=o)nc2=cc(=o)c(nccn(c)c)=c(cc(c)cc(oc)c(o)c(c)c=c(c)c1oc(n)=o)c2=o,-1.0,676,mcf7,,,,0.8161774052012829,,ACH-000019,alvespimycin,-3.16773087589089,0.156,MTS010,secondary,0.11128022322462035,,,,0.11128022322462035,Alvespimycin (17-DMAG) HCl
MCF7,ENMD-2076 L-(+)-Tartaric acid ,0.1,0.999992066868021,SIDM00148,uM,enmd2076ltartaricacid,Cc1cc(Nc2cc(N3CCN(C)CC3)nc(C=Cc3ccccc3)n2)n[nH]1,cc1cc(nc2cc(n3ccn(c)cc3)nc(c=cc3ccccc3)n2)n[nh]1,-1.0,677,mcf7,,,,0.999992066868021,,ACH-000019,enmd2076ltartaricacid,,,,,,,,,,ENMD-2076 L-(+)-Tartaric acid 
MCF7,AMG-900,1.0,0.999948781453605,SIDM00148,uM,amg900,Cc1csc(-c2nnc(Nc3ccc(Oc4ncccc4-c4ccnc(N)n4)cc3)c3ccccc23)c1,cc1csc(c2nnc(nc3ccc(oc4ncccc4c4ccnc(n)n4)cc3)c3ccccc23)c1,0.0,678,mcf7,,,,0.999948781453605,,ACH-000019,amg900,-1.54378230783,2.5,HTS,primary,0.3429850721915572,,,,0.3429850721915572,AMG-900
MCF7,TAK-901,1.0,0.6410044865980289,SIDM00148,uM,tak901,CCS(=O)(=O)c1cccc(-c2cc(C(=O)NC3CCN(C)CC3)c(C)c3[nH]c4ncc(C)cc4c23)c1,ccs(=o)(=o)c1cccc(c2cc(c(=o)nc3ccn(c)cc3)c(c)c3[nh]c4ncc(c)cc4c23)c1,0.0,679,mcf7,,,,0.6410044865980289,,ACH-000019,tak901,-2.1130207581,2.5,HTS,primary,0.23116249344180184,,,,0.23116249344180184,TAK-901
MCF7,Lenalidomide (CC-5013),0.01,1.0,SIDM00148,uM,lenalidomide,Nc1cccc2c1CN(C1CCC(=O)NC1=O)C2=O,nc1cccc2c1cn(c1ccc(=o)nc1=o)c2=o,-2.0,680,mcf7,,,,1.0,,ACH-000019,lenalidomide,0.408255649259,0.00976562,HTS002,secondary,1.3270802817900922,,,,1.3270802817900922,Lenalidomide (CC-5013)
MCF7,Quisinostat (JNJ-26481585) 2HCl,0.01,0.999999585597245,SIDM00148,uM,quisinostat2hcl,Cl.Cl.Cn1cc(CNCC2CCN(c3ncc(C(=O)NO)cn3)CC2)c2ccccc21,cn1cc(cncc2ccn(c3ncc(c(=o)no)cn3)cc2)c2ccccc21,-2.0,681,mcf7,,,,0.999999585597245,,ACH-000019,quisinostat2hcl,,,,,,,,,,Quisinostat (JNJ-26481585) 2HCl
MCF7,Linifanib (ABT-869),10.0,0.750811227871297,SIDM00148,uM,linifanib,Cc1ccc(F)c(NC(=O)Nc2ccc(-c3cccc4[nH]nc(N)c34)cc2)c1,cc1ccc(f)c(nc(=o)nc2ccc(c3cccc4[nh]nc(n)c34)cc2)c1,1.0,682,mcf7,8.3,0.3549,0.919078092376074,0.750811227871297,0.3549,ACH-000019,linifanib,0.206540984873,2.5,HTS,primary,1.153918222666896,,,,1.153918222666896,Linifanib (ABT-869)
MCF7,Fulvestrant,10.0,0.999982943741116,SIDM00148,uM,fulvestrant,CC12CCC3c4ccc(O)cc4CC(CCCCCCCCCS(=O)CCCC(F)(F)C(F)(F)F)C3C1CCC2O,cc12ccc3c4ccc(o)cc4cc(cccccccccs(=o)cccc(f)(f)c(f)(f)f)c3c1ccc2o,1.0,683,mcf7,8.3,0.5896,0.919078092376074,0.999982943741116,0.5896,ACH-000019,fulvestrant,-0.153823507154,2.5,HTS,primary,0.8988650830111822,,,,0.8988650830111822,Fulvestrant
MCF7,KW-2449,1.0,0.7787816000460559,SIDM00148,uM,kw2449,O=C(c1ccc(C=Cc2n[nH]c3ccccc23)cc1)N1CCNCC1,o=c(c1ccc(c=cc2n[nh]c3ccccc23)cc1)n1ccncc1,0.0,684,mcf7,1.0,1.075,0.0,0.7787816000460559,1.075,ACH-000019,kw2449,-0.595768056158,2.5,HTS,primary,0.6616920924480667,,,,0.6616920924480667,KW-2449
MCF7,IOX2,10.0,0.9999820539325192,SIDM00148,uM,iox2,O=C(O)CNC(=O)c1c(O)c2ccccc2n(Cc2ccccc2)c1=O,o=c(o)cnc(=o)c1c(o)c2ccccc2n(cc2ccccc2)c1=o,1.0,685,mcf7,,,,0.9999820539325192,,ACH-000019,iox2,0.207995417849,2.5,HTS,primary,1.1550821158856206,,,,1.1550821158856206,IOX2
MCF7,BMS-754807,0.01,0.999973339334687,SIDM00148,uM,bms754807,CC1(C(=O)Nc2ccc(F)nc2)CCCN1c1nc(Nc2cc(C3CC3)[nH]n2)c2cccn2n1,cc1(c(=o)nc2ccc(f)nc2)cccn1c1nc(nc2cc(c3cc3)[nh]n2)c2cccn2n1,-2.0,686,mcf7,0.0081,0.7633,-2.0915149811213505,0.999973339334687,0.7633,ACH-000019,bms754807,0.113832429818822,0.00977,MTS010,secondary,1.0820989505688248,,,,1.0820989505688248,BMS-754807
MCF7,Mercaptopurine (6-MP),1.0,0.956283839475174,SIDM00148,uM,mercaptopurine,S=c1nc[nH]c2nc[nH]c12,s=c1nc[nh]c2nc[nh]c12,0.0,687,mcf7,,,,0.956283839475174,,ACH-000019,mercaptopurine,-0.137354904354,2.5,HTS,primary,0.9091845640195527,,,,0.9091845640195527,Mercaptopurine (6-MP)
MCF7,TMP195,0.01,0.992567513417037,SIDM00148,uM,tmp195,CC(C)(CNC(=O)c1cccc(-c2noc(C(F)(F)F)n2)c1)c1coc(-c2ccccc2)n1,cc(c)(cnc(=o)c1cccc(c2noc(c(f)(f)f)n2)c1)c1coc(c2ccccc2)n1,-2.0,688,mcf7,,,,0.992567513417037,,ACH-000019,tmp195,,,,,,,,,,TMP195
MCF7,BRD4770,0.1,0.9999937776884228,SIDM00148,uM,brd4770,COC(=O)c1ccc2c(c1)nc(NC(=O)c1ccccc1)n2CCCc1ccccc1,coc(=o)c1ccc2c(c1)nc(nc(=o)c1ccccc1)n2cccc1ccccc1,-1.0,689,mcf7,,,,0.9999937776884228,,ACH-000019,brd4770,,,,,,,,,,BRD4770
MCF7,Ki16425,0.1,1.0,SIDM00148,uM,ki16425,Cc1noc(-c2ccc(CSCCC(=O)O)cc2)c1NC(=O)OC(C)c1ccccc1Cl,cc1noc(c2ccc(csccc(=o)o)cc2)c1nc(=o)oc(c)c1ccccc1cl,-1.0,690,mcf7,,,,1.0,,ACH-000019,ki16425,0.439690730165,0.15625,HTS002,secondary,1.3563135440057523,,,,1.3563135440057523,Ki16425
MCF7,Lomustine ,0.01,1.0,SIDM00148,uM,lomustine,O=NN(CCCl)C(=O)NC1CCCCC1,o=nn(cccl)c(=o)nc1ccccc1,-2.0,691,mcf7,,,,1.0,,ACH-000019,lomustine,,,,,,,,,,Lomustine 
MCF7,Tanespimycin (17-AAG),10.0,0.566405515890731,SIDM00148,uM,tanespimycin,C=CCNC1=C2CC(C)CC(OC)C(O)C(C)/C=C(\C)C(OC(N)=O)C(OC)/C=C\C=C(/C)C(=O)NC(=CC1=O)C2=O,c=ccnc1=c2cc(c)cc(oc)c(o)c(c)c=c(c)c(oc(n)=o)c(oc)c=cc=c(c)c(=o)nc(=cc1=o)c2=o,1.0,692,mcf7,8.3,0.4711,0.919078092376074,0.566405515890731,0.4711,ACH-000019,tanespimycin,-1.26303333074,2.5,HTS,primary,0.4166669771660457,,,,0.4166669771660457,Tanespimycin (17-AAG)
MCF7,Disulfiram ,0.1,0.999986587304844,SIDM00148,uM,disulfiram,CCN(CC)C(=S)SSC(=S)N(CC)CC,ccn(cc)c(=s)ssc(=s)n(cc)cc,-1.0,693,mcf7,,,,0.999986587304844,,ACH-000019,disulfiram,-0.0662304217208,0.156249997,MTS006,secondary,0.9551303744379146,,,,0.9551303744379146,Disulfiram 
MCF7,XAV-939,10.0,1.0,SIDM00148,uM,xav939,Oc1nc(-c2ccc(C(F)(F)F)cc2)nc2c1CSCC2,oc1nc(c2ccc(c(f)(f)f)cc2)nc2c1cscc2,1.0,694,mcf7,,,,1.0,,ACH-000019,xav939,-0.258284892131,2.5,HTS,primary,0.8360812808204071,,,,0.8360812808204071,XAV-939
MCF7,Ivosidenib (AG-120),0.1,0.990075913824262,SIDM00148,uM,ivosidenib,N#Cc1ccnc(N2C(=O)CCC2C(=O)N(c2cncc(F)c2)C(C(=O)NC2CC(F)(F)C2)c2ccccc2Cl)c1,n#cc1ccnc(n2c(=o)ccc2c(=o)n(c2cncc(f)c2)c(c(=o)nc2cc(f)(f)c2)c2ccccc2cl)c1,-1.0,695,mcf7,,,,0.990075913824262,,ACH-000019,ivosidenib,-0.299631720594889,0.15625,MTS010,secondary,0.8124597679798811,,,,0.8124597679798811,Ivosidenib (AG-120)
MCF7,TG101209,10.0,0.431444608247347,SIDM00148,uM,tg101209,Cc1cnc(Nc2ccc(N3CCN(C)CC3)cc2)nc1Nc1cccc(S(=O)(=O)NC(C)(C)C)c1,cc1cnc(nc2ccc(n3ccn(c)cc3)cc2)nc1nc1cccc(s(=o)(=o)nc(c)(c)c)c1,1.0,696,mcf7,,,,0.431444608247347,,ACH-000019,tg101209,-0.756888253372,2.5,HTS,primary,0.5917713458515137,,,,0.5917713458515137,TG101209
MCF7,Danusertib (PHA-739358),10.0,0.649105982430928,SIDM00148,uM,danusertib,CO[C@@H](C(=O)N1Cc2[nH]nc(NC(=O)c3ccc(N4CCN(C)CC4)cc3)c2C1)c1ccccc1,co[ch](c(=o)n1cc2[nh]nc(nc(=o)c3ccc(n4ccn(c)cc4)cc3)c2c1)c1ccccc1,1.0,697,mcf7,,,,0.649105982430928,,ACH-000019,danusertib,-3.00626713899,2.5,HTS,primary,0.12445817150189077,,,,0.12445817150189077,Danusertib (PHA-739358)
MCF7,AR-42,1.0,1.0,SIDM00148,uM,ar42,CC(C)[C@H](C(=O)Nc1ccc(C(=O)NO)cc1)c1ccccc1,cc(c)[ch](c(=o)nc1ccc(c(=o)no)cc1)c1ccccc1,0.0,698,mcf7,,,,1.0,,ACH-000019,ar42,-2.68891095949,2.5,HTS,primary,0.15508048320400694,,,,0.15508048320400694,AR-42
MCF7,MLN8054,0.01,0.99999382820901,SIDM00148,uM,mln8054,O=C(O)c1ccc(Nc2ncc3c(n2)-c2ccc(Cl)cc2C(c2c(F)cccc2F)=NC3)cc1,o=c(o)c1ccc(nc2ncc3c(n2)c2ccc(cl)cc2c(c2c(f)cccc2f)=nc3)cc1,-2.0,699,mcf7,,,,0.99999382820901,,ACH-000019,mln8054,-0.698179445099,0.00976562,HTS002,secondary,0.616349495264615,,,,0.616349495264615,MLN8054
MCF7,AC480 (BMS-599626),0.01,0.999995923989872,SIDM00148,uM,ac480,Cc1c(NC(=O)OCC2COCCN2)cn2ncnc(Nc3ccc4c(cnn4Cc4cccc(F)c4)c3)c12,cc1c(nc(=o)occ2coccn2)cn2ncnc(nc3ccc4c(cnn4cc4cccc(f)c4)c3)c12,-2.0,700,mcf7,,,,0.999995923989872,,ACH-000019,ac480,,,,,,,,,,AC480 (BMS-599626)
MCF7,AICAR (Acadesine),1.0,1.0,SIDM00148,uM,aicar,NC(=O)c1ncn([C@@H]2O[C@H](CO)[C@@H](O)[C@H]2O)c1N,nc(=o)c1ncn([ch]2o[ch](co)[ch](o)[ch]2o)c1n,0.0,701,mcf7,,,,1.0,,ACH-000019,aicar,,,,,,,,,,AICAR (Acadesine)
MCF7,AZD1480,10.0,0.413718402709589,SIDM00148,uM,azd1480,Cc1cc(Nc2nc(N[C@@H](C)c3ncc(F)cn3)ncc2Cl)n[nH]1,cc1cc(nc2nc(n[ch](c)c3ncc(f)cn3)ncc2cl)n[nh]1,1.0,702,mcf7,,,,0.413718402709589,,ACH-000019,azd1480,-0.469181706136,2.5,HTS,primary,0.7223742108532193,,,,0.7223742108532193,AZD1480
MCF7,Maraviroc,10.0,1.0,SIDM00148,uM,maraviroc,Cc1nnc(C(C)C)n1C1CC2CCC(C1)N2CCC(NC(=O)C1CCC(F)(F)CC1)c1ccccc1,cc1nnc(c(c)c)n1c1cc2ccc(c1)n2ccc(nc(=o)c1ccc(f)(f)cc1)c1ccccc1,1.0,703,mcf7,,,,1.0,,ACH-000019,maraviroc,0.412220875315,2.5,HTS,primary,1.3307327594760114,,,,1.3307327594760114,Maraviroc
MCF7,Dasatinib,10.0,0.7457032445603141,SIDM00148,uM,dasatinib,Cc1nc(Nc2ncc(C(=O)Nc3c(C)cccc3Cl)s2)cc(N2CCN(CCO)CC2)n1,cc1nc(nc2ncc(c(=o)nc3c(c)cccc3cl)s2)cc(n2ccn(cco)cc2)n1,1.0,704,mcf7,8.3,0.6799,0.919078092376074,0.7457032445603141,0.6799,ACH-000019,dasatinib,-2.78311418783,2.5,HTS,primary,0.14527776439893458,,,,0.14527776439893458,Dasatinib
MCF7,ITSA-1 (ITSA1),0.01,1.0,SIDM00148,uM,itsa1,O=C(c1ccc(Cl)cc1Cl)n1nnc2ccccc21,o=c(c1ccc(cl)cc1cl)n1nnc2ccccc21,-2.0,705,mcf7,,,,1.0,,ACH-000019,itsa1,,,,,,,,,,ITSA-1 (ITSA1)
MCF7,Navitoclax (ABT-263),0.01,0.99999999806869,SIDM00148,uM,navitoclax,CC1(C)CCC(c2ccc(Cl)cc2)=C(CN2CCN(c3ccc(C(=O)NS(=O)(=O)c4ccc(N[C@H](CCN5CCOCC5)CSc5ccccc5)c(S(=O)(=O)C(F)(F)F)c4)cc3)CC2)C1,cc1(c)ccc(c2ccc(cl)cc2)=c(cn2ccn(c3ccc(c(=o)ns(=o)(=o)c4ccc(n[ch](ccn5ccocc5)csc5ccccc5)c(s(=o)(=o)c(f)(f)f)c4)cc3)cc2)c1,-2.0,706,mcf7,0.0081,0.9581,-2.0915149811213505,0.99999999806869,0.9581,ACH-000019,navitoclax,0.0704590947018481,0.00977,MTS010,secondary,1.0500507778291224,,,,1.0500507778291224,Navitoclax (ABT-263)
MCF7,Ivosidenib (AG-120),0.01,0.997712249207518,SIDM00148,uM,ivosidenib,N#Cc1ccnc(N2C(=O)CCC2C(=O)N(c2cncc(F)c2)C(C(=O)NC2CC(F)(F)C2)c2ccccc2Cl)c1,n#cc1ccnc(n2c(=o)ccc2c(=o)n(c2cncc(f)c2)c(c(=o)nc2cc(f)(f)c2)c2ccccc2cl)c1,-2.0,707,mcf7,,,,0.997712249207518,,ACH-000019,ivosidenib,0.120770394491681,0.00977,MTS010,secondary,1.087315330402498,,,,1.087315330402498,Ivosidenib (AG-120)
MCF7,Cyclocytidine HCl,10.0,0.6978647223949801,SIDM00148,uM,cyclocytidine,Cl.N=c1ccn2c(n1)OC1C(O)C(CO)OC12,n=c1ccn2c(n1)oc1c(o)c(co)oc12,1.0,708,mcf7,,,,0.6978647223949801,,ACH-000019,cyclocytidine,-2.24623389284,2.5,HTS,primary,0.21077360371998047,,,,0.21077360371998047,Cyclocytidine HCl
MCF7,BMS-911543,0.1,1.0,SIDM00148,uM,bms911543,CCn1c(C(=O)N(C2CC2)C2CC2)cc2c3c(ncn3C)c(Nc3cc(C)n(C)n3)nc21,ccn1c(c(=o)n(c2cc2)c2cc2)cc2c3c(ncn3c)c(nc3cc(c)n(c)n3)nc21,-1.0,709,mcf7,,,,1.0,,ACH-000019,bms911543,,,,,,,,,,BMS-911543
MCF7,ZM 447439,0.1,0.9312974056634208,SIDM00148,uM,zm447439,COc1cc2c(Nc3ccc(NC(=O)c4ccccc4)cc3)ncnc2cc1OCCCN1CCOCC1,coc1cc2c(nc3ccc(nc(=o)c4ccccc4)cc3)ncnc2cc1occcn1ccocc1,-1.0,710,mcf7,,,,0.9312974056634208,,ACH-000019,zm447439,-0.117308508248,0.15625,HTS002,secondary,0.92190595496756,,,,0.92190595496756,ZM 447439
MCF7,PF-3845,0.01,0.999993806924624,SIDM00148,uM,pf3845,O=C(Nc1cccnc1)N1CCC(Cc2cccc(Oc3ccc(C(F)(F)F)cn3)c2)CC1,o=c(nc1cccnc1)n1ccc(cc2cccc(oc3ccc(c(f)(f)f)cn3)c2)cc1,-2.0,711,mcf7,,,,0.999993806924624,,ACH-000019,pf3845,0.463881924353,0.00976562,HTS002,secondary,1.379248034304784,,,,1.379248034304784,PF-3845
MCF7,Alendronate sodium trihydrate,1.0,0.638302293600193,SIDM00148,uM,alendronatetrihydrate,NCCCC(O)(P(=O)(O)O)P(=O)(O)O[Na].O.O.O,ncccc(o)(p(=o)(o)o)p(=o)(o)o[na],0.0,712,mcf7,,,,0.638302293600193,,ACH-000019,alendronatetrihydrate,,,,,,,,,,Alendronate sodium trihydrate
MCF7,Flavopiridol HCl,0.1,0.614134451219577,SIDM00148,uM,flavopiridol,CN1CCC(c2c(O)cc(O)c3c(=O)cc(-c4ccccc4Cl)oc23)C(O)C1.Cl,cn1ccc(c2c(o)cc(o)c3c(=o)cc(c4ccccc4cl)oc23)c(o)c1,-1.0,713,mcf7,,,,0.614134451219577,,ACH-000019,flavopiridol,,,,,,,,,,Flavopiridol HCl
MCF7,SRT2104 (GSK2245840),0.01,1.0,SIDM00148,uM,srt2104,Cc1nc(-c2cccnc2)sc1C(=O)Nc1ccccc1-c1cn2c(CN3CCOCC3)csc2n1,cc1nc(c2cccnc2)sc1c(=o)nc1ccccc1c1cn2c(cn3ccocc3)csc2n1,-2.0,714,mcf7,,,,1.0,,ACH-000019,srt2104,,,,,,,,,,SRT2104 (GSK2245840)
MCF7,Epothilone A,0.1,0.999987336256016,SIDM00148,uM,epothilonea,C/C(=C\c1csc(C)n1)C1CC2OC2CCCC(C)C(O)C(C)C(=O)C(C)(C)C(O)CC(=O)O1,cc(=cc1csc(c)n1)c1cc2oc2cccc(c)c(o)c(c)c(=o)c(c)(c)c(o)cc(=o)o1,-1.0,715,mcf7,,,,0.999987336256016,,ACH-000019,epothilonea,-2.4611945809,0.15625,HTS002,secondary,0.1815961370921378,,,,0.1815961370921378,Epothilone A
MCF7,Iniparib (BSI-201),10.0,0.999652709368596,SIDM00148,uM,iniparib,NC(=O)c1ccc(I)c([N+](=O)[O-])c1,nc(=o)c1ccc(i)c([n](=o)[o])c1,1.0,716,mcf7,,,,0.999652709368596,,ACH-000019,iniparib,0.0269281182717,2.5,HTS,primary,1.0188404320174498,,,,1.0188404320174498,Iniparib (BSI-201)
MCF7,Triamcinolone Acetonide,0.1,1.0,SIDM00148,uM,triamcinoloneacetonide,CC1(C)OC2CC3C4CCC5=CC(=O)C=CC5(C)C4(F)C(O)CC3(C)C2(C(=O)CO)O1,cc1(c)oc2cc3c4ccc5=cc(=o)c=cc5(c)c4(f)c(o)cc3(c)c2(c(=o)co)o1,-1.0,717,mcf7,,,,1.0,,ACH-000019,triamcinoloneacetonide,0.135670602327,0.15625,HTS002,secondary,1.0986033546477272,,,,1.0986033546477272,Triamcinolone Acetonide
MCF7,Sirtinol,0.1,1.0,SIDM00148,uM,sirtinol,CC(NC(=O)c1ccccc1N=Cc1c(O)ccc2ccccc12)c1ccccc1,cc(nc(=o)c1ccccc1n=cc1c(o)ccc2ccccc12)c1ccccc1,-1.0,718,mcf7,,,,1.0,,ACH-000019,sirtinol,,,,,,,,,,Sirtinol
MCF7,ZM 447439,0.01,0.986278879567945,SIDM00148,uM,zm447439,COc1cc2c(Nc3ccc(NC(=O)c4ccccc4)cc3)ncnc2cc1OCCCN1CCOCC1,coc1cc2c(nc3ccc(nc(=o)c4ccccc4)cc3)ncnc2cc1occcn1ccocc1,-2.0,719,mcf7,,,,0.986278879567945,,ACH-000019,zm447439,0.511328301885,0.00976562,HTS002,secondary,1.4253619347828603,,,,1.4253619347828603,ZM 447439
MCF7,"Rucaparib (AG-014699,PF-01367338) phosphate",0.1,0.999842414192044,SIDM00148,uM,rucaparib,CNCc1ccc(-c2[nH]c3cc(F)cc4c3c2CCNC4=O)cc1.O=P(O)(O)O,cncc1ccc(c2[nh]c3cc(f)cc4c3c2ccnc4=o)cc1,-1.0,720,mcf7,,,,0.999842414192044,,ACH-000019,rucaparib,0.198850207796984,0.15625,MTS010,secondary,1.1477832355807285,,,,1.1477832355807285,"Rucaparib (AG-014699,PF-01367338) phosphate"
MCF7,Costunolide,0.1,0.9999999974046592,SIDM00148,uM,costunolide,C=C1C(=O)OC2/C=C(\C)CC/C=C(\C)CCC12,c=c1c(=o)oc2c=c(c)ccc=c(c)ccc12,-1.0,721,mcf7,,,,0.9999999974046592,,ACH-000019,costunolide,0.638182263383,0.15625,HTS002,secondary,1.5563669648563736,,,,1.5563669648563736,Costunolide
MCF7,Roxadustat (FG-4592),0.1,1.0,SIDM00148,uM,roxadustat,Cc1nc(C(=O)NCC(=O)O)c(O)c2ccc(Oc3ccccc3)cc12,cc1nc(c(=o)ncc(=o)o)c(o)c2ccc(oc3ccccc3)cc12,-1.0,722,mcf7,,,,1.0,,ACH-000019,roxadustat,,,,,,,,,,Roxadustat (FG-4592)
MCF7,Lapatinib (GW-572016) Ditosylate,1.0,0.9805906143428208,SIDM00148,uM,lapatinibditosylate,CS(=O)(=O)CCNCc1ccc(-c2ccc3ncnc(Nc4ccc(OCc5cccc(F)c5)c(Cl)c4)c3c2)o1.Cc1ccc(S(=O)(=O)O)cc1.Cc1ccc(S(=O)(=O)O)cc1,cs(=o)(=o)ccncc1ccc(c2ccc3ncnc(nc4ccc(occ5cccc(f)c5)c(cl)c4)c3c2)o1,0.0,723,mcf7,,,,0.9805906143428208,,ACH-000019,lapatinibditosylate,,,,,,,,,,Lapatinib (GW-572016) Ditosylate
MCF7,GSK1070916,10.0,0.701554347845678,SIDM00148,uM,gsk1070916,CCn1cc(-c2ccnc3[nH]c(-c4cccc(CN(C)C)c4)cc23)c(-c2ccc(NC(=O)N(C)C)cc2)n1,ccn1cc(c2ccnc3[nh]c(c4cccc(cn(c)c)c4)cc23)c(c2ccc(nc(=o)n(c)c)cc2)n1,1.0,724,mcf7,,,,0.701554347845678,,ACH-000019,gsk1070916,-0.486047960677,2.5,HTS,primary,0.7139782540919769,,,,0.7139782540919769,GSK1070916
MCF7,Tucidinostat (Chidamide),1.0,0.999881432353283,SIDM00148,uM,tucidinostat,Nc1ccc(F)cc1NC(=O)c1ccc(CNC(=O)C=Cc2cccnc2)cc1,nc1ccc(f)cc1nc(=o)c1ccc(cnc(=o)c=cc2cccnc2)cc1,0.0,725,mcf7,,,,0.999881432353283,,ACH-000019,tucidinostat,,,,,,,,,,Tucidinostat (Chidamide)
MCF7,Nintedanib (BIBF 1120),0.1,0.988673874698252,SIDM00148,uM,nintedanib,COC(=O)c1ccc2c(c1)NC(=O)/C2=C(\Nc1ccc(N(C)C(=O)CN2CCN(C)CC2)cc1)c1ccccc1,coc(=o)c1ccc2c(c1)nc(=o)c2=c(nc1ccc(n(c)c(=o)cn2ccn(c)cc2)cc1)c1ccccc1,-1.0,726,mcf7,0.13,0.8538,-0.8860566476931632,0.988673874698252,0.8538,ACH-000019,nintedanib,-0.314825638517,0.15625,HTS002,secondary,0.803948148574159,,,,0.803948148574159,Nintedanib (BIBF 1120)
MCF7,AC480 (BMS-599626),10.0,0.9998180186447192,SIDM00148,uM,ac480,Cc1c(NC(=O)OCC2COCCN2)cn2ncnc(Nc3ccc4c(cnn4Cc4cccc(F)c4)c3)c12,cc1c(nc(=o)occ2coccn2)cn2ncnc(nc3ccc4c(cnn4cc4cccc(f)c4)c3)c12,1.0,727,mcf7,,,,0.9998180186447192,,ACH-000019,ac480,,,,,,,,,,AC480 (BMS-599626)
MCF7,Avagacestat (BMS-708163),1.0,1.0,SIDM00148,uM,avagacestat,NC(=O)C(CCC(F)(F)F)N(Cc1ccc(-c2ncon2)cc1F)S(=O)(=O)c1ccc(Cl)cc1,nc(=o)c(ccc(f)(f)f)n(cc1ccc(c2ncon2)cc1f)s(=o)(=o)c1ccc(cl)cc1,0.0,728,mcf7,,,,1.0,,ACH-000019,avagacestat,-0.406047951274,2.5,HTS,primary,0.7546879000625382,,,,0.7546879000625382,Avagacestat (BMS-708163)
MCF7,Sorafenib Tosylate,0.1,0.999425375143878,SIDM00148,uM,sorafenibtosylate,CNC(=O)c1cc(Oc2ccc(NC(=O)Nc3ccc(Cl)c(C(F)(F)F)c3)cc2)ccn1.Cc1ccc(S(=O)(=O)O)cc1,cnc(=o)c1cc(oc2ccc(nc(=o)nc3ccc(cl)c(c(f)(f)f)c3)cc2)ccn1,-1.0,729,mcf7,,,,0.999425375143878,,ACH-000019,sorafenibtosylate,,,,,,,,,,Sorafenib Tosylate
MCF7,ENMD-2076,10.0,0.749323349926565,SIDM00148,uM,enmd2076,Cc1cc(Nc2cc(N3CCN(C)CC3)nc(C=Cc3ccccc3)n2)n[nH]1,cc1cc(nc2cc(n3ccn(c)cc3)nc(c=cc3ccccc3)n2)n[nh]1,1.0,730,mcf7,,,,0.749323349926565,,ACH-000019,enmd2076,-0.321233581433,2.5,HTS,primary,0.800385212747479,,,,0.800385212747479,ENMD-2076
MCF7,Alisertib (MLN8237),0.1,0.6588137998995021,SIDM00148,uM,alisertib,COc1cc(Nc2ncc3c(n2)-c2ccc(Cl)cc2C(c2c(F)cccc2OC)=NC3)ccc1C(=O)O,coc1cc(nc2ncc3c(n2)c2ccc(cl)cc2c(c2c(f)cccc2oc)=nc3)ccc1c(=o)o,-1.0,731,mcf7,0.13,0.9235,-0.8860566476931632,0.6588137998995021,0.9235,ACH-000019,alisertib,-0.289726175525,0.15625,HTS002,secondary,0.818057311643716,,,,0.818057311643716,Alisertib (MLN8237)
MCF7,ENMD-2076 L-(+)-Tartaric acid ,10.0,0.3392603273908049,SIDM00148,uM,enmd2076ltartaricacid,Cc1cc(Nc2cc(N3CCN(C)CC3)nc(C=Cc3ccccc3)n2)n[nH]1,cc1cc(nc2cc(n3ccn(c)cc3)nc(c=cc3ccccc3)n2)n[nh]1,1.0,732,mcf7,,,,0.3392603273908049,,ACH-000019,enmd2076ltartaricacid,,,,,,,,,,ENMD-2076 L-(+)-Tartaric acid 
MCF7,SNS-314,10.0,0.86590830473736,SIDM00148,uM,sns314,CS(=O)(=O)O.O=C(Nc1cccc(Cl)c1)Nc1ncc(CCNc2ncnc3ccsc23)s1,o=c(nc1cccc(cl)c1)nc1ncc(ccnc2ncnc3ccsc23)s1,1.0,733,mcf7,,,,0.86590830473736,,ACH-000019,sns314,-1.5088126093,2.5,HTS,primary,0.3514003152409236,,,,0.3514003152409236,SNS-314
MCF7,Hesperadin,0.1,0.7988506995009029,SIDM00148,uM,hesperadin,CCS(=O)(=O)Nc1ccc2c(c1)C(=C(Nc1ccc(CN3CCCCC3)cc1)c1ccccc1)C(=O)N2,ccs(=o)(=o)nc1ccc2c(c1)c(=c(nc1ccc(cn3ccccc3)cc1)c1ccccc1)c(=o)n2,-1.0,734,mcf7,,,,0.7988506995009029,,ACH-000019,hesperadin,-0.760690675585,0.15625,HTS002,secondary,0.5902137042568404,,,,0.5902137042568404,Hesperadin
MCF7,"Luminespib (AUY-922, NVP-AUY922)",1.0,0.5923167083607961,SIDM00148,uM,luminespib,CCNC(=O)c1noc(-c2cc(C(C)C)c(O)cc2O)c1-c1ccc(CN2CCOCC2)cc1,ccnc(=o)c1noc(c2cc(c(c)c)c(o)cc2o)c1c1ccc(cn2ccocc2)cc1,0.0,735,mcf7,,,,0.5923167083607961,,ACH-000019,luminespib,,,,,,,,,,"Luminespib (AUY-922, NVP-AUY922)"
MCF7,Bosutinib (SKI-606),10.0,0.5938096372713549,SIDM00148,uM,bosutinib,COc1cc(Nc2c(C#N)cnc3cc(OCCCN4CCN(C)CC4)c(OC)cc23)c(Cl)cc1Cl,coc1cc(nc2c(c#n)cnc3cc(occcn4ccn(c)cc4)c(oc)cc23)c(cl)cc1cl,1.0,736,mcf7,8.3,0.7159,0.919078092376074,0.5938096372713549,0.7159,ACH-000019,bosutinib,0.506461650379,2.5,HTS,primary,1.4205618537659512,,,,1.4205618537659512,Bosutinib (SKI-606)
MCF7,Quisinostat (JNJ-26481585) 2HCl,0.1,0.9999982089811,SIDM00148,uM,quisinostat2hcl,Cl.Cl.Cn1cc(CNCC2CCN(c3ncc(C(=O)NO)cn3)CC2)c2ccccc21,cn1cc(cncc2ccn(c3ncc(c(=o)no)cn3)cc2)c2ccccc21,-1.0,737,mcf7,,,,0.9999982089811,,ACH-000019,quisinostat2hcl,,,,,,,,,,Quisinostat (JNJ-26481585) 2HCl
MCF7,Flavopiridol HCl,1.0,0.3362250482747,SIDM00148,uM,flavopiridol,CN1CCC(c2c(O)cc(O)c3c(=O)cc(-c4ccccc4Cl)oc23)C(O)C1.Cl,cn1ccc(c2c(o)cc(o)c3c(=o)cc(c4ccccc4cl)oc23)c(o)c1,0.0,738,mcf7,,,,0.3362250482747,,ACH-000019,flavopiridol,,,,,,,,,,Flavopiridol HCl
MCF7,Pirarubicin,10.0,0.626895974416437,SIDM00148,uM,pirarubicin,COc1cccc2c1C(=O)c1c(O)c3c(c(O)c1C2=O)C[C@@](O)(C(=O)CO)C[C@@H]3O[C@H]1C[C@H](N)[C@H](O[C@@H]2CCCCO2)[C@H](C)O1,coc1cccc2c1c(=o)c1c(o)c3c(c(o)c1c2=o)c[c](o)(c(=o)co)c[ch]3o[ch]1c[ch](n)[ch](o[ch]2cccco2)[ch](c)o1,1.0,739,mcf7,,,,0.626895974416437,,ACH-000019,pirarubicin,,,,,,,,,,Pirarubicin
MCF7,Mocetinostat (MGCD0103),1.0,0.999515370778658,SIDM00148,uM,mocetinostat,Nc1ccccc1NC(=O)c1ccc(CNc2nccc(-c3cccnc3)n2)cc1,nc1ccccc1nc(=o)c1ccc(cnc2nccc(c3cccnc3)n2)cc1,0.0,740,mcf7,,,,0.999515370778658,,ACH-000019,mocetinostat,-3.97106959509,2.5,HTS,primary,0.0637659650816075,,,,0.0637659650816075,Mocetinostat (MGCD0103)
MCF7,"Patupilone (EPO906, Epothilone B)",0.1,0.9999760482355792,SIDM00148,uM,patupilone,C/C(=C\c1csc(C)n1)C1CC2OC2(C)CCCC(C)C(O)C(C)C(=O)C(C)(C)C(O)CC(=O)O1,cc(=cc1csc(c)n1)c1cc2oc2(c)cccc(c)c(o)c(c)c(=o)c(c)(c)c(o)cc(=o)o1,-1.0,741,mcf7,,,,0.9999760482355792,,ACH-000019,patupilone,,,,,,,,,,"Patupilone (EPO906, Epothilone B)"
MCF7,BMS-911543,0.01,1.0,SIDM00148,uM,bms911543,CCn1c(C(=O)N(C2CC2)C2CC2)cc2c3c(ncn3C)c(Nc3cc(C)n(C)n3)nc21,ccn1c(c(=o)n(c2cc2)c2cc2)cc2c3c(ncn3c)c(nc3cc(c)n(c)n3)nc21,-2.0,742,mcf7,,,,1.0,,ACH-000019,bms911543,,,,,,,,,,BMS-911543
MCF7,Tanespimycin (17-AAG),1.0,0.581992169611559,SIDM00148,uM,tanespimycin,C=CCNC1=C2CC(C)CC(OC)C(O)C(C)/C=C(\C)C(OC(N)=O)C(OC)/C=C\C=C(/C)C(=O)NC(=CC1=O)C2=O,c=ccnc1=c2cc(c)cc(oc)c(o)c(c)c=c(c)c(oc(n)=o)c(oc)c=cc=c(c)c(=o)nc(=cc1=o)c2=o,0.0,743,mcf7,1.0,0.4106,0.0,0.581992169611559,0.4106,ACH-000019,tanespimycin,-1.26303333074,2.5,HTS,primary,0.4166669771660457,,,,0.4166669771660457,Tanespimycin (17-AAG)
MCF7,Iniparib (BSI-201),0.01,0.999968329631692,SIDM00148,uM,iniparib,NC(=O)c1ccc(I)c([N+](=O)[O-])c1,nc(=o)c1ccc(i)c([n](=o)[o])c1,-2.0,744,mcf7,,,,0.999968329631692,,ACH-000019,iniparib,0.0365213310490189,0.00977,MTS010,secondary,1.025637794530868,,,,1.025637794530868,Iniparib (BSI-201)
MCF7,"Roscovitine (Seliciclib,CYC202)",10.0,0.914958885115975,SIDM00148,uM,roscovitine,CCC(CO)Nc1nc(NCc2ccccc2)c2ncn(C(C)C)c2n1,ccc(co)nc1nc(ncc2ccccc2)c2ncn(c(c)c)c2n1,1.0,745,mcf7,,,,0.914958885115975,,ACH-000019,roscovitine,0.751349885708,2.5,HTS,primary,1.6833671691335739,,,,1.6833671691335739,"Roscovitine (Seliciclib,CYC202)"
MCF7,CUDC-907,10.0,0.7148042759166221,SIDM00148,uM,cudc907,COc1ccc(-c2nc(N3CCOCC3)c3sc(CN(C)c4ncc(C(=O)NO)cn4)cc3n2)cn1,coc1ccc(c2nc(n3ccocc3)c3sc(cn(c)c4ncc(c(=o)no)cn4)cc3n2)cn1,1.0,746,mcf7,,,,0.7148042759166221,,ACH-000019,cudc907,-4.95242252939,2.5,HTS,primary,0.03229774991713531,,,,0.03229774991713531,CUDC-907
MCF7,Flavopiridol HCl,10.0,0.158390232175876,SIDM00148,uM,flavopiridol,CN1CCC(c2c(O)cc(O)c3c(=O)cc(-c4ccccc4Cl)oc23)C(O)C1.Cl,cn1ccc(c2c(o)cc(o)c3c(=o)cc(c4ccccc4cl)oc23)c(o)c1,1.0,747,mcf7,,,,0.158390232175876,,ACH-000019,flavopiridol,,,,,,,,,,Flavopiridol HCl
MCF7,YM155 (Sepantronium Bromide),10.0,1.0,SIDM00148,uM,ym155,COCCn1c2c([n+](Cc3cnccn3)c1C)C(=O)c1ccccc1C2=O.[Br-],coccn1c2c([n](cc3cnccn3)c1c)c(=o)c1ccccc1c2=o,1.0,748,mcf7,1.0,0.2263,0.0,1.0,0.2263,ACH-000019,ym155,-4.60626968345,2.5,HTS,primary,0.04105581305467183,,,,0.04105581305467183,YM155 (Sepantronium Bromide)
MCF7,Alvespimycin (17-DMAG) HCl,10.0,0.278913424894932,SIDM00148,uM,alvespimycin,COC1/C=C\C=C(/C)C(=O)NC2=CC(=O)C(NCCN(C)C)=C(CC(C)CC(OC)C(O)C(C)/C=C(\C)C1OC(N)=O)C2=O.Cl,coc1c=cc=c(c)c(=o)nc2=cc(=o)c(nccn(c)c)=c(cc(c)cc(oc)c(o)c(c)c=c(c)c1oc(n)=o)c2=o,1.0,749,mcf7,,,,0.278913424894932,,ACH-000019,alvespimycin,-1.63090153653,2.5,HTS,primary,0.3228863737141861,,,,0.3228863737141861,Alvespimycin (17-DMAG) HCl
MCF7,YM155 (Sepantronium Bromide),0.1,1.0,SIDM00148,uM,ym155,COCCn1c2c([n+](Cc3cnccn3)c1C)C(=O)c1ccccc1C2=O.[Br-],coccn1c2c([n](cc3cnccn3)c1c)c(=o)c1ccccc1c2=o,-1.0,750,mcf7,0.13,0.4305,-0.8860566476931632,1.0,0.4305,ACH-000019,ym155,-2.90261774083,0.15625,HTS002,secondary,0.1337288143280413,,,,0.1337288143280413,YM155 (Sepantronium Bromide)
MCF7,YM155 (Sepantronium Bromide),0.01,1.0,SIDM00148,uM,ym155,COCCn1c2c([n+](Cc3cnccn3)c1C)C(=O)c1ccccc1C2=O.[Br-],coccn1c2c([n](cc3cnccn3)c1c)c(=o)c1ccccc1c2=o,-2.0,751,mcf7,0.0081,0.936,-2.0915149811213505,1.0,0.936,ACH-000019,ym155,-1.68853039479,0.00976562,HTS002,secondary,0.3102427937390847,,,,0.3102427937390847,YM155 (Sepantronium Bromide)
MCF7,YM155 (Sepantronium Bromide),1.0,1.0,SIDM00148,uM,ym155,COCCn1c2c([n+](Cc3cnccn3)c1C)C(=O)c1ccccc1C2=O.[Br-],coccn1c2c([n](cc3cnccn3)c1c)c(=o)c1ccccc1c2=o,0.0,752,mcf7,1.0,0.2263,0.0,1.0,0.2263,ACH-000019,ym155,-4.60626968345,2.5,HTS,primary,0.04105581305467183,,,,0.04105581305467183,YM155 (Sepantronium Bromide)
A549,Enzastaurin (LY317615),1.0,0.999923826752097,SIDM00903,uM,enzastaurin,Cn1cc(C2=C(c3cn(C4CCN(Cc5ccccn5)CC4)c4ccccc34)C(=O)NC2=O)c2ccccc21,cn1cc(c2=c(c3cn(c4ccn(cc5ccccn5)cc4)c4ccccc34)c(=o)nc2=o)c2ccccc21,0.0,753,a549,,,,0.999923826752097,,ACH-000681,enzastaurin,0.205315634082,2.5,HTS,primary,1.1529385601140145,,,,1.1529385601140145,Enzastaurin (LY317615)
A549,Raltitrexed,0.01,0.997574653111878,SIDM00903,uM,raltitrexed,Cc1nc2ccc(CN(C)c3ccc(C(=O)NC(CCC(=O)O)C(=O)O)s3)cc2c(=O)[nH]1,cc1nc2ccc(cn(c)c3ccc(c(=o)nc(ccc(=o)o)c(=o)o)s3)cc2c(=o)[nh]1,-2.0,754,a549,,,,0.997574653111878,,ACH-000681,raltitrexed,0.319641789809,0.00976562,HTS002,secondary,1.2480206364097286,,,,1.2480206364097286,Raltitrexed
A549,Vehicle,0.0,1.0,SIDM00903,uM,vehicle,CS(C)=O,cs(c)=o,,755,a549,,,,1.0,,ACH-000681,vehicle,,,,,,,,,1.0,Vehicle
A549,Lenalidomide (CC-5013),0.01,0.999965594366721,SIDM00903,uM,lenalidomide,Nc1cccc2c1CN(C1CCC(=O)NC1=O)C2=O,nc1cccc2c1cn(c1ccc(=o)nc1=o)c2=o,-2.0,756,a549,,,,0.999965594366721,,ACH-000681,lenalidomide,0.0958074222968,0.00976562,HTS002,secondary,1.0686633314941067,,,,1.0686633314941067,Lenalidomide (CC-5013)
A549,Divalproex Sodium,1.0,0.9536564673585648,SIDM00903,uM,divalproex,CCCC(CCC)C(=O)O.CCCC(CCC)C(=O)[O-].[Na+],cccc(ccc)c(=o)[o],0.0,757,a549,,,,0.9536564673585648,,ACH-000681,divalproex,,,,,,,,,,Divalproex Sodium
A549,MLN8054,0.1,0.7523532086149609,SIDM00903,uM,mln8054,O=C(O)c1ccc(Nc2ncc3c(n2)-c2ccc(Cl)cc2C(c2c(F)cccc2F)=NC3)cc1,o=c(o)c1ccc(nc2ncc3c(n2)c2ccc(cl)cc2c(c2c(f)cccc2f)=nc3)cc1,-1.0,758,a549,,,,0.7523532086149609,,ACH-000681,mln8054,-0.860854410914,0.15625,HTS002,secondary,0.5506263625199783,,,,0.5506263625199783,MLN8054
A549,Sodium Phenylbutyrate,1.0,1.0,SIDM00903,uM,sodiumphenylbutyrate,O=C(CCCc1ccccc1)O[Na],o=c(cccc1ccccc1)o[na],0.0,759,a549,,,,1.0,,ACH-000681,sodiumphenylbutyrate,,,,,,,,,,Sodium Phenylbutyrate
A549,Celecoxib,0.1,0.999998905713002,SIDM00903,uM,celecoxib,Cc1ccc(-c2cc(C(F)(F)F)nn2-c2ccc(S(N)(=O)=O)cc2)cc1,cc1ccc(c2cc(c(f)(f)f)nn2c2ccc(s(n)(=o)=o)cc2)cc1,-1.0,760,a549,,,,0.999998905713002,,ACH-000681,celecoxib,,,,,,,,,,Celecoxib
A549,Linifanib (ABT-869),0.1,1.0,SIDM00903,uM,linifanib,Cc1ccc(F)c(NC(=O)Nc2ccc(-c3cccc4[nH]nc(N)c34)cc2)c1,cc1ccc(f)c(nc(=o)nc2ccc(c3cccc4[nh]nc(n)c34)cc2)c1,-1.0,761,a549,0.13,0.9997333333333334,-0.8860566476931632,1.0,0.9997333333333334,ACH-000681,linifanib,0.449334703572,0.15625,HTS002,secondary,1.365410454780335,,,,1.365410454780335,Linifanib (ABT-869)
A549,Thalidomide,1.0,0.988093306221167,SIDM00903,uM,thalidomide,O=C1CCC(N2C(=O)c3ccccc3C2=O)C(=O)N1,o=c1ccc(n2c(=o)c3ccccc3c2=o)c(=o)n1,0.0,762,a549,,,,0.988093306221167,,ACH-000681,thalidomide,-0.35388811796,2.5,HTS,primary,0.782472460686794,,,,0.782472460686794,Thalidomide
A549,SNS-314,1.0,0.9998989493800372,SIDM00903,uM,sns314,CS(=O)(=O)O.O=C(Nc1cccc(Cl)c1)Nc1ncc(CCNc2ncnc3ccsc23)s1,o=c(nc1cccc(cl)c1)nc1ncc(ccnc2ncnc3ccsc23)s1,0.0,763,a549,,,,0.9998989493800372,,ACH-000681,sns314,-1.40044392966,2.5,HTS,primary,0.3788125598124203,,,,0.3788125598124203,SNS-314
A549,Linifanib (ABT-869),10.0,1.0,SIDM00903,uM,linifanib,Cc1ccc(F)c(NC(=O)Nc2ccc(-c3cccc4[nH]nc(N)c34)cc2)c1,cc1ccc(f)c(nc(=o)nc2ccc(c3cccc4[nh]nc(n)c34)cc2)c1,1.0,764,a549,8.3,0.6146499999999999,0.919078092376074,1.0,0.6146499999999999,ACH-000681,linifanib,-0.0566959626135,2.5,HTS,primary,0.9614635284185928,,,,0.9614635284185928,Linifanib (ABT-869)
A549,(+)-JQ1,0.01,1.0,SIDM00903,uM,jq1,Cc1sc2c(c1C)C(c1ccc(Cl)cc1)=N[C@@H](CC(=O)OC(C)(C)C)c1nnc(C)n1-2,cc1sc2c(c1c)c(c1ccc(cl)cc1)=n[ch](cc(=o)oc(c)(c)c)c1nnc(c)n12,-2.0,765,a549,0.0081,1.0231333333333332,-2.0915149811213505,1.0,1.0231333333333332,ACH-000681,jq1,0.452838430908,0.00976562,HTS002,secondary,1.3687305187888672,,,,1.3687305187888672,(+)-JQ1
A549,S3I-201,0.01,0.999596342723552,SIDM00903,uM,s3i201,Cc1ccc(S(=O)(=O)OCC(=O)Nc2ccc(C(=O)O)c(O)c2)cc1,cc1ccc(s(=o)(=o)occ(=o)nc2ccc(c(=o)o)c(o)c2)cc1,-2.0,766,a549,,,,0.999596342723552,,ACH-000681,s3i201,,,,,,,,,,S3I-201
A549,AZD1480,0.1,0.8676206137533149,SIDM00903,uM,azd1480,Cc1cc(Nc2nc(N[C@@H](C)c3ncc(F)cn3)ncc2Cl)n[nH]1,cc1cc(nc2nc(n[ch](c)c3ncc(f)cn3)ncc2cl)n[nh]1,-1.0,767,a549,,,,0.8676206137533149,,ACH-000681,azd1480,0.162589801939,0.15625,HTS002,secondary,1.1192945970273993,,,,1.1192945970273993,AZD1480
A549,PF-573228,0.01,0.999997027418872,SIDM00903,uM,pf573228,CS(=O)(=O)c1cccc(CNc2nc(Nc3ccc4c(c3)CCC(=O)N4)ncc2C(F)(F)F)c1,cs(=o)(=o)c1cccc(cnc2nc(nc3ccc4c(c3)ccc(=o)n4)ncc2c(f)(f)f)c1,-2.0,768,a549,0.0081,1.0114333333333334,-2.0915149811213505,0.999997027418872,1.0114333333333334,ACH-000681,pf573228,0.511039756479,0.00976562,HTS002,secondary,1.42507688458155,,,,1.42507688458155,PF-573228
A549,CEP-33779,1.0,1.0,SIDM00903,uM,cep33779,CN1CCN(c2cccc(Nc3nc4c(-c5ccc(S(C)(=O)=O)cc5)cccn4n3)c2)CC1,cn1ccn(c2cccc(nc3nc4c(c5ccc(s(c)(=o)=o)cc5)cccn4n3)c2)cc1,0.0,769,a549,,,,1.0,,ACH-000681,cep33779,0.333686686134,2.5,HTS,primary,1.260229674478333,,,,1.260229674478333,CEP-33779
A549,Resminostat,1.0,0.850134829942611,SIDM00903,uM,resminostat,CN(C)Cc1ccc(S(=O)(=O)n2ccc(C=CC(=O)NO)c2)cc1,cn(c)cc1ccc(s(=o)(=o)n2ccc(c=cc(=o)no)c2)cc1,0.0,770,a549,,,,0.850134829942611,,ACH-000681,resminostat,-1.63449183408,2.5,HTS,primary,0.3220838362049494,,,,0.3220838362049494,Resminostat
A549,Tie2 kinase inhibitor,1.0,1.0,SIDM00903,uM,tie2kinaseinhibitor,COc1ccc2cc(-c3[nH]c(-c4ccc(S(C)=O)cc4)nc3-c3ccncc3)ccc2c1,coc1ccc2cc(c3[nh]c(c4ccc(s(c)=o)cc4)nc3c3ccncc3)ccc2c1,0.0,771,a549,,,,1.0,,ACH-000681,tie2kinaseinhibitor,0.354520816431,2.5,HTS,primary,1.2785608434854143,,,,1.2785608434854143,Tie2 kinase inhibitor
A549,Nintedanib (BIBF 1120),0.1,0.999988705074812,SIDM00903,uM,nintedanib,COC(=O)c1ccc2c(c1)NC(=O)/C2=C(\Nc1ccc(N(C)C(=O)CN2CCN(C)CC2)cc1)c1ccccc1,coc(=o)c1ccc2c(c1)nc(=o)c2=c(nc1ccc(n(c)c(=o)cn2ccn(c)cc2)cc1)c1ccccc1,-1.0,772,a549,0.13,0.9765,-0.8860566476931632,0.999988705074812,0.9765,ACH-000681,nintedanib,0.259529429805,0.15625,HTS002,secondary,1.1970881814090428,,,,1.1970881814090428,Nintedanib (BIBF 1120)
A549,SRT3025 HCl,0.01,0.990044939163734,SIDM00903,uM,srt3025,COCCCc1sc(-c2ccccc2)nc1C(=O)Nc1ccccc1-c1nc2cc(CN3CCCC3)cnc2s1.Cl,cocccc1sc(c2ccccc2)nc1c(=o)nc1ccccc1c1nc2cc(cn3cccc3)cnc2s1,-2.0,773,a549,,,,0.990044939163734,,ACH-000681,srt3025,,,,,,,,,,SRT3025 HCl
A549,Avagacestat (BMS-708163),0.1,0.999993652674352,SIDM00903,uM,avagacestat,NC(=O)C(CCC(F)(F)F)N(Cc1ccc(-c2ncon2)cc1F)S(=O)(=O)c1ccc(Cl)cc1,nc(=o)c(ccc(f)(f)f)n(cc1ccc(c2ncon2)cc1f)s(=o)(=o)c1ccc(cl)cc1,-1.0,774,a549,,,,0.999993652674352,,ACH-000681,avagacestat,,,,,,,,,,Avagacestat (BMS-708163)
A549,Quisinostat (JNJ-26481585) 2HCl,0.01,0.9941264983169,SIDM00903,uM,quisinostat2hcl,Cl.Cl.Cn1cc(CNCC2CCN(c3ncc(C(=O)NO)cn3)CC2)c2ccccc21,cn1cc(cncc2ccn(c3ncc(c(=o)no)cn3)cc2)c2ccccc21,-2.0,775,a549,,,,0.9941264983169,,ACH-000681,quisinostat2hcl,,,,,,,,,,Quisinostat (JNJ-26481585) 2HCl
A549,MC1568,0.1,1.0,SIDM00903,uM,mc1568,Cn1cc(C=CC(=O)c2cccc(F)c2)cc1C=CC(=O)NO,cn1cc(c=cc(=o)c2cccc(f)c2)cc1c=cc(=o)no,-1.0,776,a549,,,,1.0,,ACH-000681,mc1568,,,,,,,,,,MC1568
A549,"Temsirolimus (CCI-779, NSC 683864)",0.1,0.999973887706388,SIDM00903,uM,temsirolimus,COC1CC2CCC(C)C(O)(O2)C(=O)C(=O)N2CCCCC2C(=O)OC(C(C)CC2CCC(OC(=O)C(C)(CO)CO)C(OC)C2)CC(=O)C(C)/C=C(\C)C(O)C(OC)C(=O)C(C)CC(C)/C=C/C=C/C=C/1C,coc1cc2ccc(c)c(o)(o2)c(=o)c(=o)n2ccccc2c(=o)oc(c(c)cc2ccc(oc(=o)c(c)(co)co)c(oc)c2)cc(=o)c(c)c=c(c)c(o)c(oc)c(=o)c(c)cc(c)c=cc=cc=c1c,-1.0,777,a549,0.13,0.8901666666666667,-0.8860566476931632,0.999973887706388,0.8901666666666667,ACH-000681,temsirolimus,-0.294919794945,0.15625,HTS002,secondary,0.8151176467182626,,,,0.8151176467182626,"Temsirolimus (CCI-779, NSC 683864)"
A549,IOX2,10.0,1.0,SIDM00903,uM,iox2,O=C(O)CNC(=O)c1c(O)c2ccccc2n(Cc2ccccc2)c1=O,o=c(o)cnc(=o)c1c(o)c2ccccc2n(cc2ccccc2)c1=o,1.0,778,a549,,,,1.0,,ACH-000681,iox2,0.300527768448,2.5,HTS,primary,1.2315948744751026,,,,1.2315948744751026,IOX2
A549,Bosutinib (SKI-606),0.1,1.0,SIDM00903,uM,bosutinib,COc1cc(Nc2c(C#N)cnc3cc(OCCCN4CCN(C)CC4)c(OC)cc23)c(Cl)cc1Cl,coc1cc(nc2c(c#n)cnc3cc(occcn4ccn(c)cc4)c(oc)cc23)c(cl)cc1cl,-1.0,779,a549,0.13,1.0004,-0.8860566476931632,1.0,1.0004,ACH-000681,bosutinib,0.490890105244,0.15625,HTS002,secondary,1.405311648987646,,,,1.405311648987646,Bosutinib (SKI-606)
A549,Regorafenib (BAY 73-4506),0.1,0.9999993554102,SIDM00903,uM,regorafenib,CNC(=O)c1cc(Oc2ccc(NC(=O)Nc3ccc(Cl)c(C(F)(F)F)c3)c(F)c2)ccn1,cnc(=o)c1cc(oc2ccc(nc(=o)nc3ccc(cl)c(c(f)(f)f)c3)c(f)c2)ccn1,-1.0,780,a549,0.13,1.0316,-0.8860566476931632,0.9999993554102,1.0316,ACH-000681,regorafenib,0.0374102492462,0.15625,HTS002,secondary,1.0262699371570758,,,,1.0262699371570758,Regorafenib (BAY 73-4506)
A549,Sodium Phenylbutyrate,0.01,1.0,SIDM00903,uM,sodiumphenylbutyrate,O=C(CCCc1ccccc1)O[Na],o=c(cccc1ccccc1)o[na],-2.0,781,a549,,,,1.0,,ACH-000681,sodiumphenylbutyrate,,,,,,,,,,Sodium Phenylbutyrate
A549,Aurora A Inhibitor I,1.0,0.930524539265011,SIDM00903,uM,auroraainhibitori,CCN1CCN(C(=O)Cc2ccc(Nc3ncc(F)c(Nc4ccc(C(=O)Nc5ccccc5Cl)cc4)n3)cc2)CC1,ccn1ccn(c(=o)cc2ccc(nc3ncc(f)c(nc4ccc(c(=o)nc5ccccc5cl)cc4)n3)cc2)cc1,0.0,782,a549,,,,0.930524539265011,,ACH-000681,auroraainhibitori,-1.07840604648,2.5,HTS,primary,0.4735517354188424,,,,0.4735517354188424,Aurora A Inhibitor I
A549,ENMD-2076,1.0,0.7459883334195991,SIDM00903,uM,enmd2076,Cc1cc(Nc2cc(N3CCN(C)CC3)nc(C=Cc3ccccc3)n2)n[nH]1,cc1cc(nc2cc(n3ccn(c)cc3)nc(c=cc3ccccc3)n2)n[nh]1,0.0,783,a549,,,,0.7459883334195991,,ACH-000681,enmd2076,-1.14126532717,2.5,HTS,primary,0.4533617786807802,,,,0.4533617786807802,ENMD-2076
A549,Curcumin,10.0,1.0,SIDM00903,uM,curcumin,COc1cc(C=CC(=O)C=C(O)C=Cc2ccc(O)c(OC)c2)ccc1O,coc1cc(c=cc(=o)c=c(o)c=cc2ccc(o)c(oc)c2)ccc1o,1.0,784,a549,10.0,0.9999666666666668,1.0,1.0,0.9999666666666668,ACH-000681,curcumin,0.918006271031,2.48,HTS,primary,1.8895022951658582,,,,1.8895022951658582,Curcumin
A549,NVP-BSK805 2HCl,0.1,0.998186357706912,SIDM00903,uM,nvpbsk8052hcl,Cl.Cl.Fc1cc(-c2cccc3ncc(-c4cnn(C5CCNCC5)c4)nc23)cc(F)c1CN1CCOCC1,fc1cc(c2cccc3ncc(c4cnn(c5ccncc5)c4)nc23)cc(f)c1cn1ccocc1,-1.0,785,a549,,,,0.998186357706912,,ACH-000681,nvpbsk8052hcl,,,,,,,,,,NVP-BSK805 2HCl
A549,"Tozasertib (VX-680, MK-0457)",0.1,0.999998407660274,SIDM00903,uM,tozasertib,Cc1cc(Nc2cc(N3CCN(C)CC3)nc(Sc3ccc(NC(=O)C4CC4)cc3)n2)n[nH]1,cc1cc(nc2cc(n3ccn(c)cc3)nc(sc3ccc(nc(=o)c4cc4)cc3)n2)n[nh]1,-1.0,786,a549,,,,0.999998407660274,,ACH-000681,tozasertib,-0.281492741989,0.15625,HTS002,secondary,0.822739296668807,,,,0.822739296668807,"Tozasertib (VX-680, MK-0457)"
A549,Veliparib (ABT-888),1.0,0.9986344955442552,SIDM00903,uM,veliparib,C[C@]1(c2nc3c(C(N)=O)cccc3[nH]2)CCCN1,c[c]1(c2nc3c(c(n)=o)cccc3[nh]2)cccn1,0.0,787,a549,1.0,0.9826999999999999,0.0,0.9986344955442552,0.9826999999999999,ACH-000681,veliparib,0.0200376898832,2.5,HTS,primary,1.013985969458652,,,,1.013985969458652,Veliparib (ABT-888)
A549,Crizotinib (PF-02341066),1.0,0.997100842297382,SIDM00903,uM,crizotinib,CC(Oc1cc(-c2cnn(C3CCNCC3)c2)cnc1N)c1c(Cl)ccc(F)c1Cl,cc(oc1cc(c2cnn(c3ccncc3)c2)cnc1n)c1c(cl)ccc(f)c1cl,0.0,788,a549,1.0,0.9483666666666667,0.0,0.997100842297382,0.9483666666666667,ACH-000681,crizotinib,-0.145287169518,2.5,HTS,primary,0.9041993780902746,,,,0.9041993780902746,Crizotinib (PF-02341066)
A549,Panobinostat (LBH589),1.0,0.7407047162545051,SIDM00903,uM,panobinostat,Cc1[nH]c2ccccc2c1CCNCc1ccc(C=CC(=O)NO)cc1,cc1[nh]c2ccccc2c1ccncc1ccc(c=cc(=o)no)cc1,0.0,789,a549,,,,0.7407047162545051,,ACH-000681,panobinostat,-5.89598226278,2.5,HTS,primary,0.01679316228819953,,,,0.01679316228819953,Panobinostat (LBH589)
A549,Alvespimycin (17-DMAG) HCl,0.01,0.9897218427977958,SIDM00903,uM,alvespimycin,COC1/C=C\C=C(/C)C(=O)NC2=CC(=O)C(NCCN(C)C)=C(CC(C)CC(OC)C(O)C(C)/C=C(\C)C1OC(N)=O)C2=O.Cl,coc1c=cc=c(c)c(=o)nc2=cc(=o)c(nccn(c)c)=c(cc(c)cc(oc)c(o)c(c)c=c(c)c1oc(n)=o)c2=o,-2.0,790,a549,,,,0.9897218427977958,,ACH-000681,alvespimycin,-3.66058232692,0.00976562,HTS002,secondary,0.07907786182966907,,,,0.07907786182966907,Alvespimycin (17-DMAG) HCl
A549,Sorafenib Tosylate,1.0,0.9314713461852578,SIDM00903,uM,sorafenibtosylate,CNC(=O)c1cc(Oc2ccc(NC(=O)Nc3ccc(Cl)c(C(F)(F)F)c3)cc2)ccn1.Cc1ccc(S(=O)(=O)O)cc1,cnc(=o)c1cc(oc2ccc(nc(=o)nc3ccc(cl)c(c(f)(f)f)c3)cc2)ccn1,0.0,791,a549,,,,0.9314713461852578,,ACH-000681,sorafenibtosylate,,,,,,,,,,Sorafenib Tosylate
A549,Maraviroc,10.0,1.0,SIDM00903,uM,maraviroc,Cc1nnc(C(C)C)n1C1CC2CCC(C1)N2CCC(NC(=O)C1CCC(F)(F)CC1)c1ccccc1,cc1nnc(c(c)c)n1c1cc2ccc(c1)n2ccc(nc(=o)c1ccc(f)(f)cc1)c1ccccc1,1.0,792,a549,,,,1.0,,ACH-000681,maraviroc,-0.25068725685,2.5,HTS,primary,0.8404959327005532,,,,0.8404959327005532,Maraviroc
A549,"Baricitinib (LY3009104, INCB028050)",10.0,0.9999704990490073,SIDM00903,uM,baricitinib,CCS(=O)(=O)N1CC(CC#N)(n2cc(-c3ncnc4[nH]ccc34)cn2)C1,ccs(=o)(=o)n1cc(cc#n)(n2cc(c3ncnc4[nh]ccc34)cn2)c1,1.0,793,a549,,,,0.9999704990490073,,ACH-000681,baricitinib,-0.864077277189,2.5,HTS,primary,0.54939767980711,,,,0.54939767980711,"Baricitinib (LY3009104, INCB028050)"
A549,Mesna ,1.0,0.9999895442543092,SIDM00903,uM,mesna,O=S(=O)([O-])CCS.[Na+],o=s(=o)([o])ccs,0.0,794,a549,,,,0.9999895442543092,,ACH-000681,mesna,-0.146696339563,2.5,HTS,primary,0.9033166214689031,,,,0.9033166214689031,Mesna 
A549,"Fedratinib (SAR302503, TG101348)",1.0,0.693583998868078,SIDM00903,uM,fedratinib,Cc1cnc(Nc2ccc(OCCN3CCCC3)cc2)nc1Nc1cccc(S(=O)(=O)NC(C)(C)C)c1,cc1cnc(nc2ccc(occn3cccc3)cc2)nc1nc1cccc(s(=o)(=o)nc(c)(c)c)c1,0.0,795,a549,,,,0.693583998868078,,ACH-000681,fedratinib,1.06746405685,2.5,HTS,primary,2.0957462629013928,,,,2.0957462629013928,"Fedratinib (SAR302503, TG101348)"
A549,Trametinib (GSK1120212),1.0,0.9999490641315292,SIDM00903,uM,trametinib,CC(=O)Nc1cccc(-n2c(=O)n(C3CC3)c(=O)c3c(Nc4ccc(I)cc4F)n(C)c(=O)c(C)c32)c1,cc(=o)nc1cccc(n2c(=o)n(c3cc3)c(=o)c3c(nc4ccc(i)cc4f)n(c)c(=o)c(c)c32)c1,0.0,796,a549,,,,0.9999490641315292,,ACH-000681,trametinib,-2.49696883375,2.5,HTS,primary,0.17714850142553976,,,,0.17714850142553976,Trametinib (GSK1120212)
A549,"Roscovitine (Seliciclib,CYC202)",1.0,0.994522539590711,SIDM00903,uM,roscovitine,CCC(CO)Nc1nc(NCc2ccccc2)c2ncn(C(C)C)c2n1,ccc(co)nc1nc(ncc2ccccc2)c2ncn(c(c)c)c2n1,0.0,797,a549,,,,0.994522539590711,,ACH-000681,roscovitine,-0.183806944186,2.5,HTS,primary,0.8803768142669582,,,,0.8803768142669582,"Roscovitine (Seliciclib,CYC202)"
A549,S-Ruxolitinib (INCB018424),10.0,1.0,SIDM00903,uM,ruxolitinib,N#CC[C@@H](C1CCCC1)n1cc(-c2ncnc3[nH]ccc23)cn1,n#cc[ch](c1cccc1)n1cc(c2ncnc3[nh]ccc23)cn1,1.0,798,a549,8.3,0.8381666666666666,0.919078092376074,1.0,0.8381666666666666,ACH-000681,sruxolitinib,,,,,,,,,0.8381666666666666,S-Ruxolitinib (INCB018424)
A549,JNJ-26854165 (Serdemetan),0.1,1.0,SIDM00903,uM,jnj26854165,c1ccc2c(CCNc3ccc(Nc4ccncc4)cc3)c[nH]c2c1,c1ccc2c(ccnc3ccc(nc4ccncc4)cc3)c[nh]c2c1,-1.0,799,a549,,,,1.0,,ACH-000681,jnj26854165,,,,,,,,,,JNJ-26854165 (Serdemetan)
A549,CEP-33779,0.1,1.0,SIDM00903,uM,cep33779,CN1CCN(c2cccc(Nc3nc4c(-c5ccc(S(C)(=O)=O)cc5)cccn4n3)c2)CC1,cn1ccn(c2cccc(nc3nc4c(c5ccc(s(c)(=o)=o)cc5)cccn4n3)c2)cc1,-1.0,800,a549,,,,1.0,,ACH-000681,cep33779,0.215175029076,0.15625,HTS002,secondary,1.1608447405818954,,,,1.1608447405818954,CEP-33779
A549,Tofacitinib (CP-690550) Citrate,1.0,0.999991734417411,SIDM00903,uM,tofacitinib,C[C@@H]1CCN(C(=O)CC#N)C[C@@H]1N(C)c1ncnc2[nH]ccc12.O=C(O)CC(O)(CC(=O)O)C(=O)O,c[ch]1ccn(c(=o)cc#n)c[ch]1n(c)c1ncnc2[nh]ccc12,0.0,801,a549,,,,0.999991734417411,,ACH-000681,tofacitinib,0.125787296863,2.5,HTS,primary,1.0911029988836654,,,,1.0911029988836654,Tofacitinib (CP-690550) Citrate
A549,Hesperadin,10.0,1.0,SIDM00903,uM,hesperadin,CCS(=O)(=O)Nc1ccc2c(c1)C(=C(Nc1ccc(CN3CCCCC3)cc1)c1ccccc1)C(=O)N2,ccs(=o)(=o)nc1ccc2c(c1)c(=c(nc1ccc(cn3ccccc3)cc1)c1ccccc1)c(=o)n2,1.0,802,a549,,,,1.0,,ACH-000681,hesperadin,-2.92430374369,2.5,HTS,primary,0.1317336899012925,,,,0.1317336899012925,Hesperadin
A549,UNC0379,0.01,0.999999993675208,SIDM00903,uM,unc0379,COc1cc2nc(N3CCCC3)nc(NCCCCCN3CCCC3)c2cc1OC,coc1cc2nc(n3cccc3)nc(ncccccn3cccc3)c2cc1oc,-2.0,803,a549,,,,0.999999993675208,,ACH-000681,unc0379,,,,,,,,,,UNC0379
A549,TGX-221,10.0,0.9695518409714532,SIDM00903,uM,tgx221,Cc1cc(C(C)Nc2ccccc2)c2nc(N3CCOCC3)cc(=O)n2c1,cc1cc(c(c)nc2ccccc2)c2nc(n3ccocc3)cc(=o)n2c1,1.0,804,a549,8.3,0.886,0.919078092376074,0.9695518409714532,0.886,ACH-000681,tgx221,-0.316072712422,2.5,HTS,primary,0.803253511430252,,,,0.803253511430252,TGX-221
A549,Filgotinib (GLPG0634),1.0,1.0,SIDM00903,uM,filgotinib,O=C(Nc1nc2cccc(-c3ccc(CN4CCS(=O)(=O)CC4)cc3)n2n1)C1CC1,o=c(nc1nc2cccc(c3ccc(cn4ccs(=o)(=o)cc4)cc3)n2n1)c1cc1,0.0,805,a549,,,,1.0,,ACH-000681,filgotinib,-0.634893497686,2.5,HTS,primary,0.6439883533658884,,,,0.6439883533658884,Filgotinib (GLPG0634)
A549,G007-LK,0.01,0.9972278320768247,SIDM00903,uM,g007lk,CS(=O)(=O)c1ccc(-c2nnc(C=Cc3nnc(-c4ccc(C#N)cc4)o3)n2-c2ccccc2Cl)nc1,cs(=o)(=o)c1ccc(c2nnc(c=cc3nnc(c4ccc(c#n)cc4)o3)n2c2ccccc2cl)nc1,-2.0,806,a549,,,,0.9972278320768247,,ACH-000681,g007lk,,,,,,,,,,G007-LK
A549,WHI-P154,0.01,0.99992307829093,SIDM00903,uM,whip154,COc1cc2ncnc(Nc3ccc(O)c(Br)c3)c2cc1OC,coc1cc2ncnc(nc3ccc(o)c(br)c3)c2cc1oc,-2.0,807,a549,,,,0.99992307829093,,ACH-000681,whip154,0.842432382411,0.00976562,HTS002,secondary,1.7930707102455101,,,,1.7930707102455101,WHI-P154
A549,Triamcinolone Acetonide,1.0,1.0,SIDM00903,uM,triamcinoloneacetonide,CC1(C)OC2CC3C4CCC5=CC(=O)C=CC5(C)C4(F)C(O)CC3(C)C2(C(=O)CO)O1,cc1(c)oc2cc3c4ccc5=cc(=o)c=cc5(c)c4(f)c(o)cc3(c)c2(c(=o)co)o1,0.0,808,a549,,,,1.0,,ACH-000681,triamcinoloneacetonide,-0.149439085991,2.5,HTS,primary,0.9016009332795096,,,,0.9016009332795096,Triamcinolone Acetonide
A549,BMS-911543,0.1,0.999846858208948,SIDM00903,uM,bms911543,CCn1c(C(=O)N(C2CC2)C2CC2)cc2c3c(ncn3C)c(Nc3cc(C)n(C)n3)nc21,ccn1c(c(=o)n(c2cc2)c2cc2)cc2c3c(ncn3c)c(nc3cc(c)n(c)n3)nc21,-1.0,809,a549,,,,0.999846858208948,,ACH-000681,bms911543,,,,,,,,,,BMS-911543
A549,Flavopiridol HCl,10.0,0.5949208451162429,SIDM00903,uM,flavopiridol,CN1CCC(c2c(O)cc(O)c3c(=O)cc(-c4ccccc4Cl)oc23)C(O)C1.Cl,cn1ccc(c2c(o)cc(o)c3c(=o)cc(c4ccccc4cl)oc23)c(o)c1,1.0,810,a549,,,,0.5949208451162429,,ACH-000681,flavopiridol,,,,,,,,,,Flavopiridol HCl
A549,Ruxolitinib (INCB018424),1.0,1.0,SIDM00903,uM,ruxolitinib,N#CC[C@H](C1CCCC1)n1cc(-c2ncnc3[nH]ccc23)cn1,n#cc[ch](c1cccc1)n1cc(c2ncnc3[nh]ccc23)cn1,0.0,811,a549,1.0,0.9910333333333333,0.0,1.0,0.9910333333333333,ACH-000681,ruxolitinib,-0.0448962170605,2.5,HTS,primary,0.9693595471011328,,,,0.9693595471011328,Ruxolitinib (INCB018424)
A549,Mesna ,0.01,0.9999986321372808,SIDM00903,uM,mesna,O=S(=O)([O-])CCS.[Na+],o=s(=o)([o])ccs,-2.0,812,a549,,,,0.9999986321372808,,ACH-000681,mesna,-0.322973992403,0.00976562,HTS002,secondary,0.7994202414452427,,,,0.7994202414452427,Mesna 
A549,Ruxolitinib (INCB018424),0.01,1.0,SIDM00903,uM,ruxolitinib,N#CC[C@H](C1CCCC1)n1cc(-c2ncnc3[nH]ccc23)cn1,n#cc[ch](c1cccc1)n1cc(c2ncnc3[nh]ccc23)cn1,-2.0,813,a549,0.0081,1.0050666666666668,-2.0915149811213505,1.0,1.0050666666666668,ACH-000681,ruxolitinib,-0.297907492614113,0.00977,MTS010,secondary,0.8134313546819363,,,,0.8134313546819363,Ruxolitinib (INCB018424)
A549,CYC116,1.0,0.678667878018301,SIDM00903,uM,cyc116,Cc1nc(N)sc1-c1ccnc(Nc2ccc(N3CCOCC3)cc2)n1,cc1nc(n)sc1c1ccnc(nc2ccc(n3ccocc3)cc2)n1,0.0,814,a549,,,,0.678667878018301,,ACH-000681,cyc116,-1.4317672916,2.5,HTS,primary,0.37067653818862717,,,,0.37067653818862717,CYC116
A549,AT9283,0.01,0.999979649658542,SIDM00903,uM,at9283,O=C(Nc1c[nH]nc1-c1nc2cc(CN3CCOCC3)ccc2[nH]1)NC1CC1,o=c(nc1c[nh]nc1c1nc2cc(cn3ccocc3)ccc2[nh]1)nc1cc1,-2.0,815,a549,,,,0.999979649658542,,ACH-000681,at9283,0.497797626402,0.00976562,HTS002,secondary,1.4120563147313767,,,,1.4120563147313767,AT9283
A549,PJ34,1.0,0.9558810781645808,SIDM00903,uM,pj34,CN(C)CC(=O)Nc1ccc2[nH]c(=O)c3ccccc3c2c1,cn(c)cc(=o)nc1ccc2[nh]c(=o)c3ccccc3c2c1,0.0,816,a549,,,,0.9558810781645808,,ACH-000681,pj34,0.0214624902062,2.5,HTS,primary,1.0149878729341262,,,,1.0149878729341262,PJ34
A549,GSK-LSD1 2HCl,0.1,0.9999980792334392,SIDM00903,uM,gsklsd12hcl,Cl.Cl.c1ccc([C@@H]2C[C@H]2NC2CCNCC2)cc1,c1ccc([ch]2c[ch]2nc2ccncc2)cc1,-1.0,817,a549,,,,0.9999980792334392,,ACH-000681,gsklsd12hcl,,,,,,,,,,GSK-LSD1 2HCl
A549,Droxinostat,0.01,0.999997586636074,SIDM00903,uM,droxinostat,Cc1cc(Cl)ccc1OCCCC(=O)NO,cc1cc(cl)ccc1occcc(=o)no,-2.0,818,a549,,,,0.999997586636074,,ACH-000681,droxinostat,,,,,,,,,,Droxinostat
A549,Momelotinib (CYT387),10.0,0.589544425433011,SIDM00903,uM,momelotinib,N#CCNC(=O)c1ccc(-c2ccnc(Nc3ccc(N4CCOCC4)cc3)n2)cc1,n#ccnc(=o)c1ccc(c2ccnc(nc3ccc(n4ccocc4)cc3)n2)cc1,1.0,819,a549,8.3,0.33713333333333334,0.919078092376074,0.589544425433011,0.33713333333333334,ACH-000681,momelotinib,,,,,,,,,0.33713333333333334,Momelotinib (CYT387)
A549,Mesna ,0.1,0.99999408819574,SIDM00903,uM,mesna,O=S(=O)([O-])CCS.[Na+],o=s(=o)([o])ccs,-1.0,820,a549,,,,0.99999408819574,,ACH-000681,mesna,0.51746087787,0.15625,HTS002,secondary,1.4314337273637825,,,,1.4314337273637825,Mesna 
A549,Azacitidine ,0.01,0.999970547762328,SIDM00903,uM,azacitidine,Nc1ncn([C@@H]2O[C@H](CO)[C@@H](O)[C@H]2O)c(=O)n1,nc1ncn([ch]2o[ch](co)[ch](o)[ch]2o)c(=o)n1,-2.0,821,a549,0.0081,1.0204333333333333,-2.0915149811213505,0.999970547762328,1.0204333333333333,ACH-000681,azacitidine,0.285745860022294,0.00977,MTS010,secondary,1.219040333393549,,,,1.219040333393549,Azacitidine 
A549,AT9283,10.0,0.9997768425235442,SIDM00903,uM,at9283,O=C(Nc1c[nH]nc1-c1nc2cc(CN3CCOCC3)ccc2[nH]1)NC1CC1,o=c(nc1c[nh]nc1c1nc2cc(cn3ccocc3)ccc2[nh]1)nc1cc1,1.0,822,a549,,,,0.9997768425235442,,ACH-000681,at9283,-1.43310676081,2.5,HTS,primary,0.3703325435293747,,,,0.3703325435293747,AT9283
A549,Roxadustat (FG-4592),0.1,1.0,SIDM00903,uM,roxadustat,Cc1nc(C(=O)NCC(=O)O)c(O)c2ccc(Oc3ccccc3)cc12,cc1nc(c(=o)ncc(=o)o)c(o)c2ccc(oc3ccccc3)cc12,-1.0,823,a549,,,,1.0,,ACH-000681,roxadustat,,,,,,,,,,Roxadustat (FG-4592)
A549,"Roscovitine (Seliciclib,CYC202)",0.01,0.999322434915454,SIDM00903,uM,roscovitine,CCC(CO)Nc1nc(NCc2ccccc2)c2ncn(C(C)C)c2n1,ccc(co)nc1nc(ncc2ccccc2)c2ncn(c(c)c)c2n1,-2.0,824,a549,,,,0.999322434915454,,ACH-000681,roscovitine,-0.0282596992103416,0.00977,MTS010,secondary,0.9806024700696774,,,,0.9806024700696774,"Roscovitine (Seliciclib,CYC202)"
A549,Glesatinib?(MGCD265),10.0,0.779481372233463,SIDM00903,uM,glesatinib,COCCNCc1ccc(-c2cc3nccc(Oc4ccc(NC(=S)NC(=O)Cc5ccc(F)cc5)cc4F)c3s2)nc1,coccncc1ccc(c2cc3nccc(oc4ccc(nc(=s)nc(=o)cc5ccc(f)cc5)cc4f)c3s2)nc1,1.0,825,a549,,,,0.779481372233463,,ACH-000681,glesatinib,,,,,,,,,,Glesatinib?(MGCD265)
A549,Belinostat (PXD101),1.0,0.998483275849809,SIDM00903,uM,belinostat,O=C(C=Cc1cccc(S(=O)(=O)Nc2ccccc2)c1)NO,o=c(c=cc1cccc(s(=o)(=o)nc2ccccc2)c1)no,0.0,826,a549,,,,0.998483275849809,,ACH-000681,belinostat,-3.63799436673,2.5,HTS,primary,0.08032570973783489,,,,0.08032570973783489,Belinostat (PXD101)
A549,Hesperadin,1.0,1.0,SIDM00903,uM,hesperadin,CCS(=O)(=O)Nc1ccc2c(c1)C(=C(Nc1ccc(CN3CCCCC3)cc1)c1ccccc1)C(=O)N2,ccs(=o)(=o)nc1ccc2c(c1)c(=c(nc1ccc(cn3ccccc3)cc1)c1ccccc1)c(=o)n2,0.0,827,a549,,,,1.0,,ACH-000681,hesperadin,-2.92430374369,2.5,HTS,primary,0.1317336899012925,,,,0.1317336899012925,Hesperadin
A549,"Fluorouracil (5-Fluoracil, 5-FU)",0.01,0.9993434601338772,SIDM00903,uM,fluorouracil,O=c1[nH]cc(F)c(=O)[nH]1,o=c1[nh]cc(f)c(=o)[nh]1,-2.0,828,a549,0.0081,1.0519,-2.0915149811213505,0.9993434601338772,1.0519,ACH-000681,fluorouracil,,,,,,,,,1.0519,"Fluorouracil (5-Fluoracil, 5-FU)"
A549,BMS-265246,0.01,0.9999364016188628,SIDM00903,uM,bms265246,CCCCOc1c(C(=O)c2c(F)cc(C)cc2F)cnc2[nH]ncc12,ccccoc1c(c(=o)c2c(f)cc(c)cc2f)cnc2[nh]ncc12,-2.0,829,a549,,,,0.9999364016188628,,ACH-000681,bms265246,-0.1430060061,0.00976562,HTS002,secondary,0.9056302127706195,,,,0.9056302127706195,BMS-265246
A549,Fasudil (HA-1077) HCl,0.1,1.0,SIDM00903,uM,fasudil,Cl.O=S(=O)(c1cccc2cnccc12)N1CCCNCC1,o=s(=o)(c1cccc2cnccc12)n1cccncc1,-1.0,830,a549,,,,1.0,,ACH-000681,fasudil,,,,,,,,,,Fasudil (HA-1077) HCl
A549,BRD4770,0.01,1.0,SIDM00903,uM,brd4770,COC(=O)c1ccc2c(c1)nc(NC(=O)c1ccccc1)n2CCCc1ccccc1,coc(=o)c1ccc2c(c1)nc(nc(=o)c1ccccc1)n2cccc1ccccc1,-2.0,831,a549,,,,1.0,,ACH-000681,brd4770,,,,,,,,,,BRD4770
A549,WP1066,0.1,1.0,SIDM00903,uM,wp1066,C[C@H](NC(=O)C(C#N)=Cc1cccc(Br)n1)c1ccccc1,c[ch](nc(=o)c(c#n)=cc1cccc(br)n1)c1ccccc1,-1.0,832,a549,,,,1.0,,ACH-000681,wp1066,0.0867074365068,0.160352,HTS002,secondary,1.0619438135392507,,,,1.0619438135392507,WP1066
A549,Celecoxib,0.01,0.99999974680583,SIDM00903,uM,celecoxib,Cc1ccc(-c2cc(C(F)(F)F)nn2-c2ccc(S(N)(=O)=O)cc2)cc1,cc1ccc(c2cc(c(f)(f)f)nn2c2ccc(s(n)(=o)=o)cc2)cc1,-2.0,833,a549,,,,0.99999974680583,,ACH-000681,celecoxib,,,,,,,,,,Celecoxib
A549,M344,0.01,0.993352671455846,SIDM00903,uM,m344,CN(C)c1ccc(C(=O)NCCCCCCC(=O)NO)cc1,cn(c)c1ccc(c(=o)nccccccc(=o)no)cc1,-2.0,834,a549,,,,0.993352671455846,,ACH-000681,m344,-0.0699640087595,0.0101245,HTS002,secondary,0.9526617640166529,,,,0.9526617640166529,M344
A549,TGX-221,1.0,0.983937559673896,SIDM00903,uM,tgx221,Cc1cc(C(C)Nc2ccccc2)c2nc(N3CCOCC3)cc(=O)n2c1,cc1cc(c(c)nc2ccccc2)c2nc(n3ccocc3)cc(=o)n2c1,0.0,835,a549,1.0,0.9560333333333334,0.0,0.983937559673896,0.9560333333333334,ACH-000681,tgx221,-0.316072712422,2.5,HTS,primary,0.803253511430252,,,,0.803253511430252,TGX-221
A549,Gandotinib (LY2784544),0.1,0.9952560153283372,SIDM00903,uM,gandotinib,Cc1cc(Nc2cc(CN3CCOCC3)c3nc(C)c(Cc4ccc(Cl)cc4F)n3n2)[nH]n1,cc1cc(nc2cc(cn3ccocc3)c3nc(c)c(cc4ccc(cl)cc4f)n3n2)[nh]n1,-1.0,836,a549,,,,0.9952560153283372,,ACH-000681,gandotinib,,,,,,,,,,Gandotinib (LY2784544)
A549,CUDC-101,0.01,0.9996971081066628,SIDM00903,uM,cudc101,C#Cc1cccc(Nc2ncnc3cc(OC)c(OCCCCCCC(=O)NO)cc23)c1,c#cc1cccc(nc2ncnc3cc(oc)c(occccccc(=o)no)cc23)c1,-2.0,837,a549,,,,0.9996971081066628,,ACH-000681,cudc101,,0.00976562,HTS002,secondary,,,,,,CUDC-101
A549,Avagacestat (BMS-708163),1.0,0.9999887739816692,SIDM00903,uM,avagacestat,NC(=O)C(CCC(F)(F)F)N(Cc1ccc(-c2ncon2)cc1F)S(=O)(=O)c1ccc(Cl)cc1,nc(=o)c(ccc(f)(f)f)n(cc1ccc(c2ncon2)cc1f)s(=o)(=o)c1ccc(cl)cc1,0.0,838,a549,,,,0.9999887739816692,,ACH-000681,avagacestat,0.111955343359,2.5,HTS,primary,1.0806919501884729,,,,1.0806919501884729,Avagacestat (BMS-708163)
A549,Alisertib (MLN8237),0.01,0.957412128001866,SIDM00903,uM,alisertib,COc1cc(Nc2ncc3c(n2)-c2ccc(Cl)cc2C(c2c(F)cccc2OC)=NC3)ccc1C(=O)O,coc1cc(nc2ncc3c(n2)c2ccc(cl)cc2c(c2c(f)cccc2oc)=nc3)ccc1c(=o)o,-2.0,839,a549,0.0081,0.9224666666666667,-2.0915149811213505,0.957412128001866,0.9224666666666667,ACH-000681,alisertib,0.281593364984,0.00976562,HTS002,secondary,1.21553662627617,,,,1.21553662627617,Alisertib (MLN8237)
A549,AR-42,10.0,0.524179664838073,SIDM00903,uM,ar42,CC(C)[C@H](C(=O)Nc1ccc(C(=O)NO)cc1)c1ccccc1,cc(c)[ch](c(=o)nc1ccc(c(=o)no)cc1)c1ccccc1,1.0,840,a549,,,,0.524179664838073,,ACH-000681,ar42,-5.27235267378,2.5,HTS,primary,0.02587400736731544,,,,0.02587400736731544,AR-42
A549,Obatoclax Mesylate (GX15-070),0.1,0.99999983502717,SIDM00903,uM,obatoclax,COC1=CC(c2cc3ccccc3[nH]2)=N/C1=C\c1[nH]c(C)cc1C.CS(=O)(=O)O,coc1=cc(c2cc3ccccc3[nh]2)=nc1=cc1[nh]c(c)cc1c,-1.0,841,a549,0.13,0.9661,-0.8860566476931632,0.99999983502717,0.9661,ACH-000681,obatoclax,-0.652706487773253,0.153406,MTS010,secondary,0.6360859000864375,,,,0.6360859000864375,Obatoclax Mesylate (GX15-070)
A549,Toremifene Citrate,1.0,0.8707416076904,SIDM00903,uM,toremifene,CN(C)CCOc1ccc(/C(=C(/CCCl)c2ccccc2)c2ccccc2)cc1.O=C(O)CC(O)(CC(=O)O)C(=O)O,cn(c)ccoc1ccc(c(=c(cccl)c2ccccc2)c2ccccc2)cc1,0.0,842,a549,,,,0.8707416076904,,ACH-000681,toremifene,-0.0992643348875,2.5,HTS,primary,0.933508888962747,,,,0.933508888962747,Toremifene Citrate
A549,Divalproex Sodium,10.0,0.932236320927118,SIDM00903,uM,divalproex,CCCC(CCC)C(=O)O.CCCC(CCC)C(=O)[O-].[Na+],cccc(ccc)c(=o)[o],1.0,843,a549,,,,0.932236320927118,,ACH-000681,divalproex,,,,,,,,,,Divalproex Sodium
A549,Tranylcypromine (2-PCPA) HCl,1.0,1.0,SIDM00903,uM,tranylcypromine,*.Cl.N[C@@H]1C[C@H]1c1ccccc1,n[ch]1c[ch]1c1ccccc1,0.0,844,a549,,,,1.0,,ACH-000681,tranylcypromine,0.0383160343544,2.5,HTS,primary,1.0269144752442467,,,,1.0269144752442467,Tranylcypromine (2-PCPA) HCl
A549,Dacinostat (LAQ824),1.0,0.7027225310710141,SIDM00903,uM,dacinostat,O=C(C=Cc1ccc(CN(CCO)CCc2c[nH]c3ccccc23)cc1)NO,o=c(c=cc1ccc(cn(cco)ccc2c[nh]c3ccccc23)cc1)no,0.0,845,a549,,,,0.7027225310710141,,ACH-000681,dacinostat,-5.59561416825,2.5,HTS,primary,0.02068008365321228,,,,0.02068008365321228,Dacinostat (LAQ824)
A549,Enzastaurin (LY317615),10.0,0.999890722773912,SIDM00903,uM,enzastaurin,Cn1cc(C2=C(c3cn(C4CCN(Cc5ccccn5)CC4)c4ccccc34)C(=O)NC2=O)c2ccccc21,cn1cc(c2=c(c3cn(c4ccn(cc5ccccn5)cc4)c4ccccc34)c(=o)nc2=o)c2ccccc21,1.0,846,a549,,,,0.999890722773912,,ACH-000681,enzastaurin,0.205315634082,2.5,HTS,primary,1.1529385601140145,,,,1.1529385601140145,Enzastaurin (LY317615)
A549,"Patupilone (EPO906, Epothilone B)",0.01,0.999891608299158,SIDM00903,uM,patupilone,C/C(=C\c1csc(C)n1)C1CC2OC2(C)CCCC(C)C(O)C(C)C(=O)C(C)(C)C(O)CC(=O)O1,cc(=cc1csc(c)n1)c1cc2oc2(c)cccc(c)c(o)c(c)c(=o)c(c)(c)c(o)cc(=o)o1,-2.0,847,a549,,,,0.999891608299158,,ACH-000681,patupilone,,,,,,,,,,"Patupilone (EPO906, Epothilone B)"
A549,Abexinostat (PCI-24781),0.01,0.999996876759308,SIDM00903,uM,abexinostat,CN(C)Cc1c(C(=O)NCCOc2ccc(C(=O)NO)cc2)oc2ccccc12,cn(c)cc1c(c(=o)nccoc2ccc(c(=o)no)cc2)oc2ccccc12,-2.0,848,a549,,,,0.999996876759308,,ACH-000681,abexinostat,,,,,,,,,,Abexinostat (PCI-24781)
A549,GSK J1,0.01,0.999996844055008,SIDM00903,uM,gskj1,O=C(O)CCNc1cc(N2CCc3ccccc3CC2)nc(-c2ccccn2)n1,o=c(o)ccnc1cc(n2ccc3ccccc3cc2)nc(c2ccccn2)n1,-2.0,849,a549,,,,0.999996844055008,,ACH-000681,gskj1,,,,,,,,,,GSK J1
A549,Selisistat (EX 527),1.0,1.0,SIDM00903,uM,selisistat,NC(=O)C1CCCc2c1[nH]c1ccc(Cl)cc21,nc(=o)c1cccc2c1[nh]c1ccc(cl)cc21,0.0,850,a549,,,,1.0,,ACH-000681,selisistat,,,,,,,,,,Selisistat (EX 527)
A549,Capecitabine ,0.01,1.0,SIDM00903,uM,capecitabine,CCCCCOC(=O)Nc1nc(=O)n(C2OC(C)C(O)C2O)cc1F,cccccoc(=o)nc1nc(=o)n(c2oc(c)c(o)c2o)cc1f,-2.0,851,a549,,,,1.0,,ACH-000681,capecitabine,0.0292359430148678,0.00977,MTS010,secondary,1.020471536819133,,,,1.020471536819133,Capecitabine 
A549,Toremifene Citrate,0.01,0.999510957258983,SIDM00903,uM,toremifene,CN(C)CCOc1ccc(/C(=C(/CCCl)c2ccccc2)c2ccccc2)cc1.O=C(O)CC(O)(CC(=O)O)C(=O)O,cn(c)ccoc1ccc(c(=c(cccl)c2ccccc2)c2ccccc2)cc1,-2.0,852,a549,,,,0.999510957258983,,ACH-000681,toremifene,-0.132997849714,0.00976562,HTS002,secondary,0.9119345247249541,,,,0.9119345247249541,Toremifene Citrate
A549,AR-42,0.1,0.8773359769639699,SIDM00903,uM,ar42,CC(C)[C@H](C(=O)Nc1ccc(C(=O)NO)cc1)c1ccccc1,cc(c)[ch](c(=o)nc1ccc(c(=o)no)cc1)c1ccccc1,-1.0,853,a549,,,,0.8773359769639699,,ACH-000681,ar42,-0.026288216955,0.15625,HTS002,secondary,0.9819434061852709,,,,0.9819434061852709,AR-42
A549,UNC0379,1.0,0.998765212591704,SIDM00903,uM,unc0379,COc1cc2nc(N3CCCC3)nc(NCCCCCN3CCCC3)c2cc1OC,coc1cc2nc(n3cccc3)nc(ncccccn3cccc3)c2cc1oc,0.0,854,a549,,,,0.998765212591704,,ACH-000681,unc0379,,,,,,,,,,UNC0379
A549,Crizotinib (PF-02341066),0.1,0.9999948435414,SIDM00903,uM,crizotinib,CC(Oc1cc(-c2cnn(C3CCNCC3)c2)cnc1N)c1c(Cl)ccc(F)c1Cl,cc(oc1cc(c2cnn(c3ccncc3)c2)cnc1n)c1c(cl)ccc(f)c1cl,-1.0,855,a549,0.13,0.9539,-0.8860566476931632,0.9999948435414,0.9539,ACH-000681,crizotinib,-0.321876549779254,0.15625,MTS010,secondary,0.8000285831876975,,,,0.8000285831876975,Crizotinib (PF-02341066)
A549,Ellagic acid,1.0,0.999999153316858,SIDM00903,uM,ellagicacid,O=c1oc2c(O)c(O)cc3c(=O)oc4c(O)c(O)cc1c4c23,o=c1oc2c(o)c(o)cc3c(=o)oc4c(o)c(o)cc1c4c23,0.0,856,a549,,,,0.999999153316858,,ACH-000681,ellagicacid,-0.0462245653435,2.5,HTS,primary,0.9684674289190018,,,,0.9684674289190018,Ellagic acid
A549,MC1568,1.0,1.0,SIDM00903,uM,mc1568,Cn1cc(C=CC(=O)c2cccc(F)c2)cc1C=CC(=O)NO,cn1cc(c=cc(=o)c2cccc(f)c2)cc1c=cc(=o)no,0.0,857,a549,,,,1.0,,ACH-000681,mc1568,,,,,,,,,,MC1568
A549,INO-1001 (3-Aminobenzamide),0.1,0.999984878544382,SIDM00903,uM,ino1001,NC(=O)c1cccc(N)c1,nc(=o)c1cccc(n)c1,-1.0,858,a549,,,,0.999984878544382,,ACH-000681,ino1001,,,,,,,,,,INO-1001 (3-Aminobenzamide)
A549,Streptozotocin (STZ),1.0,0.985864706856547,SIDM00903,uM,streptozotocin,CN(N=O)C(=O)NC1C(O)OC(CO)C(O)C1O,cn(n=o)c(=o)nc1c(o)oc(co)c(o)c1o,0.0,859,a549,,,,0.985864706856547,,ACH-000681,streptozotocin,0.215800311892,2.5,HTS,primary,1.1613479748540454,,,,1.1613479748540454,Streptozotocin (STZ)
A549,Ellagic acid,0.01,0.999999889233507,SIDM00903,uM,ellagicacid,O=c1oc2c(O)c(O)cc3c(=O)oc4c(O)c(O)cc1c4c23,o=c1oc2c(o)c(o)cc3c(=o)oc4c(o)c(o)cc1c4c23,-2.0,860,a549,,,,0.999999889233507,,ACH-000681,ellagicacid,,,,,,,,,,Ellagic acid
A549,Resminostat,0.1,0.937087324215224,SIDM00903,uM,resminostat,CN(C)Cc1ccc(S(=O)(=O)n2ccc(C=CC(=O)NO)c2)cc1,cn(c)cc1ccc(s(=o)(=o)n2ccc(c=cc(=o)no)c2)cc1,-1.0,861,a549,,,,0.937087324215224,,ACH-000681,resminostat,-0.00730442246112,0.15625,HTS002,secondary,0.9949497557476833,,,,0.9949497557476833,Resminostat
A549,RG108,1.0,1.0,SIDM00903,uM,rg108,O=C(O)[C@H](Cc1c[nH]c2ccccc12)N1C(=O)c2ccccc2C1=O,o=c(o)[ch](cc1c[nh]c2ccccc12)n1c(=o)c2ccccc2c1=o,0.0,862,a549,1.0,0.9868666666666667,0.0,1.0,0.9868666666666667,ACH-000681,rg108,-0.510237793629,2.5,HTS,primary,0.7021067029033703,,,,0.7021067029033703,RG108
A549,Tacedinaline (CI994),0.01,1.0,SIDM00903,uM,tacedinaline,CC(=O)Nc1ccc(C(=O)Nc2ccccc2N)cc1,cc(=o)nc1ccc(c(=o)nc2ccccc2n)cc1,-2.0,863,a549,0.0081,1.0348000000000002,-2.0915149811213505,1.0,1.0348000000000002,ACH-000681,tacedinaline,-0.168460465462407,0.00977,MTS010,secondary,0.8897916928118003,,,,0.8897916928118003,Tacedinaline (CI994)
A549,Ofloxacin,0.01,0.999997522589255,SIDM00903,uM,ofloxacin,CC1COc2c(N3CCN(C)CC3)c(F)cc3c(=O)c(C(=O)O)cn1c23,cc1coc2c(n3ccn(c)cc3)c(f)cc3c(=o)c(c(=o)o)cn1c23,-2.0,864,a549,,,,0.999997522589255,,ACH-000681,ofloxacin,,,,,,,,,,Ofloxacin
A549,FLLL32,1.0,0.999993219617214,SIDM00903,uM,flll32,COc1ccc(C=CC(=O)C2(C(=O)C=Cc3ccc(OC)c(OC)c3)CCCCC2)cc1OC,coc1ccc(c=cc(=o)c2(c(=o)c=cc3ccc(oc)c(oc)c3)ccccc2)cc1oc,0.0,865,a549,,,,0.999993219617214,,ACH-000681,flll32,,,,,,,,,,FLLL32
A549,AG-490 (Tyrphostin B42),0.1,1.0,SIDM00903,uM,ag490,N#CC(=Cc1ccc(O)c(O)c1)C(=O)NCc1ccccc1,n#cc(=cc1ccc(o)c(o)c1)c(=o)ncc1ccccc1,-1.0,866,a549,,,,1.0,,ACH-000681,ag490,,,,,,,,,,AG-490 (Tyrphostin B42)
A549,Altretamine,0.1,0.999993609522398,SIDM00903,uM,altretamine,CN(C)c1nc(N(C)C)nc(N(C)C)n1,cn(c)c1nc(n(c)c)nc(n(c)c)n1,-1.0,867,a549,,,,0.999993609522398,,ACH-000681,altretamine,0.336938766709,0.15625,HTS002,secondary,1.2630736512104166,,,,1.2630736512104166,Altretamine
A549,Sirtinol,10.0,1.0,SIDM00903,uM,sirtinol,CC(NC(=O)c1ccccc1N=Cc1c(O)ccc2ccccc12)c1ccccc1,cc(nc(=o)c1ccccc1n=cc1c(o)ccc2ccccc12)c1ccccc1,1.0,868,a549,,,,1.0,,ACH-000681,sirtinol,,,,,,,,,,Sirtinol
A549,KW-2449,0.01,0.9928280246309192,SIDM00903,uM,kw2449,O=C(c1ccc(C=Cc2n[nH]c3ccccc23)cc1)N1CCNCC1,o=c(c1ccc(c=cc2n[nh]c3ccccc23)cc1)n1ccncc1,-2.0,869,a549,0.0081,0.9988999999999999,-2.0915149811213505,0.9928280246309192,0.9988999999999999,ACH-000681,kw2449,0.629329595233,0.00976562,HTS002,secondary,1.5468460239053465,,,,1.5468460239053465,KW-2449
A549,"Temsirolimus (CCI-779, NSC 683864)",10.0,0.9999337467496808,SIDM00903,uM,temsirolimus,COC1CC2CCC(C)C(O)(O2)C(=O)C(=O)N2CCCCC2C(=O)OC(C(C)CC2CCC(OC(=O)C(C)(CO)CO)C(OC)C2)CC(=O)C(C)/C=C(\C)C(O)C(OC)C(=O)C(C)CC(C)/C=C/C=C/C=C/1C,coc1cc2ccc(c)c(o)(o2)c(=o)c(=o)n2ccccc2c(=o)oc(c(c)cc2ccc(oc(=o)c(c)(co)co)c(oc)c2)cc(=o)c(c)c=c(c)c(o)c(oc)c(=o)c(c)cc(c)c=cc=cc=c1c,1.0,870,a549,8.3,0.8090333333333334,0.919078092376074,0.9999337467496808,0.8090333333333334,ACH-000681,temsirolimus,-0.436887780764,2.5,HTS,primary,0.7387264909881492,,,,0.7387264909881492,"Temsirolimus (CCI-779, NSC 683864)"
A549,UNC1999,1.0,1.0,SIDM00903,uM,unc1999,CCCc1cc(C)[nH]c(=O)c1CNC(=O)c1cc(-c2ccc(N3CCN(C(C)C)CC3)nc2)cc2c1cnn2C(C)C,cccc1cc(c)[nh]c(=o)c1cnc(=o)c1cc(c2ccc(n3ccn(c(c)c)cc3)nc2)cc2c1cnn2c(c)c,0.0,871,a549,,,,1.0,,ACH-000681,unc1999,0.346978140634,2.5,HTS,primary,1.2718937351716102,,,,1.2718937351716102,UNC1999
A549,UNC0631,1.0,0.992305970110167,SIDM00903,uM,unc0631,COc1cc2c(NC3CCN(CC4CCCCC4)CC3)nc(N3CCCN(C(C)C)CC3)nc2cc1OCCCN1CCCCC1,coc1cc2c(nc3ccn(cc4ccccc4)cc3)nc(n3cccn(c(c)c)cc3)nc2cc1occcn1ccccc1,0.0,872,a549,,,,0.992305970110167,,ACH-000681,unc0631,0.680479075272,2.499994836,MTS004,primary,1.6026718655495185,,,,1.6026718655495185,UNC0631
A549,GSK J1,10.0,0.999312967176188,SIDM00903,uM,gskj1,O=C(O)CCNc1cc(N2CCc3ccccc3CC2)nc(-c2ccccn2)n1,o=c(o)ccnc1cc(n2ccc3ccccc3cc2)nc(c2ccccn2)n1,1.0,873,a549,,,,0.999312967176188,,ACH-000681,gskj1,0.0370419774779881,2.50001536012,MTS007,primary,1.0260079982168986,,,,1.0260079982168986,GSK J1
A549,Obatoclax Mesylate (GX15-070),1.0,0.99980930681874,SIDM00903,uM,obatoclax,COC1=CC(c2cc3ccccc3[nH]2)=N/C1=C\c1[nH]c(C)cc1C.CS(=O)(=O)O,coc1=cc(c2cc3ccccc3[nh]2)=nc1=cc1[nh]c(c)cc1c,0.0,874,a549,1.0,0.43532333333333334,0.0,0.99980930681874,0.43532333333333334,ACH-000681,obatoclax,-4.83903121969,2.5,HTS,primary,0.03493867676712394,,,,0.03493867676712394,Obatoclax Mesylate (GX15-070)
A549,Lapatinib (GW-572016) Ditosylate,0.1,0.999998223057641,SIDM00903,uM,lapatinibditosylate,CS(=O)(=O)CCNCc1ccc(-c2ccc3ncnc(Nc4ccc(OCc5cccc(F)c5)c(Cl)c4)c3c2)o1.Cc1ccc(S(=O)(=O)O)cc1.Cc1ccc(S(=O)(=O)O)cc1,cs(=o)(=o)ccncc1ccc(c2ccc3ncnc(nc4ccc(occ5cccc(f)c5)c(cl)c4)c3c2)o1,-1.0,875,a549,,,,0.999998223057641,,ACH-000681,lapatinibditosylate,,,,,,,,,,Lapatinib (GW-572016) Ditosylate
A549,MK-5108 (VX-689),10.0,0.5479109604745049,SIDM00903,uM,mk5108,O=C(O)[C@]1(Cc2cccc(Nc3nccs3)n2)CC[C@@H](Oc2cccc(Cl)c2F)CC1,o=c(o)[c]1(cc2cccc(nc3nccs3)n2)cc[ch](oc2cccc(cl)c2f)cc1,1.0,876,a549,,,,0.5479109604745049,,ACH-000681,mk5108,-0.600910966185,2.5,HTS,primary,0.6593374960401579,,,,0.6593374960401579,MK-5108 (VX-689)
A549,Fasudil (HA-1077) HCl,10.0,1.0,SIDM00903,uM,fasudil,Cl.O=S(=O)(c1cccc2cnccc12)N1CCCNCC1,o=s(=o)(c1cccc2cnccc12)n1cccncc1,1.0,877,a549,,,,1.0,,ACH-000681,fasudil,-0.202564214196,2.5,HTS,primary,0.8690046402676932,,,,0.8690046402676932,Fasudil (HA-1077) HCl
A549,Valproic acid sodium salt (Sodium valproate),10.0,1.0,SIDM00903,uM,valproicacidsalt,CCCC(CCC)C(=O)[O-].[Na+],cccc(ccc)c(=o)[o],1.0,878,a549,,,,1.0,,ACH-000681,valproicacidsalt,,,,,,,,,,Valproic acid sodium salt (Sodium valproate)
A549,AC480 (BMS-599626),10.0,0.999991528571712,SIDM00903,uM,ac480,Cc1c(NC(=O)OCC2COCCN2)cn2ncnc(Nc3ccc4c(cnn4Cc4cccc(F)c4)c3)c12,cc1c(nc(=o)occ2coccn2)cn2ncnc(nc3ccc4c(cnn4cc4cccc(f)c4)c3)c12,1.0,879,a549,,,,0.999991528571712,,ACH-000681,ac480,,,,,,,,,,AC480 (BMS-599626)
A549,Bisindolylmaleimide IX (Ro 31-8220 Mesylate),1.0,0.959216660794543,SIDM00903,uM,bisindolylmaleimideix,CS(=O)(=O)O.Cn1cc(C2=C(c3cn(CCCSC(=N)N)c4ccccc34)C(=O)NC2=O)c2ccccc21,cn1cc(c2=c(c3cn(cccsc(=n)n)c4ccccc34)c(=o)nc2=o)c2ccccc21,0.0,880,a549,,,,0.959216660794543,,ACH-000681,bisindolylmaleimideix,0.164317144754,2.5,HTS,primary,1.1206355341784848,,,,1.1206355341784848,Bisindolylmaleimide IX (Ro 31-8220 Mesylate)
A549,Sorafenib Tosylate,10.0,0.570240767936068,SIDM00903,uM,sorafenibtosylate,CNC(=O)c1cc(Oc2ccc(NC(=O)Nc3ccc(Cl)c(C(F)(F)F)c3)cc2)ccn1.Cc1ccc(S(=O)(=O)O)cc1,cnc(=o)c1cc(oc2ccc(nc(=o)nc3ccc(cl)c(c(f)(f)f)c3)cc2)ccn1,1.0,881,a549,,,,0.570240767936068,,ACH-000681,sorafenibtosylate,,,,,,,,,,Sorafenib Tosylate
A549,Tazemetostat (EPZ-6438),0.1,0.9999991360331992,SIDM00903,uM,tazemetostat,CCN(c1cc(-c2ccc(CN3CCOCC3)cc2)cc(C(=O)NCc2c(C)cc(C)[nH]c2=O)c1C)C1CCOCC1,ccn(c1cc(c2ccc(cn3ccocc3)cc2)cc(c(=o)ncc2c(c)cc(c)[nh]c2=o)c1c)c1ccocc1,-1.0,882,a549,,,,0.9999991360331992,,ACH-000681,tazemetostat,-0.183219726911,0.144427,HTS002,secondary,0.8807352252163299,,,,0.8807352252163299,Tazemetostat (EPZ-6438)
A549,ENMD-2076 L-(+)-Tartaric acid ,0.1,0.870258525419126,SIDM00903,uM,enmd2076ltartaricacid,Cc1cc(Nc2cc(N3CCN(C)CC3)nc(C=Cc3ccccc3)n2)n[nH]1,cc1cc(nc2cc(n3ccn(c)cc3)nc(c=cc3ccccc3)n2)n[nh]1,-1.0,883,a549,,,,0.870258525419126,,ACH-000681,enmd2076ltartaricacid,,,,,,,,,,ENMD-2076 L-(+)-Tartaric acid 
A549,ZM 447439,0.1,0.988150718068408,SIDM00903,uM,zm447439,COc1cc2c(Nc3ccc(NC(=O)c4ccccc4)cc3)ncnc2cc1OCCCN1CCOCC1,coc1cc2c(nc3ccc(nc(=o)c4ccccc4)cc3)ncnc2cc1occcn1ccocc1,-1.0,884,a549,,,,0.988150718068408,,ACH-000681,zm447439,0.181515378207,0.15625,HTS002,secondary,1.1340744691937674,,,,1.1340744691937674,ZM 447439
A549,Resminostat,0.01,0.989689608907515,SIDM00903,uM,resminostat,CN(C)Cc1ccc(S(=O)(=O)n2ccc(C=CC(=O)NO)c2)cc1,cn(c)cc1ccc(s(=o)(=o)n2ccc(c=cc(=o)no)c2)cc1,-2.0,885,a549,,,,0.989689608907515,,ACH-000681,resminostat,0.2316584357249,0.0102,MTS010,secondary,1.174183945188257,,,,1.174183945188257,Resminostat
A549,Ki16425,1.0,0.999997034903892,SIDM00903,uM,ki16425,Cc1noc(-c2ccc(CSCCC(=O)O)cc2)c1NC(=O)OC(C)c1ccccc1Cl,cc1noc(c2ccc(csccc(=o)o)cc2)c1nc(=o)oc(c)c1ccccc1cl,0.0,886,a549,,,,0.999997034903892,,ACH-000681,ki16425,-0.200512473452,2.5,HTS,primary,0.8702413816525415,,,,0.8702413816525415,Ki16425
A549,Bisindolylmaleimide IX (Ro 31-8220 Mesylate),0.1,0.999976651316548,SIDM00903,uM,bisindolylmaleimideix,CS(=O)(=O)O.Cn1cc(C2=C(c3cn(CCCSC(=N)N)c4ccccc34)C(=O)NC2=O)c2ccccc21,cn1cc(c2=c(c3cn(cccsc(=n)n)c4ccccc34)c(=o)nc2=o)c2ccccc21,-1.0,887,a549,,,,0.999976651316548,,ACH-000681,bisindolylmaleimideix,0.577866770844,0.15625,HTS002,secondary,1.4926405354388492,,,,1.4926405354388492,Bisindolylmaleimide IX (Ro 31-8220 Mesylate)
A549,Decitabine,10.0,0.99992067077706,SIDM00903,uM,decitabine,Nc1ncn([C@H]2C[C@H](O)[C@@H](CO)O2)c(=O)n1,nc1ncn([ch]2c[ch](o)[ch](co)o2)c(=o)n1,1.0,888,a549,8.3,0.9280666666666667,0.919078092376074,0.99992067077706,0.9280666666666667,ACH-000681,decitabine,-0.888603549279,2.5,HTS,primary,0.5401366883837962,,,,0.5401366883837962,Decitabine
A549,Tazemetostat (EPZ-6438),0.01,0.999999809757582,SIDM00903,uM,tazemetostat,CCN(c1cc(-c2ccc(CN3CCOCC3)cc2)cc(C(=O)NCc2c(C)cc(C)[nH]c2=O)c1C)C1CCOCC1,ccn(c1cc(c2ccc(cn3ccocc3)cc2)cc(c(=o)ncc2c(c)cc(c)[nh]c2=o)c1c)c1ccocc1,-2.0,889,a549,,,,0.999999809757582,,ACH-000681,tazemetostat,-0.0419473954917,0.00902672,HTS002,secondary,0.9713429126487191,,,,0.9713429126487191,Tazemetostat (EPZ-6438)
A549,BMS-754807,0.1,0.929859512646446,SIDM00903,uM,bms754807,CC1(C(=O)Nc2ccc(F)nc2)CCCN1c1nc(Nc2cc(C3CC3)[nH]n2)c2cccn2n1,cc1(c(=o)nc2ccc(f)nc2)cccn1c1nc(nc2cc(c3cc3)[nh]n2)c2cccn2n1,-1.0,890,a549,0.13,0.8111333333333333,-0.8860566476931632,0.929859512646446,0.8111333333333333,ACH-000681,bms754807,0.218028637056,0.15625,HTS002,secondary,1.1631431293546313,,,,1.1631431293546313,BMS-754807
A549,2-Methoxyestradiol (2-MeOE2),1.0,0.991195344354435,SIDM00903,uM,2methoxyestradiol,COc1cc2c(cc1O)CC[C@@H]1[C@@H]2CC[C@]2(C)[C@@H](O)CC[C@@H]12,coc1cc2c(cc1o)cc[ch]1[ch]2cc[c]2(c)[ch](o)cc[ch]12,0.0,891,a549,,,,0.991195344354435,,ACH-000681,2methoxyestradiol,0.237500286967,2.5,HTS,primary,1.1789481637378012,,,,1.1789481637378012,2-Methoxyestradiol (2-MeOE2)
A549,ENMD-2076,10.0,0.6094659110824,SIDM00903,uM,enmd2076,Cc1cc(Nc2cc(N3CCN(C)CC3)nc(C=Cc3ccccc3)n2)n[nH]1,cc1cc(nc2cc(n3ccn(c)cc3)nc(c=cc3ccccc3)n2)n[nh]1,1.0,892,a549,,,,0.6094659110824,,ACH-000681,enmd2076,-1.14126532717,2.5,HTS,primary,0.4533617786807802,,,,0.4533617786807802,ENMD-2076
A549,Navitoclax (ABT-263),1.0,1.0,SIDM00903,uM,navitoclax,CC1(C)CCC(c2ccc(Cl)cc2)=C(CN2CCN(c3ccc(C(=O)NS(=O)(=O)c4ccc(N[C@H](CCN5CCOCC5)CSc5ccccc5)c(S(=O)(=O)C(F)(F)F)c4)cc3)CC2)C1,cc1(c)ccc(c2ccc(cl)cc2)=c(cn2ccn(c3ccc(c(=o)ns(=o)(=o)c4ccc(n[ch](ccn5ccocc5)csc5ccccc5)c(s(=o)(=o)c(f)(f)f)c4)cc3)cc2)c1,0.0,893,a549,1.0,0.8497333333333333,0.0,1.0,0.8497333333333333,ACH-000681,navitoclax,0.0339331347257,2.5,HTS,primary,1.02379944880807,,,,1.02379944880807,Navitoclax (ABT-263)
A549,Abexinostat (PCI-24781),1.0,0.99536959861132,SIDM00903,uM,abexinostat,CN(C)Cc1c(C(=O)NCCOc2ccc(C(=O)NO)cc2)oc2ccccc12,cn(c)cc1c(c(=o)nccoc2ccc(c(=o)no)cc2)oc2ccccc12,0.0,894,a549,,,,0.99536959861132,,ACH-000681,abexinostat,,,,,,,,,,Abexinostat (PCI-24781)
A549,Mocetinostat (MGCD0103),0.1,0.999850545505068,SIDM00903,uM,mocetinostat,Nc1ccccc1NC(=O)c1ccc(CNc2nccc(-c3cccnc3)n2)cc1,nc1ccccc1nc(=o)c1ccc(cnc2nccc(c3cccnc3)n2)cc1,-1.0,895,a549,,,,0.999850545505068,,ACH-000681,mocetinostat,-0.08206311944,0.15625,HTS002,secondary,0.9447057082151429,,,,0.9447057082151429,Mocetinostat (MGCD0103)
A549,Pracinostat (SB939),0.1,0.9999874591712508,SIDM00903,uM,pracinostat,CCCCc1nc2cc(C=CC(=O)NO)ccc2n1CCN(CC)CC,ccccc1nc2cc(c=cc(=o)no)ccc2n1ccn(cc)cc,-1.0,896,a549,,,,0.9999874591712508,,ACH-000681,pracinostat,,,,,,,,,,Pracinostat (SB939)
A549,CYC116,0.1,0.8686426271281078,SIDM00903,uM,cyc116,Cc1nc(N)sc1-c1ccnc(Nc2ccc(N3CCOCC3)cc2)n1,cc1nc(n)sc1c1ccnc(nc2ccc(n3ccocc3)cc2)n1,-1.0,897,a549,,,,0.8686426271281078,,ACH-000681,cyc116,0.409385167726,0.15625,HTS002,secondary,1.3281196896909893,,,,1.3281196896909893,CYC116
A549,Pracinostat (SB939),0.01,0.9999999291820992,SIDM00903,uM,pracinostat,CCCCc1nc2cc(C=CC(=O)NO)ccc2n1CCN(CC)CC,ccccc1nc2cc(c=cc(=o)no)ccc2n1ccn(cc)cc,-2.0,898,a549,,,,0.9999999291820992,,ACH-000681,pracinostat,,,,,,,,,,Pracinostat (SB939)
A549,Trichostatin A (TSA),0.1,0.9948595298221592,SIDM00903,uM,trichostatina,CC(C=CC(=O)NO)=C[C@@H](C)C(=O)c1ccc(N(C)C)cc1,cc(c=cc(=o)no)=c[ch](c)c(=o)c1ccc(n(c)c)cc1,-1.0,899,a549,,,,0.9948595298221592,,ACH-000681,trichostatina,-1.74551192184,0.164682,HTS002,secondary,0.2982280945647548,,,,0.2982280945647548,Trichostatin A (TSA)
A549,"Fedratinib (SAR302503, TG101348)",0.01,0.9899017972141873,SIDM00903,uM,fedratinib,Cc1cnc(Nc2ccc(OCCN3CCCC3)cc2)nc1Nc1cccc(S(=O)(=O)NC(C)(C)C)c1,cc1cnc(nc2ccc(occn3cccc3)cc2)nc1nc1cccc(s(=o)(=o)nc(c)(c)c)c1,-2.0,900,a549,,,,0.9899017972141873,,ACH-000681,fedratinib,0.261978904076,0.00976562,HTS002,secondary,1.1991223793997015,,,,1.1991223793997015,"Fedratinib (SAR302503, TG101348)"
A549,ABT-737,0.1,0.934653243402468,SIDM00903,uM,abt737,CN(C)CCC(CSc1ccccc1)Nc1ccc(S(=O)(=O)NC(=O)c2ccc(N3CCN(Cc4ccccc4-c4ccc(Cl)cc4)CC3)cc2)cc1[N+](=O)[O-],cn(c)ccc(csc1ccccc1)nc1ccc(s(=o)(=o)nc(=o)c2ccc(n3ccn(cc4ccccc4c4ccc(cl)cc4)cc3)cc2)cc1[n](=o)[o],-1.0,901,a549,0.072,0.9714333333333333,-1.1426675035687315,0.934653243402468,0.9714333333333333,ACH-000681,abt737,0.45333685972,0.15625,HTS002,secondary,1.3692034756979696,,,,1.3692034756979696,ABT-737
A549,TGX-221,0.01,0.998791490510244,SIDM00903,uM,tgx221,Cc1cc(C(C)Nc2ccccc2)c2nc(N3CCOCC3)cc(=O)n2c1,cc1cc(c(c)nc2ccccc2)c2nc(n3ccocc3)cc(=o)n2c1,-2.0,902,a549,0.0081,0.9967,-2.0915149811213505,0.998791490510244,0.9967,ACH-000681,tgx221,,,,,,,,,0.9967,TGX-221
A549,Motesanib Diphosphate (AMG-706),10.0,1.0,SIDM00903,uM,motesanibdiphosphate,CC1(C)CNc2cc(NC(=O)c3cccnc3NCc3ccncc3)ccc21.O=P(O)(O)O.O=P(O)(O)O,cc1(c)cnc2cc(nc(=o)c3cccnc3ncc3ccncc3)ccc21,1.0,903,a549,,,,1.0,,ACH-000681,motesanibdiphosphate,,,,,,,,,,Motesanib Diphosphate (AMG-706)
A549,Veliparib (ABT-888),10.0,0.998106381545371,SIDM00903,uM,veliparib,C[C@]1(c2nc3c(C(N)=O)cccc3[nH]2)CCCN1,c[c]1(c2nc3c(c(n)=o)cccc3[nh]2)cccn1,1.0,904,a549,8.3,0.9401,0.919078092376074,0.998106381545371,0.9401,ACH-000681,veliparib,0.0200376898832,2.5,HTS,primary,1.013985969458652,,,,1.013985969458652,Veliparib (ABT-888)
A549,MK-5108 (VX-689),0.1,0.999896404322553,SIDM00903,uM,mk5108,O=C(O)[C@]1(Cc2cccc(Nc3nccs3)n2)CC[C@@H](Oc2cccc(Cl)c2F)CC1,o=c(o)[c]1(cc2cccc(nc3nccs3)n2)cc[ch](oc2cccc(cl)c2f)cc1,-1.0,905,a549,,,,0.999896404322553,,ACH-000681,mk5108,0.341267744724,0.15625,HTS002,secondary,1.2668693457561226,,,,1.2668693457561226,MK-5108 (VX-689)
A549,Alisertib (MLN8237),0.1,0.812308332671821,SIDM00903,uM,alisertib,COc1cc(Nc2ncc3c(n2)-c2ccc(Cl)cc2C(c2c(F)cccc2OC)=NC3)ccc1C(=O)O,coc1cc(nc2ncc3c(n2)c2ccc(cl)cc2c(c2c(f)cccc2oc)=nc3)ccc1c(=o)o,-1.0,906,a549,0.13,0.8252666666666667,-0.8860566476931632,0.812308332671821,0.8252666666666667,ACH-000681,alisertib,-0.154485373472,0.15625,HTS002,secondary,0.8984528045608017,,,,0.8984528045608017,Alisertib (MLN8237)
A549,Tofacitinib (CP-690550) Citrate,0.1,0.99999532654028,SIDM00903,uM,tofacitinib,C[C@@H]1CCN(C(=O)CC#N)C[C@@H]1N(C)c1ncnc2[nH]ccc12.O=C(O)CC(O)(CC(=O)O)C(=O)O,c[ch]1ccn(c(=o)cc#n)c[ch]1n(c)c1ncnc2[nh]ccc12,-1.0,907,a549,,,,0.99999532654028,,ACH-000681,tofacitinib,,,,,,,,,,Tofacitinib (CP-690550) Citrate
A549,Bisindolylmaleimide IX (Ro 31-8220 Mesylate),0.01,0.999999988742124,SIDM00903,uM,bisindolylmaleimideix,CS(=O)(=O)O.Cn1cc(C2=C(c3cn(CCCSC(=N)N)c4ccccc34)C(=O)NC2=O)c2ccccc21,cn1cc(c2=c(c3cn(cccsc(=n)n)c4ccccc34)c(=o)nc2=o)c2ccccc21,-2.0,908,a549,,,,0.999999988742124,,ACH-000681,bisindolylmaleimideix,0.352367120251,0.00976562,HTS002,secondary,1.2766535954536908,,,,1.2766535954536908,Bisindolylmaleimide IX (Ro 31-8220 Mesylate)
A549,Azacitidine ,1.0,0.998765960340794,SIDM00903,uM,azacitidine,Nc1ncn([C@@H]2O[C@H](CO)[C@@H](O)[C@H]2O)c(=O)n1,nc1ncn([ch]2o[ch](co)[ch](o)[ch]2o)c(=o)n1,0.0,909,a549,1.0,1.0373666666666665,0.0,0.998765960340794,1.0373666666666665,ACH-000681,azacitidine,-0.105014306815,2.5,HTS,primary,0.9297957220357256,,,,0.9297957220357256,Azacitidine 
A549,Cimetidine ,0.1,0.9396616952970508,SIDM00903,uM,cimetidine,CNC(=NC#N)NCCSCc1nc[nH]c1C,cnc(=nc#n)nccscc1nc[nh]c1c,-1.0,910,a549,0.13,1.229,-0.8860566476931632,0.9396616952970508,1.229,ACH-000681,cimetidine,0.710501078619,0.15625,HTS002,secondary,1.6363723652934437,,,,1.6363723652934437,Cimetidine 
A549,XAV-939,0.1,0.993062692004678,SIDM00903,uM,xav939,Oc1nc(-c2ccc(C(F)(F)F)cc2)nc2c1CSCC2,oc1nc(c2ccc(c(f)(f)f)cc2)nc2c1cscc2,-1.0,911,a549,,,,0.993062692004678,,ACH-000681,xav939,,,,,,,,,,XAV-939
A549,BMS-536924,0.01,0.9782093581885551,SIDM00903,uM,bms536924,Cc1cc(N2CCOCC2)cc2[nH]c(-c3c(NCC(O)c4cccc(Cl)c4)cc[nH]c3=O)nc12,cc1cc(n2ccocc2)cc2[nh]c(c3c(ncc(o)c4cccc(cl)c4)cc[nh]c3=o)nc12,-2.0,912,a549,0.009,1.0305,-2.0457574905606752,0.9782093581885551,1.0305,ACH-000681,bms536924,,,,,,,,,1.0305,BMS-536924
A549,Vandetanib (ZD6474),1.0,0.9636961977176528,SIDM00903,uM,vandetanib,COc1cc2c(Nc3ccc(Br)cc3F)ncnc2cc1OCC1CCN(C)CC1,coc1cc2c(nc3ccc(br)cc3f)ncnc2cc1occ1ccn(c)cc1,0.0,913,a549,1.0,0.8965,0.0,0.9636961977176528,0.8965,ACH-000681,vandetanib,0.376210063524,2.5,HTS,primary,1.297927737870916,,,,1.297927737870916,Vandetanib (ZD6474)
A549,Mercaptopurine (6-MP),0.1,0.999999470654488,SIDM00903,uM,mercaptopurine,S=c1nc[nH]c2nc[nH]c12,s=c1nc[nh]c2nc[nh]c12,-1.0,914,a549,,,,0.999999470654488,,ACH-000681,mercaptopurine,0.441523308159,0.15625,HTS002,secondary,1.3580374909123265,,,,1.3580374909123265,Mercaptopurine (6-MP)
A549,Quercetin,0.01,0.9976726490371058,SIDM00903,uM,quercetin,O=c1c(O)c(-c2ccc(O)c(O)c2)oc2cc(O)cc(O)c12,o=c1c(o)c(c2ccc(o)c(o)c2)oc2cc(o)cc(o)c12,-2.0,915,a549,,,,0.9976726490371058,,ACH-000681,quercetin,,,,,,,,,,Quercetin
A549,GSK-LSD1 2HCl,0.01,0.999999555576463,SIDM00903,uM,gsklsd12hcl,Cl.Cl.c1ccc([C@@H]2C[C@H]2NC2CCNCC2)cc1,c1ccc([ch]2c[ch]2nc2ccncc2)cc1,-2.0,916,a549,,,,0.999999555576463,,ACH-000681,gsklsd12hcl,,,,,,,,,,GSK-LSD1 2HCl
A549,TG101209,0.1,0.999682270955858,SIDM00903,uM,tg101209,Cc1cnc(Nc2ccc(N3CCN(C)CC3)cc2)nc1Nc1cccc(S(=O)(=O)NC(C)(C)C)c1,cc1cnc(nc2ccc(n3ccn(c)cc3)cc2)nc1nc1cccc(s(=o)(=o)nc(c)(c)c)c1,-1.0,917,a549,,,,0.999682270955858,,ACH-000681,tg101209,0.00812887119669,0.15625,HTS002,secondary,1.0056504078253776,,,,1.0056504078253776,TG101209
A549,Avagacestat (BMS-708163),10.0,0.9999838952891,SIDM00903,uM,avagacestat,NC(=O)C(CCC(F)(F)F)N(Cc1ccc(-c2ncon2)cc1F)S(=O)(=O)c1ccc(Cl)cc1,nc(=o)c(ccc(f)(f)f)n(cc1ccc(c2ncon2)cc1f)s(=o)(=o)c1ccc(cl)cc1,1.0,918,a549,,,,0.9999838952891,,ACH-000681,avagacestat,0.111955343359,2.5,HTS,primary,1.0806919501884729,,,,1.0806919501884729,Avagacestat (BMS-708163)
A549,Amisulpride,1.0,0.999997604544296,SIDM00903,uM,amisulpride,CCN1CCCC1CNC(=O)c1cc(S(=O)(=O)CC)c(N)cc1OC,ccn1cccc1cnc(=o)c1cc(s(=o)(=o)cc)c(n)cc1oc,0.0,919,a549,,,,0.999997604544296,,ACH-000681,amisulpride,-1.02689455805,2.5,HTS,primary,0.4907653990838524,,,,0.4907653990838524,Amisulpride
A549,M344,0.1,0.946362082639354,SIDM00903,uM,m344,CN(C)c1ccc(C(=O)NCCCCCCC(=O)NO)cc1,cn(c)c1ccc(c(=o)nccccccc(=o)no)cc1,-1.0,920,a549,,,,0.946362082639354,,ACH-000681,m344,0.211029002041,0.161993,HTS002,secondary,1.1575134858828549,,,,1.1575134858828549,M344
A549,Aminoglutethimide ,0.1,1.0,SIDM00903,uM,aminoglutethimide,CCC1(c2ccc(N)cc2)CCC(=O)NC1=O,ccc1(c2ccc(n)cc2)ccc(=o)nc1=o,-1.0,921,a549,,,,1.0,,ACH-000681,aminoglutethimide,-0.101975112518928,0.15625,MTS010,secondary,0.931756502606235,,,,0.931756502606235,Aminoglutethimide 
A549,AC480 (BMS-599626),0.1,0.999996661168618,SIDM00903,uM,ac480,Cc1c(NC(=O)OCC2COCCN2)cn2ncnc(Nc3ccc4c(cnn4Cc4cccc(F)c4)c3)c12,cc1c(nc(=o)occ2coccn2)cn2ncnc(nc3ccc4c(cnn4cc4cccc(f)c4)c3)c12,-1.0,922,a549,,,,0.999996661168618,,ACH-000681,ac480,,,,,,,,,,AC480 (BMS-599626)
A549,Lapatinib (GW-572016) Ditosylate,10.0,0.5808939409987329,SIDM00903,uM,lapatinibditosylate,CS(=O)(=O)CCNCc1ccc(-c2ccc3ncnc(Nc4ccc(OCc5cccc(F)c5)c(Cl)c4)c3c2)o1.Cc1ccc(S(=O)(=O)O)cc1.Cc1ccc(S(=O)(=O)O)cc1,cs(=o)(=o)ccncc1ccc(c2ccc3ncnc(nc4ccc(occ5cccc(f)c5)c(cl)c4)c3c2)o1,1.0,923,a549,,,,0.5808939409987329,,ACH-000681,lapatinibditosylate,,,,,,,,,,Lapatinib (GW-572016) Ditosylate
A549,PD173074,0.01,1.0,SIDM00903,uM,pd173074,CCN(CC)CCCCNc1ncc2cc(-c3cc(OC)cc(OC)c3)c(NC(=O)NC(C)(C)C)nc2n1,ccn(cc)ccccnc1ncc2cc(c3cc(oc)cc(oc)c3)c(nc(=o)nc(c)(c)c)nc2n1,-2.0,924,a549,,,,1.0,,ACH-000681,pd173074,0.382158959587,0.00976562,HTS002,secondary,1.3032907411406462,,,,1.3032907411406462,PD173074
A549,Tofacitinib (CP-690550) Citrate,0.01,0.999998918663231,SIDM00903,uM,tofacitinib,C[C@@H]1CCN(C(=O)CC#N)C[C@@H]1N(C)c1ncnc2[nH]ccc12.O=C(O)CC(O)(CC(=O)O)C(=O)O,c[ch]1ccn(c(=o)cc#n)c[ch]1n(c)c1ncnc2[nh]ccc12,-2.0,925,a549,,,,0.999998918663231,,ACH-000681,tofacitinib,,,,,,,,,,Tofacitinib (CP-690550) Citrate
A549,Resminostat,10.0,0.7375741064896659,SIDM00903,uM,resminostat,CN(C)Cc1ccc(S(=O)(=O)n2ccc(C=CC(=O)NO)c2)cc1,cn(c)cc1ccc(s(=o)(=o)n2ccc(c=cc(=o)no)c2)cc1,1.0,926,a549,,,,0.7375741064896659,,ACH-000681,resminostat,-1.63449183408,2.5,HTS,primary,0.3220838362049494,,,,0.3220838362049494,Resminostat
A549,Triamcinolone Acetonide,0.1,1.0,SIDM00903,uM,triamcinoloneacetonide,CC1(C)OC2CC3C4CCC5=CC(=O)C=CC5(C)C4(F)C(O)CC3(C)C2(C(=O)CO)O1,cc1(c)oc2cc3c4ccc5=cc(=o)c=cc5(c)c4(f)c(o)cc3(c)c2(c(=o)co)o1,-1.0,927,a549,,,,1.0,,ACH-000681,triamcinoloneacetonide,0.404745496672,0.15625,HTS002,secondary,1.3238553507705362,,,,1.3238553507705362,Triamcinolone Acetonide
A549,PD173074,10.0,1.0,SIDM00903,uM,pd173074,CCN(CC)CCCCNc1ncc2cc(-c3cc(OC)cc(OC)c3)c(NC(=O)NC(C)(C)C)nc2n1,ccn(cc)ccccnc1ncc2cc(c3cc(oc)cc(oc)c3)c(nc(=o)nc(c)(c)c)nc2n1,1.0,928,a549,,,,1.0,,ACH-000681,pd173074,0.771030593503,2.5,HTS,primary,1.7064883832923976,,,,1.7064883832923976,PD173074
A549,Nilotinib (AMN-107),10.0,0.99999454562955,SIDM00903,uM,nilotinib,Cc1cn(-c2cc(NC(=O)c3ccc(C)c(Nc4nccc(-c5cccnc5)n4)c3)cc(C(F)(F)F)c2)cn1,cc1cn(c2cc(nc(=o)c3ccc(c)c(nc4nccc(c5cccnc5)n4)c3)cc(c(f)(f)f)c2)cn1,1.0,929,a549,8.3,1.0058333333333334,0.919078092376074,0.99999454562955,1.0058333333333334,ACH-000681,nilotinib,-0.205540102593,2.5,HTS,primary,0.8672139669689362,,,,0.8672139669689362,Nilotinib (AMN-107)
A549,Lomustine ,10.0,1.0,SIDM00903,uM,lomustine,O=NN(CCCl)C(=O)NC1CCCCC1,o=nn(cccl)c(=o)nc1ccccc1,1.0,930,a549,,,,1.0,,ACH-000681,lomustine,,,,,,,,,,Lomustine 
A549,Divalproex Sodium,0.01,0.9942732407285508,SIDM00903,uM,divalproex,CCCC(CCC)C(=O)O.CCCC(CCC)C(=O)[O-].[Na+],cccc(ccc)c(=o)[o],-2.0,931,a549,,,,0.9942732407285508,,ACH-000681,divalproex,,,,,,,,,,Divalproex Sodium
A549,SL-327,1.0,0.949787689077801,SIDM00903,uM,sl327,N#C/C(=C(/N)Sc1ccc(N)cc1)c1ccccc1C(F)(F)F,n#cc(=c(n)sc1ccc(n)cc1)c1ccccc1c(f)(f)f,0.0,932,a549,,,,0.949787689077801,,ACH-000681,sl327,,,,,,,,,,SL-327
A549,Ruxolitinib (INCB018424),10.0,1.0,SIDM00903,uM,ruxolitinib,N#CC[C@H](C1CCCC1)n1cc(-c2ncnc3[nH]ccc23)cn1,n#cc[ch](c1cccc1)n1cc(c2ncnc3[nh]ccc23)cn1,1.0,933,a549,8.3,0.8381666666666666,0.919078092376074,1.0,0.8381666666666666,ACH-000681,ruxolitinib,-0.0448962170605,2.5,HTS,primary,0.9693595471011328,,,,0.9693595471011328,Ruxolitinib (INCB018424)
A549,Toremifene Citrate,0.1,0.988885906249471,SIDM00903,uM,toremifene,CN(C)CCOc1ccc(/C(=C(/CCCl)c2ccccc2)c2ccccc2)cc1.O=C(O)CC(O)(CC(=O)O)C(=O)O,cn(c)ccoc1ccc(c(=c(cccl)c2ccccc2)c2ccccc2)cc1,-1.0,934,a549,,,,0.988885906249471,,ACH-000681,toremifene,0.000868403640381,0.15625,HTS002,secondary,1.0006021127320588,,,,1.0006021127320588,Toremifene Citrate
A549,"Rucaparib (AG-014699,PF-01367338) phosphate",1.0,0.905047479869368,SIDM00903,uM,rucaparib,CNCc1ccc(-c2[nH]c3cc(F)cc4c3c2CCNC4=O)cc1.O=P(O)(O)O,cncc1ccc(c2[nh]c3cc(f)cc4c3c2ccnc4=o)cc1,0.0,935,a549,,,,0.905047479869368,,ACH-000681,rucaparib,0.434415246908,2.5,HTS,primary,1.3513629876211948,,,,1.3513629876211948,"Rucaparib (AG-014699,PF-01367338) phosphate"
A549,Amisulpride,10.0,0.999996563508027,SIDM00903,uM,amisulpride,CCN1CCCC1CNC(=O)c1cc(S(=O)(=O)CC)c(N)cc1OC,ccn1cccc1cnc(=o)c1cc(s(=o)(=o)cc)c(n)cc1oc,1.0,936,a549,,,,0.999996563508027,,ACH-000681,amisulpride,-1.02689455805,2.5,HTS,primary,0.4907653990838524,,,,0.4907653990838524,Amisulpride
A549,AICAR (Acadesine),0.01,1.0,SIDM00903,uM,aicar,NC(=O)c1ncn([C@@H]2O[C@H](CO)[C@@H](O)[C@H]2O)c1N,nc(=o)c1ncn([ch]2o[ch](co)[ch](o)[ch]2o)c1n,-2.0,937,a549,,,,1.0,,ACH-000681,aicar,,,,,,,,,,AICAR (Acadesine)
A549,Entinostat (MS-275),1.0,0.9958867099487628,SIDM00903,uM,entinostat,Nc1ccccc1NC(=O)c1ccc(CNC(=O)OCc2cccnc2)cc1,nc1ccccc1nc(=o)c1ccc(cnc(=o)occ2cccnc2)cc1,0.0,938,a549,1.0,0.9442,0.0,0.9958867099487628,0.9442,ACH-000681,entinostat,-1.75417042266,2.5,HTS,primary,0.29644360449829005,,,,0.29644360449829005,Entinostat (MS-275)
A549,Regorafenib (BAY 73-4506),10.0,0.458760268850503,SIDM00903,uM,regorafenib,CNC(=O)c1cc(Oc2ccc(NC(=O)Nc3ccc(Cl)c(C(F)(F)F)c3)c(F)c2)ccn1,cnc(=o)c1cc(oc2ccc(nc(=o)nc3ccc(cl)c(c(f)(f)f)c3)c(f)c2)ccn1,1.0,939,a549,8.3,0.9047999999999999,0.919078092376074,0.458760268850503,0.9047999999999999,ACH-000681,regorafenib,-0.0373438125134,2.5,HTS,primary,0.974447380057379,,,,0.974447380057379,Regorafenib (BAY 73-4506)
A549,BMS-536924,1.0,0.81666838926202,SIDM00903,uM,bms536924,Cc1cc(N2CCOCC2)cc2[nH]c(-c3c(NCC(O)c4cccc(Cl)c4)cc[nH]c3=O)nc12,cc1cc(n2ccocc2)cc2[nh]c(c3c(ncc(o)c4cccc(cl)c4)cc[nh]c3=o)nc12,0.0,940,a549,1.2,0.7790666666666667,0.07918124604762482,0.81666838926202,0.7790666666666667,ACH-000681,bms536924,,,,,,,,,0.7790666666666667,BMS-536924
A549,XAV-939,1.0,0.987552259684144,SIDM00903,uM,xav939,Oc1nc(-c2ccc(C(F)(F)F)cc2)nc2c1CSCC2,oc1nc(c2ccc(c(f)(f)f)cc2)nc2c1cscc2,0.0,941,a549,,,,0.987552259684144,,ACH-000681,xav939,-0.348103488305,2.5,HTS,primary,0.7856161603354482,,,,0.7856161603354482,XAV-939
A549,SRT3025 HCl,0.1,0.951944697010024,SIDM00903,uM,srt3025,COCCCc1sc(-c2ccccc2)nc1C(=O)Nc1ccccc1-c1nc2cc(CN3CCCC3)cnc2s1.Cl,cocccc1sc(c2ccccc2)nc1c(=o)nc1ccccc1c1nc2cc(cn3cccc3)cnc2s1,-1.0,942,a549,,,,0.951944697010024,,ACH-000681,srt3025,,,,,,,,,,SRT3025 HCl
A549,Clevudine ,1.0,1.0,SIDM00903,uM,clevudine,Cc1cn([C@H]2O[C@@H](CO)[C@H](O)[C@H]2F)c(=O)[nH]c1=O,cc1cn([ch]2o[ch](co)[ch](o)[ch]2f)c(=o)[nh]c1=o,0.0,943,a549,,,,1.0,,ACH-000681,clevudine,-0.485343296816,2.5,HTS,primary,0.7143270717897882,,,,0.7143270717897882,Clevudine 
A549,JNJ-26854165 (Serdemetan),10.0,1.0,SIDM00903,uM,jnj26854165,c1ccc2c(CCNc3ccc(Nc4ccncc4)cc3)c[nH]c2c1,c1ccc2c(ccnc3ccc(nc4ccncc4)cc3)c[nh]c2c1,1.0,944,a549,,,,1.0,,ACH-000681,jnj26854165,,,,,,,,,,JNJ-26854165 (Serdemetan)
A549,Bosutinib (SKI-606),0.01,1.0,SIDM00903,uM,bosutinib,COc1cc(Nc2c(C#N)cnc3cc(OCCCN4CCN(C)CC4)c(OC)cc23)c(Cl)cc1Cl,coc1cc(nc2c(c#n)cnc3cc(occcn4ccn(c)cc4)c(oc)cc23)c(cl)cc1cl,-2.0,945,a549,0.0081,1.0513666666666666,-2.0915149811213505,1.0,1.0513666666666666,ACH-000681,bosutinib,0.804723468118,0.00976562,HTS002,secondary,1.746810935748366,,,,1.746810935748366,Bosutinib (SKI-606)
A549,Entacapone,10.0,0.995404851277203,SIDM00903,uM,entacapone,CCN(CC)C(=O)C(C#N)=Cc1cc(O)c(O)c([N+](=O)[O-])c1,ccn(cc)c(=o)c(c#n)=cc1cc(o)c(o)c([n](=o)[o])c1,1.0,946,a549,,,,0.995404851277203,,ACH-000681,entacapone,0.0876468193315,2.5,HTS,primary,1.0626355027709928,,,,1.0626355027709928,Entacapone
A549,A-366,10.0,1.0,SIDM00903,uM,a366,COc1cc2c(cc1OCCCN1CCCC1)N=C(N)C21CCC1,coc1cc2c(cc1occcn1cccc1)n=c(n)c21ccc1,1.0,947,a549,,,,1.0,,ACH-000681,a366,0.0639781072165,2.5,MTS004,primary,1.0453442370684243,,,,1.0453442370684243,A-366
A549,(+)-JQ1,1.0,1.0,SIDM00903,uM,jq1,Cc1sc2c(c1C)C(c1ccc(Cl)cc1)=N[C@@H](CC(=O)OC(C)(C)C)c1nnc(C)n1-2,cc1sc2c(c1c)c(c1ccc(cl)cc1)=n[ch](cc(=o)oc(c)(c)c)c1nnc(c)n12,0.0,948,a549,1.0,0.7866666666666666,0.0,1.0,0.7866666666666666,ACH-000681,jq1,0.513763667239,2.5,HTS,primary,1.4277700726756308,,,,1.4277700726756308,(+)-JQ1
A549,Valproic acid sodium salt (Sodium valproate),0.01,1.0,SIDM00903,uM,valproicacidsalt,CCCC(CCC)C(=O)[O-].[Na+],cccc(ccc)c(=o)[o],-2.0,949,a549,,,,1.0,,ACH-000681,valproicacidsalt,,,,,,,,,,Valproic acid sodium salt (Sodium valproate)
A549,Ivosidenib (AG-120),10.0,0.334665951599663,SIDM00903,uM,ivosidenib,N#Cc1ccnc(N2C(=O)CCC2C(=O)N(c2cncc(F)c2)C(C(=O)NC2CC(F)(F)C2)c2ccccc2Cl)c1,n#cc1ccnc(n2c(=o)ccc2c(=o)n(c2cncc(f)c2)c(c(=o)nc2cc(f)(f)c2)c2ccccc2cl)c1,1.0,950,a549,,,,0.334665951599663,,ACH-000681,ivosidenib,-0.0071344443320962,2.4999924489,MTS007,primary,0.9950669874954762,,,,0.9950669874954762,Ivosidenib (AG-120)
A549,PD98059,1.0,1.0,SIDM00903,uM,pd98059,COc1cccc(-c2cc(=O)c3ccccc3o2)c1N,coc1cccc(c2cc(=o)c3ccccc3o2)c1n,0.0,951,a549,,,,1.0,,ACH-000681,pd98059,-0.753112593911,2.5,HTS,primary,0.5933220917018046,,,,0.5933220917018046,PD98059
A549,AMG-900,10.0,0.999972347713249,SIDM00903,uM,amg900,Cc1csc(-c2nnc(Nc3ccc(Oc4ncccc4-c4ccnc(N)n4)cc3)c3ccccc23)c1,cc1csc(c2nnc(nc3ccc(oc4ncccc4c4ccnc(n)n4)cc3)c3ccccc23)c1,1.0,952,a549,,,,0.999972347713249,,ACH-000681,amg900,-1.10624215272,2.5,HTS,primary,0.46450236503276626,,,,0.46450236503276626,AMG-900
A549,Sorafenib Tosylate,0.1,0.997841958902836,SIDM00903,uM,sorafenibtosylate,CNC(=O)c1cc(Oc2ccc(NC(=O)Nc3ccc(Cl)c(C(F)(F)F)c3)cc2)ccn1.Cc1ccc(S(=O)(=O)O)cc1,cnc(=o)c1cc(oc2ccc(nc(=o)nc3ccc(cl)c(c(f)(f)f)c3)cc2)ccn1,-1.0,953,a549,,,,0.997841958902836,,ACH-000681,sorafenibtosylate,,,,,,,,,,Sorafenib Tosylate
A549,M344,1.0,0.8378004298885601,SIDM00903,uM,m344,CN(C)c1ccc(C(=O)NCCCCCCC(=O)NO)cc1,cn(c)c1ccc(c(=o)nccccccc(=o)no)cc1,0.0,954,a549,,,,0.8378004298885601,,ACH-000681,m344,-2.02868230193,2.5,HTS,primary,0.24507881707277882,,,,0.24507881707277882,M344
A549,Motesanib Diphosphate (AMG-706),1.0,1.0,SIDM00903,uM,motesanibdiphosphate,CC1(C)CNc2cc(NC(=O)c3cccnc3NCc3ccncc3)ccc21.O=P(O)(O)O.O=P(O)(O)O,cc1(c)cnc2cc(nc(=o)c3cccnc3ncc3ccncc3)ccc21,0.0,955,a549,,,,1.0,,ACH-000681,motesanibdiphosphate,,,,,,,,,,Motesanib Diphosphate (AMG-706)
A549,MC1568,10.0,1.0,SIDM00903,uM,mc1568,Cn1cc(C=CC(=O)c2cccc(F)c2)cc1C=CC(=O)NO,cn1cc(c=cc(=o)c2cccc(f)c2)cc1c=cc(=o)no,1.0,956,a549,,,,1.0,,ACH-000681,mc1568,,,,,,,,,,MC1568
A549,Busulfan ,0.1,0.9992396273628,SIDM00903,uM,busulfan,CS(=O)(=O)OCCCCOS(C)(=O)=O,cs(=o)(=o)occccos(c)(=o)=o,-1.0,957,a549,,,,0.9992396273628,,ACH-000681,busulfan,0.0860261574091,0.15625,HTS002,secondary,1.0614424537187954,,,,1.0614424537187954,Busulfan 
A549,Cyclocytidine HCl,10.0,0.721608937862405,SIDM00903,uM,cyclocytidine,Cl.N=c1ccn2c(n1)OC1C(O)C(CO)OC12,n=c1ccn2c(n1)oc1c(o)c(co)oc12,1.0,958,a549,,,,0.721608937862405,,ACH-000681,cyclocytidine,-2.08247751664,2.5,HTS,primary,0.236108597892027,,,,0.236108597892027,Cyclocytidine HCl
A549,BMS-265246,0.1,0.995272949447278,SIDM00903,uM,bms265246,CCCCOc1c(C(=O)c2c(F)cc(C)cc2F)cnc2[nH]ncc12,ccccoc1c(c(=o)c2c(f)cc(c)cc2f)cnc2[nh]ncc12,-1.0,959,a549,,,,0.995272949447278,,ACH-000681,bms265246,0.523965397879,0.15625,HTS002,secondary,1.4379020452693225,,,,1.4379020452693225,BMS-265246
A549,"Baricitinib (LY3009104, INCB028050)",0.01,0.9999973097270792,SIDM00903,uM,baricitinib,CCS(=O)(=O)N1CC(CC#N)(n2cc(-c3ncnc4[nH]ccc34)cn2)C1,ccs(=o)(=o)n1cc(cc#n)(n2cc(c3ncnc4[nh]ccc34)cn2)c1,-2.0,960,a549,,,,0.9999973097270792,,ACH-000681,baricitinib,0.326917076812,0.00976562,HTS002,secondary,1.254330106095797,,,,1.254330106095797,"Baricitinib (LY3009104, INCB028050)"
A549,Danusertib (PHA-739358),0.01,0.99913261410061,SIDM00903,uM,danusertib,CO[C@@H](C(=O)N1Cc2[nH]nc(NC(=O)c3ccc(N4CCN(C)CC4)cc3)c2C1)c1ccccc1,co[ch](c(=o)n1cc2[nh]nc(nc(=o)c3ccc(n4ccn(c)cc4)cc3)c2c1)c1ccccc1,-2.0,961,a549,,,,0.99913261410061,,ACH-000681,danusertib,-0.924721632882,0.00940408,HTS002,secondary,0.5267821504630483,,,,0.5267821504630483,Danusertib (PHA-739358)
A549,Momelotinib (CYT387),1.0,0.979398906948188,SIDM00903,uM,momelotinib,N#CCNC(=O)c1ccc(-c2ccnc(Nc3ccc(N4CCOCC4)cc3)n2)cc1,n#ccnc(=o)c1ccc(c2ccnc(nc3ccc(n4ccocc4)cc3)n2)cc1,0.0,962,a549,1.0,0.9183,0.0,0.979398906948188,0.9183,ACH-000681,momelotinib,,,,,,,,,0.9183,Momelotinib (CYT387)
A549,TG101209,1.0,0.800967093400432,SIDM00903,uM,tg101209,Cc1cnc(Nc2ccc(N3CCN(C)CC3)cc2)nc1Nc1cccc(S(=O)(=O)NC(C)(C)C)c1,cc1cnc(nc2ccc(n3ccn(c)cc3)cc2)nc1nc1cccc(s(=o)(=o)nc(c)(c)c)c1,0.0,963,a549,,,,0.800967093400432,,ACH-000681,tg101209,-0.617679060603,2.5,HTS,primary,0.651718538714727,,,,0.651718538714727,TG101209
A549,Ki8751,1.0,1.0,SIDM00903,uM,ki8751,COc1cc2nccc(Oc3ccc(NC(=O)Nc4ccc(F)cc4F)c(F)c3)c2cc1OC,coc1cc2nccc(oc3ccc(nc(=o)nc4ccc(f)cc4f)c(f)c3)c2cc1oc,0.0,964,a549,1.0,1.0473333333333332,0.0,1.0,1.0473333333333332,ACH-000681,ki8751,-0.0534343913523,2.5,HTS,primary,0.9636396149216118,,,,0.9636396149216118,Ki8751
A549,Alvespimycin (17-DMAG) HCl,1.0,0.406627273372587,SIDM00903,uM,alvespimycin,COC1/C=C\C=C(/C)C(=O)NC2=CC(=O)C(NCCN(C)C)=C(CC(C)CC(OC)C(O)C(C)/C=C(\C)C1OC(N)=O)C2=O.Cl,coc1c=cc=c(c)c(=o)nc2=cc(=o)c(nccn(c)c)=c(cc(c)cc(oc)c(o)c(c)c=c(c)c1oc(n)=o)c2=o,0.0,965,a549,,,,0.406627273372587,,ACH-000681,alvespimycin,-1.70060196039,2.5,HTS,primary,0.30765770725099645,,,,0.30765770725099645,Alvespimycin (17-DMAG) HCl
A549,EED226,0.01,0.999999771365687,SIDM00903,uM,eed226,CS(=O)(=O)c1ccc(-c2cnc(NCc3ccco3)n3cnnc23)cc1,cs(=o)(=o)c1ccc(c2cnc(ncc3ccco3)n3cnnc23)cc1,-2.0,966,a549,,,,0.999999771365687,,ACH-000681,eed226,,,,,,,,,,EED226
A549,PD173074,0.1,1.0,SIDM00903,uM,pd173074,CCN(CC)CCCCNc1ncc2cc(-c3cc(OC)cc(OC)c3)c(NC(=O)NC(C)(C)C)nc2n1,ccn(cc)ccccnc1ncc2cc(c3cc(oc)cc(oc)c3)c(nc(=o)nc(c)(c)c)nc2n1,-1.0,967,a549,,,,1.0,,ACH-000681,pd173074,0.0283301424558,0.15625,HTS002,secondary,1.019831031690144,,,,1.019831031690144,PD173074
A549,Rigosertib (ON-01910),0.01,0.9988132171212792,SIDM00903,uM,rigosertib,COc1cc(OC)c(/C=C/S(=O)(=O)Cc2ccc(OC)c(NCC(=O)[O-])c2)c(OC)c1.[Na+],coc1cc(oc)c(c=cs(=o)(=o)cc2ccc(oc)c(ncc(=o)[o])c2)c(oc)c1,-2.0,968,a549,0.0081,0.9075333333333333,-2.0915149811213505,0.9988132171212792,0.9075333333333333,ACH-000681,rigosertib,0.198265595791116,0.00977,MTS010,secondary,1.147318222597822,,,,1.147318222597822,Rigosertib (ON-01910)
A549,Nintedanib (BIBF 1120),10.0,0.8331563525776801,SIDM00903,uM,nintedanib,COC(=O)c1ccc2c(c1)NC(=O)/C2=C(\Nc1ccc(N(C)C(=O)CN2CCN(C)CC2)cc1)c1ccccc1,coc(=o)c1ccc2c(c1)nc(=o)c2=c(nc1ccc(n(c)c(=o)cn2ccn(c)cc2)cc1)c1ccccc1,1.0,969,a549,8.3,0.65016,0.919078092376074,0.8331563525776801,0.65016,ACH-000681,nintedanib,-0.0400763778104,2.5,HTS,primary,0.9726034553875601,,,,0.9726034553875601,Nintedanib (BIBF 1120)
A549,BRD4770,10.0,1.0,SIDM00903,uM,brd4770,COC(=O)c1ccc2c(c1)nc(NC(=O)c1ccccc1)n2CCCc1ccccc1,coc(=o)c1ccc2c(c1)nc(nc(=o)c1ccccc1)n2cccc1ccccc1,1.0,970,a549,,,,1.0,,ACH-000681,brd4770,0.355533917642,2.5,MTS004,primary,1.279459000345181,,,,1.279459000345181,BRD4770
A549,Pirarubicin,1.0,0.5881843661301961,SIDM00903,uM,pirarubicin,COc1cccc2c1C(=O)c1c(O)c3c(c(O)c1C2=O)C[C@@](O)(C(=O)CO)C[C@@H]3O[C@H]1C[C@H](N)[C@H](O[C@@H]2CCCCO2)[C@H](C)O1,coc1cccc2c1c(=o)c1c(o)c3c(c(o)c1c2=o)c[c](o)(c(=o)co)c[ch]3o[ch]1c[ch](n)[ch](o[ch]2cccco2)[ch](c)o1,0.0,971,a549,,,,0.5881843661301961,,ACH-000681,pirarubicin,,,,,,,,,,Pirarubicin
A549,Altretamine,1.0,0.9999726669425608,SIDM00903,uM,altretamine,CN(C)c1nc(N(C)C)nc(N(C)C)n1,cn(c)c1nc(n(c)c)nc(n(c)c)n1,0.0,972,a549,,,,0.9999726669425608,,ACH-000681,altretamine,0.426081137791,2.5,HTS,primary,1.3435789870578825,,,,1.3435789870578825,Altretamine
A549,MC1568,0.01,1.0,SIDM00903,uM,mc1568,Cn1cc(C=CC(=O)c2cccc(F)c2)cc1C=CC(=O)NO,cn1cc(c=cc(=o)c2cccc(f)c2)cc1c=cc(=o)no,-2.0,973,a549,,,,1.0,,ACH-000681,mc1568,,,,,,,,,,MC1568
A549,AC480 (BMS-599626),1.0,0.999994094870129,SIDM00903,uM,ac480,Cc1c(NC(=O)OCC2COCCN2)cn2ncnc(Nc3ccc4c(cnn4Cc4cccc(F)c4)c3)c12,cc1c(nc(=o)occ2coccn2)cn2ncnc(nc3ccc4c(cnn4cc4cccc(f)c4)c3)c12,0.0,974,a549,,,,0.999994094870129,,ACH-000681,ac480,,,,,,,,,,AC480 (BMS-599626)
A549,Daphnetin,0.1,1.0,SIDM00903,uM,daphnetin,O=c1ccc2ccc(O)c(O)c2o1,o=c1ccc2ccc(o)c(o)c2o1,-1.0,975,a549,,,,1.0,,ACH-000681,daphnetin,,,,,,,,,,Daphnetin
A549,Fulvestrant,10.0,1.0,SIDM00903,uM,fulvestrant,CC12CCC3c4ccc(O)cc4CC(CCCCCCCCCS(=O)CCCC(F)(F)C(F)(F)F)C3C1CCC2O,cc12ccc3c4ccc(o)cc4cc(cccccccccs(=o)cccc(f)(f)c(f)(f)f)c3c1ccc2o,1.0,976,a549,,,,1.0,,ACH-000681,fulvestrant,-0.429677462779,2.5,HTS,primary,0.7424277481897745,,,,0.7424277481897745,Fulvestrant
A549,PD98059,0.1,1.0,SIDM00903,uM,pd98059,COc1cccc(-c2cc(=O)c3ccccc3o2)c1N,coc1cccc(c2cc(=o)c3ccccc3o2)c1n,-1.0,977,a549,,,,1.0,,ACH-000681,pd98059,0.522683158359,0.15625,HTS002,secondary,1.4366246334249542,,,,1.4366246334249542,PD98059
A549,ZM 447439,1.0,0.932986278461708,SIDM00903,uM,zm447439,COc1cc2c(Nc3ccc(NC(=O)c4ccccc4)cc3)ncnc2cc1OCCCN1CCOCC1,coc1cc2c(nc3ccc(nc(=o)c4ccccc4)cc3)ncnc2cc1occcn1ccocc1,0.0,978,a549,,,,0.932986278461708,,ACH-000681,zm447439,-1.25287180326,2.5,HTS,primary,0.4196121032962386,,,,0.4196121032962386,ZM 447439
A549,Maraviroc,0.1,1.0,SIDM00903,uM,maraviroc,Cc1nnc(C(C)C)n1C1CC2CCC(C1)N2CCC(NC(=O)C1CCC(F)(F)CC1)c1ccccc1,cc1nnc(c(c)c)n1c1cc2ccc(c1)n2ccc(nc(=o)c1ccc(f)(f)cc1)c1ccccc1,-1.0,979,a549,,,,1.0,,ACH-000681,maraviroc,,,,,,,,,,Maraviroc
A549,Glesatinib?(MGCD265),1.0,0.998135783330174,SIDM00903,uM,glesatinib,COCCNCc1ccc(-c2cc3nccc(Oc4ccc(NC(=S)NC(=O)Cc5ccc(F)cc5)cc4F)c3s2)nc1,coccncc1ccc(c2cc3nccc(oc4ccc(nc(=s)nc(=o)cc5ccc(f)cc5)cc4f)c3s2)nc1,0.0,980,a549,,,,0.998135783330174,,ACH-000681,glesatinib,,,,,,,,,,Glesatinib?(MGCD265)
A549,AG-490 (Tyrphostin B42),1.0,1.0,SIDM00903,uM,ag490,N#CC(=Cc1ccc(O)c(O)c1)C(=O)NCc1ccccc1,n#cc(=cc1ccc(o)c(o)c1)c(=o)ncc1ccccc1,0.0,981,a549,,,,1.0,,ACH-000681,ag490,-0.181870799387,2.5,HTS,primary,0.8815591024334112,,,,0.8815591024334112,AG-490 (Tyrphostin B42)
A549,Altretamine,10.0,0.999895736803902,SIDM00903,uM,altretamine,CN(C)c1nc(N(C)C)nc(N(C)C)n1,cn(c)c1nc(n(c)c)nc(n(c)c)n1,1.0,982,a549,,,,0.999895736803902,,ACH-000681,altretamine,0.426081137791,2.5,HTS,primary,1.3435789870578825,,,,1.3435789870578825,Altretamine
A549,Regorafenib (BAY 73-4506),0.01,0.9999999997562492,SIDM00903,uM,regorafenib,CNC(=O)c1cc(Oc2ccc(NC(=O)Nc3ccc(Cl)c(C(F)(F)F)c3)c(F)c2)ccn1,cnc(=o)c1cc(oc2ccc(nc(=o)nc3ccc(cl)c(c(f)(f)f)c3)c(f)c2)ccn1,-2.0,983,a549,0.0081,1.0194999999999999,-2.0915149811213505,0.9999999997562492,1.0194999999999999,ACH-000681,regorafenib,0.672365561193,0.00976562,HTS002,secondary,1.5936839613438099,,,,1.5936839613438099,Regorafenib (BAY 73-4506)
A549,Barasertib (AZD1152-HQPA),0.1,0.877544059945472,SIDM00903,uM,barasertib,CCN(CCO)CCCOc1ccc2c(Nc3cc(CC(=O)Nc4cccc(F)c4)n[nH]3)ncnc2c1,ccn(cco)cccoc1ccc2c(nc3cc(cc(=o)nc4cccc(f)c4)n[nh]3)ncnc2c1,-1.0,984,a549,0.13,0.8942,-0.8860566476931632,0.877544059945472,0.8942,ACH-000681,barasertib,0.529797817735,0.15625,HTS002,secondary,1.443726854479092,,,,1.443726854479092,Barasertib (AZD1152-HQPA)
A549,S-Ruxolitinib (INCB018424),0.1,1.0,SIDM00903,uM,ruxolitinib,N#CC[C@@H](C1CCCC1)n1cc(-c2ncnc3[nH]ccc23)cn1,n#cc[ch](c1cccc1)n1cc(c2ncnc3[nh]ccc23)cn1,-1.0,985,a549,0.13,1.0167,-0.8860566476931632,1.0,1.0167,ACH-000681,sruxolitinib,,,,,,,,,1.0167,S-Ruxolitinib (INCB018424)
A549,Gandotinib (LY2784544),0.01,0.99989760709987,SIDM00903,uM,gandotinib,Cc1cc(Nc2cc(CN3CCOCC3)c3nc(C)c(Cc4ccc(Cl)cc4F)n3n2)[nH]n1,cc1cc(nc2cc(cn3ccocc3)c3nc(c)c(cc4ccc(cl)cc4f)n3n2)[nh]n1,-2.0,986,a549,,,,0.99989760709987,,ACH-000681,gandotinib,,,,,,,,,,Gandotinib (LY2784544)
A549,Pirarubicin,0.01,0.985226561445404,SIDM00903,uM,pirarubicin,COc1cccc2c1C(=O)c1c(O)c3c(c(O)c1C2=O)C[C@@](O)(C(=O)CO)C[C@@H]3O[C@H]1C[C@H](N)[C@H](O[C@@H]2CCCCO2)[C@H](C)O1,coc1cccc2c1c(=o)c1c(o)c3c(c(o)c1c2=o)c[c](o)(c(=o)co)c[ch]3o[ch]1c[ch](n)[ch](o[ch]2cccco2)[ch](c)o1,-2.0,987,a549,,,,0.985226561445404,,ACH-000681,pirarubicin,,,,,,,,,,Pirarubicin
A549,UNC0631,0.1,0.9957662321064952,SIDM00903,uM,unc0631,COc1cc2c(NC3CCN(CC4CCCCC4)CC3)nc(N3CCCN(C(C)C)CC3)nc2cc1OCCCN1CCCCC1,coc1cc2c(nc3ccn(cc4ccccc4)cc3)nc(n3cccn(c(c)c)cc3)nc2cc1occcn1ccccc1,-1.0,988,a549,,,,0.9957662321064952,,ACH-000681,unc0631,-0.0706454847236,0.15625,MTS006,secondary,0.9522118679769763,,,,0.9522118679769763,UNC0631
A549,CUDC-907,0.1,0.806658403547162,SIDM00903,uM,cudc907,COc1ccc(-c2nc(N3CCOCC3)c3sc(CN(C)c4ncc(C(=O)NO)cn4)cc3n2)cn1,coc1ccc(c2nc(n3ccocc3)c3sc(cn(c)c4ncc(c(=o)no)cn4)cc3n2)cn1,-1.0,989,a549,,,,0.806658403547162,,ACH-000681,cudc907,-3.46753077992,0.15625,HTS002,secondary,0.09040016524932878,,,,0.09040016524932878,CUDC-907
A549,SRT1720 HCl,1.0,1.0,SIDM00903,uM,srt1720,Cl.O=C(Nc1ccccc1-c1cn2c(CN3CCNCC3)csc2n1)c1cnc2ccccc2n1,o=c(nc1ccccc1c1cn2c(cn3ccncc3)csc2n1)c1cnc2ccccc2n1,0.0,990,a549,1.2,0.9101333333333333,0.07918124604762482,1.0,0.9101333333333333,ACH-000681,srt1720,1.07396660491,2.5,HTS,primary,2.1052135779762606,,,,2.1052135779762606,SRT1720 HCl
A549,Tacedinaline (CI994),10.0,1.0,SIDM00903,uM,tacedinaline,CC(=O)Nc1ccc(C(=O)Nc2ccccc2N)cc1,cc(=o)nc1ccc(c(=o)nc2ccccc2n)cc1,1.0,991,a549,8.3,0.9534499999999999,0.919078092376074,1.0,0.9534499999999999,ACH-000681,tacedinaline,-0.68129444082,2.5,HTS,primary,0.6236055008079482,,,,0.6236055008079482,Tacedinaline (CI994)
A549,Barasertib (AZD1152-HQPA),1.0,0.805154689124907,SIDM00903,uM,barasertib,CCN(CCO)CCCOc1ccc2c(Nc3cc(CC(=O)Nc4cccc(F)c4)n[nH]3)ncnc2c1,ccn(cco)cccoc1ccc2c(nc3cc(cc(=o)nc4cccc(f)c4)n[nh]3)ncnc2c1,0.0,992,a549,1.0,0.8205,0.0,0.805154689124907,0.8205,ACH-000681,barasertib,-1.33673584187,2.5,HTS,primary,0.3959154185958206,,,,0.3959154185958206,Barasertib (AZD1152-HQPA)
A549,Zileuton,1.0,0.998184245684146,SIDM00903,uM,zileuton,CC(c1cc2ccccc2s1)N(O)C(N)=O,cc(c1cc2ccccc2s1)n(o)c(n)=o,0.0,993,a549,,,,0.998184245684146,,ACH-000681,zileuton,-0.667168839877,2.5,HTS,primary,0.6297412864810968,,,,0.6297412864810968,Zileuton
A549,AICAR (Acadesine),1.0,1.0,SIDM00903,uM,aicar,NC(=O)c1ncn([C@@H]2O[C@H](CO)[C@@H](O)[C@H]2O)c1N,nc(=o)c1ncn([ch]2o[ch](co)[ch](o)[ch]2o)c1n,0.0,994,a549,,,,1.0,,ACH-000681,aicar,,,,,,,,,,AICAR (Acadesine)
A549,Fulvestrant,0.01,1.0,SIDM00903,uM,fulvestrant,CC12CCC3c4ccc(O)cc4CC(CCCCCCCCCS(=O)CCCC(F)(F)C(F)(F)F)C3C1CCC2O,cc12ccc3c4ccc(o)cc4cc(cccccccccs(=o)cccc(f)(f)c(f)(f)f)c3c1ccc2o,-2.0,995,a549,,,,1.0,,ACH-000681,fulvestrant,0.438460448544,0.00976562,HTS002,secondary,1.3551574186311912,,,,1.3551574186311912,Fulvestrant
A549,Momelotinib (CYT387),0.01,0.9999791124190792,SIDM00903,uM,momelotinib,N#CCNC(=O)c1ccc(-c2ccnc(Nc3ccc(N4CCOCC4)cc3)n2)cc1,n#ccnc(=o)c1ccc(c2ccnc(nc3ccc(n4ccocc4)cc3)n2)cc1,-2.0,996,a549,0.0081,0.9865333333333334,-2.0915149811213505,0.9999791124190792,0.9865333333333334,ACH-000681,momelotinib,,,,,,,,,0.9865333333333334,Momelotinib (CYT387)
A549,Zileuton,0.01,0.99995542493875,SIDM00903,uM,zileuton,CC(c1cc2ccccc2s1)N(O)C(N)=O,cc(c1cc2ccccc2s1)n(o)c(n)=o,-2.0,997,a549,,,,0.99995542493875,,ACH-000681,zileuton,,,,,,,,,,Zileuton
A549,"Baricitinib (LY3009104, INCB028050)",1.0,0.99997943594119,SIDM00903,uM,baricitinib,CCS(=O)(=O)N1CC(CC#N)(n2cc(-c3ncnc4[nH]ccc34)cn2)C1,ccs(=o)(=o)n1cc(cc#n)(n2cc(c3ncnc4[nh]ccc34)cn2)c1,0.0,998,a549,,,,0.99997943594119,,ACH-000681,baricitinib,-0.864077277189,2.5,HTS,primary,0.54939767980711,,,,0.54939767980711,"Baricitinib (LY3009104, INCB028050)"
A549,PFI-1 (PF-6405761),0.01,1.0,SIDM00903,uM,pfi1,COc1ccccc1S(=O)(=O)Nc1ccc2c(c1)CN(C)C(=O)N2,coc1ccccc1s(=o)(=o)nc1ccc2c(c1)cn(c)c(=o)n2,-2.0,999,a549,,,,1.0,,ACH-000681,pfi1,0.666793795695,0.0102767,HTS002,secondary,1.5875409385272314,,,,1.5875409385272314,PFI-1 (PF-6405761)
A549,2-Methoxyestradiol (2-MeOE2),0.01,0.999076397939417,SIDM00903,uM,2methoxyestradiol,COc1cc2c(cc1O)CC[C@@H]1[C@@H]2CC[C@]2(C)[C@@H](O)CC[C@@H]12,coc1cc2c(cc1o)cc[ch]1[ch]2cc[c]2(c)[ch](o)cc[ch]12,-2.0,1000,a549,,,,0.999076397939417,,ACH-000681,2methoxyestradiol,0.119438948924671,0.00977,MTS010,secondary,1.0863123233163021,,,,1.0863123233163021,2-Methoxyestradiol (2-MeOE2)
A549,G007-LK,1.0,0.958140445518468,SIDM00903,uM,g007lk,CS(=O)(=O)c1ccc(-c2nnc(C=Cc3nnc(-c4ccc(C#N)cc4)o3)n2-c2ccccc2Cl)nc1,cs(=o)(=o)c1ccc(c2nnc(c=cc3nnc(c4ccc(c#n)cc4)o3)n2c2ccccc2cl)nc1,0.0,1001,a549,,,,0.958140445518468,,ACH-000681,g007lk,-0.341786242571082,2.4999880481,MTS007,primary,0.7890637441048051,,,,0.7890637441048051,G007-LK
A549,Dasatinib,0.1,0.894319345762812,SIDM00903,uM,dasatinib,Cc1nc(Nc2ncc(C(=O)Nc3c(C)cccc3Cl)s2)cc(N2CCN(CCO)CC2)n1,cc1nc(nc2ncc(c(=o)nc3c(c)cccc3cl)s2)cc(n2ccn(cco)cc2)n1,-1.0,1002,a549,0.13,0.7927333333333334,-0.8860566476931632,0.894319345762812,0.7927333333333334,ACH-000681,dasatinib,-0.82505360687,0.15625,HTS002,secondary,0.5644612280730816,,,,0.5644612280730816,Dasatinib
A549,AG-14361,10.0,0.7865574680412429,SIDM00903,uM,ag14361,CN(C)Cc1ccc(-c2nc3cccc4c3n2CCNC4=O)cc1,cn(c)cc1ccc(c2nc3cccc4c3n2ccnc4=o)cc1,1.0,1003,a549,,,,0.7865574680412429,,ACH-000681,ag14361,0.190112331495,2.5,HTS,primary,1.1408525417664281,,,,1.1408525417664281,AG-14361
A549,Nilotinib (AMN-107),0.01,0.9999995026009648,SIDM00903,uM,nilotinib,Cc1cn(-c2cc(NC(=O)c3ccc(C)c(Nc4nccc(-c5cccnc5)n4)c3)cc(C(F)(F)F)c2)cn1,cc1cn(c2cc(nc(=o)c3ccc(c)c(nc4nccc(c5cccnc5)n4)c3)cc(c(f)(f)f)c2)cn1,-2.0,1004,a549,0.0081,1.042,-2.0915149811213505,0.9999995026009648,1.042,ACH-000681,nilotinib,0.283854920983,0.00976562,HTS002,secondary,1.2174435850268472,,,,1.2174435850268472,Nilotinib (AMN-107)
A549,Busulfan ,10.0,0.996048007768888,SIDM00903,uM,busulfan,CS(=O)(=O)OCCCCOS(C)(=O)=O,cs(=o)(=o)occccos(c)(=o)=o,1.0,1005,a549,,,,0.996048007768888,,ACH-000681,busulfan,0.0258698870873,2.5,HTS,primary,1.0180933764308848,,,,1.0180933764308848,Busulfan 
A549,TAK-901,1.0,0.6984951077691761,SIDM00903,uM,tak901,CCS(=O)(=O)c1cccc(-c2cc(C(=O)NC3CCN(C)CC3)c(C)c3[nH]c4ncc(C)cc4c23)c1,ccs(=o)(=o)c1cccc(c2cc(c(=o)nc3ccn(c)cc3)c(c)c3[nh]c4ncc(c)cc4c23)c1,0.0,1006,a549,,,,0.6984951077691761,,ACH-000681,tak901,-1.50740610366,2.5,HTS,primary,0.35174306787669285,,,,0.35174306787669285,TAK-901
A549,(+)-JQ1,10.0,1.0,SIDM00903,uM,jq1,Cc1sc2c(c1C)C(c1ccc(Cl)cc1)=N[C@@H](CC(=O)OC(C)(C)C)c1nnc(C)n1-2,cc1sc2c(c1c)c(c1ccc(cl)cc1)=n[ch](cc(=o)oc(c)(c)c)c1nnc(c)n12,1.0,1007,a549,8.3,0.6729333333333334,0.919078092376074,1.0,0.6729333333333334,ACH-000681,jq1,0.513763667239,2.5,HTS,primary,1.4277700726756308,,,,1.4277700726756308,(+)-JQ1
A549,EED226,0.1,0.9999990118589428,SIDM00903,uM,eed226,CS(=O)(=O)c1ccc(-c2cnc(NCc3ccco3)n3cnnc23)cc1,cs(=o)(=o)c1ccc(c2cnc(ncc3ccco3)n3cnnc23)cc1,-1.0,1008,a549,,,,0.9999990118589428,,ACH-000681,eed226,,,,,,,,,,EED226
A549,CEP-33779,10.0,1.0,SIDM00903,uM,cep33779,CN1CCN(c2cccc(Nc3nc4c(-c5ccc(S(C)(=O)=O)cc5)cccn4n3)c2)CC1,cn1ccn(c2cccc(nc3nc4c(c5ccc(s(c)(=o)=o)cc5)cccn4n3)c2)cc1,1.0,1009,a549,,,,1.0,,ACH-000681,cep33779,0.333686686134,2.5,HTS,primary,1.260229674478333,,,,1.260229674478333,CEP-33779
A549,Prednisone ,10.0,1.0,SIDM00903,uM,prednisone,CC12C=CC(=O)C=C1CCC1C2C(=O)CC2(C)C1CCC2(O)C(=O)CO,cc12c=cc(=o)c=c1ccc1c2c(=o)cc2(c)c1ccc2(o)c(=o)co,1.0,1010,a549,,,,1.0,,ACH-000681,prednisone,-0.0154310944609,2.5,HTS,primary,0.98936097939744,,,,0.98936097939744,Prednisone 
A549,Glesatinib?(MGCD265),0.01,0.9999999148136528,SIDM00903,uM,glesatinib,COCCNCc1ccc(-c2cc3nccc(Oc4ccc(NC(=S)NC(=O)Cc5ccc(F)cc5)cc4F)c3s2)nc1,coccncc1ccc(c2cc3nccc(oc4ccc(nc(=s)nc(=o)cc5ccc(f)cc5)cc4f)c3s2)nc1,-2.0,1011,a549,,,,0.9999999148136528,,ACH-000681,glesatinib,,,,,,,,,,Glesatinib?(MGCD265)
A549,Dasatinib,0.01,0.9991176775052673,SIDM00903,uM,dasatinib,Cc1nc(Nc2ncc(C(=O)Nc3c(C)cccc3Cl)s2)cc(N2CCN(CCO)CC2)n1,cc1nc(nc2ncc(c(=o)nc3c(c)cccc3cl)s2)cc(n2ccn(cco)cc2)n1,-2.0,1012,a549,0.0081,0.8291333333333334,-2.0915149811213505,0.9991176775052673,0.8291333333333334,ACH-000681,dasatinib,-0.609302313241975,0.00977,MTS010,secondary,0.6555136314255229,,,,0.6555136314255229,Dasatinib
A549,PD98059,10.0,1.0,SIDM00903,uM,pd98059,COc1cccc(-c2cc(=O)c3ccccc3o2)c1N,coc1cccc(c2cc(=o)c3ccccc3o2)c1n,1.0,1013,a549,,,,1.0,,ACH-000681,pd98059,-0.753112593911,2.5,HTS,primary,0.5933220917018046,,,,0.5933220917018046,PD98059
A549,JNJ-7706621,0.1,0.998827170016394,SIDM00903,uM,jnj7706621,Nc1nc(Nc2ccc(S(N)(=O)=O)cc2)nn1C(=O)c1c(F)cccc1F,nc1nc(nc2ccc(s(n)(=o)=o)cc2)nn1c(=o)c1c(f)cccc1f,-1.0,1014,a549,,,,0.998827170016394,,ACH-000681,jnj7706621,0.583037403083,0.15625,HTS002,secondary,1.4979997708254107,,,,1.4979997708254107,JNJ-7706621
A549,UNC1999,0.1,1.0,SIDM00903,uM,unc1999,CCCc1cc(C)[nH]c(=O)c1CNC(=O)c1cc(-c2ccc(N3CCN(C(C)C)CC3)nc2)cc2c1cnn2C(C)C,cccc1cc(c)[nh]c(=o)c1cnc(=o)c1cc(c2ccc(n3ccn(c(c)c)cc3)nc2)cc2c1cnn2c(c)c,-1.0,1015,a549,,,,1.0,,ACH-000681,unc1999,,,,,,,,,,UNC1999
A549,Disulfiram ,0.1,1.0,SIDM00903,uM,disulfiram,CCN(CC)C(=S)SSC(=S)N(CC)CC,ccn(cc)c(=s)ssc(=s)n(cc)cc,-1.0,1016,a549,,,,1.0,,ACH-000681,disulfiram,0.244306379125,0.156249997,MTS006,secondary,1.184523137380261,,,,1.184523137380261,Disulfiram 
A549,SL-327,10.0,0.917589256075926,SIDM00903,uM,sl327,N#C/C(=C(/N)Sc1ccc(N)cc1)c1ccccc1C(F)(F)F,n#cc(=c(n)sc1ccc(n)cc1)c1ccccc1c(f)(f)f,1.0,1017,a549,,,,0.917589256075926,,ACH-000681,sl327,,,,,,,,,,SL-327
A549,RG108,0.01,1.0,SIDM00903,uM,rg108,O=C(O)[C@H](Cc1c[nH]c2ccccc12)N1C(=O)c2ccccc2C1=O,o=c(o)[ch](cc1c[nh]c2ccccc12)n1c(=o)c2ccccc2c1=o,-2.0,1018,a549,0.0081,0.9998,-2.0915149811213505,1.0,0.9998,ACH-000681,rg108,0.534563273652,0.00976562,HTS002,secondary,1.4485036034893688,,,,1.4485036034893688,RG108
A549,INO-1001 (3-Aminobenzamide),10.0,0.99996163318422,SIDM00903,uM,ino1001,NC(=O)c1cccc(N)c1,nc(=o)c1cccc(n)c1,1.0,1019,a549,,,,0.99996163318422,,ACH-000681,ino1001,,,,,,,,,,INO-1001 (3-Aminobenzamide)
A549,Navitoclax (ABT-263),10.0,1.0,SIDM00903,uM,navitoclax,CC1(C)CCC(c2ccc(Cl)cc2)=C(CN2CCN(c3ccc(C(=O)NS(=O)(=O)c4ccc(N[C@H](CCN5CCOCC5)CSc5ccccc5)c(S(=O)(=O)C(F)(F)F)c4)cc3)CC2)C1,cc1(c)ccc(c2ccc(cl)cc2)=c(cn2ccn(c3ccc(c(=o)ns(=o)(=o)c4ccc(n[ch](ccn5ccocc5)csc5ccccc5)c(s(=o)(=o)c(f)(f)f)c4)cc3)cc2)c1,1.0,1020,a549,8.3,0.7863000000000001,0.919078092376074,1.0,0.7863000000000001,ACH-000681,navitoclax,0.0339331347257,2.5,HTS,primary,1.02379944880807,,,,1.02379944880807,Navitoclax (ABT-263)
A549,GSK1070916,10.0,0.9958084355515008,SIDM00903,uM,gsk1070916,CCn1cc(-c2ccnc3[nH]c(-c4cccc(CN(C)C)c4)cc23)c(-c2ccc(NC(=O)N(C)C)cc2)n1,ccn1cc(c2ccnc3[nh]c(c4cccc(cn(c)c)c4)cc23)c(c2ccc(nc(=o)n(c)c)cc2)n1,1.0,1021,a549,,,,0.9958084355515008,,ACH-000681,gsk1070916,-0.319143315897,2.5,HTS,primary,0.8015457006880166,,,,0.8015457006880166,GSK1070916
A549,TMP195,0.01,1.0,SIDM00903,uM,tmp195,CC(C)(CNC(=O)c1cccc(-c2noc(C(F)(F)F)n2)c1)c1coc(-c2ccccc2)n1,cc(c)(cnc(=o)c1cccc(c2noc(c(f)(f)f)n2)c1)c1coc(c2ccccc2)n1,-2.0,1022,a549,,,,1.0,,ACH-000681,tmp195,,,,,,,,,,TMP195
A549,Zileuton,10.0,0.9930006011275992,SIDM00903,uM,zileuton,CC(c1cc2ccccc2s1)N(O)C(N)=O,cc(c1cc2ccccc2s1)n(o)c(n)=o,1.0,1023,a549,,,,0.9930006011275992,,ACH-000681,zileuton,-0.667168839877,2.5,HTS,primary,0.6297412864810968,,,,0.6297412864810968,Zileuton
A549,UNC0631,0.01,0.999047082280593,SIDM00903,uM,unc0631,COc1cc2c(NC3CCN(CC4CCCCC4)CC3)nc(N3CCCN(C(C)C)CC3)nc2cc1OCCCN1CCCCC1,coc1cc2c(nc3ccn(cc4ccccc4)cc3)nc(n3cccn(c(c)c)cc3)nc2cc1occcn1ccccc1,-2.0,1024,a549,,,,0.999047082280593,,ACH-000681,unc0631,0.204185683338,0.009765625,MTS006,secondary,1.1520359066056112,,,,1.1520359066056112,UNC0631
A549,WP1066,1.0,1.0,SIDM00903,uM,wp1066,C[C@H](NC(=O)C(C#N)=Cc1cccc(Br)n1)c1ccccc1,c[ch](nc(=o)c(c#n)=cc1cccc(br)n1)c1ccccc1,0.0,1025,a549,,,,1.0,,ACH-000681,wp1066,-3.87380093327,2.57,HTS,primary,0.06821340392551556,,,,0.06821340392551556,WP1066
A549,"Tozasertib (VX-680, MK-0457)",0.01,0.99999963156728,SIDM00903,uM,tozasertib,Cc1cc(Nc2cc(N3CCN(C)CC3)nc(Sc3ccc(NC(=O)C4CC4)cc3)n2)n[nH]1,cc1cc(nc2cc(n3ccn(c)cc3)nc(sc3ccc(nc(=o)c4cc4)cc3)n2)n[nh]1,-2.0,1026,a549,,,,0.99999963156728,,ACH-000681,tozasertib,0.208458340864,0.00976562,HTS002,secondary,1.1554528109234108,,,,1.1554528109234108,"Tozasertib (VX-680, MK-0457)"
A549,Pelitinib (EKB-569),10.0,0.7996011176952141,SIDM00903,uM,pelitinib,CCOc1cc2ncc(C#N)c(Nc3ccc(F)c(Cl)c3)c2cc1NC(=O)/C=C/CN(C)C,ccoc1cc2ncc(c#n)c(nc3ccc(f)c(cl)c3)c2cc1nc(=o)c=ccn(c)c,1.0,1027,a549,,,,0.7996011176952141,,ACH-000681,pelitinib,0.436453683794,2.5,HTS,primary,1.3532737276494642,,,,1.3532737276494642,Pelitinib (EKB-569)
A549,Prednisone ,0.1,1.0,SIDM00903,uM,prednisone,CC12C=CC(=O)C=C1CCC1C2C(=O)CC2(C)C1CCC2(O)C(=O)CO,cc12c=cc(=o)c=c1ccc1c2c(=o)cc2(c)c1ccc2(o)c(=o)co,-1.0,1028,a549,,,,1.0,,ACH-000681,prednisone,,,,,,,,,,Prednisone 
A549,Triamcinolone Acetonide,0.01,1.0,SIDM00903,uM,triamcinoloneacetonide,CC1(C)OC2CC3C4CCC5=CC(=O)C=CC5(C)C4(F)C(O)CC3(C)C2(C(=O)CO)O1,cc1(c)oc2cc3c4ccc5=cc(=o)c=cc5(c)c4(f)c(o)cc3(c)c2(c(=o)co)o1,-2.0,1029,a549,,,,1.0,,ACH-000681,triamcinoloneacetonide,0.654910727631,0.00976562,HTS002,secondary,1.5745185206642114,,,,1.5745185206642114,Triamcinolone Acetonide
A549,Tranylcypromine (2-PCPA) HCl,10.0,1.0,SIDM00903,uM,tranylcypromine,*.Cl.N[C@@H]1C[C@H]1c1ccccc1,n[ch]1c[ch]1c1ccccc1,1.0,1030,a549,,,,1.0,,ACH-000681,tranylcypromine,0.0383160343544,2.5,HTS,primary,1.0269144752442467,,,,1.0269144752442467,Tranylcypromine (2-PCPA) HCl
A549,AZ 960,0.01,0.9999411617707572,SIDM00903,uM,az960,Cc1cc(Nc2nc(N[C@@H](C)c3ccc(F)cc3)c(C#N)cc2F)n[nH]1,cc1cc(nc2nc(n[ch](c)c3ccc(f)cc3)c(c#n)cc2f)n[nh]1,-2.0,1031,a549,,,,0.9999411617707572,,ACH-000681,az960,0.381246743123,0.00976562,HTS002,secondary,1.3024669305283108,,,,1.3024669305283108,AZ 960
A549,Anacardic Acid,0.01,1.0,SIDM00903,uM,anacardicacid,CCCCCCCCCCCCCCCc1cccc(O)c1C(=O)O,cccccccccccccccc1cccc(o)c1c(=o)o,-2.0,1032,a549,,,,1.0,,ACH-000681,anacardicacid,,,,,,,,,,Anacardic Acid
A549,ABT-737,0.01,0.987766239443585,SIDM00903,uM,abt737,CN(C)CCC(CSc1ccccc1)Nc1ccc(S(=O)(=O)NC(=O)c2ccc(N3CCN(Cc4ccccc4-c4ccc(Cl)cc4)CC3)cc2)cc1[N+](=O)[O-],cn(c)ccc(csc1ccccc1)nc1ccc(s(=o)(=o)nc(=o)c2ccc(n3ccn(cc4ccccc4c4ccc(cl)cc4)cc3)cc2)cc1[n](=o)[o],-2.0,1033,a549,0.009,0.9155666666666668,-2.0457574905606752,0.987766239443585,0.9155666666666668,ACH-000681,abt737,0.207824203213,0.00976562,HTS002,secondary,1.1549450424059928,,,,1.1549450424059928,ABT-737
A549,Tubastatin A HCl,10.0,1.0,SIDM00903,uM,tubastatina,CN1CCc2c(c3ccccc3n2Cc2ccc(C(=O)NO)cc2)C1.Cl,cn1ccc2c(c3ccccc3n2cc2ccc(c(=o)no)cc2)c1,1.0,1034,a549,8.3,0.94985,0.919078092376074,1.0,0.94985,ACH-000681,tubastatina,0.237410628818,2.5,HTS,primary,1.1788748987561546,,,,1.1788748987561546,Tubastatin A HCl
A549,PF-573228,1.0,0.999977278017237,SIDM00903,uM,pf573228,CS(=O)(=O)c1cccc(CNc2nc(Nc3ccc4c(c3)CCC(=O)N4)ncc2C(F)(F)F)c1,cs(=o)(=o)c1cccc(cnc2nc(nc3ccc4c(c3)ccc(=o)n4)ncc2c(f)(f)f)c1,0.0,1035,a549,1.0,0.9925999999999999,0.0,0.999977278017237,0.9925999999999999,ACH-000681,pf573228,0.482299913495,2.5,HTS,primary,1.396968910039066,,,,1.396968910039066,PF-573228
A549,Daphnetin,10.0,1.0,SIDM00903,uM,daphnetin,O=c1ccc2ccc(O)c(O)c2o1,o=c1ccc2ccc(o)c(o)c2o1,1.0,1036,a549,,,,1.0,,ACH-000681,daphnetin,0.316856713598,2.5,HTS,primary,1.2456136968601805,,,,1.2456136968601805,Daphnetin
A549,Valproic acid sodium salt (Sodium valproate),0.1,1.0,SIDM00903,uM,valproicacidsalt,CCCC(CCC)C(=O)[O-].[Na+],cccc(ccc)c(=o)[o],-1.0,1037,a549,,,,1.0,,ACH-000681,valproicacidsalt,,,,,,,,,,Valproic acid sodium salt (Sodium valproate)
A549,Quercetin,0.1,0.988776798017093,SIDM00903,uM,quercetin,O=c1c(O)c(-c2ccc(O)c(O)c2)oc2cc(O)cc(O)c12,o=c1c(o)c(c2ccc(o)c(o)c2)oc2cc(o)cc(o)c12,-1.0,1038,a549,,,,0.988776798017093,,ACH-000681,quercetin,,,,,,,,,,Quercetin
A549,WHI-P154,1.0,0.998468136099784,SIDM00903,uM,whip154,COc1cc2ncnc(Nc3ccc(O)c(Br)c3)c2cc1OC,coc1cc2ncnc(nc3ccc(o)c(br)c3)c2cc1oc,0.0,1039,a549,,,,0.998468136099784,,ACH-000681,whip154,0.101094108629,2.5,HTS,primary,1.0725865805716037,,,,1.0725865805716037,WHI-P154
A549,Clevudine ,0.01,1.0,SIDM00903,uM,clevudine,Cc1cn([C@H]2O[C@@H](CO)[C@H](O)[C@H]2F)c(=O)[nH]c1=O,cc1cn([ch]2o[ch](co)[ch](o)[ch]2f)c(=o)[nh]c1=o,-2.0,1040,a549,,,,1.0,,ACH-000681,clevudine,,,,,,,,,,Clevudine 
A549,WHI-P154,10.0,0.9962090806856853,SIDM00903,uM,whip154,COc1cc2ncnc(Nc3ccc(O)c(Br)c3)c2cc1OC,coc1cc2ncnc(nc3ccc(o)c(br)c3)c2cc1oc,1.0,1041,a549,,,,0.9962090806856853,,ACH-000681,whip154,0.101094108629,2.5,HTS,primary,1.0725865805716037,,,,1.0725865805716037,WHI-P154
A549,Tazemetostat (EPZ-6438),10.0,0.999997573836307,SIDM00903,uM,tazemetostat,CCN(c1cc(-c2ccc(CN3CCOCC3)cc2)cc(C(=O)NCc2c(C)cc(C)[nH]c2=O)c1C)C1CCOCC1,ccn(c1cc(c2ccc(cn3ccocc3)cc2)cc(c(=o)ncc2c(c)cc(c)[nh]c2=o)c1c)c1ccocc1,1.0,1042,a549,,,,0.999997573836307,,ACH-000681,tazemetostat,0.00710604690876,2.31,HTS,primary,1.004937686774928,,,,1.004937686774928,Tazemetostat (EPZ-6438)
A549,Andarine,1.0,1.0,SIDM00903,uM,andarine,CC(=O)Nc1ccc(OCC(C)(O)C(=O)Nc2ccc([N+](=O)[O-])c(C(F)(F)F)c2)cc1,cc(=o)nc1ccc(occ(c)(o)c(=o)nc2ccc([n](=o)[o])c(c(f)(f)f)c2)cc1,0.0,1043,a549,,,,1.0,,ACH-000681,andarine,0.442119038788,2.5,HTS,primary,1.358598379779047,,,,1.358598379779047,Andarine
A549,Meprednisone,1.0,1.0,SIDM00903,uM,meprednisone,CC1CC2C3CCC4=CC(=O)C=CC4(C)C3C(=O)CC2(C)C1(O)C(=O)CO,cc1cc2c3ccc4=cc(=o)c=cc4(c)c3c(=o)cc2(c)c1(o)c(=o)co,0.0,1044,a549,,,,1.0,,ACH-000681,meprednisone,,,,,,,,,,Meprednisone
A549,Ki16425,0.01,0.9999996120942042,SIDM00903,uM,ki16425,Cc1noc(-c2ccc(CSCCC(=O)O)cc2)c1NC(=O)OC(C)c1ccccc1Cl,cc1noc(c2ccc(csccc(=o)o)cc2)c1nc(=o)oc(c)c1ccccc1cl,-2.0,1045,a549,,,,0.9999996120942042,,ACH-000681,ki16425,-0.0965647569827,0.00976562,HTS002,secondary,0.9352573106064752,,,,0.9352573106064752,Ki16425
A549,"Patupilone (EPO906, Epothilone B)",10.0,0.998811399018628,SIDM00903,uM,patupilone,C/C(=C\c1csc(C)n1)C1CC2OC2(C)CCCC(C)C(O)C(C)C(=O)C(C)(C)C(O)CC(=O)O1,cc(=cc1csc(c)n1)c1cc2oc2(c)cccc(c)c(o)c(c)c(=o)c(c)(c)c(o)cc(=o)o1,1.0,1046,a549,,,,0.998811399018628,,ACH-000681,patupilone,,,,,,,,,,"Patupilone (EPO906, Epothilone B)"
A549,Tranylcypromine (2-PCPA) HCl,0.1,1.0,SIDM00903,uM,tranylcypromine,*.Cl.N[C@@H]1C[C@H]1c1ccccc1,n[ch]1c[ch]1c1ccccc1,-1.0,1047,a549,,,,1.0,,ACH-000681,tranylcypromine,,,,,,,,,,Tranylcypromine (2-PCPA) HCl
A549,"Patupilone (EPO906, Epothilone B)",1.0,0.9991714688850892,SIDM00903,uM,patupilone,C/C(=C\c1csc(C)n1)C1CC2OC2(C)CCCC(C)C(O)C(C)C(=O)C(C)(C)C(O)CC(=O)O1,cc(=cc1csc(c)n1)c1cc2oc2(c)cccc(c)c(o)c(c)c(=o)c(c)(c)c(o)cc(=o)o1,0.0,1048,a549,,,,0.9991714688850892,,ACH-000681,patupilone,,,,,,,,,,"Patupilone (EPO906, Epothilone B)"
A549,Sorafenib Tosylate,0.01,0.999960126547732,SIDM00903,uM,sorafenibtosylate,CNC(=O)c1cc(Oc2ccc(NC(=O)Nc3ccc(Cl)c(C(F)(F)F)c3)cc2)ccn1.Cc1ccc(S(=O)(=O)O)cc1,cnc(=o)c1cc(oc2ccc(nc(=o)nc3ccc(cl)c(c(f)(f)f)c3)cc2)ccn1,-2.0,1049,a549,,,,0.999960126547732,,ACH-000681,sorafenibtosylate,,,,,,,,,,Sorafenib Tosylate
A549,Azacitidine ,10.0,0.995147405038547,SIDM00903,uM,azacitidine,Nc1ncn([C@@H]2O[C@H](CO)[C@@H](O)[C@H]2O)c(=O)n1,nc1ncn([ch]2o[ch](co)[ch](o)[ch]2o)c(=o)n1,1.0,1050,a549,8.3,0.8834666666666667,0.919078092376074,0.995147405038547,0.8834666666666667,ACH-000681,azacitidine,-0.105014306815,2.5,HTS,primary,0.9297957220357256,,,,0.9297957220357256,Azacitidine 
A549,Curcumin,1.0,1.0,SIDM00903,uM,curcumin,COc1cc(C=CC(=O)C=C(O)C=Cc2ccc(O)c(OC)c2)ccc1O,coc1cc(c=cc(=o)c=c(o)c=cc2ccc(o)c(oc)c2)ccc1o,0.0,1051,a549,1.3,1.0569666666666666,0.11394335230683678,1.0,1.0569666666666666,ACH-000681,curcumin,0.918006271031,2.48,HTS,primary,1.8895022951658582,,,,1.8895022951658582,Curcumin
A549,Tranylcypromine (2-PCPA) HCl,0.01,1.0,SIDM00903,uM,tranylcypromine,*.Cl.N[C@@H]1C[C@H]1c1ccccc1,n[ch]1c[ch]1c1ccccc1,-2.0,1052,a549,,,,1.0,,ACH-000681,tranylcypromine,,,,,,,,,,Tranylcypromine (2-PCPA) HCl
A549,GSK J1,1.0,0.9998361256056542,SIDM00903,uM,gskj1,O=C(O)CCNc1cc(N2CCc3ccccc3CC2)nc(-c2ccccn2)n1,o=c(o)ccnc1cc(n2ccc3ccccc3cc2)nc(c2ccccn2)n1,0.0,1053,a549,,,,0.9998361256056542,,ACH-000681,gskj1,0.0370419774779881,2.50001536012,MTS007,primary,1.0260079982168986,,,,1.0260079982168986,GSK J1
A549,"Luminespib (AUY-922, NVP-AUY922)",0.01,0.978744762742932,SIDM00903,uM,luminespib,CCNC(=O)c1noc(-c2cc(C(C)C)c(O)cc2O)c1-c1ccc(CN2CCOCC2)cc1,ccnc(=o)c1noc(c2cc(c(c)c)c(o)cc2o)c1c1ccc(cn2ccocc2)cc1,-2.0,1054,a549,,,,0.978744762742932,,ACH-000681,luminespib,,,,,,,,,,"Luminespib (AUY-922, NVP-AUY922)"
A549,Cediranib (AZD2171),0.01,0.99719997207668,SIDM00903,uM,cediranib,COc1cc2c(Oc3ccc4[nH]c(C)cc4c3F)ncnc2cc1OCCCN1CCCC1,coc1cc2c(oc3ccc4[nh]c(c)cc4c3f)ncnc2cc1occcn1cccc1,-2.0,1055,a549,,,,0.99719997207668,,ACH-000681,cediranib,0.428276166114,0.00976562,HTS002,secondary,1.3456247684266387,,,,1.3456247684266387,Cediranib (AZD2171)
A549,Momelotinib (CYT387),0.1,0.999175360222979,SIDM00903,uM,momelotinib,N#CCNC(=O)c1ccc(-c2ccnc(Nc3ccc(N4CCOCC4)cc3)n2)cc1,n#ccnc(=o)c1ccc(c2ccnc(nc3ccc(n4ccocc4)cc3)n2)cc1,-1.0,1056,a549,0.13,0.9666666666666667,-0.8860566476931632,0.999175360222979,0.9666666666666667,ACH-000681,momelotinib,,,,,,,,,0.9666666666666667,Momelotinib (CYT387)
A549,Fasudil (HA-1077) HCl,0.01,1.0,SIDM00903,uM,fasudil,Cl.O=S(=O)(c1cccc2cnccc12)N1CCCNCC1,o=s(=o)(c1cccc2cnccc12)n1cccncc1,-2.0,1057,a549,,,,1.0,,ACH-000681,fasudil,,,,,,,,,,Fasudil (HA-1077) HCl
A549,Busulfan ,1.0,0.998088130193132,SIDM00903,uM,busulfan,CS(=O)(=O)OCCCCOS(C)(=O)=O,cs(=o)(=o)occccos(c)(=o)=o,0.0,1058,a549,,,,0.998088130193132,,ACH-000681,busulfan,0.0258698870873,2.5,HTS,primary,1.0180933764308848,,,,1.0180933764308848,Busulfan 
A549,Tacedinaline (CI994),0.1,1.0,SIDM00903,uM,tacedinaline,CC(=O)Nc1ccc(C(=O)Nc2ccccc2N)cc1,cc(=o)nc1ccc(c(=o)nc2ccccc2n)cc1,-1.0,1059,a549,0.13,1.024,-0.8860566476931632,1.0,1.024,ACH-000681,tacedinaline,-0.356829152596,0.15625,HTS002,secondary,0.7808789606899514,,,,0.7808789606899514,Tacedinaline (CI994)
A549,SGI-1776 free base,10.0,0.796859267302565,SIDM00903,uM,sgi1776freebase,CN1CCC(CNc2ccc3ncc(-c4cccc(OC(F)(F)F)c4)n3n2)CC1,cn1ccc(cnc2ccc3ncc(c4cccc(oc(f)(f)f)c4)n3n2)cc1,1.0,1060,a549,,,,0.796859267302565,,ACH-000681,sgi1776freebase,,,,,,,,,,SGI-1776 free base
A549,Sodium Phenylbutyrate,0.1,1.0,SIDM00903,uM,sodiumphenylbutyrate,O=C(CCCc1ccccc1)O[Na],o=c(cccc1ccccc1)o[na],-1.0,1061,a549,,,,1.0,,ACH-000681,sodiumphenylbutyrate,,,,,,,,,,Sodium Phenylbutyrate
A549,Droxinostat,10.0,0.999929894146118,SIDM00903,uM,droxinostat,Cc1cc(Cl)ccc1OCCCC(=O)NO,cc1cc(cl)ccc1occcc(=o)no,1.0,1062,a549,,,,0.999929894146118,,ACH-000681,droxinostat,-0.120045050001,2.5,HTS,primary,0.9201589170351846,,,,0.9201589170351846,Droxinostat
A549,Mercaptopurine (6-MP),10.0,0.704338080435346,SIDM00903,uM,mercaptopurine,S=c1nc[nH]c2nc[nH]c12,s=c1nc[nh]c2nc[nh]c12,1.0,1063,a549,,,,0.704338080435346,,ACH-000681,mercaptopurine,-0.248020303779,2.5,HTS,primary,0.8420511029127926,,,,0.8420511029127926,Mercaptopurine (6-MP)
A549,Tie2 kinase inhibitor,0.1,1.0,SIDM00903,uM,tie2kinaseinhibitor,COc1ccc2cc(-c3[nH]c(-c4ccc(S(C)=O)cc4)nc3-c3ccncc3)ccc2c1,coc1ccc2cc(c3[nh]c(c4ccc(s(c)=o)cc4)nc3c3ccncc3)ccc2c1,-1.0,1064,a549,,,,1.0,,ACH-000681,tie2kinaseinhibitor,,,,,,,,,,Tie2 kinase inhibitor
A549,AC480 (BMS-599626),0.01,0.999999227467156,SIDM00903,uM,ac480,Cc1c(NC(=O)OCC2COCCN2)cn2ncnc(Nc3ccc4c(cnn4Cc4cccc(F)c4)c3)c12,cc1c(nc(=o)occ2coccn2)cn2ncnc(nc3ccc4c(cnn4cc4cccc(f)c4)c3)c12,-2.0,1065,a549,,,,0.999999227467156,,ACH-000681,ac480,,,,,,,,,,AC480 (BMS-599626)
A549,Cyclocytidine HCl,1.0,0.7234552255456601,SIDM00903,uM,cyclocytidine,Cl.N=c1ccn2c(n1)OC1C(O)C(CO)OC12,n=c1ccn2c(n1)oc1c(o)c(co)oc12,0.0,1066,a549,,,,0.7234552255456601,,ACH-000681,cyclocytidine,-2.08247751664,2.5,HTS,primary,0.236108597892027,,,,0.236108597892027,Cyclocytidine HCl
A549,TG101209,0.01,0.999999736821585,SIDM00903,uM,tg101209,Cc1cnc(Nc2ccc(N3CCN(C)CC3)cc2)nc1Nc1cccc(S(=O)(=O)NC(C)(C)C)c1,cc1cnc(nc2ccc(n3ccn(c)cc3)cc2)nc1nc1cccc(s(=o)(=o)nc(c)(c)c)c1,-2.0,1067,a549,,,,0.999999736821585,,ACH-000681,tg101209,0.23753101432,0.00976562,HTS002,secondary,1.1789732739247447,,,,1.1789732739247447,TG101209
A549,Enzastaurin (LY317615),0.1,0.999956930731222,SIDM00903,uM,enzastaurin,Cn1cc(C2=C(c3cn(C4CCN(Cc5ccccn5)CC4)c4ccccc34)C(=O)NC2=O)c2ccccc21,cn1cc(c2=c(c3cn(c4ccn(cc5ccccn5)cc4)c4ccccc34)c(=o)nc2=o)c2ccccc21,-1.0,1068,a549,,,,0.999956930731222,,ACH-000681,enzastaurin,,,,,,,,,,Enzastaurin (LY317615)
A549,Resveratrol,1.0,0.973272840887206,SIDM00903,uM,resveratrol,Oc1ccc(C=Cc2cc(O)cc(O)c2)cc1,oc1ccc(c=cc2cc(o)cc(o)c2)cc1,0.0,1069,a549,,,,0.973272840887206,,ACH-000681,resveratrol,0.1399534822,2.500037854,MTS004,primary,1.1018695869713473,,,,1.1018695869713473,Resveratrol
A549,WP1066,0.01,1.0,SIDM00903,uM,wp1066,C[C@H](NC(=O)C(C#N)=Cc1cccc(Br)n1)c1ccccc1,c[ch](nc(=o)c(c#n)=cc1cccc(br)n1)c1ccccc1,-2.0,1070,a549,,,,1.0,,ACH-000681,wp1066,0.289884982186,0.010022,HTS002,secondary,1.222542807469615,,,,1.222542807469615,WP1066
A549,PFI-1 (PF-6405761),1.0,1.0,SIDM00903,uM,pfi1,COc1ccccc1S(=O)(=O)Nc1ccc2c(c1)CN(C)C(=O)N2,coc1ccccc1s(=o)(=o)nc1ccc2c(c1)cn(c)c(=o)n2,0.0,1071,a549,,,,1.0,,ACH-000681,pfi1,0.162993013228,2.63,HTS,primary,1.1196074665374247,,,,1.1196074665374247,PFI-1 (PF-6405761)
A549,"Temsirolimus (CCI-779, NSC 683864)",0.01,0.999993958184225,SIDM00903,uM,temsirolimus,COC1CC2CCC(C)C(O)(O2)C(=O)C(=O)N2CCCCC2C(=O)OC(C(C)CC2CCC(OC(=O)C(C)(CO)CO)C(OC)C2)CC(=O)C(C)/C=C(\C)C(O)C(OC)C(=O)C(C)CC(C)/C=C/C=C/C=C/1C,coc1cc2ccc(c)c(o)(o2)c(=o)c(=o)n2ccccc2c(=o)oc(c(c)cc2ccc(oc(=o)c(c)(co)co)c(oc)c2)cc(=o)c(c)c=c(c)c(o)c(oc)c(=o)c(c)cc(c)c=cc=cc=c1c,-2.0,1072,a549,0.0081,0.9150999999999999,-2.0915149811213505,0.999993958184225,0.9150999999999999,ACH-000681,temsirolimus,-1.22896558844503,0.00977,MTS010,secondary,0.4266232248680068,,,,0.4266232248680068,"Temsirolimus (CCI-779, NSC 683864)"
A549,Flavopiridol HCl,0.01,0.968141588194606,SIDM00903,uM,flavopiridol,CN1CCC(c2c(O)cc(O)c3c(=O)cc(-c4ccccc4Cl)oc23)C(O)C1.Cl,cn1ccc(c2c(o)cc(o)c3c(=o)cc(c4ccccc4cl)oc23)c(o)c1,-2.0,1073,a549,,,,0.968141588194606,,ACH-000681,flavopiridol,,,,,,,,,,Flavopiridol HCl
A549,Filgotinib (GLPG0634),10.0,1.0,SIDM00903,uM,filgotinib,O=C(Nc1nc2cccc(-c3ccc(CN4CCS(=O)(=O)CC4)cc3)n2n1)C1CC1,o=c(nc1nc2cccc(c3ccc(cn4ccs(=o)(=o)cc4)cc3)n2n1)c1cc1,1.0,1074,a549,,,,1.0,,ACH-000681,filgotinib,-0.634893497686,2.5,HTS,primary,0.6439883533658884,,,,0.6439883533658884,Filgotinib (GLPG0634)
A549,Costunolide,10.0,1.0,SIDM00903,uM,costunolide,C=C1C(=O)OC2/C=C(\C)CC/C=C(\C)CCC12,c=c1c(=o)oc2c=c(c)ccc=c(c)ccc12,1.0,1075,a549,,,,1.0,,ACH-000681,costunolide,1.12958306174,2.5,HTS,primary,2.187954993070134,,,,2.187954993070134,Costunolide
A549,Raltitrexed,0.1,0.8766646277381371,SIDM00903,uM,raltitrexed,Cc1nc2ccc(CN(C)c3ccc(C(=O)NC(CCC(=O)O)C(=O)O)s3)cc2c(=O)[nH]1,cc1nc2ccc(cn(c)c3ccc(c(=o)nc(ccc(=o)o)c(=o)o)s3)cc2c(=o)[nh]1,-1.0,1076,a549,,,,0.8766646277381371,,ACH-000681,raltitrexed,-1.17484859968,0.15625,HTS002,secondary,0.4429302394097017,,,,0.4429302394097017,Raltitrexed
A549,Nintedanib (BIBF 1120),1.0,0.998503725788364,SIDM00903,uM,nintedanib,COC(=O)c1ccc2c(c1)NC(=O)/C2=C(\Nc1ccc(N(C)C(=O)CN2CCN(C)CC2)cc1)c1ccccc1,coc(=o)c1ccc2c(c1)nc(=o)c2=c(nc1ccc(n(c)c(=o)cn2ccn(c)cc2)cc1)c1ccccc1,0.0,1077,a549,1.0,0.9243333333333333,0.0,0.998503725788364,0.9243333333333333,ACH-000681,nintedanib,-0.0400763778104,2.5,HTS,primary,0.9726034553875601,,,,0.9726034553875601,Nintedanib (BIBF 1120)
A549,TMP195,10.0,1.0,SIDM00903,uM,tmp195,CC(C)(CNC(=O)c1cccc(-c2noc(C(F)(F)F)n2)c1)c1coc(-c2ccccc2)n1,cc(c)(cnc(=o)c1cccc(c2noc(c(f)(f)f)n2)c1)c1coc(c2ccccc2)n1,1.0,1078,a549,,,,1.0,,ACH-000681,tmp195,,,,,,,,,,TMP195
A549,BMS-265246,1.0,0.846269736826294,SIDM00903,uM,bms265246,CCCCOc1c(C(=O)c2c(F)cc(C)cc2F)cnc2[nH]ncc12,ccccoc1c(c(=o)c2c(f)cc(c)cc2f)cnc2[nh]ncc12,0.0,1079,a549,,,,0.846269736826294,,ACH-000681,bms265246,-0.929295155006,2.5,HTS,primary,0.5251148299459806,,,,0.5251148299459806,BMS-265246
A549,SNS-314,0.1,0.999942864766982,SIDM00903,uM,sns314,CS(=O)(=O)O.O=C(Nc1cccc(Cl)c1)Nc1ncc(CCNc2ncnc3ccsc23)s1,o=c(nc1cccc(cl)c1)nc1ncc(ccnc2ncnc3ccsc23)s1,-1.0,1080,a549,,,,0.999942864766982,,ACH-000681,sns314,-0.812903452829,0.15625,HTS002,secondary,0.5692351072727642,,,,0.5692351072727642,SNS-314
A549,Triamcinolone Acetonide,10.0,1.0,SIDM00903,uM,triamcinoloneacetonide,CC1(C)OC2CC3C4CCC5=CC(=O)C=CC5(C)C4(F)C(O)CC3(C)C2(C(=O)CO)O1,cc1(c)oc2cc3c4ccc5=cc(=o)c=cc5(c)c4(f)c(o)cc3(c)c2(c(=o)co)o1,1.0,1081,a549,,,,1.0,,ACH-000681,triamcinoloneacetonide,-0.149439085991,2.5,HTS,primary,0.9016009332795096,,,,0.9016009332795096,Triamcinolone Acetonide
A549,Roxadustat (FG-4592),10.0,1.0,SIDM00903,uM,roxadustat,Cc1nc(C(=O)NCC(=O)O)c(O)c2ccc(Oc3ccccc3)cc12,cc1nc(c(=o)ncc(=o)o)c(o)c2ccc(oc3ccccc3)cc12,1.0,1082,a549,,,,1.0,,ACH-000681,roxadustat,,,,,,,,,,Roxadustat (FG-4592)
A549,BMS-911543,1.0,0.999729150081396,SIDM00903,uM,bms911543,CCn1c(C(=O)N(C2CC2)C2CC2)cc2c3c(ncn3C)c(Nc3cc(C)n(C)n3)nc21,ccn1c(c(=o)n(c2cc2)c2cc2)cc2c3c(ncn3c)c(nc3cc(c)n(c)n3)nc21,0.0,1083,a549,,,,0.999729150081396,,ACH-000681,bms911543,,,,,,,,,,BMS-911543
A549,Clevudine ,10.0,1.0,SIDM00903,uM,clevudine,Cc1cn([C@H]2O[C@@H](CO)[C@H](O)[C@H]2F)c(=O)[nH]c1=O,cc1cn([ch]2o[ch](co)[ch](o)[ch]2f)c(=o)[nh]c1=o,1.0,1084,a549,,,,1.0,,ACH-000681,clevudine,-0.485343296816,2.5,HTS,primary,0.7143270717897882,,,,0.7143270717897882,Clevudine 
A549,Tofacitinib (CP-690550) Citrate,10.0,0.9999881422946468,SIDM00903,uM,tofacitinib,C[C@@H]1CCN(C(=O)CC#N)C[C@@H]1N(C)c1ncnc2[nH]ccc12.O=C(O)CC(O)(CC(=O)O)C(=O)O,c[ch]1ccn(c(=o)cc#n)c[ch]1n(c)c1ncnc2[nh]ccc12,1.0,1085,a549,,,,0.9999881422946468,,ACH-000681,tofacitinib,0.125787296863,2.5,HTS,primary,1.0911029988836654,,,,1.0911029988836654,Tofacitinib (CP-690550) Citrate
A549,"Fedratinib (SAR302503, TG101348)",0.1,0.90640998000627,SIDM00903,uM,fedratinib,Cc1cnc(Nc2ccc(OCCN3CCCC3)cc2)nc1Nc1cccc(S(=O)(=O)NC(C)(C)C)c1,cc1cnc(nc2ccc(occn3cccc3)cc2)nc1nc1cccc(s(=o)(=o)nc(c)(c)c)c1,-1.0,1086,a549,,,,0.90640998000627,,ACH-000681,fedratinib,0.839878722145,0.15625,HTS002,secondary,1.7898996704736756,,,,1.7898996704736756,"Fedratinib (SAR302503, TG101348)"
A549,Disulfiram ,0.01,1.0,SIDM00903,uM,disulfiram,CCN(CC)C(=S)SSC(=S)N(CC)CC,ccn(cc)c(=s)ssc(=s)n(cc)cc,-2.0,1087,a549,,,,1.0,,ACH-000681,disulfiram,0.220541428384,0.009765623,MTS006,secondary,1.165170780853241,,,,1.165170780853241,Disulfiram 
A549,Obatoclax Mesylate (GX15-070),10.0,0.829420335839058,SIDM00903,uM,obatoclax,COC1=CC(c2cc3ccccc3[nH]2)=N/C1=C\c1[nH]c(C)cc1C.CS(=O)(=O)O,coc1=cc(c2cc3ccccc3[nh]2)=nc1=cc1[nh]c(c)cc1c,1.0,1088,a549,8.3,0.07328666666666667,0.919078092376074,0.829420335839058,0.07328666666666667,ACH-000681,obatoclax,-4.83903121969,2.5,HTS,primary,0.03493867676712394,,,,0.03493867676712394,Obatoclax Mesylate (GX15-070)
A549,WHI-P154,0.1,0.999476722262078,SIDM00903,uM,whip154,COc1cc2ncnc(Nc3ccc(O)c(Br)c3)c2cc1OC,coc1cc2ncnc(nc3ccc(o)c(br)c3)c2cc1oc,-1.0,1089,a549,,,,0.999476722262078,,ACH-000681,whip154,0.824024775217,0.15625,HTS002,secondary,1.770337930684395,,,,1.770337930684395,WHI-P154
A549,Raltitrexed,10.0,0.760846955095806,SIDM00903,uM,raltitrexed,Cc1nc2ccc(CN(C)c3ccc(C(=O)NC(CCC(=O)O)C(=O)O)s3)cc2c(=O)[nH]1,cc1nc2ccc(cn(c)c3ccc(c(=o)nc(ccc(=o)o)c(=o)o)s3)cc2c(=o)[nh]1,1.0,1090,a549,,,,0.760846955095806,,ACH-000681,raltitrexed,-0.412532899391,2.5,HTS,primary,0.7513031731267067,,,,0.7513031731267067,Raltitrexed
A549,Ki8751,10.0,1.0,SIDM00903,uM,ki8751,COc1cc2nccc(Oc3ccc(NC(=O)Nc4ccc(F)cc4F)c(F)c3)c2cc1OC,coc1cc2nccc(oc3ccc(nc(=o)nc4ccc(f)cc4f)c(f)c3)c2cc1oc,1.0,1091,a549,8.3,0.8914666666666666,0.919078092376074,1.0,0.8914666666666666,ACH-000681,ki8751,-0.0534343913523,2.5,HTS,primary,0.9636396149216118,,,,0.9636396149216118,Ki8751
A549,S-Ruxolitinib (INCB018424),0.01,1.0,SIDM00903,uM,ruxolitinib,N#CC[C@@H](C1CCCC1)n1cc(-c2ncnc3[nH]ccc23)cn1,n#cc[ch](c1cccc1)n1cc(c2ncnc3[nh]ccc23)cn1,-2.0,1092,a549,0.0081,1.0050666666666668,-2.0915149811213505,1.0,1.0050666666666668,ACH-000681,sruxolitinib,,,,,,,,,1.0050666666666668,S-Ruxolitinib (INCB018424)
A549,CEP-33779,0.01,1.0,SIDM00903,uM,cep33779,CN1CCN(c2cccc(Nc3nc4c(-c5ccc(S(C)(=O)=O)cc5)cccn4n3)c2)CC1,cn1ccn(c2cccc(nc3nc4c(c5ccc(s(c)(=o)=o)cc5)cccn4n3)c2)cc1,-2.0,1093,a549,,,,1.0,,ACH-000681,cep33779,0.212154002,0.00976562,HTS002,secondary,1.1584164559783268,,,,1.1584164559783268,CEP-33779
A549,Costunolide,0.01,1.0,SIDM00903,uM,costunolide,C=C1C(=O)OC2/C=C(\C)CC/C=C(\C)CCC12,c=c1c(=o)oc2c=c(c)ccc=c(c)ccc12,-2.0,1094,a549,,,,1.0,,ACH-000681,costunolide,0.512391313705,0.00976562,HTS002,secondary,1.4264125621764443,,,,1.4264125621764443,Costunolide
A549,SRT2104 (GSK2245840),10.0,0.9999917016708492,SIDM00903,uM,srt2104,Cc1nc(-c2cccnc2)sc1C(=O)Nc1ccccc1-c1cn2c(CN3CCOCC3)csc2n1,cc1nc(c2cccnc2)sc1c(=o)nc1ccccc1c1cn2c(cn3ccocc3)csc2n1,1.0,1095,a549,,,,0.9999917016708492,,ACH-000681,srt2104,0.2107080873,2.5,MTS004,primary,1.1572560358891149,,,,1.1572560358891149,SRT2104 (GSK2245840)
A549,PF-573228,0.1,0.999987152718073,SIDM00903,uM,pf573228,CS(=O)(=O)c1cccc(CNc2nc(Nc3ccc4c(c3)CCC(=O)N4)ncc2C(F)(F)F)c1,cs(=o)(=o)c1cccc(cnc2nc(nc3ccc4c(c3)ccc(=o)n4)ncc2c(f)(f)f)c1,-1.0,1096,a549,0.13,1.0159333333333334,-0.8860566476931632,0.999987152718073,1.0159333333333334,ACH-000681,pf573228,0.523882607751,0.15625,HTS002,secondary,1.4378195325584906,,,,1.4378195325584906,PF-573228
A549,Andarine,0.1,1.0,SIDM00903,uM,andarine,CC(=O)Nc1ccc(OCC(C)(O)C(=O)Nc2ccc([N+](=O)[O-])c(C(F)(F)F)c2)cc1,cc(=o)nc1ccc(occ(c)(o)c(=o)nc2ccc([n](=o)[o])c(c(f)(f)f)c2)cc1,-1.0,1097,a549,,,,1.0,,ACH-000681,andarine,,,,,,,,,,Andarine
A549,Belinostat (PXD101),10.0,0.6788722201702749,SIDM00903,uM,belinostat,O=C(C=Cc1cccc(S(=O)(=O)Nc2ccccc2)c1)NO,o=c(c=cc1cccc(s(=o)(=o)nc2ccccc2)c1)no,1.0,1098,a549,,,,0.6788722201702749,,ACH-000681,belinostat,-3.63799436673,2.5,HTS,primary,0.08032570973783489,,,,0.08032570973783489,Belinostat (PXD101)
A549,INO-1001 (3-Aminobenzamide),0.01,0.9999965012246308,SIDM00903,uM,ino1001,NC(=O)c1cccc(N)c1,nc(=o)c1cccc(n)c1,-2.0,1099,a549,,,,0.9999965012246308,,ACH-000681,ino1001,,,,,,,,,,INO-1001 (3-Aminobenzamide)
A549,Hesperadin,0.1,1.0,SIDM00903,uM,hesperadin,CCS(=O)(=O)Nc1ccc2c(c1)C(=C(Nc1ccc(CN3CCCCC3)cc1)c1ccccc1)C(=O)N2,ccs(=o)(=o)nc1ccc2c(c1)c(=c(nc1ccc(cn3ccccc3)cc1)c1ccccc1)c(=o)n2,-1.0,1100,a549,,,,1.0,,ACH-000681,hesperadin,-1.40353230415,0.15625,HTS002,secondary,0.3780025038486061,,,,0.3780025038486061,Hesperadin
A549,Valproic acid sodium salt (Sodium valproate),1.0,1.0,SIDM00903,uM,valproicacidsalt,CCCC(CCC)C(=O)[O-].[Na+],cccc(ccc)c(=o)[o],0.0,1101,a549,,,,1.0,,ACH-000681,valproicacidsalt,,,,,,,,,,Valproic acid sodium salt (Sodium valproate)
A549,S3I-201,10.0,0.995859896487532,SIDM00903,uM,s3i201,Cc1ccc(S(=O)(=O)OCC(=O)Nc2ccc(C(=O)O)c(O)c2)cc1,cc1ccc(s(=o)(=o)occ(=o)nc2ccc(c(=o)o)c(o)c2)cc1,1.0,1102,a549,,,,0.995859896487532,,ACH-000681,s3i201,,,,,,,,,,S3I-201
A549,EED226,10.0,0.999997492845482,SIDM00903,uM,eed226,CS(=O)(=O)c1ccc(-c2cnc(NCc3ccco3)n3cnnc23)cc1,cs(=o)(=o)c1ccc(c2cnc(ncc3ccco3)n3cnnc23)cc1,1.0,1103,a549,,,,0.999997492845482,,ACH-000681,eed226,0.272609328097547,2.5,MTS007,primary,1.2079906835201855,,,,1.2079906835201855,EED226
A549,Barasertib (AZD1152-HQPA),0.01,0.973037788095841,SIDM00903,uM,barasertib,CCN(CCO)CCCOc1ccc2c(Nc3cc(CC(=O)Nc4cccc(F)c4)n[nH]3)ncnc2c1,ccn(cco)cccoc1ccc2c(nc3cc(cc(=o)nc4cccc(f)c4)n[nh]3)ncnc2c1,-2.0,1104,a549,0.0081,1.0384,-2.0915149811213505,0.973037788095841,1.0384,ACH-000681,barasertib,0.0075452455466486,0.00977,MTS010,secondary,1.0052436658211326,,,,1.0052436658211326,Barasertib (AZD1152-HQPA)
A549,A-366,1.0,1.0,SIDM00903,uM,a366,COc1cc2c(cc1OCCCN1CCCC1)N=C(N)C21CCC1,coc1cc2c(cc1occcn1cccc1)n=c(n)c21ccc1,0.0,1105,a549,,,,1.0,,ACH-000681,a366,0.0639781072165,2.5,MTS004,primary,1.0453442370684243,,,,1.0453442370684243,A-366
A549,Resveratrol,0.01,0.9980363077278952,SIDM00903,uM,resveratrol,Oc1ccc(C=Cc2cc(O)cc(O)c2)cc1,oc1ccc(c=cc2cc(o)cc(o)c2)cc1,-2.0,1106,a549,,,,0.9980363077278952,,ACH-000681,resveratrol,,,,,,,,,,Resveratrol
A549,Dacinostat (LAQ824),0.01,0.998993747625553,SIDM00903,uM,dacinostat,O=C(C=Cc1ccc(CN(CCO)CCc2c[nH]c3ccccc23)cc1)NO,o=c(c=cc1ccc(cn(cco)ccc2c[nh]c3ccccc23)cc1)no,-2.0,1107,a549,,,,0.998993747625553,,ACH-000681,dacinostat,0.985853466487,0.00976562,HTS002,secondary,1.9804845772349207,,,,1.9804845772349207,Dacinostat (LAQ824)
A549,TAK-901,10.0,0.604200543393052,SIDM00903,uM,tak901,CCS(=O)(=O)c1cccc(-c2cc(C(=O)NC3CCN(C)CC3)c(C)c3[nH]c4ncc(C)cc4c23)c1,ccs(=o)(=o)c1cccc(c2cc(c(=o)nc3ccn(c)cc3)c(c)c3[nh]c4ncc(c)cc4c23)c1,1.0,1108,a549,,,,0.604200543393052,,ACH-000681,tak901,-1.50740610366,2.5,HTS,primary,0.35174306787669285,,,,0.35174306787669285,TAK-901
A549,Nilotinib (AMN-107),0.1,0.999997850277144,SIDM00903,uM,nilotinib,Cc1cn(-c2cc(NC(=O)c3ccc(C)c(Nc4nccc(-c5cccnc5)n4)c3)cc(C(F)(F)F)c2)cn1,cc1cn(c2cc(nc(=o)c3ccc(c)c(nc4nccc(c5cccnc5)n4)c3)cc(c(f)(f)f)c2)cn1,-1.0,1109,a549,0.13,1.0476666666666665,-0.8860566476931632,0.999997850277144,1.0476666666666665,ACH-000681,nilotinib,0.372326881044,0.15625,HTS002,secondary,1.2944389109222325,,,,1.2944389109222325,Nilotinib (AMN-107)
A549,RG108,0.1,1.0,SIDM00903,uM,rg108,O=C(O)[C@H](Cc1c[nH]c2ccccc12)N1C(=O)c2ccccc2C1=O,o=c(o)[ch](cc1c[nh]c2ccccc12)n1c(=o)c2ccccc2c1=o,-1.0,1110,a549,0.13,1.0045,-0.8860566476931632,1.0,1.0045,ACH-000681,rg108,0.662489263529,0.15625,HTS002,secondary,1.5828112927440905,,,,1.5828112927440905,RG108
A549,Ellagic acid,10.0,0.9999987853585328,SIDM00903,uM,ellagicacid,O=c1oc2c(O)c(O)cc3c(=O)oc4c(O)c(O)cc1c4c23,o=c1oc2c(o)c(o)cc3c(=o)oc4c(o)c(o)cc1c4c23,1.0,1111,a549,,,,0.9999987853585328,,ACH-000681,ellagicacid,-0.0462245653435,2.5,HTS,primary,0.9684674289190018,,,,0.9684674289190018,Ellagic acid
A549,Maraviroc,1.0,1.0,SIDM00903,uM,maraviroc,Cc1nnc(C(C)C)n1C1CC2CCC(C1)N2CCC(NC(=O)C1CCC(F)(F)CC1)c1ccccc1,cc1nnc(c(c)c)n1c1cc2ccc(c1)n2ccc(nc(=o)c1ccc(f)(f)cc1)c1ccccc1,0.0,1112,a549,,,,1.0,,ACH-000681,maraviroc,-0.25068725685,2.5,HTS,primary,0.8404959327005532,,,,0.8404959327005532,Maraviroc
A549,"Luminespib (AUY-922, NVP-AUY922)",1.0,0.883623216723812,SIDM00903,uM,luminespib,CCNC(=O)c1noc(-c2cc(C(C)C)c(O)cc2O)c1-c1ccc(CN2CCOCC2)cc1,ccnc(=o)c1noc(c2cc(c(c)c)c(o)cc2o)c1c1ccc(cn2ccocc2)cc1,0.0,1113,a549,,,,0.883623216723812,,ACH-000681,luminespib,,,,,,,,,,"Luminespib (AUY-922, NVP-AUY922)"
A549,Roxadustat (FG-4592),0.01,1.0,SIDM00903,uM,roxadustat,Cc1nc(C(=O)NCC(=O)O)c(O)c2ccc(Oc3ccccc3)cc12,cc1nc(c(=o)ncc(=o)o)c(o)c2ccc(oc3ccccc3)cc12,-2.0,1114,a549,,,,1.0,,ACH-000681,roxadustat,,,,,,,,,,Roxadustat (FG-4592)
A549,TAK-901,0.1,0.8230226587618,SIDM00903,uM,tak901,CCS(=O)(=O)c1cccc(-c2cc(C(=O)NC3CCN(C)CC3)c(C)c3[nH]c4ncc(C)cc4c23)c1,ccs(=o)(=o)c1cccc(c2cc(c(=o)nc3ccn(c)cc3)c(c)c3[nh]c4ncc(c)cc4c23)c1,-1.0,1115,a549,,,,0.8230226587618,,ACH-000681,tak901,0.309179687865,0.15625,HTS002,secondary,1.2390030061683128,,,,1.2390030061683128,TAK-901
A549,Thalidomide,0.01,0.998365955023028,SIDM00903,uM,thalidomide,O=C1CCC(N2C(=O)c3ccccc3C2=O)C(=O)N1,o=c1ccc(n2c(=o)c3ccccc3c2=o)c(=o)n1,-2.0,1116,a549,,,,0.998365955023028,,ACH-000681,thalidomide,,,,,,,,,,Thalidomide
A549,Quisinostat (JNJ-26481585) 2HCl,10.0,0.652295198526296,SIDM00903,uM,quisinostat2hcl,Cl.Cl.Cn1cc(CNCC2CCN(c3ncc(C(=O)NO)cn3)CC2)c2ccccc21,cn1cc(cncc2ccn(c3ncc(c(=o)no)cn3)cc2)c2ccccc21,1.0,1117,a549,,,,0.652295198526296,,ACH-000681,quisinostat2hcl,,,,,,,,,,Quisinostat (JNJ-26481585) 2HCl
A549,Capecitabine ,1.0,1.0,SIDM00903,uM,capecitabine,CCCCCOC(=O)Nc1nc(=O)n(C2OC(C)C(O)C2O)cc1F,cccccoc(=o)nc1nc(=o)n(c2oc(c)c(o)c2o)cc1f,0.0,1118,a549,,,,1.0,,ACH-000681,capecitabine,0.154053260438,2.5,HTS,primary,1.1126911974063116,,,,1.1126911974063116,Capecitabine 
A549,Sirtinol,0.01,1.0,SIDM00903,uM,sirtinol,CC(NC(=O)c1ccccc1N=Cc1c(O)ccc2ccccc12)c1ccccc1,cc(nc(=o)c1ccccc1n=cc1c(o)ccc2ccccc12)c1ccccc1,-2.0,1119,a549,,,,1.0,,ACH-000681,sirtinol,,,,,,,,,,Sirtinol
A549,Tanespimycin (17-AAG),0.1,0.7960380193372629,SIDM00903,uM,tanespimycin,C=CCNC1=C2CC(C)CC(OC)C(O)C(C)/C=C(\C)C(OC(N)=O)C(OC)/C=C\C=C(/C)C(=O)NC(=CC1=O)C2=O,c=ccnc1=c2cc(c)cc(oc)c(o)c(c)c=c(c)c(oc(n)=o)c(oc)c=cc=c(c)c(=o)nc(=cc1=o)c2=o,-1.0,1120,a549,0.13,0.7683,-0.8860566476931632,0.7960380193372629,0.7683,ACH-000681,tanespimycin,-2.90462639204088,0.15625,MTS010,secondary,0.13354275446841815,,,,0.13354275446841815,Tanespimycin (17-AAG)
A549,Azacitidine ,0.1,0.9997203563927092,SIDM00903,uM,azacitidine,Nc1ncn([C@@H]2O[C@H](CO)[C@@H](O)[C@H]2O)c(=O)n1,nc1ncn([ch]2o[ch](co)[ch](o)[ch]2o)c(=o)n1,-1.0,1121,a549,0.13,1.0421333333333334,-0.8860566476931632,0.9997203563927092,1.0421333333333334,ACH-000681,azacitidine,-0.139512118681092,0.15625,MTS010,secondary,0.9078261061996827,,,,0.9078261061996827,Azacitidine 
A549,Motesanib Diphosphate (AMG-706),0.01,1.0,SIDM00903,uM,motesanibdiphosphate,CC1(C)CNc2cc(NC(=O)c3cccnc3NCc3ccncc3)ccc21.O=P(O)(O)O.O=P(O)(O)O,cc1(c)cnc2cc(nc(=o)c3cccnc3ncc3ccncc3)ccc21,-2.0,1122,a549,,,,1.0,,ACH-000681,motesanibdiphosphate,,,,,,,,,,Motesanib Diphosphate (AMG-706)
A549,KW-2449,1.0,0.643130973855478,SIDM00903,uM,kw2449,O=C(c1ccc(C=Cc2n[nH]c3ccccc23)cc1)N1CCNCC1,o=c(c1ccc(c=cc2n[nh]c3ccccc23)cc1)n1ccncc1,0.0,1123,a549,1.0,1.0209666666666666,0.0,0.643130973855478,1.0209666666666666,ACH-000681,kw2449,-1.03233940743,2.5,HTS,primary,0.488916700990206,,,,0.488916700990206,KW-2449
A549,MK-0752,0.01,0.9999999873856958,SIDM00903,uM,mk0752,O=C(O)CCC1CCC(c2cc(F)ccc2F)(S(=O)(=O)c2ccc(Cl)cc2)CC1,o=c(o)ccc1ccc(c2cc(f)ccc2f)(s(=o)(=o)c2ccc(cl)cc2)cc1,-2.0,1124,a549,0.0081,0.9339666666666666,-2.0915149811213505,0.9999999873856958,0.9339666666666666,ACH-000681,mk0752,,,,,,,,,0.9339666666666666,MK-0752
A549,Panobinostat (LBH589),10.0,0.740704072774751,SIDM00903,uM,panobinostat,Cc1[nH]c2ccccc2c1CCNCc1ccc(C=CC(=O)NO)cc1,cc1[nh]c2ccccc2c1ccncc1ccc(c=cc(=o)no)cc1,1.0,1125,a549,,,,0.740704072774751,,ACH-000681,panobinostat,-5.89598226278,2.5,HTS,primary,0.01679316228819953,,,,0.01679316228819953,Panobinostat (LBH589)
A549,Rigosertib (ON-01910),1.0,0.416867449160089,SIDM00903,uM,rigosertib,COc1cc(OC)c(/C=C/S(=O)(=O)Cc2ccc(OC)c(NCC(=O)[O-])c2)c(OC)c1.[Na+],coc1cc(oc)c(c=cs(=o)(=o)cc2ccc(oc)c(ncc(=o)[o])c2)c(oc)c1,0.0,1126,a549,1.0,0.5381,0.0,0.416867449160089,0.5381,ACH-000681,rigosertib,-1.40711581102,2.5,HTS,primary,0.37706474943011153,,,,0.37706474943011153,Rigosertib (ON-01910)
A549,XAV-939,0.01,0.998417838050506,SIDM00903,uM,xav939,Oc1nc(-c2ccc(C(F)(F)F)cc2)nc2c1CSCC2,oc1nc(c2ccc(c(f)(f)f)cc2)nc2c1cscc2,-2.0,1127,a549,,,,0.998417838050506,,ACH-000681,xav939,,,,,,,,,,XAV-939
A549,Entacapone,1.0,0.996895753166788,SIDM00903,uM,entacapone,CCN(CC)C(=O)C(C#N)=Cc1cc(O)c(O)c([N+](=O)[O-])c1,ccn(cc)c(=o)c(c#n)=cc1cc(o)c(o)c([n](=o)[o])c1,0.0,1128,a549,,,,0.996895753166788,,ACH-000681,entacapone,0.0876468193315,2.5,HTS,primary,1.0626355027709928,,,,1.0626355027709928,Entacapone
A549,Disulfiram ,10.0,1.0,SIDM00903,uM,disulfiram,CCN(CC)C(=S)SSC(=S)N(CC)CC,ccn(cc)c(=s)ssc(=s)n(cc)cc,1.0,1129,a549,,,,1.0,,ACH-000681,disulfiram,0.340737257094,2.5,HTS,primary,1.2664035959248188,,,,1.2664035959248188,Disulfiram 
A549,Flavopiridol HCl,0.1,0.845190631369476,SIDM00903,uM,flavopiridol,CN1CCC(c2c(O)cc(O)c3c(=O)cc(-c4ccccc4Cl)oc23)C(O)C1.Cl,cn1ccc(c2c(o)cc(o)c3c(=o)cc(c4ccccc4cl)oc23)c(o)c1,-1.0,1130,a549,,,,0.845190631369476,,ACH-000681,flavopiridol,,,,,,,,,,Flavopiridol HCl
A549,SL-327,0.01,0.995353245291195,SIDM00903,uM,sl327,N#C/C(=C(/N)Sc1ccc(N)cc1)c1ccccc1C(F)(F)F,n#cc(=c(n)sc1ccc(n)cc1)c1ccccc1c(f)(f)f,-2.0,1131,a549,,,,0.995353245291195,,ACH-000681,sl327,,,,,,,,,,SL-327
A549,Mocetinostat (MGCD0103),1.0,0.999735671503115,SIDM00903,uM,mocetinostat,Nc1ccccc1NC(=O)c1ccc(CNc2nccc(-c3cccnc3)n2)cc1,nc1ccccc1nc(=o)c1ccc(cnc2nccc(c3cccnc3)n2)cc1,0.0,1132,a549,,,,0.999735671503115,,ACH-000681,mocetinostat,-4.62910773168,2.5,HTS,primary,0.04041101136057597,,,,0.04041101136057597,Mocetinostat (MGCD0103)
A549,Carmofur,10.0,0.685093383449115,SIDM00903,uM,carmofur,CCCCCCNC(=O)n1cc(F)c(=O)[nH]c1=O,ccccccnc(=o)n1cc(f)c(=o)[nh]c1=o,1.0,1133,a549,,,,0.685093383449115,,ACH-000681,carmofur,-2.08825566263,2.5,HTS,primary,0.23516484919211686,,,,0.23516484919211686,Carmofur
A549,"Temsirolimus (CCI-779, NSC 683864)",1.0,0.9999538172281852,SIDM00903,uM,temsirolimus,COC1CC2CCC(C)C(O)(O2)C(=O)C(=O)N2CCCCC2C(=O)OC(C(C)CC2CCC(OC(=O)C(C)(CO)CO)C(OC)C2)CC(=O)C(C)/C=C(\C)C(O)C(OC)C(=O)C(C)CC(C)/C=C/C=C/C=C/1C,coc1cc2ccc(c)c(o)(o2)c(=o)c(=o)n2ccccc2c(=o)oc(c(c)cc2ccc(oc(=o)c(c)(co)co)c(oc)c2)cc(=o)c(c)c=c(c)c(o)c(oc)c(=o)c(c)cc(c)c=cc=cc=c1c,0.0,1134,a549,1.0,0.8382333333333333,0.0,0.9999538172281852,0.8382333333333333,ACH-000681,temsirolimus,-0.436887780764,2.5,HTS,primary,0.7387264909881492,,,,0.7387264909881492,"Temsirolimus (CCI-779, NSC 683864)"
A549,Prednisone ,0.01,1.0,SIDM00903,uM,prednisone,CC12C=CC(=O)C=C1CCC1C2C(=O)CC2(C)C1CCC2(O)C(=O)CO,cc12c=cc(=o)c=c1ccc1c2c(=o)cc2(c)c1ccc2(o)c(=o)co,-2.0,1135,a549,,,,1.0,,ACH-000681,prednisone,,,,,,,,,,Prednisone 
A549,Vandetanib (ZD6474),0.1,0.9943830426016328,SIDM00903,uM,vandetanib,COc1cc2c(Nc3ccc(Br)cc3F)ncnc2cc1OCC1CCN(C)CC1,coc1cc2c(nc3ccc(br)cc3f)ncnc2cc1occ1ccn(c)cc1,-1.0,1136,a549,0.13,0.9281333333333333,-0.8860566476931632,0.9943830426016328,0.9281333333333333,ACH-000681,vandetanib,0.325734196589,0.15625,HTS002,secondary,1.2533020896818277,,,,1.2533020896818277,Vandetanib (ZD6474)
A549,Busulfan ,0.01,0.999873413612331,SIDM00903,uM,busulfan,CS(=O)(=O)OCCCCOS(C)(=O)=O,cs(=o)(=o)occccos(c)(=o)=o,-2.0,1137,a549,,,,0.999873413612331,,ACH-000681,busulfan,0.564585467148,0.00976562,HTS002,secondary,1.4789624945294801,,,,1.4789624945294801,Busulfan 
A549,CUDC-101,0.1,0.9924037571092492,SIDM00903,uM,cudc101,C#Cc1cccc(Nc2ncnc3cc(OC)c(OCCCCCCC(=O)NO)cc23)c1,c#cc1cccc(nc2ncnc3cc(oc)c(occccccc(=o)no)cc23)c1,-1.0,1138,a549,,,,0.9924037571092492,,ACH-000681,cudc101,,0.15625,HTS002,secondary,,,,,,CUDC-101
A549,Tanespimycin (17-AAG),0.01,0.9712993051281208,SIDM00903,uM,tanespimycin,C=CCNC1=C2CC(C)CC(OC)C(O)C(C)/C=C(\C)C(OC(N)=O)C(OC)/C=C\C=C(/C)C(=O)NC(=CC1=O)C2=O,c=ccnc1=c2cc(c)cc(oc)c(o)c(c)c=c(c)c(oc(n)=o)c(oc)c=cc=c(c)c(=o)nc(=cc1=o)c2=o,-2.0,1139,a549,0.0081,1.0516666666666665,-2.0915149811213505,0.9712993051281208,1.0516666666666665,ACH-000681,tanespimycin,0.0026780816960403,0.00977,MTS010,secondary,1.0018580287772236,,,,1.0018580287772236,Tanespimycin (17-AAG)
A549,Amisulpride,0.01,0.999999686616852,SIDM00903,uM,amisulpride,CCN1CCCC1CNC(=O)c1cc(S(=O)(=O)CC)c(N)cc1OC,ccn1cccc1cnc(=o)c1cc(s(=o)(=o)cc)c(n)cc1oc,-2.0,1140,a549,,,,0.999999686616852,,ACH-000681,amisulpride,0.641942621204,0.00976562,HTS002,secondary,1.5604288978120913,,,,1.5604288978120913,Amisulpride
A549,SRT3025 HCl,1.0,0.907587640263448,SIDM00903,uM,srt3025,COCCCc1sc(-c2ccccc2)nc1C(=O)Nc1ccccc1-c1nc2cc(CN3CCCC3)cnc2s1.Cl,cocccc1sc(c2ccccc2)nc1c(=o)nc1ccccc1c1nc2cc(cn3cccc3)cnc2s1,0.0,1141,a549,,,,0.907587640263448,,ACH-000681,srt3025,,,,,,,,,,SRT3025 HCl
A549,Obatoclax Mesylate (GX15-070),0.01,0.999999999874362,SIDM00903,uM,obatoclax,COC1=CC(c2cc3ccccc3[nH]2)=N/C1=C\c1[nH]c(C)cc1C.CS(=O)(=O)O,coc1=cc(c2cc3ccccc3[nh]2)=nc1=cc1[nh]c(c)cc1c,-2.0,1142,a549,0.0081,0.9839666666666668,-2.0915149811213505,0.999999999874362,0.9839666666666668,ACH-000681,obatoclax,-0.691913111005,0.00976562,HTS002,secondary,0.6190324266765217,,,,0.6190324266765217,Obatoclax Mesylate (GX15-070)
A549,MLN8054,0.01,0.91442795553609,SIDM00903,uM,mln8054,O=C(O)c1ccc(Nc2ncc3c(n2)-c2ccc(Cl)cc2C(c2c(F)cccc2F)=NC3)cc1,o=c(o)c1ccc(nc2ncc3c(n2)c2ccc(cl)cc2c(c2c(f)cccc2f)=nc3)cc1,-2.0,1143,a549,,,,0.91442795553609,,ACH-000681,mln8054,-0.0193730921982,0.00976562,HTS002,secondary,0.9866613545625806,,,,0.9866613545625806,MLN8054
A549,Ellagic acid,0.1,0.999999521275182,SIDM00903,uM,ellagicacid,O=c1oc2c(O)c(O)cc3c(=O)oc4c(O)c(O)cc1c4c23,o=c1oc2c(o)c(o)cc3c(=o)oc4c(o)c(o)cc1c4c23,-1.0,1144,a549,,,,0.999999521275182,,ACH-000681,ellagicacid,,,,,,,,,,Ellagic acid
A549,Cediranib (AZD2171),0.1,0.949765216944406,SIDM00903,uM,cediranib,COc1cc2c(Oc3ccc4[nH]c(C)cc4c3F)ncnc2cc1OCCCN1CCCC1,coc1cc2c(oc3ccc4[nh]c(c)cc4c3f)ncnc2cc1occcn1cccc1,-1.0,1145,a549,,,,0.949765216944406,,ACH-000681,cediranib,0.484337147559,0.15625,HTS002,secondary,1.398942967552625,,,,1.398942967552625,Cediranib (AZD2171)
A549,"Cerdulatinib (PRT062070, PRT2070)",0.01,0.9999433492975558,SIDM00903,uM,cerdulatinib,CCS(=O)(=O)N1CCN(c2ccc(Nc3ncc(C(N)=O)c(NC4CC4)n3)cc2)CC1.Cl,ccs(=o)(=o)n1ccn(c2ccc(nc3ncc(c(n)=o)c(nc4cc4)n3)cc2)cc1,-2.0,1146,a549,,,,0.9999433492975558,,ACH-000681,cerdulatinib,,,,,,,,,,"Cerdulatinib (PRT062070, PRT2070)"
A549,Meprednisone,10.0,1.0,SIDM00903,uM,meprednisone,CC1CC2C3CCC4=CC(=O)C=CC4(C)C3C(=O)CC2(C)C1(O)C(=O)CO,cc1cc2c3ccc4=cc(=o)c=cc4(c)c3c(=o)cc2(c)c1(o)c(=o)co,1.0,1147,a549,,,,1.0,,ACH-000681,meprednisone,,,,,,,,,,Meprednisone
A549,PF-3845,0.01,0.996729015109016,SIDM00903,uM,pf3845,O=C(Nc1cccnc1)N1CCC(Cc2cccc(Oc3ccc(C(F)(F)F)cn3)c2)CC1,o=c(nc1cccnc1)n1ccc(cc2cccc(oc3ccc(c(f)(f)f)cn3)c2)cc1,-2.0,1148,a549,,,,0.996729015109016,,ACH-000681,pf3845,0.405940319981,0.00976562,HTS002,secondary,1.3249522065647146,,,,1.3249522065647146,PF-3845
A549,Lomustine ,0.01,1.0,SIDM00903,uM,lomustine,O=NN(CCCl)C(=O)NC1CCCCC1,o=nn(cccl)c(=o)nc1ccccc1,-2.0,1149,a549,,,,1.0,,ACH-000681,lomustine,,,,,,,,,,Lomustine 
A549,ITSA-1 (ITSA1),1.0,0.9999837764858268,SIDM00903,uM,itsa1,O=C(c1ccc(Cl)cc1Cl)n1nnc2ccccc21,o=c(c1ccc(cl)cc1cl)n1nnc2ccccc21,0.0,1150,a549,,,,0.9999837764858268,,ACH-000681,itsa1,,,,,,,,,,ITSA-1 (ITSA1)
A549,Anacardic Acid,10.0,1.0,SIDM00903,uM,anacardicacid,CCCCCCCCCCCCCCCc1cccc(O)c1C(=O)O,cccccccccccccccc1cccc(o)c1c(=o)o,1.0,1151,a549,,,,1.0,,ACH-000681,anacardicacid,,,,,,,,,,Anacardic Acid
A549,Regorafenib (BAY 73-4506),1.0,0.998462923200806,SIDM00903,uM,regorafenib,CNC(=O)c1cc(Oc2ccc(NC(=O)Nc3ccc(Cl)c(C(F)(F)F)c3)c(F)c2)ccn1,cnc(=o)c1cc(oc2ccc(nc(=o)nc3ccc(cl)c(c(f)(f)f)c3)c(f)c2)ccn1,0.0,1152,a549,1.0,1.0221,0.0,0.998462923200806,1.0221,ACH-000681,regorafenib,-0.0373438125134,2.5,HTS,primary,0.974447380057379,,,,0.974447380057379,Regorafenib (BAY 73-4506)
A549,Pelitinib (EKB-569),0.1,0.970998902553193,SIDM00903,uM,pelitinib,CCOc1cc2ncc(C#N)c(Nc3ccc(F)c(Cl)c3)c2cc1NC(=O)/C=C/CN(C)C,ccoc1cc2ncc(c#n)c(nc3ccc(f)c(cl)c3)c2cc1nc(=o)c=ccn(c)c,-1.0,1153,a549,,,,0.970998902553193,,ACH-000681,pelitinib,0.14741431733,0.15625,HTS002,secondary,1.1075826175913543,,,,1.1075826175913543,Pelitinib (EKB-569)
A549,ENMD-2076,0.1,0.998980813359472,SIDM00903,uM,enmd2076,Cc1cc(Nc2cc(N3CCN(C)CC3)nc(C=Cc3ccccc3)n2)n[nH]1,cc1cc(nc2cc(n3ccn(c)cc3)nc(c=cc3ccccc3)n2)n[nh]1,-1.0,1154,a549,,,,0.998980813359472,,ACH-000681,enmd2076,0.370038636664,0.15625,HTS002,secondary,1.2923874414660403,,,,1.2923874414660403,ENMD-2076
A549,Lapatinib (GW-572016) Ditosylate,0.01,0.999999998298511,SIDM00903,uM,lapatinibditosylate,CS(=O)(=O)CCNCc1ccc(-c2ccc3ncnc(Nc4ccc(OCc5cccc(F)c5)c(Cl)c4)c3c2)o1.Cc1ccc(S(=O)(=O)O)cc1.Cc1ccc(S(=O)(=O)O)cc1,cs(=o)(=o)ccncc1ccc(c2ccc3ncnc(nc4ccc(occ5cccc(f)c5)c(cl)c4)c3c2)o1,-2.0,1155,a549,,,,0.999999998298511,,ACH-000681,lapatinibditosylate,,,,,,,,,,Lapatinib (GW-572016) Ditosylate
A549,RG108,10.0,1.0,SIDM00903,uM,rg108,O=C(O)[C@H](Cc1c[nH]c2ccccc12)N1C(=O)c2ccccc2C1=O,o=c(o)[ch](cc1c[nh]c2ccccc12)n1c(=o)c2ccccc2c1=o,1.0,1156,a549,8.3,1.0001,0.919078092376074,1.0,1.0001,ACH-000681,rg108,-0.510237793629,2.5,HTS,primary,0.7021067029033703,,,,0.7021067029033703,RG108
A549,Alendronate sodium trihydrate,1.0,0.7346215287689941,SIDM00903,uM,alendronatetrihydrate,NCCCC(O)(P(=O)(O)O)P(=O)(O)O[Na].O.O.O,ncccc(o)(p(=o)(o)o)p(=o)(o)o[na],0.0,1157,a549,,,,0.7346215287689941,,ACH-000681,alendronatetrihydrate,,,,,,,,,,Alendronate sodium trihydrate
A549,AZD1480,10.0,0.6003492604142739,SIDM00903,uM,azd1480,Cc1cc(Nc2nc(N[C@@H](C)c3ncc(F)cn3)ncc2Cl)n[nH]1,cc1cc(nc2nc(n[ch](c)c3ncc(f)cn3)ncc2cl)n[nh]1,1.0,1158,a549,,,,0.6003492604142739,,ACH-000681,azd1480,-0.0171044235764,2.5,HTS,primary,0.9882141210770925,,,,0.9882141210770925,AZD1480
A549,Andarine,0.01,1.0,SIDM00903,uM,andarine,CC(=O)Nc1ccc(OCC(C)(O)C(=O)Nc2ccc([N+](=O)[O-])c(C(F)(F)F)c2)cc1,cc(=o)nc1ccc(occ(c)(o)c(=o)nc2ccc([n](=o)[o])c(c(f)(f)f)c2)cc1,-2.0,1159,a549,,,,1.0,,ACH-000681,andarine,,,,,,,,,,Andarine
A549,Givinostat (ITF2357),1.0,0.829229460018007,SIDM00903,uM,givinostat,CCN(CC)Cc1ccc2cc(COC(=O)Nc3ccc(C(=O)NO)cc3)ccc2c1.Cl.O,ccn(cc)cc1ccc2cc(coc(=o)nc3ccc(c(=o)no)cc3)ccc2c1,0.0,1160,a549,,,,0.829229460018007,,ACH-000681,givinostat,-4.4427538212,2.5,HTS,primary,0.04598305660187911,,,,0.04598305660187911,Givinostat (ITF2357)
A549,Enzastaurin (LY317615),0.01,0.999990034709802,SIDM00903,uM,enzastaurin,Cn1cc(C2=C(c3cn(C4CCN(Cc5ccccn5)CC4)c4ccccc34)C(=O)NC2=O)c2ccccc21,cn1cc(c2=c(c3cn(c4ccn(cc5ccccn5)cc4)c4ccccc34)c(=o)nc2=o)c2ccccc21,-2.0,1161,a549,,,,0.999990034709802,,ACH-000681,enzastaurin,,,,,,,,,,Enzastaurin (LY317615)
A549,KW-2449,10.0,0.4365196368912349,SIDM00903,uM,kw2449,O=C(c1ccc(C=Cc2n[nH]c3ccccc23)cc1)N1CCNCC1,o=c(c1ccc(c=cc2n[nh]c3ccccc23)cc1)n1ccncc1,1.0,1162,a549,8.3,0.5923333333333334,0.919078092376074,0.4365196368912349,0.5923333333333334,ACH-000681,kw2449,-1.03233940743,2.5,HTS,primary,0.488916700990206,,,,0.488916700990206,KW-2449
A549,Entinostat (MS-275),10.0,0.943528353395683,SIDM00903,uM,entinostat,Nc1ccccc1NC(=O)c1ccc(CNC(=O)OCc2cccnc2)cc1,nc1ccccc1nc(=o)c1ccc(cnc(=o)occ2cccnc2)cc1,1.0,1163,a549,8.3,0.5170333333333333,0.919078092376074,0.943528353395683,0.5170333333333333,ACH-000681,entinostat,-1.75417042266,2.5,HTS,primary,0.29644360449829005,,,,0.29644360449829005,Entinostat (MS-275)
A549,Cimetidine ,0.01,0.9961826388595948,SIDM00903,uM,cimetidine,CNC(=NC#N)NCCSCc1nc[nH]c1C,cnc(=nc#n)nccscc1nc[nh]c1c,-2.0,1164,a549,0.0081,1.215,-2.0915149811213505,0.9961826388595948,1.215,ACH-000681,cimetidine,-0.0658640346688,0.00976562,HTS002,secondary,0.955372970296607,,,,0.955372970296607,Cimetidine 
A549,Ofloxacin,0.1,0.999964696817355,SIDM00903,uM,ofloxacin,CC1COc2c(N3CCN(C)CC3)c(F)cc3c(=O)c(C(=O)O)cn1c23,cc1coc2c(n3ccn(c)cc3)c(f)cc3c(=o)c(c(=o)o)cn1c23,-1.0,1165,a549,,,,0.999964696817355,,ACH-000681,ofloxacin,,,,,,,,,,Ofloxacin
A549,BMS-536924,0.1,0.898191823772573,SIDM00903,uM,bms536924,Cc1cc(N2CCOCC2)cc2[nH]c(-c3c(NCC(O)c4cccc(Cl)c4)cc[nH]c3=O)nc12,cc1cc(n2ccocc2)cc2[nh]c(c3c(ncc(o)c4cccc(cl)c4)cc[nh]c3=o)nc12,-1.0,1166,a549,0.072,0.9993666666666666,-1.1426675035687315,0.898191823772573,0.9993666666666666,ACH-000681,bms536924,,,,,,,,,0.9993666666666666,BMS-536924
A549,Gandotinib (LY2784544),1.0,0.8928324753396178,SIDM00903,uM,gandotinib,Cc1cc(Nc2cc(CN3CCOCC3)c3nc(C)c(Cc4ccc(Cl)cc4F)n3n2)[nH]n1,cc1cc(nc2cc(cn3ccocc3)c3nc(c)c(cc4ccc(cl)cc4f)n3n2)[nh]n1,0.0,1167,a549,,,,0.8928324753396178,,ACH-000681,gandotinib,,,,,,,,,,Gandotinib (LY2784544)
A549,SNS-314,0.01,0.999986780152172,SIDM00903,uM,sns314,CS(=O)(=O)O.O=C(Nc1cccc(Cl)c1)Nc1ncc(CCNc2ncnc3ccsc23)s1,o=c(nc1cccc(cl)c1)nc1ncc(ccnc2ncnc3ccsc23)s1,-2.0,1168,a549,,,,0.999986780152172,,ACH-000681,sns314,-0.314709974185,0.00976562,HTS002,secondary,0.8040126056150251,,,,0.8040126056150251,SNS-314
A549,UNC0631,10.0,0.9886643647700052,SIDM00903,uM,unc0631,COc1cc2c(NC3CCN(CC4CCCCC4)CC3)nc(N3CCCN(C(C)C)CC3)nc2cc1OCCCN1CCCCC1,coc1cc2c(nc3ccn(cc4ccccc4)cc3)nc(n3cccn(c(c)c)cc3)nc2cc1occcn1ccccc1,1.0,1169,a549,,,,0.9886643647700052,,ACH-000681,unc0631,0.680479075272,2.499994836,MTS004,primary,1.6026718655495185,,,,1.6026718655495185,UNC0631
A549,SB431542,0.01,0.9999932662429468,SIDM00903,uM,sb431542,NC(=O)c1ccc(-c2nc(-c3ccc4c(c3)OCO4)c(-c3ccccn3)[nH]2)cc1,nc(=o)c1ccc(c2nc(c3ccc4c(c3)oco4)c(c3ccccn3)[nh]2)cc1,-2.0,1170,a549,0.0081,0.98305,-2.0915149811213505,0.9999932662429468,0.98305,ACH-000681,sb431542,0.0754533492949,0.00976562,HTS002,secondary,1.0536920938068977,,,,1.0536920938068977,SB431542
A549,SB431542,1.0,0.999948528129184,SIDM00903,uM,sb431542,NC(=O)c1ccc(-c2nc(-c3ccc4c(c3)OCO4)c(-c3ccccn3)[nH]2)cc1,nc(=o)c1ccc(c2nc(c3ccc4c(c3)oco4)c(c3ccccn3)[nh]2)cc1,0.0,1171,a549,1.0,0.9763999999999999,0.0,0.999948528129184,0.9763999999999999,ACH-000681,sb431542,-0.106085487373,2.5,HTS,primary,0.9291056181582799,,,,0.9291056181582799,SB431542
A549,WP1066,10.0,1.0,SIDM00903,uM,wp1066,C[C@H](NC(=O)C(C#N)=Cc1cccc(Br)n1)c1ccccc1,c[ch](nc(=o)c(c#n)=cc1cccc(br)n1)c1ccccc1,1.0,1172,a549,,,,1.0,,ACH-000681,wp1066,-3.87380093327,2.57,HTS,primary,0.06821340392551556,,,,0.06821340392551556,WP1066
A549,JNJ-26854165 (Serdemetan),0.01,1.0,SIDM00903,uM,jnj26854165,c1ccc2c(CCNc3ccc(Nc4ccncc4)cc3)c[nH]c2c1,c1ccc2c(ccnc3ccc(nc4ccncc4)cc3)c[nh]c2c1,-2.0,1173,a549,,,,1.0,,ACH-000681,jnj26854165,,,,,,,,,,JNJ-26854165 (Serdemetan)
A549,Aminoglutethimide ,0.01,1.0,SIDM00903,uM,aminoglutethimide,CCC1(c2ccc(N)cc2)CCC(=O)NC1=O,ccc1(c2ccc(n)cc2)ccc(=o)nc1=o,-2.0,1174,a549,,,,1.0,,ACH-000681,aminoglutethimide,-0.167455463079577,0.00977,MTS010,secondary,0.8904117506131745,,,,0.8904117506131745,Aminoglutethimide 
A549,Navitoclax (ABT-263),0.1,1.0,SIDM00903,uM,navitoclax,CC1(C)CCC(c2ccc(Cl)cc2)=C(CN2CCN(c3ccc(C(=O)NS(=O)(=O)c4ccc(N[C@H](CCN5CCOCC5)CSc5ccccc5)c(S(=O)(=O)C(F)(F)F)c4)cc3)CC2)C1,cc1(c)ccc(c2ccc(cl)cc2)=c(cn2ccn(c3ccc(c(=o)ns(=o)(=o)c4ccc(n[ch](ccn5ccocc5)csc5ccccc5)c(s(=o)(=o)c(f)(f)f)c4)cc3)cc2)c1,-1.0,1175,a549,0.13,1.0101333333333333,-0.8860566476931632,1.0,1.0101333333333333,ACH-000681,navitoclax,-0.326569820871298,0.15625,MTS010,secondary,0.7974302168031372,,,,0.7974302168031372,Navitoclax (ABT-263)
A549,AT9283,0.1,0.999912047283981,SIDM00903,uM,at9283,O=C(Nc1c[nH]nc1-c1nc2cc(CN3CCOCC3)ccc2[nH]1)NC1CC1,o=c(nc1c[nh]nc1c1nc2cc(cn3ccocc3)ccc2[nh]1)nc1cc1,-1.0,1176,a549,,,,0.999912047283981,,ACH-000681,at9283,0.152632350082,0.15625,HTS002,secondary,1.1115958473317886,,,,1.1115958473317886,AT9283
A549,Nintedanib (BIBF 1120),0.01,0.9999999341902608,SIDM00903,uM,nintedanib,COC(=O)c1ccc2c(c1)NC(=O)/C2=C(\Nc1ccc(N(C)C(=O)CN2CCN(C)CC2)cc1)c1ccccc1,coc(=o)c1ccc2c(c1)nc(=o)c2=c(nc1ccc(n(c)c(=o)cn2ccn(c)cc2)cc1)c1ccccc1,-2.0,1177,a549,0.0081,0.9846333333333334,-2.0915149811213505,0.9999999341902608,0.9846333333333334,ACH-000681,nintedanib,0.447541360299,0.00976562,HTS002,secondary,1.3637142346388542,,,,1.3637142346388542,Nintedanib (BIBF 1120)
A549,YM155 (Sepantronium Bromide),1.0,0.436992733160664,SIDM00903,uM,ym155,COCCn1c2c([n+](Cc3cnccn3)c1C)C(=O)c1ccccc1C2=O.[Br-],coccn1c2c([n](cc3cnccn3)c1c)c(=o)c1ccccc1c2=o,0.0,1178,a549,1.0,0.05847666666666667,0.0,0.436992733160664,0.05847666666666667,ACH-000681,ym155,-3.07004085205,2.5,HTS,primary,0.11907637788348953,,,,0.11907637788348953,YM155 (Sepantronium Bromide)
A549,Meprednisone,0.01,1.0,SIDM00903,uM,meprednisone,CC1CC2C3CCC4=CC(=O)C=CC4(C)C3C(=O)CC2(C)C1(O)C(=O)CO,cc1cc2c3ccc4=cc(=o)c=cc4(c)c3c(=o)cc2(c)c1(o)c(=o)co,-2.0,1179,a549,,,,1.0,,ACH-000681,meprednisone,,,,,,,,,,Meprednisone
A549,Ramelteon,0.1,0.9997899591335409,SIDM00903,uM,ramelteon,CCC(=O)NCCC1CCc2ccc3c(c21)CCO3,ccc(=o)nccc1ccc2ccc3c(c21)cco3,-1.0,1180,a549,,,,0.9997899591335409,,ACH-000681,ramelteon,,,,,,,,,,Ramelteon
A549,Streptozotocin (STZ),10.0,0.973958172291152,SIDM00903,uM,streptozotocin,CN(N=O)C(=O)NC1C(O)OC(CO)C(O)C1O,cn(n=o)c(=o)nc1c(o)oc(co)c(o)c1o,1.0,1181,a549,,,,0.973958172291152,,ACH-000681,streptozotocin,0.215800311892,2.5,HTS,primary,1.1613479748540454,,,,1.1613479748540454,Streptozotocin (STZ)
A549,Lenalidomide (CC-5013),1.0,0.983208101743122,SIDM00903,uM,lenalidomide,Nc1cccc2c1CN(C1CCC(=O)NC1=O)C2=O,nc1cccc2c1cn(c1ccc(=o)nc1=o)c2=o,0.0,1182,a549,,,,0.983208101743122,,ACH-000681,lenalidomide,0.0423573774683,2.5,HTS,primary,1.0297951477361105,,,,1.0297951477361105,Lenalidomide (CC-5013)
A549,S3I-201,1.0,0.997040800582003,SIDM00903,uM,s3i201,Cc1ccc(S(=O)(=O)OCC(=O)Nc2ccc(C(=O)O)c(O)c2)cc1,cc1ccc(s(=o)(=o)occ(=o)nc2ccc(c(=o)o)c(o)c2)cc1,0.0,1183,a549,,,,0.997040800582003,,ACH-000681,s3i201,,,,,,,,,,S3I-201
A549,"Roscovitine (Seliciclib,CYC202)",0.1,0.996988120742526,SIDM00903,uM,roscovitine,CCC(CO)Nc1nc(NCc2ccccc2)c2ncn(C(C)C)c2n1,ccc(co)nc1nc(ncc2ccccc2)c2ncn(c(c)c)c2n1,-1.0,1184,a549,,,,0.996988120742526,,ACH-000681,roscovitine,0.353780051882865,0.15625,MTS010,secondary,1.277904523605884,,,,1.277904523605884,"Roscovitine (Seliciclib,CYC202)"
A549,Dasatinib,10.0,0.7159951911173241,SIDM00903,uM,dasatinib,Cc1nc(Nc2ncc(C(=O)Nc3c(C)cccc3Cl)s2)cc(N2CCN(CCO)CC2)n1,cc1nc(nc2ncc(c(=o)nc3c(c)cccc3cl)s2)cc(n2ccn(cco)cc2)n1,1.0,1185,a549,8.3,0.43239999999999995,0.919078092376074,0.7159951911173241,0.43239999999999995,ACH-000681,dasatinib,-1.27004142715,2.5,HTS,primary,0.41464786607626203,,,,0.41464786607626203,Dasatinib
A549,Entinostat (MS-275),0.01,0.999992680513786,SIDM00903,uM,entinostat,Nc1ccccc1NC(=O)c1ccc(CNC(=O)OCc2cccnc2)cc1,nc1ccccc1nc(=o)c1ccc(cnc(=o)occ2cccnc2)cc1,-2.0,1186,a549,0.0081,1.0274999999999999,-2.0915149811213505,0.999992680513786,1.0274999999999999,ACH-000681,entinostat,0.425671051678,0.00976562,HTS002,secondary,1.3431971289606155,,,,1.3431971289606155,Entinostat (MS-275)
A549,Thalidomide,10.0,0.983454515541502,SIDM00903,uM,thalidomide,O=C1CCC(N2C(=O)c3ccccc3C2=O)C(=O)N1,o=c1ccc(n2c(=o)c3ccccc3c2=o)c(=o)n1,1.0,1187,a549,,,,0.983454515541502,,ACH-000681,thalidomide,-0.35388811796,2.5,HTS,primary,0.782472460686794,,,,0.782472460686794,Thalidomide
A549,Ivosidenib (AG-120),0.01,0.999954185181515,SIDM00903,uM,ivosidenib,N#Cc1ccnc(N2C(=O)CCC2C(=O)N(c2cncc(F)c2)C(C(=O)NC2CC(F)(F)C2)c2ccccc2Cl)c1,n#cc1ccnc(n2c(=o)ccc2c(=o)n(c2cncc(f)c2)c(c(=o)nc2cc(f)(f)c2)c2ccccc2cl)c1,-2.0,1188,a549,,,,0.999954185181515,,ACH-000681,ivosidenib,0.356603652610082,0.00977,MTS010,secondary,1.2804080502464368,,,,1.2804080502464368,Ivosidenib (AG-120)
A549,Fasudil (HA-1077) HCl,1.0,1.0,SIDM00903,uM,fasudil,Cl.O=S(=O)(c1cccc2cnccc12)N1CCCNCC1,o=s(=o)(c1cccc2cnccc12)n1cccncc1,0.0,1189,a549,,,,1.0,,ACH-000681,fasudil,-0.202564214196,2.5,HTS,primary,0.8690046402676932,,,,0.8690046402676932,Fasudil (HA-1077) HCl
A549,Altretamine,0.01,0.9999993092299008,SIDM00903,uM,altretamine,CN(C)c1nc(N(C)C)nc(N(C)C)n1,cn(c)c1nc(n(c)c)nc(n(c)c)n1,-2.0,1190,a549,,,,0.9999993092299008,,ACH-000681,altretamine,,0.00976562,HTS002,secondary,,,,,,Altretamine
A549,CUDC-101,10.0,0.666574819435625,SIDM00903,uM,cudc101,C#Cc1cccc(Nc2ncnc3cc(OC)c(OCCCCCCC(=O)NO)cc23)c1,c#cc1cccc(nc2ncnc3cc(oc)c(occccccc(=o)no)cc23)c1,1.0,1191,a549,,,,0.666574819435625,,ACH-000681,cudc101,-2.97301830326,2.5,HTS,primary,0.12735978377197765,,,,0.12735978377197765,CUDC-101
A549,Entacapone,0.01,0.999618613691625,SIDM00903,uM,entacapone,CCN(CC)C(=O)C(C#N)=Cc1cc(O)c(O)c([N+](=O)[O-])c1,ccn(cc)c(=o)c(c#n)=cc1cc(o)c(o)c([n](=o)[o])c1,-2.0,1192,a549,,,,0.999618613691625,,ACH-000681,entacapone,,,,,,,,,,Entacapone
A549,S3I-201,0.1,0.9982889910954228,SIDM00903,uM,s3i201,Cc1ccc(S(=O)(=O)OCC(=O)Nc2ccc(C(=O)O)c(O)c2)cc1,cc1ccc(s(=o)(=o)occ(=o)nc2ccc(c(=o)o)c(o)c2)cc1,-1.0,1193,a549,,,,0.9982889910954228,,ACH-000681,s3i201,,,,,,,,,,S3I-201
A549,Trichostatin A (TSA),1.0,0.935733688546024,SIDM00903,uM,trichostatina,CC(C=CC(=O)NO)=C[C@@H](C)C(=O)c1ccc(N(C)C)cc1,cc(c=cc(=o)no)=c[ch](c)c(=o)c1ccc(n(c)c)cc1,0.0,1194,a549,,,,0.935733688546024,,ACH-000681,trichostatina,-4.01593763264,2.63,HTS,primary,0.06181335439250957,,,,0.06181335439250957,Trichostatin A (TSA)
A549,Cyclocytidine HCl,0.01,0.983060507218078,SIDM00903,uM,cyclocytidine,Cl.N=c1ccn2c(n1)OC1C(O)C(CO)OC12,n=c1ccn2c(n1)oc1c(o)c(co)oc12,-2.0,1195,a549,,,,0.983060507218078,,ACH-000681,cyclocytidine,0.495802309391,0.00976562,HTS002,secondary,1.4101047224447005,,,,1.4101047224447005,Cyclocytidine HCl
A549,Tazemetostat (EPZ-6438),1.0,0.99999839309609,SIDM00903,uM,tazemetostat,CCN(c1cc(-c2ccc(CN3CCOCC3)cc2)cc(C(=O)NCc2c(C)cc(C)[nH]c2=O)c1C)C1CCOCC1,ccn(c1cc(c2ccc(cn3ccocc3)cc2)cc(c(=o)ncc2c(c)cc(c)[nh]c2=o)c1c)c1ccocc1,0.0,1196,a549,,,,0.99999839309609,,ACH-000681,tazemetostat,0.00710604690876,2.31,HTS,primary,1.004937686774928,,,,1.004937686774928,Tazemetostat (EPZ-6438)
A549,AZ 960,0.1,0.9967429808900732,SIDM00903,uM,az960,Cc1cc(Nc2nc(N[C@@H](C)c3ccc(F)cc3)c(C#N)cc2F)n[nH]1,cc1cc(nc2nc(n[ch](c)c3ccc(f)cc3)c(c#n)cc2f)n[nh]1,-1.0,1197,a549,,,,0.9967429808900732,,ACH-000681,az960,0.25090743559,0.15625,HTS002,secondary,1.1899553454182323,,,,1.1899553454182323,AZ 960
A549,MLN8054,10.0,0.739532032130215,SIDM00903,uM,mln8054,O=C(O)c1ccc(Nc2ncc3c(n2)-c2ccc(Cl)cc2C(c2c(F)cccc2F)=NC3)cc1,o=c(o)c1ccc(nc2ncc3c(n2)c2ccc(cl)cc2c(c2c(f)cccc2f)=nc3)cc1,1.0,1198,a549,,,,0.739532032130215,,ACH-000681,mln8054,-0.622078582375,2.5,HTS,primary,0.6497341397964504,,,,0.6497341397964504,MLN8054
A549,Cyclocytidine HCl,0.1,0.7804149184360909,SIDM00903,uM,cyclocytidine,Cl.N=c1ccn2c(n1)OC1C(O)C(CO)OC12,n=c1ccn2c(n1)oc1c(o)c(co)oc12,-1.0,1199,a549,,,,0.7804149184360909,,ACH-000681,cyclocytidine,-0.142624371308,0.15625,HTS002,secondary,0.9058698099865133,,,,0.9058698099865133,Cyclocytidine HCl
A549,Danusertib (PHA-739358),1.0,0.749136192906542,SIDM00903,uM,danusertib,CO[C@@H](C(=O)N1Cc2[nH]nc(NC(=O)c3ccc(N4CCN(C)CC4)cc3)c2C1)c1ccccc1,co[ch](c(=o)n1cc2[nh]nc(nc(=o)c3ccc(n4ccn(c)cc4)cc3)c2c1)c1ccccc1,0.0,1200,a549,,,,0.749136192906542,,ACH-000681,danusertib,-1.69135285669,2.41,HTS,primary,0.3096364338034368,,,,0.3096364338034368,Danusertib (PHA-739358)
A549,ZM 447439,0.01,0.9990482191704508,SIDM00903,uM,zm447439,COc1cc2c(Nc3ccc(NC(=O)c4ccccc4)cc3)ncnc2cc1OCCCN1CCOCC1,coc1cc2c(nc3ccc(nc(=o)c4ccccc4)cc3)ncnc2cc1occcn1ccocc1,-2.0,1201,a549,,,,0.9990482191704508,,ACH-000681,zm447439,0.567885720692,0.00976562,HTS002,secondary,1.4823495847133366,,,,1.4823495847133366,ZM 447439
A549,CUDC-907,0.01,0.9692084793041128,SIDM00903,uM,cudc907,COc1ccc(-c2nc(N3CCOCC3)c3sc(CN(C)c4ncc(C(=O)NO)cn4)cc3n2)cn1,coc1ccc(c2nc(n3ccocc3)c3sc(cn(c)c4ncc(c(=o)no)cn4)cc3n2)cn1,-2.0,1202,a549,,,,0.9692084793041128,,ACH-000681,cudc907,0.339906904794,0.00976562,HTS002,secondary,1.2656749190038408,,,,1.2656749190038408,CUDC-907
A549,MLN8054,1.0,0.740045917244077,SIDM00903,uM,mln8054,O=C(O)c1ccc(Nc2ncc3c(n2)-c2ccc(Cl)cc2C(c2c(F)cccc2F)=NC3)cc1,o=c(o)c1ccc(nc2ncc3c(n2)c2ccc(cl)cc2c(c2c(f)cccc2f)=nc3)cc1,0.0,1203,a549,,,,0.740045917244077,,ACH-000681,mln8054,-0.622078582375,2.5,HTS,primary,0.6497341397964504,,,,0.6497341397964504,MLN8054
A549,GSK1070916,0.01,0.99961779778149,SIDM00903,uM,gsk1070916,CCn1cc(-c2ccnc3[nH]c(-c4cccc(CN(C)C)c4)cc23)c(-c2ccc(NC(=O)N(C)C)cc2)n1,ccn1cc(c2ccnc3[nh]c(c4cccc(cn(c)c)c4)cc23)c(c2ccc(nc(=o)n(c)c)cc2)n1,-2.0,1204,a549,,,,0.99961779778149,,ACH-000681,gsk1070916,0.115582959589,0.00976562,HTS002,secondary,1.0834127390368629,,,,1.0834127390368629,GSK1070916
A549,Clevudine ,0.1,1.0,SIDM00903,uM,clevudine,Cc1cn([C@H]2O[C@@H](CO)[C@H](O)[C@H]2F)c(=O)[nH]c1=O,cc1cn([ch]2o[ch](co)[ch](o)[ch]2f)c(=o)[nh]c1=o,-1.0,1205,a549,,,,1.0,,ACH-000681,clevudine,,,,,,,,,,Clevudine 
A549,Filgotinib (GLPG0634),0.1,1.0,SIDM00903,uM,filgotinib,O=C(Nc1nc2cccc(-c3ccc(CN4CCS(=O)(=O)CC4)cc3)n2n1)C1CC1,o=c(nc1nc2cccc(c3ccc(cn4ccs(=o)(=o)cc4)cc3)n2n1)c1cc1,-1.0,1206,a549,,,,1.0,,ACH-000681,filgotinib,0.296968245147,0.15625,HTS002,secondary,1.2285599385771335,,,,1.2285599385771335,Filgotinib (GLPG0634)
A549,Thalidomide,0.1,0.993085276156729,SIDM00903,uM,thalidomide,O=C1CCC(N2C(=O)c3ccccc3C2=O)C(=O)N1,o=c1ccc(n2c(=o)c3ccccc3c2=o)c(=o)n1,-1.0,1207,a549,,,,0.993085276156729,,ACH-000681,thalidomide,,,,,,,,,,Thalidomide
A549,Bosutinib (SKI-606),1.0,1.0,SIDM00903,uM,bosutinib,COc1cc(Nc2c(C#N)cnc3cc(OCCCN4CCN(C)CC4)c(OC)cc23)c(Cl)cc1Cl,coc1cc(nc2c(c#n)cnc3cc(occcn4ccn(c)cc4)c(oc)cc23)c(cl)cc1cl,0.0,1208,a549,1.0,0.9446,0.0,1.0,0.9446,ACH-000681,bosutinib,-0.16171559147,2.5,HTS,primary,0.8939613778248687,,,,0.8939613778248687,Bosutinib (SKI-606)
A549,CUDC-907,10.0,0.3522669984079249,SIDM00903,uM,cudc907,COc1ccc(-c2nc(N3CCOCC3)c3sc(CN(C)c4ncc(C(=O)NO)cn4)cc3n2)cn1,coc1ccc(c2nc(n3ccocc3)c3sc(cn(c)c4ncc(c(=o)no)cn4)cc3n2)cn1,1.0,1209,a549,,,,0.3522669984079249,,ACH-000681,cudc907,-4.96217115923,2.5,HTS,primary,0.03208024212495987,,,,0.03208024212495987,CUDC-907
A549,Iniparib (BSI-201),0.1,0.9999304824157652,SIDM00903,uM,iniparib,NC(=O)c1ccc(I)c([N+](=O)[O-])c1,nc(=o)c1ccc(i)c([n](=o)[o])c1,-1.0,1210,a549,,,,0.9999304824157652,,ACH-000681,iniparib,-0.18284396902321,0.15625,MTS010,secondary,0.8809646474436775,,,,0.8809646474436775,Iniparib (BSI-201)
A549,Decitabine,1.0,0.999944702434687,SIDM00903,uM,decitabine,Nc1ncn([C@H]2C[C@H](O)[C@@H](CO)O2)c(=O)n1,nc1ncn([ch]2c[ch](o)[ch](co)o2)c(=o)n1,0.0,1211,a549,1.0,0.9474333333333332,0.0,0.999944702434687,0.9474333333333332,ACH-000681,decitabine,-0.888603549279,2.5,HTS,primary,0.5401366883837962,,,,0.5401366883837962,Decitabine
A549,Entinostat (MS-275),0.1,0.999775869881399,SIDM00903,uM,entinostat,Nc1ccccc1NC(=O)c1ccc(CNC(=O)OCc2cccnc2)cc1,nc1ccccc1nc(=o)c1ccc(cnc(=o)occ2cccnc2)cc1,-1.0,1212,a549,0.13,1.0197,-0.8860566476931632,0.999775869881399,1.0197,ACH-000681,entinostat,0.43454986724,0.15625,HTS002,secondary,1.3514890914871054,,,,1.3514890914871054,Entinostat (MS-275)
A549,Linifanib (ABT-869),0.01,1.0,SIDM00903,uM,linifanib,Cc1ccc(F)c(NC(=O)Nc2ccc(-c3cccc4[nH]nc(N)c34)cc2)c1,cc1ccc(f)c(nc(=o)nc2ccc(c3cccc4[nh]nc(n)c34)cc2)c1,-2.0,1213,a549,0.0081,1.0310000000000001,-2.0915149811213505,1.0,1.0310000000000001,ACH-000681,linifanib,0.122925490338397,0.00977,MTS010,secondary,1.0889407742723123,,,,1.0889407742723123,Linifanib (ABT-869)
A549,PJ34,0.01,0.9950047233588232,SIDM00903,uM,pj34,CN(C)CC(=O)Nc1ccc2[nH]c(=O)c3ccccc3c2c1,cn(c)cc(=o)nc1ccc2[nh]c(=o)c3ccccc3c2c1,-2.0,1214,a549,,,,0.9950047233588232,,ACH-000681,pj34,-0.35706417932,0.00976562,HTS002,secondary,0.7807517595348015,,,,0.7807517595348015,PJ34
A549,S-Ruxolitinib (INCB018424),1.0,1.0,SIDM00903,uM,ruxolitinib,N#CC[C@@H](C1CCCC1)n1cc(-c2ncnc3[nH]ccc23)cn1,n#cc[ch](c1cccc1)n1cc(c2ncnc3[nh]ccc23)cn1,0.0,1215,a549,1.0,0.9910333333333333,0.0,1.0,0.9910333333333333,ACH-000681,sruxolitinib,,,,,,,,,0.9910333333333333,S-Ruxolitinib (INCB018424)
A549,Lomustine ,0.1,1.0,SIDM00903,uM,lomustine,O=NN(CCCl)C(=O)NC1CCCCC1,o=nn(cccl)c(=o)nc1ccccc1,-1.0,1216,a549,,,,1.0,,ACH-000681,lomustine,,,,,,,,,,Lomustine 
A549,Filgotinib (GLPG0634),0.01,1.0,SIDM00903,uM,filgotinib,O=C(Nc1nc2cccc(-c3ccc(CN4CCS(=O)(=O)CC4)cc3)n2n1)C1CC1,o=c(nc1nc2cccc(c3ccc(cn4ccs(=o)(=o)cc4)cc3)n2n1)c1cc1,-2.0,1217,a549,,,,1.0,,ACH-000681,filgotinib,0.450924243977,0.00976562,HTS002,secondary,1.3669156732144583,,,,1.3669156732144583,Filgotinib (GLPG0634)
A549,Tacedinaline (CI994),1.0,1.0,SIDM00903,uM,tacedinaline,CC(=O)Nc1ccc(C(=O)Nc2ccccc2N)cc1,cc(=o)nc1ccc(c(=o)nc2ccccc2n)cc1,0.0,1218,a549,1.0,0.99095,0.0,1.0,0.99095,ACH-000681,tacedinaline,-0.68129444082,2.5,HTS,primary,0.6236055008079482,,,,0.6236055008079482,Tacedinaline (CI994)
A549,Mesna ,10.0,0.999985000313018,SIDM00903,uM,mesna,O=S(=O)([O-])CCS.[Na+],o=s(=o)([o])ccs,1.0,1219,a549,,,,0.999985000313018,,ACH-000681,mesna,-0.146696339563,2.5,HTS,primary,0.9033166214689031,,,,0.9033166214689031,Mesna 
A549,SB431542,10.0,0.999926159074836,SIDM00903,uM,sb431542,NC(=O)c1ccc(-c2nc(-c3ccc4c(c3)OCO4)c(-c3ccccn3)[nH]2)cc1,nc(=o)c1ccc(c2nc(c3ccc4c(c3)oco4)c(c3ccccn3)[nh]2)cc1,1.0,1220,a549,8.3,0.9166333333333334,0.919078092376074,0.999926159074836,0.9166333333333334,ACH-000681,sb431542,-0.106085487373,2.5,HTS,primary,0.9291056181582799,,,,0.9291056181582799,SB431542
A549,JNJ-7706621,1.0,0.978530193016656,SIDM00903,uM,jnj7706621,Nc1nc(Nc2ccc(S(N)(=O)=O)cc2)nn1C(=O)c1c(F)cccc1F,nc1nc(nc2ccc(s(n)(=o)=o)cc2)nn1c(=o)c1c(f)cccc1f,0.0,1221,a549,,,,0.978530193016656,,ACH-000681,jnj7706621,-0.705531766165,2.5,HTS,primary,0.6132164201655089,,,,0.6132164201655089,JNJ-7706621
A549,BRD4770,0.1,1.0,SIDM00903,uM,brd4770,COC(=O)c1ccc2c(c1)nc(NC(=O)c1ccccc1)n2CCCc1ccccc1,coc(=o)c1ccc2c(c1)nc(nc(=o)c1ccccc1)n2cccc1ccccc1,-1.0,1222,a549,,,,1.0,,ACH-000681,brd4770,,,,,,,,,,BRD4770
A549,Gandotinib (LY2784544),10.0,0.6429326386235961,SIDM00903,uM,gandotinib,Cc1cc(Nc2cc(CN3CCOCC3)c3nc(C)c(Cc4ccc(Cl)cc4F)n3n2)[nH]n1,cc1cc(nc2cc(cn3ccocc3)c3nc(c)c(cc4ccc(cl)cc4f)n3n2)[nh]n1,1.0,1223,a549,,,,0.6429326386235961,,ACH-000681,gandotinib,,,,,,,,,,Gandotinib (LY2784544)
A549,Ki8751,0.1,1.0,SIDM00903,uM,ki8751,COc1cc2nccc(Oc3ccc(NC(=O)Nc4ccc(F)cc4F)c(F)c3)c2cc1OC,coc1cc2nccc(oc3ccc(nc(=o)nc4ccc(f)cc4f)c(f)c3)c2cc1oc,-1.0,1224,a549,0.13,1.079,-0.8860566476931632,1.0,1.079,ACH-000681,ki8751,0.048343274166,0.15625,HTS002,secondary,1.0340767547050373,,,,1.0340767547050373,Ki8751
A549,Ramelteon,10.0,0.99496769663728,SIDM00903,uM,ramelteon,CCC(=O)NCCC1CCc2ccc3c(c21)CCO3,ccc(=o)nccc1ccc2ccc3c(c21)cco3,1.0,1225,a549,,,,0.99496769663728,,ACH-000681,ramelteon,0.029742860696,2.5,HTS,primary,1.0208301614360469,,,,1.0208301614360469,Ramelteon
A549,MK-0752,1.0,0.999997590833898,SIDM00903,uM,mk0752,O=C(O)CCC1CCC(c2cc(F)ccc2F)(S(=O)(=O)c2ccc(Cl)cc2)CC1,o=c(o)ccc1ccc(c2cc(f)ccc2f)(s(=o)(=o)c2ccc(cl)cc2)cc1,0.0,1226,a549,1.0,1.0012999999999999,0.0,0.999997590833898,1.0012999999999999,ACH-000681,mk0752,-0.140335135177,2.5,HTS,primary,0.9073083649136993,,,,0.9073083649136993,MK-0752
A549,TGX-221,0.1,0.993142170989687,SIDM00903,uM,tgx221,Cc1cc(C(C)Nc2ccccc2)c2nc(N3CCOCC3)cc(=O)n2c1,cc1cc(c(c)nc2ccccc2)c2nc(n3ccocc3)cc(=o)n2c1,-1.0,1227,a549,0.13,0.9777666666666667,-0.8860566476931632,0.993142170989687,0.9777666666666667,ACH-000681,tgx221,,,,,,,,,0.9777666666666667,TGX-221
A549,ZM 447439,10.0,0.7603921518235841,SIDM00903,uM,zm447439,COc1cc2c(Nc3ccc(NC(=O)c4ccccc4)cc3)ncnc2cc1OCCCN1CCOCC1,coc1cc2c(nc3ccc(nc(=o)c4ccccc4)cc3)ncnc2cc1occcn1ccocc1,1.0,1228,a549,,,,0.7603921518235841,,ACH-000681,zm447439,-1.25287180326,2.5,HTS,primary,0.4196121032962386,,,,0.4196121032962386,ZM 447439
A549,Aurora A Inhibitor I,0.01,0.9959949329089128,SIDM00903,uM,auroraainhibitori,CCN1CCN(C(=O)Cc2ccc(Nc3ncc(F)c(Nc4ccc(C(=O)Nc5ccccc5Cl)cc4)n3)cc2)CC1,ccn1ccn(c(=o)cc2ccc(nc3ncc(f)c(nc4ccc(c(=o)nc5ccccc5cl)cc4)n3)cc2)cc1,-2.0,1229,a549,,,,0.9959949329089128,,ACH-000681,auroraainhibitori,0.285524914662,0.00976562,HTS002,secondary,1.2188536545219926,,,,1.2188536545219926,Aurora A Inhibitor I
A549,IOX2,0.1,1.0,SIDM00903,uM,iox2,O=C(O)CNC(=O)c1c(O)c2ccccc2n(Cc2ccccc2)c1=O,o=c(o)cnc(=o)c1c(o)c2ccccc2n(cc2ccccc2)c1=o,-1.0,1230,a549,,,,1.0,,ACH-000681,iox2,,,,,,,,,,IOX2
A549,Cediranib (AZD2171),1.0,0.785812451772222,SIDM00903,uM,cediranib,COc1cc2c(Oc3ccc4[nH]c(C)cc4c3F)ncnc2cc1OCCCN1CCCC1,coc1cc2c(oc3ccc4[nh]c(c)cc4c3f)ncnc2cc1occcn1cccc1,0.0,1231,a549,,,,0.785812451772222,,ACH-000681,cediranib,0.122549616284,2.5,HTS,primary,1.088657102908956,,,,1.088657102908956,Cediranib (AZD2171)
A549,Decitabine,0.01,0.9999927657504492,SIDM00903,uM,decitabine,Nc1ncn([C@H]2C[C@H](O)[C@@H](CO)O2)c(=O)n1,nc1ncn([ch]2c[ch](o)[ch](co)o2)c(=o)n1,-2.0,1232,a549,0.0081,0.9893000000000001,-2.0915149811213505,0.9999927657504492,0.9893000000000001,ACH-000681,decitabine,-0.0851873721929025,0.00977,MTS010,secondary,0.9426620983067048,,,,0.9426620983067048,Decitabine
A549,Rigosertib (ON-01910),0.1,0.945588700922358,SIDM00903,uM,rigosertib,COc1cc(OC)c(/C=C/S(=O)(=O)Cc2ccc(OC)c(NCC(=O)[O-])c2)c(OC)c1.[Na+],coc1cc(oc)c(c=cs(=o)(=o)cc2ccc(oc)c(ncc(=o)[o])c2)c(oc)c1,-1.0,1233,a549,0.13,0.7066666666666667,-0.8860566476931632,0.945588700922358,0.7066666666666667,ACH-000681,rigosertib,-1.31830667086,0.15625,HTS002,secondary,0.40100533319735676,,,,0.40100533319735676,Rigosertib (ON-01910)
A549,A-366,0.1,1.0,SIDM00903,uM,a366,COc1cc2c(cc1OCCCN1CCCC1)N=C(N)C21CCC1,coc1cc2c(cc1occcn1cccc1)n=c(n)c21ccc1,-1.0,1234,a549,,,,1.0,,ACH-000681,a366,,,,,,,,,,A-366
A549,MK-0752,0.1,0.99999976470482,SIDM00903,uM,mk0752,O=C(O)CCC1CCC(c2cc(F)ccc2F)(S(=O)(=O)c2ccc(Cl)cc2)CC1,o=c(o)ccc1ccc(c2cc(f)ccc2f)(s(=o)(=o)c2ccc(cl)cc2)cc1,-1.0,1235,a549,0.13,1.0394999999999999,-0.8860566476931632,0.99999976470482,1.0394999999999999,ACH-000681,mk0752,,,,,,,,,1.0394999999999999,MK-0752
A549,Streptozotocin (STZ),0.01,0.998870946717,SIDM00903,uM,streptozotocin,CN(N=O)C(=O)NC1C(O)OC(CO)C(O)C1O,cn(n=o)c(=o)nc1c(o)oc(co)c(o)c1o,-2.0,1236,a549,,,,0.998870946717,,ACH-000681,streptozotocin,,0.00976562,HTS002,secondary,,,,,,Streptozotocin (STZ)
A549,BRD4770,1.0,1.0,SIDM00903,uM,brd4770,COC(=O)c1ccc2c(c1)nc(NC(=O)c1ccccc1)n2CCCc1ccccc1,coc(=o)c1ccc2c(c1)nc(nc(=o)c1ccccc1)n2cccc1ccccc1,0.0,1237,a549,,,,1.0,,ACH-000681,brd4770,0.355533917642,2.5,MTS004,primary,1.279459000345181,,,,1.279459000345181,BRD4770
A549,SRT1720 HCl,0.01,1.0,SIDM00903,uM,srt1720,Cl.O=C(Nc1ccccc1-c1cn2c(CN3CCNCC3)csc2n1)c1cnc2ccccc2n1,o=c(nc1ccccc1c1cn2c(cn3ccncc3)csc2n1)c1cnc2ccccc2n1,-2.0,1238,a549,0.009,0.9389666666666666,-2.0457574905606752,1.0,0.9389666666666666,ACH-000681,srt1720,0.438372958093,0.00976562,HTS002,secondary,1.3550752392825545,,,,1.3550752392825545,SRT1720 HCl
A549,Fulvestrant,1.0,1.0,SIDM00903,uM,fulvestrant,CC12CCC3c4ccc(O)cc4CC(CCCCCCCCCS(=O)CCCC(F)(F)C(F)(F)F)C3C1CCC2O,cc12ccc3c4ccc(o)cc4cc(cccccccccs(=o)cccc(f)(f)c(f)(f)f)c3c1ccc2o,0.0,1239,a549,,,,1.0,,ACH-000681,fulvestrant,-0.429677462779,2.5,HTS,primary,0.7424277481897745,,,,0.7424277481897745,Fulvestrant
A549,2-Methoxyestradiol (2-MeOE2),10.0,0.985893175499582,SIDM00903,uM,2methoxyestradiol,COc1cc2c(cc1O)CC[C@@H]1[C@@H]2CC[C@]2(C)[C@@H](O)CC[C@@H]12,coc1cc2c(cc1o)cc[ch]1[ch]2cc[c]2(c)[ch](o)cc[ch]12,1.0,1240,a549,,,,0.985893175499582,,ACH-000681,2methoxyestradiol,0.237500286967,2.5,HTS,primary,1.1789481637378012,,,,1.1789481637378012,2-Methoxyestradiol (2-MeOE2)
A549,AG-490 (Tyrphostin B42),10.0,1.0,SIDM00903,uM,ag490,N#CC(=Cc1ccc(O)c(O)c1)C(=O)NCc1ccccc1,n#cc(=cc1ccc(o)c(o)c1)c(=o)ncc1ccccc1,1.0,1241,a549,,,,1.0,,ACH-000681,ag490,-0.181870799387,2.5,HTS,primary,0.8815591024334112,,,,0.8815591024334112,AG-490 (Tyrphostin B42)
A549,Costunolide,1.0,1.0,SIDM00903,uM,costunolide,C=C1C(=O)OC2/C=C(\C)CC/C=C(\C)CCC12,c=c1c(=o)oc2c=c(c)ccc=c(c)ccc12,0.0,1242,a549,,,,1.0,,ACH-000681,costunolide,1.12958306174,2.5,HTS,primary,2.187954993070134,,,,2.187954993070134,Costunolide
A549,AICAR (Acadesine),0.1,1.0,SIDM00903,uM,aicar,NC(=O)c1ncn([C@@H]2O[C@H](CO)[C@@H](O)[C@H]2O)c1N,nc(=o)c1ncn([ch]2o[ch](co)[ch](o)[ch]2o)c1n,-1.0,1243,a549,,,,1.0,,ACH-000681,aicar,,,,,,,,,,AICAR (Acadesine)
A549,UNC1999,0.01,1.0,SIDM00903,uM,unc1999,CCCc1cc(C)[nH]c(=O)c1CNC(=O)c1cc(-c2ccc(N3CCN(C(C)C)CC3)nc2)cc2c1cnn2C(C)C,cccc1cc(c)[nh]c(=o)c1cnc(=o)c1cc(c2ccc(n3ccn(c(c)c)cc3)nc2)cc2c1cnn2c(c)c,-2.0,1244,a549,,,,1.0,,ACH-000681,unc1999,,,,,,,,,,UNC1999
A549,Lenalidomide (CC-5013),0.1,0.999014027366167,SIDM00903,uM,lenalidomide,Nc1cccc2c1CN(C1CCC(=O)NC1=O)C2=O,nc1cccc2c1cn(c1ccc(=o)nc1=o)c2=o,-1.0,1245,a549,,,,0.999014027366167,,ACH-000681,lenalidomide,0.226016737315,0.15625,HTS002,secondary,1.169601233011535,,,,1.169601233011535,Lenalidomide (CC-5013)
A549,BMS-536924,10.0,0.746761509191412,SIDM00903,uM,bms536924,Cc1cc(N2CCOCC2)cc2[nH]c(-c3c(NCC(O)c4cccc(Cl)c4)cc[nH]c3=O)nc12,cc1cc(n2ccocc2)cc2[nh]c(c3c(ncc(o)c4cccc(cl)c4)cc[nh]c3=o)nc12,1.0,1246,a549,9.2,0.3561666666666667,0.9637878273455552,0.746761509191412,0.3561666666666667,ACH-000681,bms536924,,,,,,,,,0.3561666666666667,BMS-536924
A549,SGI-1776 free base,1.0,0.9663425345296408,SIDM00903,uM,sgi1776freebase,CN1CCC(CNc2ccc3ncc(-c4cccc(OC(F)(F)F)c4)n3n2)CC1,cn1ccc(cnc2ccc3ncc(c4cccc(oc(f)(f)f)c4)n3n2)cc1,0.0,1247,a549,,,,0.9663425345296408,,ACH-000681,sgi1776freebase,,,,,,,,,,SGI-1776 free base
A549,Curcumin,0.1,1.0,SIDM00903,uM,curcumin,COc1cc(C=CC(=O)C=C(O)C=Cc2ccc(O)c(OC)c2)ccc1O,coc1cc(c=cc(=o)c=c(o)c=cc2ccc(o)c(oc)c2)ccc1o,-1.0,1248,a549,0.081,1.109,-1.0915149811213503,1.0,1.109,ACH-000681,curcumin,-0.0393402968515,0.155057,HTS002,secondary,0.9730998163849854,,,,0.9730998163849854,Curcumin
A549,Aminoglutethimide ,10.0,1.0,SIDM00903,uM,aminoglutethimide,CCC1(c2ccc(N)cc2)CCC(=O)NC1=O,ccc1(c2ccc(n)cc2)ccc(=o)nc1=o,1.0,1249,a549,,,,1.0,,ACH-000681,aminoglutethimide,-0.334272269763,2.5,HTS,primary,0.7931841369604682,,,,0.7931841369604682,Aminoglutethimide 
A549,Ramelteon,0.01,0.999980513235022,SIDM00903,uM,ramelteon,CCC(=O)NCCC1CCc2ccc3c(c21)CCO3,ccc(=o)nccc1ccc2ccc3c(c21)cco3,-2.0,1250,a549,,,,0.999980513235022,,ACH-000681,ramelteon,,,,,,,,,,Ramelteon
A549,Ki8751,0.01,1.0,SIDM00903,uM,ki8751,COc1cc2nccc(Oc3ccc(NC(=O)Nc4ccc(F)cc4F)c(F)c3)c2cc1OC,coc1cc2nccc(oc3ccc(nc(=o)nc4ccc(f)cc4f)c(f)c3)c2cc1oc,-2.0,1251,a549,0.0081,1.0288333333333333,-2.0915149811213505,1.0,1.0288333333333333,ACH-000681,ki8751,0.249613197688,0.00976562,HTS002,secondary,1.188888318313129,,,,1.188888318313129,Ki8751
A549,Belinostat (PXD101),0.01,0.99999998365906,SIDM00903,uM,belinostat,O=C(C=Cc1cccc(S(=O)(=O)Nc2ccccc2)c1)NO,o=c(c=cc1cccc(s(=o)(=o)nc2ccccc2)c1)no,-2.0,1252,a549,,,,0.99999998365906,,ACH-000681,belinostat,0.0990545080664743,0.00977,MTS010,secondary,1.07107128976306,,,,1.07107128976306,Belinostat (PXD101)
A549,"Cerdulatinib (PRT062070, PRT2070)",0.1,0.9986306050829692,SIDM00903,uM,cerdulatinib,CCS(=O)(=O)N1CCN(c2ccc(Nc3ncc(C(N)=O)c(NC4CC4)n3)cc2)CC1.Cl,ccs(=o)(=o)n1ccn(c2ccc(nc3ncc(c(n)=o)c(nc4cc4)n3)cc2)cc1,-1.0,1253,a549,,,,0.9986306050829692,,ACH-000681,cerdulatinib,,,,,,,,,,"Cerdulatinib (PRT062070, PRT2070)"
A549,AZ 960,10.0,0.541422380227157,SIDM00903,uM,az960,Cc1cc(Nc2nc(N[C@@H](C)c3ccc(F)cc3)c(C#N)cc2F)n[nH]1,cc1cc(nc2nc(n[ch](c)c3ccc(f)cc3)c(c#n)cc2f)n[nh]1,1.0,1254,a549,,,,0.541422380227157,,ACH-000681,az960,-1.05852311363,2.5,HTS,primary,0.4801233102250734,,,,0.4801233102250734,AZ 960
A549,UNC0379,0.1,0.999996942865406,SIDM00903,uM,unc0379,COc1cc2nc(N3CCCC3)nc(NCCCCCN3CCCC3)c2cc1OC,coc1cc2nc(n3cccc3)nc(ncccccn3cccc3)c2cc1oc,-1.0,1255,a549,,,,0.999996942865406,,ACH-000681,unc0379,,,,,,,,,,UNC0379
A549,Alisertib (MLN8237),10.0,0.7026212075006031,SIDM00903,uM,alisertib,COc1cc(Nc2ncc3c(n2)-c2ccc(Cl)cc2C(c2c(F)cccc2OC)=NC3)ccc1C(=O)O,coc1cc(nc2ncc3c(n2)c2ccc(cl)cc2c(c2c(f)cccc2oc)=nc3)ccc1c(=o)o,1.0,1256,a549,8.3,0.6036666666666667,0.919078092376074,0.7026212075006031,0.6036666666666667,ACH-000681,alisertib,-0.592922333011,2.5,HTS,primary,0.6629985714876004,,,,0.6629985714876004,Alisertib (MLN8237)
A549,Tucidinostat (Chidamide),0.01,0.999996170141477,SIDM00903,uM,tucidinostat,Nc1ccc(F)cc1NC(=O)c1ccc(CNC(=O)C=Cc2cccnc2)cc1,nc1ccc(f)cc1nc(=o)c1ccc(cnc(=o)c=cc2cccnc2)cc1,-2.0,1257,a549,,,,0.999996170141477,,ACH-000681,tucidinostat,,,,,,,,,,Tucidinostat (Chidamide)
A549,Iniparib (BSI-201),1.0,0.9998770496860742,SIDM00903,uM,iniparib,NC(=O)c1ccc(I)c([N+](=O)[O-])c1,nc(=o)c1ccc(i)c([n](=o)[o])c1,0.0,1258,a549,,,,0.9998770496860742,,ACH-000681,iniparib,-0.0546173882652,2.5,HTS,primary,0.9628497630144028,,,,0.9628497630144028,Iniparib (BSI-201)
A549,Alvespimycin (17-DMAG) HCl,10.0,0.406494673724856,SIDM00903,uM,alvespimycin,COC1/C=C\C=C(/C)C(=O)NC2=CC(=O)C(NCCN(C)C)=C(CC(C)CC(OC)C(O)C(C)/C=C(\C)C1OC(N)=O)C2=O.Cl,coc1c=cc=c(c)c(=o)nc2=cc(=o)c(nccn(c)c)=c(cc(c)cc(oc)c(o)c(c)c=c(c)c1oc(n)=o)c2=o,1.0,1259,a549,,,,0.406494673724856,,ACH-000681,alvespimycin,-1.70060196039,2.5,HTS,primary,0.30765770725099645,,,,0.30765770725099645,Alvespimycin (17-DMAG) HCl
A549,AICAR (Acadesine),10.0,1.0,SIDM00903,uM,aicar,NC(=O)c1ncn([C@@H]2O[C@H](CO)[C@@H](O)[C@H]2O)c1N,nc(=o)c1ncn([ch]2o[ch](co)[ch](o)[ch]2o)c1n,1.0,1260,a549,,,,1.0,,ACH-000681,aicar,,,,,,,,,,AICAR (Acadesine)
A549,Dasatinib,1.0,0.719167734678757,SIDM00903,uM,dasatinib,Cc1nc(Nc2ncc(C(=O)Nc3c(C)cccc3Cl)s2)cc(N2CCN(CCO)CC2)n1,cc1nc(nc2ncc(c(=o)nc3c(c)cccc3cl)s2)cc(n2ccn(cco)cc2)n1,0.0,1261,a549,1.0,0.6905333333333333,0.0,0.719167734678757,0.6905333333333333,ACH-000681,dasatinib,-1.27004142715,2.5,HTS,primary,0.41464786607626203,,,,0.41464786607626203,Dasatinib
A549,Alendronate sodium trihydrate,0.01,0.97938260864441,SIDM00903,uM,alendronatetrihydrate,NCCCC(O)(P(=O)(O)O)P(=O)(O)O[Na].O.O.O,ncccc(o)(p(=o)(o)o)p(=o)(o)o[na],-2.0,1262,a549,,,,0.97938260864441,,ACH-000681,alendronatetrihydrate,,,,,,,,,,Alendronate sodium trihydrate
A549,"Fluorouracil (5-Fluoracil, 5-FU)",1.0,0.947263651091197,SIDM00903,uM,fluorouracil,O=c1[nH]cc(F)c(=O)[nH]1,o=c1[nh]cc(f)c(=o)[nh]1,0.0,1263,a549,1.0,0.9942333333333333,0.0,0.947263651091197,0.9942333333333333,ACH-000681,fluorouracil,,,,,,,,,0.9942333333333333,"Fluorouracil (5-Fluoracil, 5-FU)"
A549,PD173074,1.0,1.0,SIDM00903,uM,pd173074,CCN(CC)CCCCNc1ncc2cc(-c3cc(OC)cc(OC)c3)c(NC(=O)NC(C)(C)C)nc2n1,ccn(cc)ccccnc1ncc2cc(c3cc(oc)cc(oc)c3)c(nc(=o)nc(c)(c)c)nc2n1,0.0,1264,a549,,,,1.0,,ACH-000681,pd173074,0.771030593503,2.5,HTS,primary,1.7064883832923976,,,,1.7064883832923976,PD173074
A549,Capecitabine ,10.0,1.0,SIDM00903,uM,capecitabine,CCCCCOC(=O)Nc1nc(=O)n(C2OC(C)C(O)C2O)cc1F,cccccoc(=o)nc1nc(=o)n(c2oc(c)c(o)c2o)cc1f,1.0,1265,a549,,,,1.0,,ACH-000681,capecitabine,-0.458441302226,2.54,HTS,primary,0.7277721241300317,,,,0.7277721241300317,Capecitabine 
A549,Anacardic Acid,1.0,1.0,SIDM00903,uM,anacardicacid,CCCCCCCCCCCCCCCc1cccc(O)c1C(=O)O,cccccccccccccccc1cccc(o)c1c(=o)o,0.0,1266,a549,,,,1.0,,ACH-000681,anacardicacid,,,,,,,,,,Anacardic Acid
A549,2-Methoxyestradiol (2-MeOE2),0.1,0.995543826381763,SIDM00903,uM,2methoxyestradiol,COc1cc2c(cc1O)CC[C@@H]1[C@@H]2CC[C@]2(C)[C@@H](O)CC[C@@H]12,coc1cc2c(cc1o)cc[ch]1[ch]2cc[c]2(c)[ch](o)cc[ch]12,-1.0,1267,a549,,,,0.995543826381763,,ACH-000681,2methoxyestradiol,0.384633164102,0.15625,HTS002,secondary,1.3055277866753388,,,,1.3055277866753388,2-Methoxyestradiol (2-MeOE2)
A549,Vandetanib (ZD6474),10.0,0.8004908622426609,SIDM00903,uM,vandetanib,COc1cc2c(Nc3ccc(Br)cc3F)ncnc2cc1OCC1CCN(C)CC1,coc1cc2c(nc3ccc(br)cc3f)ncnc2cc1occ1ccn(c)cc1,1.0,1268,a549,8.3,0.7469333333333333,0.919078092376074,0.8004908622426609,0.7469333333333333,ACH-000681,vandetanib,0.376210063524,2.5,HTS,primary,1.297927737870916,,,,1.297927737870916,Vandetanib (ZD6474)
A549,Tubastatin A HCl,1.0,1.0,SIDM00903,uM,tubastatina,CN1CCc2c(c3ccccc3n2Cc2ccc(C(=O)NO)cc2)C1.Cl,cn1ccc2c(c3ccccc3n2cc2ccc(c(=o)no)cc2)c1,0.0,1269,a549,1.0,0.9377666666666666,0.0,1.0,0.9377666666666666,ACH-000681,tubastatina,0.237410628818,2.5,HTS,primary,1.1788748987561546,,,,1.1788748987561546,Tubastatin A HCl
A549,PF-3845,1.0,0.9281353684860508,SIDM00903,uM,pf3845,O=C(Nc1cccnc1)N1CCC(Cc2cccc(Oc3ccc(C(F)(F)F)cn3)c2)CC1,o=c(nc1cccnc1)n1ccc(cc2cccc(oc3ccc(c(f)(f)f)cn3)c2)cc1,0.0,1270,a549,,,,0.9281353684860508,,ACH-000681,pf3845,-0.0330355220018,2.5,HTS,primary,0.9773617015387764,,,,0.9773617015387764,PF-3845
A549,IOX2,1.0,1.0,SIDM00903,uM,iox2,O=C(O)CNC(=O)c1c(O)c2ccccc2n(Cc2ccccc2)c1=O,o=c(o)cnc(=o)c1c(o)c2ccccc2n(cc2ccccc2)c1=o,0.0,1271,a549,,,,1.0,,ACH-000681,iox2,0.300527768448,2.5,HTS,primary,1.2315948744751026,,,,1.2315948744751026,IOX2
A549,Lapatinib (GW-572016) Ditosylate,1.0,0.998386878722394,SIDM00903,uM,lapatinibditosylate,CS(=O)(=O)CCNCc1ccc(-c2ccc3ncnc(Nc4ccc(OCc5cccc(F)c5)c(Cl)c4)c3c2)o1.Cc1ccc(S(=O)(=O)O)cc1.Cc1ccc(S(=O)(=O)O)cc1,cs(=o)(=o)ccncc1ccc(c2ccc3ncnc(nc4ccc(occ5cccc(f)c5)c(cl)c4)c3c2)o1,0.0,1272,a549,,,,0.998386878722394,,ACH-000681,lapatinibditosylate,,,,,,,,,,Lapatinib (GW-572016) Ditosylate
A549,"Fedratinib (SAR302503, TG101348)",10.0,0.452274356651923,SIDM00903,uM,fedratinib,Cc1cnc(Nc2ccc(OCCN3CCCC3)cc2)nc1Nc1cccc(S(=O)(=O)NC(C)(C)C)c1,cc1cnc(nc2ccc(occn3cccc3)cc2)nc1nc1cccc(s(=o)(=o)nc(c)(c)c)c1,1.0,1273,a549,,,,0.452274356651923,,ACH-000681,fedratinib,1.06746405685,2.5,HTS,primary,2.0957462629013928,,,,2.0957462629013928,"Fedratinib (SAR302503, TG101348)"
A549,BMS-265246,10.0,0.6209879525556079,SIDM00903,uM,bms265246,CCCCOc1c(C(=O)c2c(F)cc(C)cc2F)cnc2[nH]ncc12,ccccoc1c(c(=o)c2c(f)cc(c)cc2f)cnc2[nh]ncc12,1.0,1274,a549,,,,0.6209879525556079,,ACH-000681,bms265246,-0.929295155006,2.5,HTS,primary,0.5251148299459806,,,,0.5251148299459806,BMS-265246
A549,Resveratrol,0.1,0.988376492824826,SIDM00903,uM,resveratrol,Oc1ccc(C=Cc2cc(O)cc(O)c2)cc1,oc1ccc(c=cc2cc(o)cc(o)c2)cc1,-1.0,1275,a549,,,,0.988376492824826,,ACH-000681,resveratrol,,,,,,,,,,Resveratrol
A549,AR-42,0.01,0.984376736075647,SIDM00903,uM,ar42,CC(C)[C@H](C(=O)Nc1ccc(C(=O)NO)cc1)c1ccccc1,cc(c)[ch](c(=o)nc1ccc(c(=o)no)cc1)c1ccccc1,-2.0,1276,a549,,,,0.984376736075647,,ACH-000681,ar42,0.133622236921,0.00976562,HTS002,secondary,1.0970446438596213,,,,1.0970446438596213,AR-42
A549,Cimetidine ,1.0,0.7380895047285141,SIDM00903,uM,cimetidine,CNC(=NC#N)NCCSCc1nc[nH]c1C,cnc(=nc#n)nccscc1nc[nh]c1c,0.0,1277,a549,1.0,1.189,0.0,0.7380895047285141,1.189,ACH-000681,cimetidine,-0.832806758318,2.5,HTS,primary,0.5614359074922693,,,,0.5614359074922693,Cimetidine 
A549,CUDC-907,1.0,0.568437921200328,SIDM00903,uM,cudc907,COc1ccc(-c2nc(N3CCOCC3)c3sc(CN(C)c4ncc(C(=O)NO)cn4)cc3n2)cn1,coc1ccc(c2nc(n3ccocc3)c3sc(cn(c)c4ncc(c(=o)no)cn4)cc3n2)cn1,0.0,1278,a549,,,,0.568437921200328,,ACH-000681,cudc907,-4.96217115923,2.5,HTS,primary,0.03208024212495987,,,,0.03208024212495987,CUDC-907
A549,Ki16425,0.1,0.999998323499046,SIDM00903,uM,ki16425,Cc1noc(-c2ccc(CSCCC(=O)O)cc2)c1NC(=O)OC(C)c1ccccc1Cl,cc1noc(c2ccc(csccc(=o)o)cc2)c1nc(=o)oc(c)c1ccccc1cl,-1.0,1279,a549,,,,0.999998323499046,,ACH-000681,ki16425,0.028230155959,0.15625,HTS002,secondary,1.0197603543842215,,,,1.0197603543842215,Ki16425
A549,PCI-34051,10.0,0.861883322720149,SIDM00903,uM,pci34051,COc1ccc(Cn2ccc3ccc(C(=O)NO)cc32)cc1,coc1ccc(cn2ccc3ccc(c(=o)no)cc32)cc1,1.0,1280,a549,,,,0.861883322720149,,ACH-000681,pci34051,0.371028144158,2.5,HTS,primary,1.293274160890335,,,,1.293274160890335,PCI-34051
A549,Linifanib (ABT-869),1.0,1.0,SIDM00903,uM,linifanib,Cc1ccc(F)c(NC(=O)Nc2ccc(-c3cccc4[nH]nc(N)c34)cc2)c1,cc1ccc(f)c(nc(=o)nc2ccc(c3cccc4[nh]nc(n)c34)cc2)c1,0.0,1281,a549,1.0,1.0050333333333332,0.0,1.0,1.0050333333333332,ACH-000681,linifanib,-0.0566959626135,2.5,HTS,primary,0.9614635284185928,,,,0.9614635284185928,Linifanib (ABT-869)
A549,SB431542,0.1,0.99997089718577,SIDM00903,uM,sb431542,NC(=O)c1ccc(-c2nc(-c3ccc4c(c3)OCO4)c(-c3ccccn3)[nH]2)cc1,nc(=o)c1ccc(c2nc(c3ccc4c(c3)oco4)c(c3ccccn3)[nh]2)cc1,-1.0,1282,a549,0.13,0.9866666666666667,-0.8860566476931632,0.99997089718577,0.9866666666666667,ACH-000681,sb431542,0.664540229247,0.15625,HTS002,secondary,1.5850630508770687,,,,1.5850630508770687,SB431542
A549,Epothilone A,1.0,0.999367120817255,SIDM00903,uM,epothilonea,C/C(=C\c1csc(C)n1)C1CC2OC2CCCC(C)C(O)C(C)C(=O)C(C)(C)C(O)CC(=O)O1,cc(=cc1csc(c)n1)c1cc2oc2cccc(c)c(o)c(c)c(=o)c(c)(c)c(o)cc(=o)o1,0.0,1283,a549,,,,0.999367120817255,,ACH-000681,epothilonea,-0.410249515525,2.5,HTS,primary,0.7524932180090809,,,,0.7524932180090809,Epothilone A
A549,Carmofur,0.1,0.997682126223358,SIDM00903,uM,carmofur,CCCCCCNC(=O)n1cc(F)c(=O)[nH]c1=O,ccccccnc(=o)n1cc(f)c(=o)[nh]c1=o,-1.0,1284,a549,,,,0.997682126223358,,ACH-000681,carmofur,0.468433543272,0.15625,HTS002,secondary,1.383606353115355,,,,1.383606353115355,Carmofur
A549,Aurora A Inhibitor I,0.1,0.9740132399701932,SIDM00903,uM,auroraainhibitori,CCN1CCN(C(=O)Cc2ccc(Nc3ncc(F)c(Nc4ccc(C(=O)Nc5ccccc5Cl)cc4)n3)cc2)CC1,ccn1ccn(c(=o)cc2ccc(nc3ncc(f)c(nc4ccc(c(=o)nc5ccccc5cl)cc4)n3)cc2)cc1,-1.0,1285,a549,,,,0.9740132399701932,,ACH-000681,auroraainhibitori,0.423746480818,0.15625,HTS002,secondary,1.3414064840316584,,,,1.3414064840316584,Aurora A Inhibitor I
A549,Celecoxib,10.0,0.999997223527348,SIDM00903,uM,celecoxib,Cc1ccc(-c2cc(C(F)(F)F)nn2-c2ccc(S(N)(=O)=O)cc2)cc1,cc1ccc(c2cc(c(f)(f)f)nn2c2ccc(s(n)(=o)=o)cc2)cc1,1.0,1286,a549,,,,0.999997223527348,,ACH-000681,celecoxib,0.256803778878,2.5,HTS,primary,1.1948286850150434,,,,1.1948286850150434,Celecoxib
A549,Carmofur,0.01,0.9999786742155607,SIDM00903,uM,carmofur,CCCCCCNC(=O)n1cc(F)c(=O)[nH]c1=O,ccccccnc(=o)n1cc(f)c(=o)[nh]c1=o,-2.0,1287,a549,,,,0.9999786742155607,,ACH-000681,carmofur,-0.0442588303453324,0.00977,MTS010,secondary,0.9697879074860964,,,,0.9697879074860964,Carmofur
A549,SGI-1776 free base,0.1,0.995588504298722,SIDM00903,uM,sgi1776freebase,CN1CCC(CNc2ccc3ncc(-c4cccc(OC(F)(F)F)c4)n3n2)CC1,cn1ccc(cnc2ccc3ncc(c4cccc(oc(f)(f)f)c4)n3n2)cc1,-1.0,1288,a549,,,,0.995588504298722,,ACH-000681,sgi1776freebase,,,,,,,,,,SGI-1776 free base
A549,UNC0379,10.0,0.648503520889957,SIDM00903,uM,unc0379,COc1cc2nc(N3CCCC3)nc(NCCCCCN3CCCC3)c2cc1OC,coc1cc2nc(n3cccc3)nc(ncccccn3cccc3)c2cc1oc,1.0,1289,a549,,,,0.648503520889957,,ACH-000681,unc0379,,,,,,,,,,UNC0379
A549,Belinostat (PXD101),0.1,0.999994488443097,SIDM00903,uM,belinostat,O=C(C=Cc1cccc(S(=O)(=O)Nc2ccccc2)c1)NO,o=c(c=cc1cccc(s(=o)(=o)nc2ccccc2)c1)no,-1.0,1290,a549,,,,0.999994488443097,,ACH-000681,belinostat,0.434338666448,0.15625,HTS002,secondary,1.3512912571101139,,,,1.3512912571101139,Belinostat (PXD101)
A549,Trametinib (GSK1120212),10.0,0.9999269280146807,SIDM00903,uM,trametinib,CC(=O)Nc1cccc(-n2c(=O)n(C3CC3)c(=O)c3c(Nc4ccc(I)cc4F)n(C)c(=O)c(C)c32)c1,cc(=o)nc1cccc(n2c(=o)n(c3cc3)c(=o)c3c(nc4ccc(i)cc4f)n(c)c(=o)c(c)c32)c1,1.0,1291,a549,,,,0.9999269280146807,,ACH-000681,trametinib,-2.49696883375,2.5,HTS,primary,0.17714850142553976,,,,0.17714850142553976,Trametinib (GSK1120212)
A549,XAV-939,10.0,0.981883130727808,SIDM00903,uM,xav939,Oc1nc(-c2ccc(C(F)(F)F)cc2)nc2c1CSCC2,oc1nc(c2ccc(c(f)(f)f)cc2)nc2c1cscc2,1.0,1292,a549,,,,0.981883130727808,,ACH-000681,xav939,-0.348103488305,2.5,HTS,primary,0.7856161603354482,,,,0.7856161603354482,XAV-939
A549,JNJ-26854165 (Serdemetan),1.0,1.0,SIDM00903,uM,jnj26854165,c1ccc2c(CCNc3ccc(Nc4ccncc4)cc3)c[nH]c2c1,c1ccc2c(ccnc3ccc(nc4ccncc4)cc3)c[nh]c2c1,0.0,1293,a549,,,,1.0,,ACH-000681,jnj26854165,,,,,,,,,,JNJ-26854165 (Serdemetan)
A549,M344,10.0,0.694285440124548,SIDM00903,uM,m344,CN(C)c1ccc(C(=O)NCCCCCCC(=O)NO)cc1,cn(c)c1ccc(c(=o)nccccccc(=o)no)cc1,1.0,1294,a549,,,,0.694285440124548,,ACH-000681,m344,-4.01737200574,2.59,HTS,primary,0.06175192813895848,,,,0.06175192813895848,M344
A549,Disulfiram ,1.0,1.0,SIDM00903,uM,disulfiram,CCN(CC)C(=S)SSC(=S)N(CC)CC,ccn(cc)c(=s)ssc(=s)n(cc)cc,0.0,1295,a549,,,,1.0,,ACH-000681,disulfiram,0.340737257094,2.5,HTS,primary,1.2664035959248188,,,,1.2664035959248188,Disulfiram 
A549,ABT-737,1.0,0.8640427747435542,SIDM00903,uM,abt737,CN(C)CCC(CSc1ccccc1)Nc1ccc(S(=O)(=O)NC(=O)c2ccc(N3CCN(Cc4ccccc4-c4ccc(Cl)cc4)CC3)cc2)cc1[N+](=O)[O-],cn(c)ccc(csc1ccccc1)nc1ccc(s(=o)(=o)nc(=o)c2ccc(n3ccn(cc4ccccc4c4ccc(cl)cc4)cc3)cc2)cc1[n](=o)[o],0.0,1296,a549,1.2,0.8774333333333333,0.07918124604762482,0.8640427747435542,0.8774333333333333,ACH-000681,abt737,0.107582736223,2.5,HTS,primary,1.0774214825203514,,,,1.0774214825203514,ABT-737
A549,Aminoglutethimide ,1.0,1.0,SIDM00903,uM,aminoglutethimide,CCC1(c2ccc(N)cc2)CCC(=O)NC1=O,ccc1(c2ccc(n)cc2)ccc(=o)nc1=o,0.0,1297,a549,,,,1.0,,ACH-000681,aminoglutethimide,-0.334272269763,2.5,HTS,primary,0.7931841369604682,,,,0.7931841369604682,Aminoglutethimide 
A549,KW-2449,0.1,0.9078547806889192,SIDM00903,uM,kw2449,O=C(c1ccc(C=Cc2n[nH]c3ccccc23)cc1)N1CCNCC1,o=c(c1ccc(c=cc2n[nh]c3ccccc23)cc1)n1ccncc1,-1.0,1298,a549,0.13,1.0147666666666666,-0.8860566476931632,0.9078547806889192,1.0147666666666666,ACH-000681,kw2449,0.163898271196,0.15625,HTS002,secondary,1.1203102149370585,,,,1.1203102149370585,KW-2449
A549,Ofloxacin,10.0,0.998231123943134,SIDM00903,uM,ofloxacin,CC1COc2c(N3CCN(C)CC3)c(F)cc3c(=O)c(C(=O)O)cn1c23,cc1coc2c(n3ccn(c)cc3)c(f)cc3c(=o)c(c(=o)o)cn1c23,1.0,1299,a549,,,,0.998231123943134,,ACH-000681,ofloxacin,0.792609068992,2.5,HTS,primary,1.732204269087062,,,,1.732204269087062,Ofloxacin
A549,Flavopiridol HCl,1.0,0.712352890198388,SIDM00903,uM,flavopiridol,CN1CCC(c2c(O)cc(O)c3c(=O)cc(-c4ccccc4Cl)oc23)C(O)C1.Cl,cn1ccc(c2c(o)cc(o)c3c(=o)cc(c4ccccc4cl)oc23)c(o)c1,0.0,1300,a549,,,,0.712352890198388,,ACH-000681,flavopiridol,,,,,,,,,,Flavopiridol HCl
A549,Sirtinol,1.0,1.0,SIDM00903,uM,sirtinol,CC(NC(=O)c1ccccc1N=Cc1c(O)ccc2ccccc12)c1ccccc1,cc(nc(=o)c1ccccc1n=cc1c(o)ccc2ccccc12)c1ccccc1,0.0,1301,a549,,,,1.0,,ACH-000681,sirtinol,,,,,,,,,,Sirtinol
A549,Veliparib (ABT-888),0.01,0.999811075886466,SIDM00903,uM,veliparib,C[C@]1(c2nc3c(C(N)=O)cccc3[nH]2)CCCN1,c[c]1(c2nc3c(c(n)=o)cccc3[nh]2)cccn1,-2.0,1302,a549,0.0081,0.9756,-2.0915149811213505,0.999811075886466,0.9756,ACH-000681,veliparib,-0.0475205571276289,0.00977,MTS010,secondary,0.9675978326312691,,,,0.9675978326312691,Veliparib (ABT-888)
A549,NVP-BSK805 2HCl,1.0,0.996496575309478,SIDM00903,uM,nvpbsk8052hcl,Cl.Cl.Fc1cc(-c2cccc3ncc(-c4cnn(C5CCNCC5)c4)nc23)cc(F)c1CN1CCOCC1,fc1cc(c2cccc3ncc(c4cnn(c5ccncc5)c4)nc23)cc(f)c1cn1ccocc1,0.0,1303,a549,,,,0.996496575309478,,ACH-000681,nvpbsk8052hcl,,,,,,,,,,NVP-BSK805 2HCl
A549,MK-5108 (VX-689),0.01,0.9999992053684258,SIDM00903,uM,mk5108,O=C(O)[C@]1(Cc2cccc(Nc3nccs3)n2)CC[C@@H](Oc2cccc(Cl)c2F)CC1,o=c(o)[c]1(cc2cccc(nc3nccs3)n2)cc[ch](oc2cccc(cl)c2f)cc1,-2.0,1304,a549,,,,0.9999992053684258,,ACH-000681,mk5108,0.614661800166,0.00976562,HTS002,secondary,1.5311990078844095,,,,1.5311990078844095,MK-5108 (VX-689)
A549,"Luminespib (AUY-922, NVP-AUY922)",10.0,0.868278620357043,SIDM00903,uM,luminespib,CCNC(=O)c1noc(-c2cc(C(C)C)c(O)cc2O)c1-c1ccc(CN2CCOCC2)cc1,ccnc(=o)c1noc(c2cc(c(c)c)c(o)cc2o)c1c1ccc(cn2ccocc2)cc1,1.0,1305,a549,,,,0.868278620357043,,ACH-000681,luminespib,,,,,,,,,,"Luminespib (AUY-922, NVP-AUY922)"
A549,Tubastatin A HCl,0.1,1.0,SIDM00903,uM,tubastatina,CN1CCc2c(c3ccccc3n2Cc2ccc(C(=O)NO)cc2)C1.Cl,cn1ccc2c(c3ccccc3n2cc2ccc(c(=o)no)cc2)c1,-1.0,1306,a549,0.13,0.9541,-0.8860566476931632,1.0,0.9541,ACH-000681,tubastatina,,,,,,,,,0.9541,Tubastatin A HCl
A549,Divalproex Sodium,0.1,0.974456462743347,SIDM00903,uM,divalproex,CCCC(CCC)C(=O)O.CCCC(CCC)C(=O)[O-].[Na+],cccc(ccc)c(=o)[o],-1.0,1307,a549,,,,0.974456462743347,,ACH-000681,divalproex,,,,,,,,,,Divalproex Sodium
A549,Mocetinostat (MGCD0103),10.0,0.999620797508405,SIDM00903,uM,mocetinostat,Nc1ccccc1NC(=O)c1ccc(CNc2nccc(-c3cccnc3)n2)cc1,nc1ccccc1nc(=o)c1ccc(cnc2nccc(c3cccnc3)n2)cc1,1.0,1308,a549,,,,0.999620797508405,,ACH-000681,mocetinostat,-4.62910773168,2.5,HTS,primary,0.04041101136057597,,,,0.04041101136057597,Mocetinostat (MGCD0103)
A549,SRT2104 (GSK2245840),1.0,0.99999508565549,SIDM00903,uM,srt2104,Cc1nc(-c2cccnc2)sc1C(=O)Nc1ccccc1-c1cn2c(CN3CCOCC3)csc2n1,cc1nc(c2cccnc2)sc1c(=o)nc1ccccc1c1cn2c(cn3ccocc3)csc2n1,0.0,1309,a549,,,,0.99999508565549,,ACH-000681,srt2104,0.2107080873,2.5,MTS004,primary,1.1572560358891149,,,,1.1572560358891149,SRT2104 (GSK2245840)
A549,SL-327,0.1,0.975906090221232,SIDM00903,uM,sl327,N#C/C(=C(/N)Sc1ccc(N)cc1)c1ccccc1C(F)(F)F,n#cc(=c(n)sc1ccc(n)cc1)c1ccccc1c(f)(f)f,-1.0,1310,a549,,,,0.975906090221232,,ACH-000681,sl327,,,,,,,,,,SL-327
A549,TAK-901,0.01,0.9602043334828,SIDM00903,uM,tak901,CCS(=O)(=O)c1cccc(-c2cc(C(=O)NC3CCN(C)CC3)c(C)c3[nH]c4ncc(C)cc4c23)c1,ccs(=o)(=o)c1cccc(c2cc(c(=o)nc3ccn(c)cc3)c(c)c3[nh]c4ncc(c)cc4c23)c1,-2.0,1311,a549,,,,0.9602043334828,,ACH-000681,tak901,0.394871414434,0.00976562,HTS002,secondary,1.3148255662593997,,,,1.3148255662593997,TAK-901
A549,SGI-1776 free base,0.01,0.9997063276318348,SIDM00903,uM,sgi1776freebase,CN1CCC(CNc2ccc3ncc(-c4cccc(OC(F)(F)F)c4)n3n2)CC1,cn1ccc(cnc2ccc3ncc(c4cccc(oc(f)(f)f)c4)n3n2)cc1,-2.0,1312,a549,,,,0.9997063276318348,,ACH-000681,sgi1776freebase,,,,,,,,,,SGI-1776 free base
A549,AG-14361,0.1,0.97947852580038,SIDM00903,uM,ag14361,CN(C)Cc1ccc(-c2nc3cccc4c3n2CCNC4=O)cc1,cn(c)cc1ccc(c2nc3cccc4c3n2ccnc4=o)cc1,-1.0,1313,a549,,,,0.97947852580038,,ACH-000681,ag14361,0.336393101476,0.15625,HTS002,secondary,1.2625960138474344,,,,1.2625960138474344,AG-14361
A549,Tucidinostat (Chidamide),10.0,0.9999580025969428,SIDM00903,uM,tucidinostat,Nc1ccc(F)cc1NC(=O)c1ccc(CNC(=O)C=Cc2cccnc2)cc1,nc1ccc(f)cc1nc(=o)c1ccc(cnc(=o)c=cc2cccnc2)cc1,1.0,1314,a549,,,,0.9999580025969428,,ACH-000681,tucidinostat,,,,,,,,,,Tucidinostat (Chidamide)
A549,Sodium Phenylbutyrate,10.0,1.0,SIDM00903,uM,sodiumphenylbutyrate,O=C(CCCc1ccccc1)O[Na],o=c(cccc1ccccc1)o[na],1.0,1315,a549,,,,1.0,,ACH-000681,sodiumphenylbutyrate,,,,,,,,,,Sodium Phenylbutyrate
A549,Danusertib (PHA-739358),0.1,0.8063831188208309,SIDM00903,uM,danusertib,CO[C@@H](C(=O)N1Cc2[nH]nc(NC(=O)c3ccc(N4CCN(C)CC4)cc3)c2C1)c1ccccc1,co[ch](c(=o)n1cc2[nh]nc(nc(=o)c3ccc(n4ccn(c)cc4)cc3)c2c1)c1ccccc1,-1.0,1316,a549,,,,0.8063831188208309,,ACH-000681,danusertib,-1.74578480512,0.150465,HTS002,secondary,0.2981716905692946,,,,0.2981716905692946,Danusertib (PHA-739358)
A549,PJ34,0.1,0.9767356412840268,SIDM00903,uM,pj34,CN(C)CC(=O)Nc1ccc2[nH]c(=O)c3ccccc3c2c1,cn(c)cc(=o)nc1ccc2[nh]c(=o)c3ccccc3c2c1,-1.0,1317,a549,,,,0.9767356412840268,,ACH-000681,pj34,0.494061758669,0.15625,HTS002,secondary,1.4084045163871037,,,,1.4084045163871037,PJ34
A549,"Baricitinib (LY3009104, INCB028050)",0.1,0.999988372833967,SIDM00903,uM,baricitinib,CCS(=O)(=O)N1CC(CC#N)(n2cc(-c3ncnc4[nH]ccc34)cn2)C1,ccs(=o)(=o)n1cc(cc#n)(n2cc(c3ncnc4[nh]ccc34)cn2)c1,-1.0,1318,a549,,,,0.999988372833967,,ACH-000681,baricitinib,0.374098736978,0.15625,HTS002,secondary,1.296029661706432,,,,1.296029661706432,"Baricitinib (LY3009104, INCB028050)"
A549,Ivosidenib (AG-120),1.0,0.558087704502082,SIDM00903,uM,ivosidenib,N#Cc1ccnc(N2C(=O)CCC2C(=O)N(c2cncc(F)c2)C(C(=O)NC2CC(F)(F)C2)c2ccccc2Cl)c1,n#cc1ccnc(n2c(=o)ccc2c(=o)n(c2cncc(f)c2)c(c(=o)nc2cc(f)(f)c2)c2ccccc2cl)c1,0.0,1319,a549,,,,0.558087704502082,,ACH-000681,ivosidenib,-0.0071344443320962,2.4999924489,MTS007,primary,0.9950669874954762,,,,0.9950669874954762,Ivosidenib (AG-120)
A549,Crizotinib (PF-02341066),10.0,0.551469109068927,SIDM00903,uM,crizotinib,CC(Oc1cc(-c2cnn(C3CCNCC3)c2)cnc1N)c1c(Cl)ccc(F)c1Cl,cc(oc1cc(c2cnn(c3ccncc3)c2)cnc1n)c1c(cl)ccc(f)c1cl,1.0,1320,a549,8.3,0.26966666666666667,0.919078092376074,0.551469109068927,0.26966666666666667,ACH-000681,crizotinib,0.437588493279,2.54,HTS,primary,1.354338617985266,,,,1.354338617985266,Crizotinib (PF-02341066)
A549,Mercaptopurine (6-MP),1.0,0.99953701759587,SIDM00903,uM,mercaptopurine,S=c1nc[nH]c2nc[nH]c12,s=c1nc[nh]c2nc[nh]c12,0.0,1321,a549,,,,0.99953701759587,,ACH-000681,mercaptopurine,-0.248020303779,2.5,HTS,primary,0.8420511029127926,,,,0.8420511029127926,Mercaptopurine (6-MP)
A549,Andarine,10.0,1.0,SIDM00903,uM,andarine,CC(=O)Nc1ccc(OCC(C)(O)C(=O)Nc2ccc([N+](=O)[O-])c(C(F)(F)F)c2)cc1,cc(=o)nc1ccc(occ(c)(o)c(=o)nc2ccc([n](=o)[o])c(c(f)(f)f)c2)cc1,1.0,1322,a549,,,,1.0,,ACH-000681,andarine,0.442119038788,2.5,HTS,primary,1.358598379779047,,,,1.358598379779047,Andarine
A549,PFI-1 (PF-6405761),10.0,1.0,SIDM00903,uM,pfi1,COc1ccccc1S(=O)(=O)Nc1ccc2c(c1)CN(C)C(=O)N2,coc1ccccc1s(=o)(=o)nc1ccc2c(c1)cn(c)c(=o)n2,1.0,1323,a549,,,,1.0,,ACH-000681,pfi1,0.162993013228,2.63,HTS,primary,1.1196074665374247,,,,1.1196074665374247,PFI-1 (PF-6405761)
A549,A-366,0.01,1.0,SIDM00903,uM,a366,COc1cc2c(cc1OCCCN1CCCC1)N=C(N)C21CCC1,coc1cc2c(cc1occcn1cccc1)n=c(n)c21ccc1,-2.0,1324,a549,,,,1.0,,ACH-000681,a366,,,,,,,,,,A-366
A549,Anacardic Acid,0.1,1.0,SIDM00903,uM,anacardicacid,CCCCCCCCCCCCCCCc1cccc(O)c1C(=O)O,cccccccccccccccc1cccc(o)c1c(=o)o,-1.0,1325,a549,,,,1.0,,ACH-000681,anacardicacid,,,,,,,,,,Anacardic Acid
A549,Tie2 kinase inhibitor,0.01,1.0,SIDM00903,uM,tie2kinaseinhibitor,COc1ccc2cc(-c3[nH]c(-c4ccc(S(C)=O)cc4)nc3-c3ccncc3)ccc2c1,coc1ccc2cc(c3[nh]c(c4ccc(s(c)=o)cc4)nc3c3ccncc3)ccc2c1,-2.0,1326,a549,,,,1.0,,ACH-000681,tie2kinaseinhibitor,,,,,,,,,,Tie2 kinase inhibitor
A549,NVP-BSK805 2HCl,0.01,0.9996152884766668,SIDM00903,uM,nvpbsk8052hcl,Cl.Cl.Fc1cc(-c2cccc3ncc(-c4cnn(C5CCNCC5)c4)nc23)cc(F)c1CN1CCOCC1,fc1cc(c2cccc3ncc(c4cnn(c5ccncc5)c4)nc23)cc(f)c1cn1ccocc1,-2.0,1327,a549,,,,0.9996152884766668,,ACH-000681,nvpbsk8052hcl,,,,,,,,,,NVP-BSK805 2HCl
A549,Ivosidenib (AG-120),0.1,0.991354177483498,SIDM00903,uM,ivosidenib,N#Cc1ccnc(N2C(=O)CCC2C(=O)N(c2cncc(F)c2)C(C(=O)NC2CC(F)(F)C2)c2ccccc2Cl)c1,n#cc1ccnc(n2c(=o)ccc2c(=o)n(c2cncc(f)c2)c(c(=o)nc2cc(f)(f)c2)c2ccccc2cl)c1,-1.0,1328,a549,,,,0.991354177483498,,ACH-000681,ivosidenib,0.118106492765693,0.15625,MTS010,secondary,1.0853094812184494,,,,1.0853094812184494,Ivosidenib (AG-120)
A549,G007-LK,0.1,0.983146767768328,SIDM00903,uM,g007lk,CS(=O)(=O)c1ccc(-c2nnc(C=Cc3nnc(-c4ccc(C#N)cc4)o3)n2-c2ccccc2Cl)nc1,cs(=o)(=o)c1ccc(c2nnc(c=cc3nnc(c4ccc(c#n)cc4)o3)n2c2ccccc2cl)nc1,-1.0,1329,a549,,,,0.983146767768328,,ACH-000681,g007lk,,,,,,,,,,G007-LK
A549,Thiotepa,0.01,0.999572142029922,SIDM00903,uM,thiotepa,S=P(N1CC1)(N1CC1)N1CC1,s=p(n1cc1)(n1cc1)n1cc1,-2.0,1330,a549,,,,0.999572142029922,,ACH-000681,thiotepa,-0.0801110014987748,0.00977,MTS010,secondary,0.9459848594947952,,,,0.9459848594947952,Thiotepa
A549,Entacapone,0.1,0.998299075253232,SIDM00903,uM,entacapone,CCN(CC)C(=O)C(C#N)=Cc1cc(O)c(O)c([N+](=O)[O-])c1,ccn(cc)c(=o)c(c#n)=cc1cc(o)c(o)c([n](=o)[o])c1,-1.0,1331,a549,,,,0.998299075253232,,ACH-000681,entacapone,,,,,,,,,,Entacapone
A549,Alvespimycin (17-DMAG) HCl,0.1,0.462158060994711,SIDM00903,uM,alvespimycin,COC1/C=C\C=C(/C)C(=O)NC2=CC(=O)C(NCCN(C)C)=C(CC(C)CC(OC)C(O)C(C)/C=C(\C)C1OC(N)=O)C2=O.Cl,coc1c=cc=c(c)c(=o)nc2=cc(=o)c(nccn(c)c)=c(cc(c)cc(oc)c(o)c(c)c=c(c)c1oc(n)=o)c2=o,-1.0,1332,a549,,,,0.462158060994711,,ACH-000681,alvespimycin,-4.38099853248791,0.156,MTS010,secondary,0.047994119747873994,,,,0.047994119747873994,Alvespimycin (17-DMAG) HCl
A549,Costunolide,0.1,1.0,SIDM00903,uM,costunolide,C=C1C(=O)OC2/C=C(\C)CC/C=C(\C)CCC12,c=c1c(=o)oc2c=c(c)ccc=c(c)ccc12,-1.0,1333,a549,,,,1.0,,ACH-000681,costunolide,0.804016784317,0.15625,HTS002,secondary,1.7459554945990956,,,,1.7459554945990956,Costunolide
A549,PF-3845,10.0,0.8168193895663391,SIDM00903,uM,pf3845,O=C(Nc1cccnc1)N1CCC(Cc2cccc(Oc3ccc(C(F)(F)F)cn3)c2)CC1,o=c(nc1cccnc1)n1ccc(cc2cccc(oc3ccc(c(f)(f)f)cn3)c2)cc1,1.0,1334,a549,,,,0.8168193895663391,,ACH-000681,pf3845,-0.0330355220018,2.5,HTS,primary,0.9773617015387764,,,,0.9773617015387764,PF-3845
A549,Raltitrexed,1.0,0.7637193111598679,SIDM00903,uM,raltitrexed,Cc1nc2ccc(CN(C)c3ccc(C(=O)NC(CCC(=O)O)C(=O)O)s3)cc2c(=O)[nH]1,cc1nc2ccc(cn(c)c3ccc(c(=o)nc(ccc(=o)o)c(=o)o)s3)cc2c(=o)[nh]1,0.0,1335,a549,,,,0.7637193111598679,,ACH-000681,raltitrexed,-0.412532899391,2.5,HTS,primary,0.7513031731267067,,,,0.7513031731267067,Raltitrexed
A549,Givinostat (ITF2357),0.01,0.982439723780914,SIDM00903,uM,givinostat,CCN(CC)Cc1ccc2cc(COC(=O)Nc3ccc(C(=O)NO)cc3)ccc2c1.Cl.O,ccn(cc)cc1ccc2cc(coc(=o)nc3ccc(c(=o)no)cc3)ccc2c1,-2.0,1336,a549,,,,0.982439723780914,,ACH-000681,givinostat,0.115218019102,0.00976562,HTS002,secondary,1.0831387163513282,,,,1.0831387163513282,Givinostat (ITF2357)
A549,Vandetanib (ZD6474),0.01,0.9995690316878748,SIDM00903,uM,vandetanib,COc1cc2c(Nc3ccc(Br)cc3F)ncnc2cc1OCC1CCN(C)CC1,coc1cc2c(nc3ccc(br)cc3f)ncnc2cc1occ1ccn(c)cc1,-2.0,1337,a549,0.0081,0.9401,-2.0915149811213505,0.9995690316878748,0.9401,ACH-000681,vandetanib,-0.0057219672184732,0.00977,MTS010,secondary,0.9960416894014552,,,,0.9960416894014552,Vandetanib (ZD6474)
A549,Ki16425,10.0,0.999995746308744,SIDM00903,uM,ki16425,Cc1noc(-c2ccc(CSCCC(=O)O)cc2)c1NC(=O)OC(C)c1ccccc1Cl,cc1noc(c2ccc(csccc(=o)o)cc2)c1nc(=o)oc(c)c1ccccc1cl,1.0,1338,a549,,,,0.999995746308744,,ACH-000681,ki16425,-0.200512473452,2.5,HTS,primary,0.8702413816525415,,,,0.8702413816525415,Ki16425
A549,ENMD-2076 L-(+)-Tartaric acid ,0.01,0.973494716812807,SIDM00903,uM,enmd2076ltartaricacid,Cc1cc(Nc2cc(N3CCN(C)CC3)nc(C=Cc3ccccc3)n2)n[nH]1,cc1cc(nc2cc(n3ccn(c)cc3)nc(c=cc3ccccc3)n2)n[nh]1,-2.0,1339,a549,,,,0.973494716812807,,ACH-000681,enmd2076ltartaricacid,,,,,,,,,,ENMD-2076 L-(+)-Tartaric acid 
A549,SRT1720 HCl,10.0,1.0,SIDM00903,uM,srt1720,Cl.O=C(Nc1ccccc1-c1cn2c(CN3CCNCC3)csc2n1)c1cnc2ccccc2n1,o=c(nc1ccccc1c1cn2c(cn3ccncc3)csc2n1)c1cnc2ccccc2n1,1.0,1340,a549,9.2,0.9229333333333334,0.9637878273455552,1.0,0.9229333333333334,ACH-000681,srt1720,1.07396660491,2.5,HTS,primary,2.1052135779762606,,,,2.1052135779762606,SRT1720 HCl
A549,MK-5108 (VX-689),1.0,0.98996169585037,SIDM00903,uM,mk5108,O=C(O)[C@]1(Cc2cccc(Nc3nccs3)n2)CC[C@@H](Oc2cccc(Cl)c2F)CC1,o=c(o)[c]1(cc2cccc(nc3nccs3)n2)cc[ch](oc2cccc(cl)c2f)cc1,0.0,1341,a549,,,,0.98996169585037,,ACH-000681,mk5108,-0.600910966185,2.5,HTS,primary,0.6593374960401579,,,,0.6593374960401579,MK-5108 (VX-689)
A549,"Patupilone (EPO906, Epothilone B)",0.1,0.9995315386843592,SIDM00903,uM,patupilone,C/C(=C\c1csc(C)n1)C1CC2OC2(C)CCCC(C)C(O)C(C)C(=O)C(C)(C)C(O)CC(=O)O1,cc(=cc1csc(c)n1)c1cc2oc2(c)cccc(c)c(o)c(c)c(=o)c(c)(c)c(o)cc(=o)o1,-1.0,1342,a549,,,,0.9995315386843592,,ACH-000681,patupilone,,,,,,,,,,"Patupilone (EPO906, Epothilone B)"
A549,Thiotepa,0.1,0.983233750128376,SIDM00903,uM,thiotepa,S=P(N1CC1)(N1CC1)N1CC1,s=p(n1cc1)(n1cc1)n1cc1,-1.0,1343,a549,,,,0.983233750128376,,ACH-000681,thiotepa,-0.0614995816966254,0.15625,MTS010,secondary,0.9582675486531513,,,,0.9582675486531513,Thiotepa
A549,Pelitinib (EKB-569),1.0,0.907431394569659,SIDM00903,uM,pelitinib,CCOc1cc2ncc(C#N)c(Nc3ccc(F)c(Cl)c3)c2cc1NC(=O)/C=C/CN(C)C,ccoc1cc2ncc(c#n)c(nc3ccc(f)c(cl)c3)c2cc1nc(=o)c=ccn(c)c,0.0,1344,a549,,,,0.907431394569659,,ACH-000681,pelitinib,0.436453683794,2.5,HTS,primary,1.3532737276494642,,,,1.3532737276494642,Pelitinib (EKB-569)
A549,Tie2 kinase inhibitor,10.0,1.0,SIDM00903,uM,tie2kinaseinhibitor,COc1ccc2cc(-c3[nH]c(-c4ccc(S(C)=O)cc4)nc3-c3ccncc3)ccc2c1,coc1ccc2cc(c3[nh]c(c4ccc(s(c)=o)cc4)nc3c3ccncc3)ccc2c1,1.0,1345,a549,,,,1.0,,ACH-000681,tie2kinaseinhibitor,0.354520816431,2.5,HTS,primary,1.2785608434854143,,,,1.2785608434854143,Tie2 kinase inhibitor
A549,Maraviroc,0.01,1.0,SIDM00903,uM,maraviroc,Cc1nnc(C(C)C)n1C1CC2CCC(C1)N2CCC(NC(=O)C1CCC(F)(F)CC1)c1ccccc1,cc1nnc(c(c)c)n1c1cc2ccc(c1)n2ccc(nc(=o)c1ccc(f)(f)cc1)c1ccccc1,-2.0,1346,a549,,,,1.0,,ACH-000681,maraviroc,,,,,,,,,,Maraviroc
A549,Trametinib (GSK1120212),0.1,0.999971200248341,SIDM00903,uM,trametinib,CC(=O)Nc1cccc(-n2c(=O)n(C3CC3)c(=O)c3c(Nc4ccc(I)cc4F)n(C)c(=O)c(C)c32)c1,cc(=o)nc1cccc(n2c(=o)n(c3cc3)c(=o)c3c(nc4ccc(i)cc4f)n(c)c(=o)c(c)c32)c1,-1.0,1347,a549,,,,0.999971200248341,,ACH-000681,trametinib,-2.55803398571826,0.15625,MTS010,secondary,0.16980678536526458,,,,0.16980678536526458,Trametinib (GSK1120212)
A549,Motesanib Diphosphate (AMG-706),0.1,1.0,SIDM00903,uM,motesanibdiphosphate,CC1(C)CNc2cc(NC(=O)c3cccnc3NCc3ccncc3)ccc21.O=P(O)(O)O.O=P(O)(O)O,cc1(c)cnc2cc(nc(=o)c3cccnc3ncc3ccncc3)ccc21,-1.0,1348,a549,,,,1.0,,ACH-000681,motesanibdiphosphate,,,,,,,,,,Motesanib Diphosphate (AMG-706)
A549,Daphnetin,1.0,1.0,SIDM00903,uM,daphnetin,O=c1ccc2ccc(O)c(O)c2o1,o=c1ccc2ccc(o)c(o)c2o1,0.0,1349,a549,,,,1.0,,ACH-000681,daphnetin,0.316856713598,2.5,HTS,primary,1.2456136968601805,,,,1.2456136968601805,Daphnetin
A549,GSK-LSD1 2HCl,10.0,0.9999951265474673,SIDM00903,uM,gsklsd12hcl,Cl.Cl.c1ccc([C@@H]2C[C@H]2NC2CCNCC2)cc1,c1ccc([ch]2c[ch]2nc2ccncc2)cc1,1.0,1350,a549,,,,0.9999951265474673,,ACH-000681,gsklsd12hcl,,,,,,,,,,GSK-LSD1 2HCl
A549,PCI-34051,1.0,0.972432845382297,SIDM00903,uM,pci34051,COc1ccc(Cn2ccc3ccc(C(=O)NO)cc32)cc1,coc1ccc(cn2ccc3ccc(c(=o)no)cc32)cc1,0.0,1351,a549,,,,0.972432845382297,,ACH-000681,pci34051,0.371028144158,2.5,HTS,primary,1.293274160890335,,,,1.293274160890335,PCI-34051
A549,JNJ-7706621,10.0,0.722742191983723,SIDM00903,uM,jnj7706621,Nc1nc(Nc2ccc(S(N)(=O)=O)cc2)nn1C(=O)c1c(F)cccc1F,nc1nc(nc2ccc(s(n)(=o)=o)cc2)nn1c(=o)c1c(f)cccc1f,1.0,1352,a549,,,,0.722742191983723,,ACH-000681,jnj7706621,-0.705531766165,2.5,HTS,primary,0.6132164201655089,,,,0.6132164201655089,JNJ-7706621
A549,Tucidinostat (Chidamide),1.0,0.999970725111832,SIDM00903,uM,tucidinostat,Nc1ccc(F)cc1NC(=O)c1ccc(CNC(=O)C=Cc2cccnc2)cc1,nc1ccc(f)cc1nc(=o)c1ccc(cnc(=o)c=cc2cccnc2)cc1,0.0,1353,a549,,,,0.999970725111832,,ACH-000681,tucidinostat,,,,,,,,,,Tucidinostat (Chidamide)
A549,MK-0752,10.0,0.999976371637861,SIDM00903,uM,mk0752,O=C(O)CCC1CCC(c2cc(F)ccc2F)(S(=O)(=O)c2ccc(Cl)cc2)CC1,o=c(o)ccc1ccc(c2cc(f)ccc2f)(s(=o)(=o)c2ccc(cl)cc2)cc1,1.0,1354,a549,8.3,0.9561666666666667,0.919078092376074,0.999976371637861,0.9561666666666667,ACH-000681,mk0752,-0.140335135177,2.5,HTS,primary,0.9073083649136993,,,,0.9073083649136993,MK-0752
A549,GSK1070916,1.0,0.997078302185282,SIDM00903,uM,gsk1070916,CCn1cc(-c2ccnc3[nH]c(-c4cccc(CN(C)C)c4)cc23)c(-c2ccc(NC(=O)N(C)C)cc2)n1,ccn1cc(c2ccnc3[nh]c(c4cccc(cn(c)c)c4)cc23)c(c2ccc(nc(=o)n(c)c)cc2)n1,0.0,1355,a549,,,,0.997078302185282,,ACH-000681,gsk1070916,-0.319143315897,2.5,HTS,primary,0.8015457006880166,,,,0.8015457006880166,GSK1070916
A549,CUDC-101,1.0,0.909258322429221,SIDM00903,uM,cudc101,C#Cc1cccc(Nc2ncnc3cc(OC)c(OCCCCCCC(=O)NO)cc23)c1,c#cc1cccc(nc2ncnc3cc(oc)c(occccccc(=o)no)cc23)c1,0.0,1356,a549,,,,0.909258322429221,,ACH-000681,cudc101,-2.97301830326,2.5,HTS,primary,0.12735978377197765,,,,0.12735978377197765,CUDC-101
A549,FLLL32,10.0,0.999990272944376,SIDM00903,uM,flll32,COc1ccc(C=CC(=O)C2(C(=O)C=Cc3ccc(OC)c(OC)c3)CCCCC2)cc1OC,coc1ccc(c=cc(=o)c2(c(=o)c=cc3ccc(oc)c(oc)c3)ccccc2)cc1oc,1.0,1357,a549,,,,0.999990272944376,,ACH-000681,flll32,,,,,,,,,,FLLL32
A549,Meprednisone,0.1,1.0,SIDM00903,uM,meprednisone,CC1CC2C3CCC4=CC(=O)C=CC4(C)C3C(=O)CC2(C)C1(O)C(=O)CO,cc1cc2c3ccc4=cc(=o)c=cc4(c)c3c(=o)cc2(c)c1(o)c(=o)co,-1.0,1358,a549,,,,1.0,,ACH-000681,meprednisone,,,,,,,,,,Meprednisone
A549,Lomustine ,1.0,1.0,SIDM00903,uM,lomustine,O=NN(CCCl)C(=O)NC1CCCCC1,o=nn(cccl)c(=o)nc1ccccc1,0.0,1359,a549,,,,1.0,,ACH-000681,lomustine,,,,,,,,,,Lomustine 
A549,Dacinostat (LAQ824),0.1,0.891367910795188,SIDM00903,uM,dacinostat,O=C(C=Cc1ccc(CN(CCO)CCc2c[nH]c3ccccc23)cc1)NO,o=c(c=cc1ccc(cn(cco)ccc2c[nh]c3ccccc23)cc1)no,-1.0,1360,a549,,,,0.891367910795188,,ACH-000681,dacinostat,-0.65224221276,0.15625,HTS002,secondary,0.6362906324136615,,,,0.6362906324136615,Dacinostat (LAQ824)
A549,TG101209,10.0,0.514474842126925,SIDM00903,uM,tg101209,Cc1cnc(Nc2ccc(N3CCN(C)CC3)cc2)nc1Nc1cccc(S(=O)(=O)NC(C)(C)C)c1,cc1cnc(nc2ccc(n3ccn(c)cc3)cc2)nc1nc1cccc(s(=o)(=o)nc(c)(c)c)c1,1.0,1361,a549,,,,0.514474842126925,,ACH-000681,tg101209,-0.617679060603,2.5,HTS,primary,0.651718538714727,,,,0.651718538714727,TG101209
A549,AG-14361,0.01,0.999969052712194,SIDM00903,uM,ag14361,CN(C)Cc1ccc(-c2nc3cccc4c3n2CCNC4=O)cc1,cn(c)cc1ccc(c2nc3cccc4c3n2ccnc4=o)cc1,-2.0,1362,a549,,,,0.999969052712194,,ACH-000681,ag14361,-0.175672184275,0.00976562,HTS002,secondary,0.8853549160938384,,,,0.8853549160938384,AG-14361
A549,"Roscovitine (Seliciclib,CYC202)",10.0,0.991922199220043,SIDM00903,uM,roscovitine,CCC(CO)Nc1nc(NCc2ccccc2)c2ncn(C(C)C)c2n1,ccc(co)nc1nc(ncc2ccccc2)c2ncn(c(c)c)c2n1,1.0,1363,a549,,,,0.991922199220043,,ACH-000681,roscovitine,-0.183806944186,2.5,HTS,primary,0.8803768142669582,,,,0.8803768142669582,"Roscovitine (Seliciclib,CYC202)"
A549,BMS-754807,10.0,0.83694797049759,SIDM00903,uM,bms754807,CC1(C(=O)Nc2ccc(F)nc2)CCCN1c1nc(Nc2cc(C3CC3)[nH]n2)c2cccn2n1,cc1(c(=o)nc2ccc(f)nc2)cccn1c1nc(nc2cc(c3cc3)[nh]n2)c2cccn2n1,1.0,1364,a549,8.3,0.36946666666666667,0.919078092376074,0.83694797049759,0.36946666666666667,ACH-000681,bms754807,-1.10632393449,2.5,HTS,primary,0.46447603462486914,,,,0.46447603462486914,BMS-754807
A549,"Rucaparib (AG-014699,PF-01367338) phosphate",0.01,0.988852737617394,SIDM00903,uM,rucaparib,CNCc1ccc(-c2[nH]c3cc(F)cc4c3c2CCNC4=O)cc1.O=P(O)(O)O,cncc1ccc(c2[nh]c3cc(f)cc4c3c2ccnc4=o)cc1,-2.0,1365,a549,,,,0.988852737617394,,ACH-000681,rucaparib,-0.0990190991581658,0.00977,MTS010,secondary,0.9336675844493787,,,,0.9336675844493787,"Rucaparib (AG-014699,PF-01367338) phosphate"
A549,Pelitinib (EKB-569),0.01,0.99637085744463,SIDM00903,uM,pelitinib,CCOc1cc2ncc(C#N)c(Nc3ccc(F)c(Cl)c3)c2cc1NC(=O)/C=C/CN(C)C,ccoc1cc2ncc(c#n)c(nc3ccc(f)c(cl)c3)c2cc1nc(=o)c=ccn(c)c,-2.0,1366,a549,,,,0.99637085744463,,ACH-000681,pelitinib,0.124047170309048,0.00977,MTS010,secondary,1.0897877432946184,,,,1.0897877432946184,Pelitinib (EKB-569)
A549,Navitoclax (ABT-263),0.01,1.0,SIDM00903,uM,navitoclax,CC1(C)CCC(c2ccc(Cl)cc2)=C(CN2CCN(c3ccc(C(=O)NS(=O)(=O)c4ccc(N[C@H](CCN5CCOCC5)CSc5ccccc5)c(S(=O)(=O)C(F)(F)F)c4)cc3)CC2)C1,cc1(c)ccc(c2ccc(cl)cc2)=c(cn2ccn(c3ccc(c(=o)ns(=o)(=o)c4ccc(n[ch](ccn5ccocc5)csc5ccccc5)c(s(=o)(=o)c(f)(f)f)c4)cc3)cc2)c1,-2.0,1367,a549,0.0081,1.0228,-2.0915149811213505,1.0,1.0228,ACH-000681,navitoclax,0.277920081783143,0.00977,MTS010,secondary,1.2124456536693462,,,,1.2124456536693462,Navitoclax (ABT-263)
A549,Streptozotocin (STZ),0.1,0.993777898597083,SIDM00903,uM,streptozotocin,CN(N=O)C(=O)NC1C(O)OC(CO)C(O)C1O,cn(n=o)c(=o)nc1c(o)oc(co)c(o)c1o,-1.0,1368,a549,,,,0.993777898597083,,ACH-000681,streptozotocin,0.602916880292,0.15625,HTS002,secondary,1.518784183771329,,,,1.518784183771329,Streptozotocin (STZ)
A549,Cimetidine ,10.0,0.607925904403928,SIDM00903,uM,cimetidine,CNC(=NC#N)NCCSCc1nc[nH]c1C,cnc(=nc#n)nccscc1nc[nh]c1c,1.0,1369,a549,8.3,1.189,0.919078092376074,0.607925904403928,1.189,ACH-000681,cimetidine,-0.832806758318,2.5,HTS,primary,0.5614359074922693,,,,0.5614359074922693,Cimetidine 
A549,AZ 960,1.0,0.9006932567355941,SIDM00903,uM,az960,Cc1cc(Nc2nc(N[C@@H](C)c3ccc(F)cc3)c(C#N)cc2F)n[nH]1,cc1cc(nc2nc(n[ch](c)c3ccc(f)cc3)c(c#n)cc2f)n[nh]1,0.0,1370,a549,,,,0.9006932567355941,,ACH-000681,az960,-1.05852311363,2.5,HTS,primary,0.4801233102250734,,,,0.4801233102250734,AZ 960
A549,BMS-911543,0.01,0.999964566329064,SIDM00903,uM,bms911543,CCn1c(C(=O)N(C2CC2)C2CC2)cc2c3c(ncn3C)c(Nc3cc(C)n(C)n3)nc21,ccn1c(c(=o)n(c2cc2)c2cc2)cc2c3c(ncn3c)c(nc3cc(c)n(c)n3)nc21,-2.0,1371,a549,,,,0.999964566329064,,ACH-000681,bms911543,,,,,,,,,,BMS-911543
A549,PF-3845,0.1,0.976625313465772,SIDM00903,uM,pf3845,O=C(Nc1cccnc1)N1CCC(Cc2cccc(Oc3ccc(C(F)(F)F)cn3)c2)CC1,o=c(nc1cccnc1)n1ccc(cc2cccc(oc3ccc(c(f)(f)f)cn3)c2)cc1,-1.0,1372,a549,,,,0.976625313465772,,ACH-000681,pf3845,0.549824897962,0.15625,HTS002,secondary,1.4639080084753926,,,,1.4639080084753926,PF-3845
A549,ENMD-2076 L-(+)-Tartaric acid ,10.0,0.652867818271015,SIDM00903,uM,enmd2076ltartaricacid,Cc1cc(Nc2cc(N3CCN(C)CC3)nc(C=Cc3ccccc3)n2)n[nH]1,cc1cc(nc2cc(n3ccn(c)cc3)nc(c=cc3ccccc3)n2)n[nh]1,1.0,1373,a549,,,,0.652867818271015,,ACH-000681,enmd2076ltartaricacid,,,,,,,,,,ENMD-2076 L-(+)-Tartaric acid 
A549,Pracinostat (SB939),10.0,0.7894328709127081,SIDM00903,uM,pracinostat,CCCCc1nc2cc(C=CC(=O)NO)ccc2n1CCN(CC)CC,ccccc1nc2cc(c=cc(=o)no)ccc2n1ccn(cc)cc,1.0,1374,a549,,,,0.7894328709127081,,ACH-000681,pracinostat,,,,,,,,,,Pracinostat (SB939)
A549,SRT2104 (GSK2245840),0.1,0.99999762343797,SIDM00903,uM,srt2104,Cc1nc(-c2cccnc2)sc1C(=O)Nc1ccccc1-c1cn2c(CN3CCOCC3)csc2n1,cc1nc(c2cccnc2)sc1c(=o)nc1ccccc1c1cn2c(cn3ccocc3)csc2n1,-1.0,1375,a549,,,,0.99999762343797,,ACH-000681,srt2104,,,,,,,,,,SRT2104 (GSK2245840)
A549,Amisulpride,0.1,0.999998645580572,SIDM00903,uM,amisulpride,CCN1CCCC1CNC(=O)c1cc(S(=O)(=O)CC)c(N)cc1OC,ccn1cccc1cnc(=o)c1cc(s(=o)(=o)cc)c(n)cc1oc,-1.0,1376,a549,,,,0.999998645580572,,ACH-000681,amisulpride,0.672122526523,0.15625,HTS002,secondary,1.5934155138738206,,,,1.5934155138738206,Amisulpride
A549,AG-490 (Tyrphostin B42),0.01,1.0,SIDM00903,uM,ag490,N#CC(=Cc1ccc(O)c(O)c1)C(=O)NCc1ccccc1,n#cc(=cc1ccc(o)c(o)c1)c(=o)ncc1ccccc1,-2.0,1377,a549,,,,1.0,,ACH-000681,ag490,,,,,,,,,,AG-490 (Tyrphostin B42)
A549,Nilotinib (AMN-107),1.0,0.999996197953338,SIDM00903,uM,nilotinib,Cc1cn(-c2cc(NC(=O)c3ccc(C)c(Nc4nccc(-c5cccnc5)n4)c3)cc(C(F)(F)F)c2)cn1,cc1cn(c2cc(nc(=o)c3ccc(c)c(nc4nccc(c5cccnc5)n4)c3)cc(c(f)(f)f)c2)cn1,0.0,1378,a549,1.0,1.0655000000000001,0.0,0.999996197953338,1.0655000000000001,ACH-000681,nilotinib,-0.205540102593,2.5,HTS,primary,0.8672139669689362,,,,0.8672139669689362,Nilotinib (AMN-107)
A549,Selisistat (EX 527),10.0,1.0,SIDM00903,uM,selisistat,NC(=O)C1CCCc2c1[nH]c1ccc(Cl)cc21,nc(=o)c1cccc2c1[nh]c1ccc(cl)cc21,1.0,1379,a549,,,,1.0,,ACH-000681,selisistat,,,,,,,,,,Selisistat (EX 527)
A549,NVP-BSK805 2HCl,10.0,0.9945050363586608,SIDM00903,uM,nvpbsk8052hcl,Cl.Cl.Fc1cc(-c2cccc3ncc(-c4cnn(C5CCNCC5)c4)nc23)cc(F)c1CN1CCOCC1,fc1cc(c2cccc3ncc(c4cnn(c5ccncc5)c4)nc23)cc(f)c1cn1ccocc1,1.0,1380,a549,,,,0.9945050363586608,,ACH-000681,nvpbsk8052hcl,,,,,,,,,,NVP-BSK805 2HCl
A549,Droxinostat,0.1,0.999985921235092,SIDM00903,uM,droxinostat,Cc1cc(Cl)ccc1OCCCC(=O)NO,cc1cc(cl)ccc1occcc(=o)no,-1.0,1381,a549,,,,0.999985921235092,,ACH-000681,droxinostat,,,,,,,,,,Droxinostat
A549,Roxadustat (FG-4592),1.0,1.0,SIDM00903,uM,roxadustat,Cc1nc(C(=O)NCC(=O)O)c(O)c2ccc(Oc3ccccc3)cc12,cc1nc(c(=o)ncc(=o)o)c(o)c2ccc(oc3ccccc3)cc12,0.0,1382,a549,,,,1.0,,ACH-000681,roxadustat,,,,,,,,,,Roxadustat (FG-4592)
A549,"Fluorouracil (5-Fluoracil, 5-FU)",10.0,0.7682278891934821,SIDM00903,uM,fluorouracil,O=c1[nH]cc(F)c(=O)[nH]1,o=c1[nh]cc(f)c(=o)[nh]1,1.0,1383,a549,8.3,0.7655333333333333,0.919078092376074,0.7682278891934821,0.7655333333333333,ACH-000681,fluorouracil,,,,,,,,,0.7655333333333333,"Fluorouracil (5-Fluoracil, 5-FU)"
A549,"Cerdulatinib (PRT062070, PRT2070)",10.0,0.770079408041251,SIDM00903,uM,cerdulatinib,CCS(=O)(=O)N1CCN(c2ccc(Nc3ncc(C(N)=O)c(NC4CC4)n3)cc2)CC1.Cl,ccs(=o)(=o)n1ccn(c2ccc(nc3ncc(c(n)=o)c(nc4cc4)n3)cc2)cc1,1.0,1384,a549,,,,0.770079408041251,,ACH-000681,cerdulatinib,,,,,,,,,,"Cerdulatinib (PRT062070, PRT2070)"
A549,ABT-737,10.0,0.7859340712067701,SIDM00903,uM,abt737,CN(C)CCC(CSc1ccccc1)Nc1ccc(S(=O)(=O)NC(=O)c2ccc(N3CCN(Cc4ccccc4-c4ccc(Cl)cc4)CC3)cc2)cc1[N+](=O)[O-],cn(c)ccc(csc1ccccc1)nc1ccc(s(=o)(=o)nc(=o)c2ccc(n3ccn(cc4ccccc4c4ccc(cl)cc4)cc3)cc2)cc1[n](=o)[o],1.0,1385,a549,9.2,0.8096,0.9637878273455552,0.7859340712067701,0.8096,ACH-000681,abt737,0.107582736223,2.5,HTS,primary,1.0774214825203514,,,,1.0774214825203514,ABT-737
A549,Ofloxacin,1.0,0.999741248522035,SIDM00903,uM,ofloxacin,CC1COc2c(N3CCN(C)CC3)c(F)cc3c(=O)c(C(=O)O)cn1c23,cc1coc2c(n3ccn(c)cc3)c(f)cc3c(=o)c(c(=o)o)cn1c23,0.0,1386,a549,,,,0.999741248522035,,ACH-000681,ofloxacin,0.792609068992,2.5,HTS,primary,1.732204269087062,,,,1.732204269087062,Ofloxacin
A549,Ramelteon,1.0,0.9989157195627092,SIDM00903,uM,ramelteon,CCC(=O)NCCC1CCc2ccc3c(c21)CCO3,ccc(=o)nccc1ccc2ccc3c(c21)cco3,0.0,1387,a549,,,,0.9989157195627092,,ACH-000681,ramelteon,0.029742860696,2.5,HTS,primary,1.0208301614360469,,,,1.0208301614360469,Ramelteon
A549,FLLL32,0.01,0.99999911296305,SIDM00903,uM,flll32,COc1ccc(C=CC(=O)C2(C(=O)C=Cc3ccc(OC)c(OC)c3)CCCCC2)cc1OC,coc1ccc(c=cc(=o)c2(c(=o)c=cc3ccc(oc)c(oc)c3)ccccc2)cc1oc,-2.0,1388,a549,,,,0.99999911296305,,ACH-000681,flll32,,,,,,,,,,FLLL32
A549,"Tozasertib (VX-680, MK-0457)",10.0,0.9999959598462628,SIDM00903,uM,tozasertib,Cc1cc(Nc2cc(N3CCN(C)CC3)nc(Sc3ccc(NC(=O)C4CC4)cc3)n2)n[nH]1,cc1cc(nc2cc(n3ccn(c)cc3)nc(sc3ccc(nc(=o)c4cc4)cc3)n2)n[nh]1,1.0,1389,a549,,,,0.9999959598462628,,ACH-000681,tozasertib,-0.363713799627,2.5,HTS,primary,0.777161425985011,,,,0.777161425985011,"Tozasertib (VX-680, MK-0457)"
A549,AZD1480,0.01,0.977229661234654,SIDM00903,uM,azd1480,Cc1cc(Nc2nc(N[C@@H](C)c3ncc(F)cn3)ncc2Cl)n[nH]1,cc1cc(nc2nc(n[ch](c)c3ncc(f)cn3)ncc2cl)n[nh]1,-2.0,1390,a549,,,,0.977229661234654,,ACH-000681,azd1480,0.0921161120751,0.00976562,HTS002,secondary,1.0659325218044071,,,,1.0659325218044071,AZD1480
A549,Abexinostat (PCI-24781),0.1,0.999851746709677,SIDM00903,uM,abexinostat,CN(C)Cc1c(C(=O)NCCOc2ccc(C(=O)NO)cc2)oc2ccccc12,cn(c)cc1c(c(=o)nccoc2ccc(c(=o)no)cc2)oc2ccccc12,-1.0,1391,a549,,,,0.999851746709677,,ACH-000681,abexinostat,,,,,,,,,,Abexinostat (PCI-24781)
A549,"Fluorouracil (5-Fluoracil, 5-FU)",0.1,0.991476814905312,SIDM00903,uM,fluorouracil,O=c1[nH]cc(F)c(=O)[nH]1,o=c1[nh]cc(f)c(=o)[nh]1,-1.0,1392,a549,0.13,1.0312666666666666,-0.8860566476931632,0.991476814905312,1.0312666666666666,ACH-000681,fluorouracil,,,,,,,,,1.0312666666666666,"Fluorouracil (5-Fluoracil, 5-FU)"
A549,Avagacestat (BMS-708163),0.01,0.999998531367123,SIDM00903,uM,avagacestat,NC(=O)C(CCC(F)(F)F)N(Cc1ccc(-c2ncon2)cc1F)S(=O)(=O)c1ccc(Cl)cc1,nc(=o)c(ccc(f)(f)f)n(cc1ccc(c2ncon2)cc1f)s(=o)(=o)c1ccc(cl)cc1,-2.0,1393,a549,,,,0.999998531367123,,ACH-000681,avagacestat,,,,,,,,,,Avagacestat (BMS-708163)
A549,Givinostat (ITF2357),0.1,0.911507574798203,SIDM00903,uM,givinostat,CCN(CC)Cc1ccc2cc(COC(=O)Nc3ccc(C(=O)NO)cc3)ccc2c1.Cl.O,ccn(cc)cc1ccc2cc(coc(=o)nc3ccc(c(=o)no)cc3)ccc2c1,-1.0,1394,a549,,,,0.911507574798203,,ACH-000681,givinostat,0.174676014705,0.15625,HTS002,secondary,1.1287109023067865,,,,1.1287109023067865,Givinostat (ITF2357)
A549,IOX2,0.01,1.0,SIDM00903,uM,iox2,O=C(O)CNC(=O)c1c(O)c2ccccc2n(Cc2ccccc2)c1=O,o=c(o)cnc(=o)c1c(o)c2ccccc2n(cc2ccccc2)c1=o,-2.0,1395,a549,,,,1.0,,ACH-000681,iox2,,,,,,,,,,IOX2
A549,Panobinostat (LBH589),0.1,0.745563094956073,SIDM00903,uM,panobinostat,Cc1[nH]c2ccccc2c1CCNCc1ccc(C=CC(=O)NO)cc1,cc1[nh]c2ccccc2c1ccncc1ccc(c=cc(=o)no)cc1,-1.0,1396,a549,,,,0.745563094956073,,ACH-000681,panobinostat,-1.95848586214,0.15625,HTS002,secondary,0.25729835487681,,,,0.25729835487681,Panobinostat (LBH589)
A549,G007-LK,10.0,0.918416532417774,SIDM00903,uM,g007lk,CS(=O)(=O)c1ccc(-c2nnc(C=Cc3nnc(-c4ccc(C#N)cc4)o3)n2-c2ccccc2Cl)nc1,cs(=o)(=o)c1ccc(c2nnc(c=cc3nnc(c4ccc(c#n)cc4)o3)n2c2ccccc2cl)nc1,1.0,1397,a549,,,,0.918416532417774,,ACH-000681,g007lk,-0.341786242571082,2.4999880481,MTS007,primary,0.7890637441048051,,,,0.7890637441048051,G007-LK
A549,Prednisone ,1.0,1.0,SIDM00903,uM,prednisone,CC12C=CC(=O)C=C1CCC1C2C(=O)CC2(C)C1CCC2(O)C(=O)CO,cc12c=cc(=o)c=c1ccc1c2c(=o)cc2(c)c1ccc2(o)c(=o)co,0.0,1398,a549,,,,1.0,,ACH-000681,prednisone,-0.0154310944609,2.5,HTS,primary,0.98936097939744,,,,0.98936097939744,Prednisone 
A549,INO-1001 (3-Aminobenzamide),1.0,0.9999732558641858,SIDM00903,uM,ino1001,NC(=O)c1cccc(N)c1,nc(=o)c1cccc(n)c1,0.0,1399,a549,,,,0.9999732558641858,,ACH-000681,ino1001,,,,,,,,,,INO-1001 (3-Aminobenzamide)
A549,GSK J1,0.1,0.9999668293284428,SIDM00903,uM,gskj1,O=C(O)CCNc1cc(N2CCc3ccccc3CC2)nc(-c2ccccn2)n1,o=c(o)ccnc1cc(n2ccc3ccccc3cc2)nc(c2ccccn2)n1,-1.0,1400,a549,,,,0.9999668293284428,,ACH-000681,gskj1,,,,,,,,,,GSK J1
A549,AG-14361,1.0,0.7896987908086871,SIDM00903,uM,ag14361,CN(C)Cc1ccc(-c2nc3cccc4c3n2CCNC4=O)cc1,cn(c)cc1ccc(c2nc3cccc4c3n2ccnc4=o)cc1,0.0,1401,a549,,,,0.7896987908086871,,ACH-000681,ag14361,0.190112331495,2.5,HTS,primary,1.1408525417664281,,,,1.1408525417664281,AG-14361
A549,GSK1070916,0.1,0.9983480917973108,SIDM00903,uM,gsk1070916,CCn1cc(-c2ccnc3[nH]c(-c4cccc(CN(C)C)c4)cc23)c(-c2ccc(NC(=O)N(C)C)cc2)n1,ccn1cc(c2ccnc3[nh]c(c4cccc(cn(c)c)c4)cc23)c(c2ccc(nc(=o)n(c)c)cc2)n1,-1.0,1402,a549,,,,0.9983480917973108,,ACH-000681,gsk1070916,-0.860277035771,0.15625,HTS002,secondary,0.5508467705692248,,,,0.5508467705692248,GSK1070916
A549,Thiotepa,1.0,0.852668696013613,SIDM00903,uM,thiotepa,S=P(N1CC1)(N1CC1)N1CC1,s=p(n1cc1)(n1cc1)n1cc1,0.0,1403,a549,,,,0.852668696013613,,ACH-000681,thiotepa,-0.099378250511361,0.625,MTS010,secondary,0.933435181736899,,,,0.933435181736899,Thiotepa
A549,SRT2104 (GSK2245840),0.01,0.999999526461307,SIDM00903,uM,srt2104,Cc1nc(-c2cccnc2)sc1C(=O)Nc1ccccc1-c1cn2c(CN3CCOCC3)csc2n1,cc1nc(c2cccnc2)sc1c(=o)nc1ccccc1c1cn2c(cn3ccocc3)csc2n1,-2.0,1404,a549,,,,0.999999526461307,,ACH-000681,srt2104,,,,,,,,,,SRT2104 (GSK2245840)
A549,Lenalidomide (CC-5013),10.0,0.769353257670708,SIDM00903,uM,lenalidomide,Nc1cccc2c1CN(C1CCC(=O)NC1=O)C2=O,nc1cccc2c1cn(c1ccc(=o)nc1=o)c2=o,1.0,1405,a549,,,,0.769353257670708,,ACH-000681,lenalidomide,0.0423573774683,2.5,HTS,primary,1.0297951477361105,,,,1.0297951477361105,Lenalidomide (CC-5013)
A549,Alendronate sodium trihydrate,0.1,0.7400946091650741,SIDM00903,uM,alendronatetrihydrate,NCCCC(O)(P(=O)(O)O)P(=O)(O)O[Na].O.O.O,ncccc(o)(p(=o)(o)o)p(=o)(o)o[na],-1.0,1406,a549,,,,0.7400946091650741,,ACH-000681,alendronatetrihydrate,,,,,,,,,,Alendronate sodium trihydrate
A549,PFI-1 (PF-6405761),0.1,1.0,SIDM00903,uM,pfi1,COc1ccccc1S(=O)(=O)Nc1ccc2c(c1)CN(C)C(=O)N2,coc1ccccc1s(=o)(=o)nc1ccc2c(c1)cn(c)c(=o)n2,-1.0,1407,a549,,,,1.0,,ACH-000681,pfi1,0.556713285699,0.164427,HTS002,secondary,1.4709143943263154,,,,1.4709143943263154,PFI-1 (PF-6405761)
A549,(+)-JQ1,0.1,1.0,SIDM00903,uM,jq1,Cc1sc2c(c1C)C(c1ccc(Cl)cc1)=N[C@@H](CC(=O)OC(C)(C)C)c1nnc(C)n1-2,cc1sc2c(c1c)c(c1ccc(cl)cc1)=n[ch](cc(=o)oc(c)(c)c)c1nnc(c)n12,-1.0,1408,a549,0.13,0.9362333333333334,-0.8860566476931632,1.0,0.9362333333333334,ACH-000681,jq1,1.51610789608,0.15625,HTS002,secondary,2.860183871766158,,,,2.860183871766158,(+)-JQ1
A549,Curcumin,0.01,1.0,SIDM00903,uM,curcumin,COc1cc(C=CC(=O)C=C(O)C=Cc2ccc(O)c(OC)c2)ccc1O,coc1cc(c=cc(=o)c=c(o)c=cc2ccc(o)c(oc)c2)ccc1o,-2.0,1409,a549,0.01,1.0663333333333334,-2.0,1.0,1.0663333333333334,ACH-000681,curcumin,0.590935681543,0.00969109,HTS002,secondary,1.5062233144524548,,,,1.5062233144524548,Curcumin
A549,ITSA-1 (ITSA1),10.0,0.999976725941726,SIDM00903,uM,itsa1,O=C(c1ccc(Cl)cc1Cl)n1nnc2ccccc21,o=c(c1ccc(cl)cc1cl)n1nnc2ccccc21,1.0,1410,a549,,,,0.999976725941726,,ACH-000681,itsa1,,,,,,,,,,ITSA-1 (ITSA1)
A549,"Rucaparib (AG-014699,PF-01367338) phosphate",10.0,0.856964202319338,SIDM00903,uM,rucaparib,CNCc1ccc(-c2[nH]c3cc(F)cc4c3c2CCNC4=O)cc1.O=P(O)(O)O,cncc1ccc(c2[nh]c3cc(f)cc4c3c2ccnc4=o)cc1,1.0,1411,a549,,,,0.856964202319338,,ACH-000681,rucaparib,0.434415246908,2.5,HTS,primary,1.3513629876211948,,,,1.3513629876211948,"Rucaparib (AG-014699,PF-01367338) phosphate"
A549,PCI-34051,0.1,0.995181915050203,SIDM00903,uM,pci34051,COc1ccc(Cn2ccc3ccc(C(=O)NO)cc32)cc1,coc1ccc(cn2ccc3ccc(c(=o)no)cc32)cc1,-1.0,1412,a549,,,,0.995181915050203,,ACH-000681,pci34051,,,,,,,,,,PCI-34051
A549,PF-573228,10.0,0.99996740331639,SIDM00903,uM,pf573228,CS(=O)(=O)c1cccc(CNc2nc(Nc3ccc4c(c3)CCC(=O)N4)ncc2C(F)(F)F)c1,cs(=o)(=o)c1cccc(cnc2nc(nc3ccc4c(c3)ccc(=o)n4)ncc2c(f)(f)f)c1,1.0,1413,a549,8.3,0.5145333333333334,0.919078092376074,0.99996740331639,0.5145333333333334,ACH-000681,pf573228,0.482299913495,2.5,HTS,primary,1.396968910039066,,,,1.396968910039066,PF-573228
A549,Bosutinib (SKI-606),10.0,1.0,SIDM00903,uM,bosutinib,COc1cc(Nc2c(C#N)cnc3cc(OCCCN4CCN(C)CC4)c(OC)cc23)c(Cl)cc1Cl,coc1cc(nc2c(c#n)cnc3cc(occcn4ccn(c)cc4)c(oc)cc23)c(cl)cc1cl,1.0,1414,a549,8.3,0.4685333333333333,0.919078092376074,1.0,0.4685333333333333,ACH-000681,bosutinib,-0.16171559147,2.5,HTS,primary,0.8939613778248687,,,,0.8939613778248687,Bosutinib (SKI-606)
A549,PHA-680632,10.0,0.970608721397992,SIDM00903,uM,pha680632,CCc1cccc(CC)c1NC(=O)N1Cc2[nH]nc(NC(=O)c3ccc(N4CCN(C)CC4)cc3)c2C1,ccc1cccc(cc)c1nc(=o)n1cc2[nh]nc(nc(=o)c3ccc(n4ccn(c)cc4)cc3)c2c1,1.0,1415,a549,,,,0.970608721397992,,ACH-000681,pha680632,-1.19255143214,2.5,HTS,primary,0.4375283991883974,,,,0.4375283991883974,PHA-680632
A549,Quercetin,1.0,0.977872700685891,SIDM00903,uM,quercetin,O=c1c(O)c(-c2ccc(O)c(O)c2)oc2cc(O)cc(O)c12,o=c1c(o)c(c2ccc(o)c(o)c2)oc2cc(o)cc(o)c12,0.0,1416,a549,,,,0.977872700685891,,ACH-000681,quercetin,0.380594510028,2.5,HTS,primary,1.3018782267394648,,,,1.3018782267394648,Quercetin
A549,Glesatinib?(MGCD265),0.1,0.99998564841815,SIDM00903,uM,glesatinib,COCCNCc1ccc(-c2cc3nccc(Oc4ccc(NC(=S)NC(=O)Cc5ccc(F)cc5)cc4F)c3s2)nc1,coccncc1ccc(c2cc3nccc(oc4ccc(nc(=s)nc(=o)cc5ccc(f)cc5)cc4f)c3s2)nc1,-1.0,1417,a549,,,,0.99998564841815,,ACH-000681,glesatinib,,,,,,,,,,Glesatinib?(MGCD265)
A549,EED226,1.0,0.999998252352206,SIDM00903,uM,eed226,CS(=O)(=O)c1ccc(-c2cnc(NCc3ccco3)n3cnnc23)cc1,cs(=o)(=o)c1ccc(c2cnc(ncc3ccco3)n3cnnc23)cc1,0.0,1418,a549,,,,0.999998252352206,,ACH-000681,eed226,0.272609328097547,2.5,MTS007,primary,1.2079906835201855,,,,1.2079906835201855,EED226
A549,Pracinostat (SB939),1.0,0.99827995004124,SIDM00903,uM,pracinostat,CCCCc1nc2cc(C=CC(=O)NO)ccc2n1CCN(CC)CC,ccccc1nc2cc(c=cc(=o)no)ccc2n1ccn(cc)cc,0.0,1419,a549,,,,0.99827995004124,,ACH-000681,pracinostat,,,,,,,,,,Pracinostat (SB939)
A549,Resveratrol,10.0,0.954696704096886,SIDM00903,uM,resveratrol,Oc1ccc(C=Cc2cc(O)cc(O)c2)cc1,oc1ccc(c=cc2cc(o)cc(o)c2)cc1,1.0,1420,a549,,,,0.954696704096886,,ACH-000681,resveratrol,0.1399534822,2.500037854,MTS004,primary,1.1018695869713473,,,,1.1018695869713473,Resveratrol
A549,UNC1999,10.0,1.0,SIDM00903,uM,unc1999,CCCc1cc(C)[nH]c(=O)c1CNC(=O)c1cc(-c2ccc(N3CCN(C(C)C)CC3)nc2)cc2c1cnn2C(C)C,cccc1cc(c)[nh]c(=o)c1cnc(=o)c1cc(c2ccc(n3ccn(c(c)c)cc3)nc2)cc2c1cnn2c(c)c,1.0,1421,a549,,,,1.0,,ACH-000681,unc1999,0.346978140634,2.5,HTS,primary,1.2718937351716102,,,,1.2718937351716102,UNC1999
A549,YM155 (Sepantronium Bromide),0.01,0.908726717067789,SIDM00903,uM,ym155,COCCn1c2c([n+](Cc3cnccn3)c1C)C(=O)c1ccccc1C2=O.[Br-],coccn1c2c([n](cc3cnccn3)c1c)c(=o)c1ccccc1c2=o,-2.0,1422,a549,0.0081,1.025,-2.0915149811213505,0.908726717067789,1.025,ACH-000681,ym155,-0.685135372524,0.00976562,HTS002,secondary,0.6219474646628524,,,,0.6219474646628524,YM155 (Sepantronium Bromide)
A549,TMP195,1.0,1.0,SIDM00903,uM,tmp195,CC(C)(CNC(=O)c1cccc(-c2noc(C(F)(F)F)n2)c1)c1coc(-c2ccccc2)n1,cc(c)(cnc(=o)c1cccc(c2noc(c(f)(f)f)n2)c1)c1coc(c2ccccc2)n1,0.0,1423,a549,,,,1.0,,ACH-000681,tmp195,,,,,,,,,,TMP195
A549,PCI-34051,0.01,0.999590514086972,SIDM00903,uM,pci34051,COc1ccc(Cn2ccc3ccc(C(=O)NO)cc32)cc1,coc1ccc(cn2ccc3ccc(c(=o)no)cc32)cc1,-2.0,1424,a549,,,,0.999590514086972,,ACH-000681,pci34051,,,,,,,,,,PCI-34051
A549,Abexinostat (PCI-24781),10.0,0.862953529473556,SIDM00903,uM,abexinostat,CN(C)Cc1c(C(=O)NCCOc2ccc(C(=O)NO)cc2)oc2ccccc12,cn(c)cc1c(c(=o)nccoc2ccc(c(=o)no)cc2)oc2ccccc12,1.0,1425,a549,,,,0.862953529473556,,ACH-000681,abexinostat,,,,,,,,,,Abexinostat (PCI-24781)
A549,Trichostatin A (TSA),10.0,0.69783122263338,SIDM00903,uM,trichostatina,CC(C=CC(=O)NO)=C[C@@H](C)C(=O)c1ccc(N(C)C)cc1,cc(c=cc(=o)no)=c[ch](c)c(=o)c1ccc(n(c)c)cc1,1.0,1426,a549,,,,0.69783122263338,,ACH-000681,trichostatina,-4.01593763264,2.63,HTS,primary,0.06181335439250957,,,,0.06181335439250957,Trichostatin A (TSA)
A549,SRT3025 HCl,10.0,0.860424562544903,SIDM00903,uM,srt3025,COCCCc1sc(-c2ccccc2)nc1C(=O)Nc1ccccc1-c1nc2cc(CN3CCCC3)cnc2s1.Cl,cocccc1sc(c2ccccc2)nc1c(=o)nc1ccccc1c1nc2cc(cn3cccc3)cnc2s1,1.0,1427,a549,,,,0.860424562544903,,ACH-000681,srt3025,,,,,,,,,,SRT3025 HCl
A549,Crizotinib (PF-02341066),0.01,0.99999999222277,SIDM00903,uM,crizotinib,CC(Oc1cc(-c2cnn(C3CCNCC3)c2)cnc1N)c1c(Cl)ccc(F)c1Cl,cc(oc1cc(c2cnn(c3ccncc3)c2)cnc1n)c1c(cl)ccc(f)c1cl,-2.0,1428,a549,0.0081,0.989,-2.0915149811213505,0.99999999222277,0.989,ACH-000681,crizotinib,0.303257230331,0.0099098,HTS002,secondary,1.2339271575321744,,,,1.2339271575321744,Crizotinib (PF-02341066)
A549,Pirarubicin,10.0,0.5001046254441149,SIDM00903,uM,pirarubicin,COc1cccc2c1C(=O)c1c(O)c3c(c(O)c1C2=O)C[C@@](O)(C(=O)CO)C[C@@H]3O[C@H]1C[C@H](N)[C@H](O[C@@H]2CCCCO2)[C@H](C)O1,coc1cccc2c1c(=o)c1c(o)c3c(c(o)c1c2=o)c[c](o)(c(=o)co)c[ch]3o[ch]1c[ch](n)[ch](o[ch]2cccco2)[ch](c)o1,1.0,1429,a549,,,,0.5001046254441149,,ACH-000681,pirarubicin,,,,,,,,,,Pirarubicin
A549,AMG-900,0.01,0.9999974783120048,SIDM00903,uM,amg900,Cc1csc(-c2nnc(Nc3ccc(Oc4ncccc4-c4ccnc(N)n4)cc3)c3ccccc23)c1,cc1csc(c2nnc(nc3ccc(oc4ncccc4c4ccnc(n)n4)cc3)c3ccccc23)c1,-2.0,1430,a549,,,,0.9999974783120048,,ACH-000681,amg900,-0.589207373446,0.00976562,HTS002,secondary,0.6647080018831591,,,,0.6647080018831591,AMG-900
A549,SRT1720 HCl,0.1,1.0,SIDM00903,uM,srt1720,Cl.O=C(Nc1ccccc1-c1cn2c(CN3CCNCC3)csc2n1)c1cnc2ccccc2n1,o=c(nc1ccccc1c1cn2c(cn3ccncc3)csc2n1)c1cnc2ccccc2n1,-1.0,1431,a549,0.072,0.9628666666666668,-1.1426675035687315,1.0,0.9628666666666668,ACH-000681,srt1720,0.469484738482,0.15625,HTS002,secondary,1.3846148617294591,,,,1.3846148617294591,SRT1720 HCl
A549,Droxinostat,1.0,0.9999655313146072,SIDM00903,uM,droxinostat,Cc1cc(Cl)ccc1OCCCC(=O)NO,cc1cc(cl)ccc1occcc(=o)no,0.0,1432,a549,,,,0.9999655313146072,,ACH-000681,droxinostat,-0.120045050001,2.5,HTS,primary,0.9201589170351846,,,,0.9201589170351846,Droxinostat
A549,Tubastatin A HCl,0.01,1.0,SIDM00903,uM,tubastatina,CN1CCc2c(c3ccccc3n2Cc2ccc(C(=O)NO)cc2)C1.Cl,cn1ccc2c(c3ccccc3n2cc2ccc(c(=o)no)cc2)c1,-2.0,1433,a549,0.0081,0.9523666666666667,-2.0915149811213505,1.0,0.9523666666666667,ACH-000681,tubastatina,,,,,,,,,0.9523666666666667,Tubastatin A HCl
A549,ENMD-2076,0.01,0.99999875988277,SIDM00903,uM,enmd2076,Cc1cc(Nc2cc(N3CCN(C)CC3)nc(C=Cc3ccccc3)n2)n[nH]1,cc1cc(nc2cc(n3ccn(c)cc3)nc(c=cc3ccccc3)n2)n[nh]1,-2.0,1434,a549,,,,0.99999875988277,,ACH-000681,enmd2076,0.258424355067,0.00976562,HTS002,secondary,1.1961715875663046,,,,1.1961715875663046,ENMD-2076
A549,Toremifene Citrate,10.0,0.344704347578567,SIDM00903,uM,toremifene,CN(C)CCOc1ccc(/C(=C(/CCCl)c2ccccc2)c2ccccc2)cc1.O=C(O)CC(O)(CC(=O)O)C(=O)O,cn(c)ccoc1ccc(c(=c(cccl)c2ccccc2)c2ccccc2)cc1,1.0,1435,a549,,,,0.344704347578567,,ACH-000681,toremifene,-0.0992643348875,2.5,HTS,primary,0.933508888962747,,,,0.933508888962747,Toremifene Citrate
A549,AR-42,1.0,0.683708141022763,SIDM00903,uM,ar42,CC(C)[C@H](C(=O)Nc1ccc(C(=O)NO)cc1)c1ccccc1,cc(c)[ch](c(=o)nc1ccc(c(=o)no)cc1)c1ccccc1,0.0,1436,a549,,,,0.683708141022763,,ACH-000681,ar42,-5.27235267378,2.5,HTS,primary,0.02587400736731544,,,,0.02587400736731544,AR-42
A549,"Cerdulatinib (PRT062070, PRT2070)",1.0,0.980929893543852,SIDM00903,uM,cerdulatinib,CCS(=O)(=O)N1CCN(c2ccc(Nc3ncc(C(N)=O)c(NC4CC4)n3)cc2)CC1.Cl,ccs(=o)(=o)n1ccn(c2ccc(nc3ncc(c(n)=o)c(nc4cc4)n3)cc2)cc1,0.0,1437,a549,,,,0.980929893543852,,ACH-000681,cerdulatinib,,,,,,,,,,"Cerdulatinib (PRT062070, PRT2070)"
A549,Celecoxib,1.0,0.999998064620175,SIDM00903,uM,celecoxib,Cc1ccc(-c2cc(C(F)(F)F)nn2-c2ccc(S(N)(=O)=O)cc2)cc1,cc1ccc(c2cc(c(f)(f)f)nn2c2ccc(s(n)(=o)=o)cc2)cc1,0.0,1438,a549,,,,0.999998064620175,,ACH-000681,celecoxib,0.256803778878,2.5,HTS,primary,1.1948286850150434,,,,1.1948286850150434,Celecoxib
A549,Dacinostat (LAQ824),10.0,0.6986916236169909,SIDM00903,uM,dacinostat,O=C(C=Cc1ccc(CN(CCO)CCc2c[nH]c3ccccc23)cc1)NO,o=c(c=cc1ccc(cn(cco)ccc2c[nh]c3ccccc23)cc1)no,1.0,1439,a549,,,,0.6986916236169909,,ACH-000681,dacinostat,-5.59561416825,2.5,HTS,primary,0.02068008365321228,,,,0.02068008365321228,Dacinostat (LAQ824)
A549,JNJ-7706621,0.01,0.9999617623654892,SIDM00903,uM,jnj7706621,Nc1nc(Nc2ccc(S(N)(=O)=O)cc2)nn1C(=O)c1c(F)cccc1F,nc1nc(nc2ccc(s(n)(=o)=o)cc2)nn1c(=o)c1c(f)cccc1f,-2.0,1440,a549,,,,0.9999617623654892,,ACH-000681,jnj7706621,0.369518037981,0.00976562,HTS002,secondary,1.2919211656403824,,,,1.2919211656403824,JNJ-7706621
A549,Panobinostat (LBH589),0.01,0.9983650548275308,SIDM00903,uM,panobinostat,Cc1[nH]c2ccccc2c1CCNCc1ccc(C=CC(=O)NO)cc1,cc1[nh]c2ccccc2c1ccncc1ccc(c=cc(=o)no)cc1,-2.0,1441,a549,,,,0.9983650548275308,,ACH-000681,panobinostat,-0.149503819572698,0.00977,MTS010,secondary,0.9015604794437032,,,,0.9015604794437032,Panobinostat (LBH589)
A549,AZD1480,1.0,0.7240891353974749,SIDM00903,uM,azd1480,Cc1cc(Nc2nc(N[C@@H](C)c3ncc(F)cn3)ncc2Cl)n[nH]1,cc1cc(nc2nc(n[ch](c)c3ncc(f)cn3)ncc2cl)n[nh]1,0.0,1442,a549,,,,0.7240891353974749,,ACH-000681,azd1480,-0.0171044235764,2.5,HTS,primary,0.9882141210770925,,,,0.9882141210770925,AZD1480
A549,BMS-911543,10.0,0.9996114419630292,SIDM00903,uM,bms911543,CCn1c(C(=O)N(C2CC2)C2CC2)cc2c3c(ncn3C)c(Nc3cc(C)n(C)n3)nc21,ccn1c(c(=o)n(c2cc2)c2cc2)cc2c3c(ncn3c)c(nc3cc(c)n(c)n3)nc21,1.0,1443,a549,,,,0.9996114419630292,,ACH-000681,bms911543,,,,,,,,,,BMS-911543
A549,Cediranib (AZD2171),10.0,0.706540649777353,SIDM00903,uM,cediranib,COc1cc2c(Oc3ccc4[nH]c(C)cc4c3F)ncnc2cc1OCCCN1CCCC1,coc1cc2c(oc3ccc4[nh]c(c)cc4c3f)ncnc2cc1occcn1cccc1,1.0,1444,a549,,,,0.706540649777353,,ACH-000681,cediranib,0.122549616284,2.5,HTS,primary,1.088657102908956,,,,1.088657102908956,Cediranib (AZD2171)
A549,Quisinostat (JNJ-26481585) 2HCl,1.0,0.653648384580192,SIDM00903,uM,quisinostat2hcl,Cl.Cl.Cn1cc(CNCC2CCN(c3ncc(C(=O)NO)cn3)CC2)c2ccccc21,cn1cc(cncc2ccn(c3ncc(c(=o)no)cn3)cc2)c2ccccc21,0.0,1445,a549,,,,0.653648384580192,,ACH-000681,quisinostat2hcl,,,,,,,,,,Quisinostat (JNJ-26481585) 2HCl
A549,Fulvestrant,0.1,1.0,SIDM00903,uM,fulvestrant,CC12CCC3c4ccc(O)cc4CC(CCCCCCCCCS(=O)CCCC(F)(F)C(F)(F)F)C3C1CCC2O,cc12ccc3c4ccc(o)cc4cc(cccccccccs(=o)cccc(f)(f)c(f)(f)f)c3c1ccc2o,-1.0,1446,a549,,,,1.0,,ACH-000681,fulvestrant,0.276326268096,0.15625,HTS002,secondary,1.2111069470112716,,,,1.2111069470112716,Fulvestrant
A549,Tanespimycin (17-AAG),1.0,0.596834803390214,SIDM00903,uM,tanespimycin,C=CCNC1=C2CC(C)CC(OC)C(O)C(C)/C=C(\C)C(OC(N)=O)C(OC)/C=C\C=C(/C)C(=O)NC(=CC1=O)C2=O,c=ccnc1=c2cc(c)cc(oc)c(o)c(c)c=c(c)c(oc(n)=o)c(oc)c=cc=c(c)c(=o)nc(=cc1=o)c2=o,0.0,1447,a549,1.0,0.4903,0.0,0.596834803390214,0.4903,ACH-000681,tanespimycin,-1.1501884733,2.5,HTS,primary,0.45056636558911906,,,,0.45056636558911906,Tanespimycin (17-AAG)
A549,Ruxolitinib (INCB018424),0.1,1.0,SIDM00903,uM,ruxolitinib,N#CC[C@H](C1CCCC1)n1cc(-c2ncnc3[nH]ccc23)cn1,n#cc[ch](c1cccc1)n1cc(c2ncnc3[nh]ccc23)cn1,-1.0,1448,a549,0.13,1.0167,-0.8860566476931632,1.0,1.0167,ACH-000681,ruxolitinib,0.597817223111,0.15625,HTS002,secondary,1.5134250430594314,,,,1.5134250430594314,Ruxolitinib (INCB018424)
A549,Veliparib (ABT-888),0.1,0.999204327878295,SIDM00903,uM,veliparib,C[C@]1(c2nc3c(C(N)=O)cccc3[nH]2)CCCN1,c[c]1(c2nc3c(c(n)=o)cccc3[nh]2)cccn1,-1.0,1449,a549,0.13,0.9583,-0.8860566476931632,0.999204327878295,0.9583,ACH-000681,veliparib,0.161785735545693,0.15625,MTS010,secondary,1.1186709472656808,,,,1.1186709472656808,Veliparib (ABT-888)
A549,Rigosertib (ON-01910),10.0,0.167209865539811,SIDM00903,uM,rigosertib,COc1cc(OC)c(/C=C/S(=O)(=O)Cc2ccc(OC)c(NCC(=O)[O-])c2)c(OC)c1.[Na+],coc1cc(oc)c(c=cs(=o)(=o)cc2ccc(oc)c(ncc(=o)[o])c2)c(oc)c1,1.0,1450,a549,8.3,0.4093,0.919078092376074,0.167209865539811,0.4093,ACH-000681,rigosertib,-1.40711581102,2.5,HTS,primary,0.37706474943011153,,,,0.37706474943011153,Rigosertib (ON-01910)
A549,PHA-680632,1.0,0.979459568263246,SIDM00903,uM,pha680632,CCc1cccc(CC)c1NC(=O)N1Cc2[nH]nc(NC(=O)c3ccc(N4CCN(C)CC4)cc3)c2C1,ccc1cccc(cc)c1nc(=o)n1cc2[nh]nc(nc(=o)c3ccc(n4ccn(c)cc4)cc3)c2c1,0.0,1451,a549,,,,0.979459568263246,,ACH-000681,pha680632,-1.19255143214,2.5,HTS,primary,0.4375283991883974,,,,0.4375283991883974,PHA-680632
A549,TMP195,0.1,1.0,SIDM00903,uM,tmp195,CC(C)(CNC(=O)c1cccc(-c2noc(C(F)(F)F)n2)c1)c1coc(-c2ccccc2)n1,cc(c)(cnc(=o)c1cccc(c2noc(c(f)(f)f)n2)c1)c1coc(c2ccccc2)n1,-1.0,1452,a549,,,,1.0,,ACH-000681,tmp195,,,,,,,,,,TMP195
A549,PHA-680632,0.01,0.9973057872592492,SIDM00903,uM,pha680632,CCc1cccc(CC)c1NC(=O)N1Cc2[nH]nc(NC(=O)c3ccc(N4CCN(C)CC4)cc3)c2C1,ccc1cccc(cc)c1nc(=o)n1cc2[nh]nc(nc(=o)c3ccc(n4ccn(c)cc4)cc3)c2c1,-2.0,1453,a549,,,,0.9973057872592492,,ACH-000681,pha680632,0.119966127274,0.00976562,HTS002,secondary,1.086709347611916,,,,1.086709347611916,PHA-680632
A549,Sirtinol,0.1,1.0,SIDM00903,uM,sirtinol,CC(NC(=O)c1ccccc1N=Cc1c(O)ccc2ccccc12)c1ccccc1,cc(nc(=o)c1ccccc1n=cc1c(o)ccc2ccccc12)c1ccccc1,-1.0,1454,a549,,,,1.0,,ACH-000681,sirtinol,,,,,,,,,,Sirtinol
A549,Mercaptopurine (6-MP),0.01,0.999999999473604,SIDM00903,uM,mercaptopurine,S=c1nc[nH]c2nc[nH]c12,s=c1nc[nh]c2nc[nh]c12,-2.0,1455,a549,,,,0.999999999473604,,ACH-000681,mercaptopurine,0.534785453959,0.00976562,HTS002,secondary,1.4487266955142828,,,,1.4487266955142828,Mercaptopurine (6-MP)
A549,Mocetinostat (MGCD0103),0.01,0.999965419491088,SIDM00903,uM,mocetinostat,Nc1ccccc1NC(=O)c1ccc(CNc2nccc(-c3cccnc3)n2)cc1,nc1ccccc1nc(=o)c1ccc(cnc2nccc(c3cccnc3)n2)cc1,-2.0,1456,a549,,,,0.999965419491088,,ACH-000681,mocetinostat,,0.00976562,HTS002,secondary,,,,,,Mocetinostat (MGCD0103)
A549,Alisertib (MLN8237),1.0,0.7302224327955792,SIDM00903,uM,alisertib,COc1cc(Nc2ncc3c(n2)-c2ccc(Cl)cc2C(c2c(F)cccc2OC)=NC3)ccc1C(=O)O,coc1cc(nc2ncc3c(n2)c2ccc(cl)cc2c(c2c(f)cccc2oc)=nc3)ccc1c(=o)o,0.0,1457,a549,1.0,0.8221,0.0,0.7302224327955792,0.8221,ACH-000681,alisertib,-0.592922333011,2.5,HTS,primary,0.6629985714876004,,,,0.6629985714876004,Alisertib (MLN8237)
A549,BMS-754807,1.0,0.8798011275384598,SIDM00903,uM,bms754807,CC1(C(=O)Nc2ccc(F)nc2)CCCN1c1nc(Nc2cc(C3CC3)[nH]n2)c2cccn2n1,cc1(c(=o)nc2ccc(f)nc2)cccn1c1nc(nc2cc(c3cc3)[nh]n2)c2cccn2n1,0.0,1458,a549,1.0,0.6839,0.0,0.8798011275384598,0.6839,ACH-000681,bms754807,-1.10632393449,2.5,HTS,primary,0.46447603462486914,,,,0.46447603462486914,BMS-754807
A549,Epothilone A,0.1,0.9996421625886492,SIDM00903,uM,epothilonea,C/C(=C\c1csc(C)n1)C1CC2OC2CCCC(C)C(O)C(C)C(=O)C(C)(C)C(O)CC(=O)O1,cc(=cc1csc(c)n1)c1cc2oc2cccc(c)c(o)c(c)c(=o)c(c)(c)c(o)cc(=o)o1,-1.0,1459,a549,,,,0.9996421625886492,,ACH-000681,epothilonea,-1.56544054697,0.15625,HTS002,secondary,0.33787451782536854,,,,0.33787451782536854,Epothilone A
A549,Selisistat (EX 527),0.1,1.0,SIDM00903,uM,selisistat,NC(=O)C1CCCc2c1[nH]c1ccc(Cl)cc21,nc(=o)c1cccc2c1[nh]c1ccc(cl)cc21,-1.0,1460,a549,,,,1.0,,ACH-000681,selisistat,,,,,,,,,,Selisistat (EX 527)
A549,Danusertib (PHA-739358),10.0,0.749048477291692,SIDM00903,uM,danusertib,CO[C@@H](C(=O)N1Cc2[nH]nc(NC(=O)c3ccc(N4CCN(C)CC4)cc3)c2C1)c1ccccc1,co[ch](c(=o)n1cc2[nh]nc(nc(=o)c3ccc(n4ccn(c)cc4)cc3)c2c1)c1ccccc1,1.0,1461,a549,,,,0.749048477291692,,ACH-000681,danusertib,-2.44780147836,2.5,HTS,primary,0.18328981445611822,,,,0.18328981445611822,Danusertib (PHA-739358)
A549,Thiotepa,10.0,0.7945514064715229,SIDM00903,uM,thiotepa,S=P(N1CC1)(N1CC1)N1CC1,s=p(n1cc1)(n1cc1)n1cc1,1.0,1462,a549,,,,0.7945514064715229,,ACH-000681,thiotepa,-0.314435914024838,10.0,MTS010,secondary,0.8041653535954553,,,,0.8041653535954553,Thiotepa
A549,Zileuton,0.1,0.999581941629122,SIDM00903,uM,zileuton,CC(c1cc2ccccc2s1)N(O)C(N)=O,cc(c1cc2ccccc2s1)n(o)c(n)=o,-1.0,1463,a549,,,,0.999581941629122,,ACH-000681,zileuton,,,,,,,,,,Zileuton
A549,GSK-LSD1 2HCl,1.0,0.999996602890436,SIDM00903,uM,gsklsd12hcl,Cl.Cl.c1ccc([C@@H]2C[C@H]2NC2CCNCC2)cc1,c1ccc([ch]2c[ch]2nc2ccncc2)cc1,0.0,1464,a549,,,,0.999996602890436,,ACH-000681,gsklsd12hcl,,,,,,,,,,GSK-LSD1 2HCl
A549,Pirarubicin,0.1,0.8350818531856958,SIDM00903,uM,pirarubicin,COc1cccc2c1C(=O)c1c(O)c3c(c(O)c1C2=O)C[C@@](O)(C(=O)CO)C[C@@H]3O[C@H]1C[C@H](N)[C@H](O[C@@H]2CCCCO2)[C@H](C)O1,coc1cccc2c1c(=o)c1c(o)c3c(c(o)c1c2=o)c[c](o)(c(=o)co)c[ch]3o[ch]1c[ch](n)[ch](o[ch]2cccco2)[ch](c)o1,-1.0,1465,a549,,,,0.8350818531856958,,ACH-000681,pirarubicin,,,,,,,,,,Pirarubicin
A549,Trichostatin A (TSA),0.01,0.999791276537471,SIDM00903,uM,trichostatina,CC(C=CC(=O)NO)=C[C@@H](C)C(=O)c1ccc(N(C)C)cc1,cc(c=cc(=o)no)=c[ch](c)c(=o)c1ccc(n(c)c)cc1,-2.0,1466,a549,,,,0.999791276537471,,ACH-000681,trichostatina,0.938586434659,0.0102926,HTS002,secondary,1.916649368357611,,,,1.916649368357611,Trichostatin A (TSA)
A549,"Luminespib (AUY-922, NVP-AUY922)",0.1,0.918387356809054,SIDM00903,uM,luminespib,CCNC(=O)c1noc(-c2cc(C(C)C)c(O)cc2O)c1-c1ccc(CN2CCOCC2)cc1,ccnc(=o)c1noc(c2cc(c(c)c)c(o)cc2o)c1c1ccc(cn2ccocc2)cc1,-1.0,1467,a549,,,,0.918387356809054,,ACH-000681,luminespib,,,,,,,,,,"Luminespib (AUY-922, NVP-AUY922)"
A549,ITSA-1 (ITSA1),0.1,0.9999908270301578,SIDM00903,uM,itsa1,O=C(c1ccc(Cl)cc1Cl)n1nnc2ccccc21,o=c(c1ccc(cl)cc1cl)n1nnc2ccccc21,-1.0,1468,a549,,,,0.9999908270301578,,ACH-000681,itsa1,,,,,,,,,,ITSA-1 (ITSA1)
A549,YM155 (Sepantronium Bromide),0.1,0.6422331635516619,SIDM00903,uM,ym155,COCCn1c2c([n+](Cc3cnccn3)c1C)C(=O)c1ccccc1C2=O.[Br-],coccn1c2c([n](cc3cnccn3)c1c)c(=o)c1ccccc1c2=o,-1.0,1469,a549,0.13,0.11379333333333334,-0.8860566476931632,0.6422331635516619,0.11379333333333334,ACH-000681,ym155,-4.39344806107,0.15625,HTS002,secondary,0.0475817432508499,,,,0.0475817432508499,YM155 (Sepantronium Bromide)
A549,SNS-314,10.0,0.99985503399162,SIDM00903,uM,sns314,CS(=O)(=O)O.O=C(Nc1cccc(Cl)c1)Nc1ncc(CCNc2ncnc3ccsc23)s1,o=c(nc1cccc(cl)c1)nc1ncc(ccnc2ncnc3ccsc23)s1,1.0,1470,a549,,,,0.99985503399162,,ACH-000681,sns314,-1.40044392966,2.5,HTS,primary,0.3788125598124203,,,,0.3788125598124203,SNS-314
A549,Quisinostat (JNJ-26481585) 2HCl,0.1,0.754612483997357,SIDM00903,uM,quisinostat2hcl,Cl.Cl.Cn1cc(CNCC2CCN(c3ncc(C(=O)NO)cn3)CC2)c2ccccc21,cn1cc(cncc2ccn(c3ncc(c(=o)no)cn3)cc2)c2ccccc21,-1.0,1471,a549,,,,0.754612483997357,,ACH-000681,quisinostat2hcl,,,,,,,,,,Quisinostat (JNJ-26481585) 2HCl
A549,Iniparib (BSI-201),0.01,0.999983915145596,SIDM00903,uM,iniparib,NC(=O)c1ccc(I)c([N+](=O)[O-])c1,nc(=o)c1ccc(i)c([n](=o)[o])c1,-2.0,1472,a549,,,,0.999983915145596,,ACH-000681,iniparib,-0.215878881189713,0.00977,MTS010,secondary,0.8610214707795959,,,,0.8610214707795959,Iniparib (BSI-201)
A549,AT9283,1.0,0.999844444905147,SIDM00903,uM,at9283,O=C(Nc1c[nH]nc1-c1nc2cc(CN3CCOCC3)ccc2[nH]1)NC1CC1,o=c(nc1c[nh]nc1c1nc2cc(cn3ccocc3)ccc2[nh]1)nc1cc1,0.0,1473,a549,,,,0.999844444905147,,ACH-000681,at9283,-1.43310676081,2.5,HTS,primary,0.3703325435293747,,,,0.3703325435293747,AT9283
A549,CYC116,0.01,0.984950270337912,SIDM00903,uM,cyc116,Cc1nc(N)sc1-c1ccnc(Nc2ccc(N3CCOCC3)cc2)n1,cc1nc(n)sc1c1ccnc(nc2ccc(n3ccocc3)cc2)n1,-2.0,1474,a549,,,,0.984950270337912,,ACH-000681,cyc116,0.371744192705,0.00976562,HTS002,secondary,1.293916207134795,,,,1.293916207134795,CYC116
A549,BMS-754807,0.01,0.983723533289297,SIDM00903,uM,bms754807,CC1(C(=O)Nc2ccc(F)nc2)CCCN1c1nc(Nc2cc(C3CC3)[nH]n2)c2cccn2n1,cc1(c(=o)nc2ccc(f)nc2)cccn1c1nc(nc2cc(c3cc3)[nh]n2)c2cccn2n1,-2.0,1475,a549,0.0081,0.8633666666666667,-2.0915149811213505,0.983723533289297,0.8633666666666667,ACH-000681,bms754807,-0.108645898004448,0.00977,MTS010,secondary,0.9274581582832745,,,,0.9274581582832745,BMS-754807
A549,Daphnetin,0.01,1.0,SIDM00903,uM,daphnetin,O=c1ccc2ccc(O)c(O)c2o1,o=c1ccc2ccc(o)c(o)c2o1,-2.0,1476,a549,,,,1.0,,ACH-000681,daphnetin,,,,,,,,,,Daphnetin
A549,ITSA-1 (ITSA1),0.01,0.99999787757462,SIDM00903,uM,itsa1,O=C(c1ccc(Cl)cc1Cl)n1nnc2ccccc21,o=c(c1ccc(cl)cc1cl)n1nnc2ccccc21,-2.0,1477,a549,,,,0.99999787757462,,ACH-000681,itsa1,,,,,,,,,,ITSA-1 (ITSA1)
A549,FLLL32,0.1,0.999996166290108,SIDM00903,uM,flll32,COc1ccc(C=CC(=O)C2(C(=O)C=Cc3ccc(OC)c(OC)c3)CCCCC2)cc1OC,coc1ccc(c=cc(=o)c2(c(=o)c=cc3ccc(oc)c(oc)c3)ccccc2)cc1oc,-1.0,1478,a549,,,,0.999996166290108,,ACH-000681,flll32,,,,,,,,,,FLLL32
A549,"Tozasertib (VX-680, MK-0457)",1.0,0.999997183753268,SIDM00903,uM,tozasertib,Cc1cc(Nc2cc(N3CCN(C)CC3)nc(Sc3ccc(NC(=O)C4CC4)cc3)n2)n[nH]1,cc1cc(nc2cc(n3ccn(c)cc3)nc(sc3ccc(nc(=o)c4cc4)cc3)n2)n[nh]1,0.0,1479,a549,,,,0.999997183753268,,ACH-000681,tozasertib,-0.363713799627,2.5,HTS,primary,0.777161425985011,,,,0.777161425985011,"Tozasertib (VX-680, MK-0457)"
A549,Aurora A Inhibitor I,10.0,0.854712372616508,SIDM00903,uM,auroraainhibitori,CCN1CCN(C(=O)Cc2ccc(Nc3ncc(F)c(Nc4ccc(C(=O)Nc5ccccc5Cl)cc4)n3)cc2)CC1,ccn1ccn(c(=o)cc2ccc(nc3ncc(f)c(nc4ccc(c(=o)nc5ccccc5cl)cc4)n3)cc2)cc1,1.0,1480,a549,,,,0.854712372616508,,ACH-000681,auroraainhibitori,-1.07840604648,2.5,HTS,primary,0.4735517354188424,,,,0.4735517354188424,Aurora A Inhibitor I
A549,Decitabine,0.1,0.999968734092811,SIDM00903,uM,decitabine,Nc1ncn([C@H]2C[C@H](O)[C@@H](CO)O2)c(=O)n1,nc1ncn([ch]2c[ch](o)[ch](co)o2)c(=o)n1,-1.0,1481,a549,0.13,0.9682666666666666,-0.8860566476931632,0.999968734092811,0.9682666666666666,ACH-000681,decitabine,-0.347724146359578,0.15625,MTS010,secondary,0.78582275725156,,,,0.78582275725156,Decitabine
A549,Capecitabine ,0.1,1.0,SIDM00903,uM,capecitabine,CCCCCOC(=O)Nc1nc(=O)n(C2OC(C)C(O)C2O)cc1F,cccccoc(=o)nc1nc(=o)n(c2oc(c)c(o)c2o)cc1f,-1.0,1482,a549,,,,1.0,,ACH-000681,capecitabine,0.0161067998719,0.15625,HTS002,secondary,1.0112269372186733,,,,1.0112269372186733,Capecitabine 
A549,Carmofur,1.0,0.881112766313282,SIDM00903,uM,carmofur,CCCCCCNC(=O)n1cc(F)c(=O)[nH]c1=O,ccccccnc(=o)n1cc(f)c(=o)[nh]c1=o,0.0,1483,a549,,,,0.881112766313282,,ACH-000681,carmofur,-2.08825566263,2.5,HTS,primary,0.23516484919211686,,,,0.23516484919211686,Carmofur
A549,Givinostat (ITF2357),10.0,0.751633004359713,SIDM00903,uM,givinostat,CCN(CC)Cc1ccc2cc(COC(=O)Nc3ccc(C(=O)NO)cc3)ccc2c1.Cl.O,ccn(cc)cc1ccc2cc(coc(=o)nc3ccc(c(=o)no)cc3)ccc2c1,1.0,1484,a549,,,,0.751633004359713,,ACH-000681,givinostat,-4.4427538212,2.5,HTS,primary,0.04598305660187911,,,,0.04598305660187911,Givinostat (ITF2357)
A549,PD98059,0.01,1.0,SIDM00903,uM,pd98059,COc1cccc(-c2cc(=O)c3ccccc3o2)c1N,coc1cccc(c2cc(=o)c3ccccc3o2)c1n,-2.0,1485,a549,,,,1.0,,ACH-000681,pd98059,0.287452570618,0.00976562,HTS002,secondary,1.220483313459669,,,,1.220483313459669,PD98059
A549,AMG-900,1.0,0.999980724579532,SIDM00903,uM,amg900,Cc1csc(-c2nnc(Nc3ccc(Oc4ncccc4-c4ccnc(N)n4)cc3)c3ccccc23)c1,cc1csc(c2nnc(nc3ccc(oc4ncccc4c4ccnc(n)n4)cc3)c3ccccc23)c1,0.0,1486,a549,,,,0.999980724579532,,ACH-000681,amg900,-1.10624215272,2.5,HTS,primary,0.46450236503276626,,,,0.46450236503276626,AMG-900
A549,Alendronate sodium trihydrate,10.0,0.7346097604617371,SIDM00903,uM,alendronatetrihydrate,NCCCC(O)(P(=O)(O)O)P(=O)(O)O[Na].O.O.O,ncccc(o)(p(=o)(o)o)p(=o)(o)o[na],1.0,1487,a549,,,,0.7346097604617371,,ACH-000681,alendronatetrihydrate,,,,,,,,,,Alendronate sodium trihydrate
A549,Tanespimycin (17-AAG),10.0,0.508887813918548,SIDM00903,uM,tanespimycin,C=CCNC1=C2CC(C)CC(OC)C(O)C(C)/C=C(\C)C(OC(N)=O)C(OC)/C=C\C=C(/C)C(=O)NC(=CC1=O)C2=O,c=ccnc1=c2cc(c)cc(oc)c(o)c(c)c=c(c)c(oc(n)=o)c(oc)c=cc=c(c)c(=o)nc(=cc1=o)c2=o,1.0,1488,a549,8.3,0.3352333333333333,0.919078092376074,0.508887813918548,0.3352333333333333,ACH-000681,tanespimycin,-1.1501884733,2.5,HTS,primary,0.45056636558911906,,,,0.45056636558911906,Tanespimycin (17-AAG)
A549,ENMD-2076 L-(+)-Tartaric acid ,1.0,0.7563577213473621,SIDM00903,uM,enmd2076ltartaricacid,Cc1cc(Nc2cc(N3CCN(C)CC3)nc(C=Cc3ccccc3)n2)n[nH]1,cc1cc(nc2cc(n3ccn(c)cc3)nc(c=cc3ccccc3)n2)n[nh]1,0.0,1489,a549,,,,0.7563577213473621,,ACH-000681,enmd2076ltartaricacid,,,,,,,,,,ENMD-2076 L-(+)-Tartaric acid 
A549,PJ34,10.0,0.9325575469544258,SIDM00903,uM,pj34,CN(C)CC(=O)Nc1ccc2[nH]c(=O)c3ccccc3c2c1,cn(c)cc(=o)nc1ccc2[nh]c(=o)c3ccccc3c2c1,1.0,1490,a549,,,,0.9325575469544258,,ACH-000681,pj34,0.0214624902062,2.5,HTS,primary,1.0149878729341262,,,,1.0149878729341262,PJ34
A549,YM155 (Sepantronium Bromide),10.0,0.288781132085238,SIDM00903,uM,ym155,COCCn1c2c([n+](Cc3cnccn3)c1C)C(=O)c1ccccc1C2=O.[Br-],coccn1c2c([n](cc3cnccn3)c1c)c(=o)c1ccccc1c2=o,1.0,1491,a549,1.0,0.05847666666666667,0.0,0.288781132085238,0.05847666666666667,ACH-000681,ym155,-3.07004085205,2.5,HTS,primary,0.11907637788348953,,,,0.11907637788348953,YM155 (Sepantronium Bromide)
A549,Selisistat (EX 527),0.01,1.0,SIDM00903,uM,selisistat,NC(=O)C1CCCc2c1[nH]c1ccc(Cl)cc21,nc(=o)c1cccc2c1[nh]c1ccc(cl)cc21,-2.0,1492,a549,,,,1.0,,ACH-000681,selisistat,,,,,,,,,,Selisistat (EX 527)
A549,Epothilone A,10.0,0.999092078934466,SIDM00903,uM,epothilonea,C/C(=C\c1csc(C)n1)C1CC2OC2CCCC(C)C(O)C(C)C(=O)C(C)(C)C(O)CC(=O)O1,cc(=cc1csc(c)n1)c1cc2oc2cccc(c)c(o)c(c)c(=o)c(c)(c)c(o)cc(=o)o1,1.0,1493,a549,,,,0.999092078934466,,ACH-000681,epothilonea,-0.410249515525,2.5,HTS,primary,0.7524932180090809,,,,0.7524932180090809,Epothilone A
A549,Quercetin,10.0,0.9646989481726908,SIDM00903,uM,quercetin,O=c1c(O)c(-c2ccc(O)c(O)c2)oc2cc(O)cc(O)c12,o=c1c(o)c(c2ccc(o)c(o)c2)oc2cc(o)cc(o)c12,1.0,1494,a549,,,,0.9646989481726908,,ACH-000681,quercetin,0.380594510028,2.5,HTS,primary,1.3018782267394648,,,,1.3018782267394648,Quercetin
A549,CYC116,10.0,0.5746873850668189,SIDM00903,uM,cyc116,Cc1nc(N)sc1-c1ccnc(Nc2ccc(N3CCOCC3)cc2)n1,cc1nc(n)sc1c1ccnc(nc2ccc(n3ccocc3)cc2)n1,1.0,1495,a549,,,,0.5746873850668189,,ACH-000681,cyc116,-1.4317672916,2.5,HTS,primary,0.37067653818862717,,,,0.37067653818862717,CYC116
A549,Barasertib (AZD1152-HQPA),10.0,0.767782856819756,SIDM00903,uM,barasertib,CCN(CCO)CCCOc1ccc2c(Nc3cc(CC(=O)Nc4cccc(F)c4)n[nH]3)ncnc2c1,ccn(cco)cccoc1ccc2c(nc3cc(cc(=o)nc4cccc(f)c4)n[nh]3)ncnc2c1,1.0,1496,a549,8.3,0.8437666666666667,0.919078092376074,0.767782856819756,0.8437666666666667,ACH-000681,barasertib,-1.33673584187,2.5,HTS,primary,0.3959154185958206,,,,0.3959154185958206,Barasertib (AZD1152-HQPA)
A549,AMG-900,0.1,0.999989101445785,SIDM00903,uM,amg900,Cc1csc(-c2nnc(Nc3ccc(Oc4ncccc4-c4ccnc(N)n4)cc3)c3ccccc23)c1,cc1csc(c2nnc(nc3ccc(oc4ncccc4c4ccnc(n)n4)cc3)c3ccccc23)c1,-1.0,1497,a549,,,,0.999989101445785,,ACH-000681,amg900,-0.246451022885,0.15625,HTS002,secondary,0.8429675361230718,,,,0.8429675361230718,AMG-900
A549,Hesperadin,0.01,1.0,SIDM00903,uM,hesperadin,CCS(=O)(=O)Nc1ccc2c(c1)C(=C(Nc1ccc(CN3CCCCC3)cc1)c1ccccc1)C(=O)N2,ccs(=o)(=o)nc1ccc2c(c1)c(=c(nc1ccc(cn3ccccc3)cc1)c1ccccc1)c(=o)n2,-2.0,1498,a549,,,,1.0,,ACH-000681,hesperadin,,0.00976562,HTS002,secondary,,,,,,Hesperadin
A549,"Rucaparib (AG-014699,PF-01367338) phosphate",0.1,0.9490624774720942,SIDM00903,uM,rucaparib,CNCc1ccc(-c2[nH]c3cc(F)cc4c3c2CCNC4=O)cc1.O=P(O)(O)O,cncc1ccc(c2[nh]c3cc(f)cc4c3c2ccnc4=o)cc1,-1.0,1499,a549,,,,0.9490624774720942,,ACH-000681,rucaparib,-0.284353270872853,0.15625,MTS010,secondary,0.8211096120818471,,,,0.8211096120818471,"Rucaparib (AG-014699,PF-01367338) phosphate"
A549,Epothilone A,0.01,0.9999172042386,SIDM00903,uM,epothilonea,C/C(=C\c1csc(C)n1)C1CC2OC2CCCC(C)C(O)C(C)C(=O)C(C)(C)C(O)CC(=O)O1,cc(=cc1csc(c)n1)c1cc2oc2cccc(c)c(o)c(c)c(=o)c(c)(c)c(o)cc(=o)o1,-2.0,1500,a549,,,,0.9999172042386,,ACH-000681,epothilonea,-0.0603280052867,0.00976562,HTS002,secondary,0.9590460497206585,,,,0.9590460497206585,Epothilone A
A549,PHA-680632,0.1,0.988366068682924,SIDM00903,uM,pha680632,CCc1cccc(CC)c1NC(=O)N1Cc2[nH]nc(NC(=O)c3ccc(N4CCN(C)CC4)cc3)c2C1,ccc1cccc(cc)c1nc(=o)n1cc2[nh]nc(nc(=o)c3ccc(n4ccn(c)cc4)cc3)c2c1,-1.0,1501,a549,,,,0.988366068682924,,ACH-000681,pha680632,-0.059823644045,0.15625,HTS002,secondary,0.9593813875457335,,,,0.9593813875457335,PHA-680632
A549,Trametinib (GSK1120212),0.01,0.9999933363649672,SIDM00903,uM,trametinib,CC(=O)Nc1cccc(-n2c(=O)n(C3CC3)c(=O)c3c(Nc4ccc(I)cc4F)n(C)c(=O)c(C)c32)c1,cc(=o)nc1cccc(n2c(=o)n(c3cc3)c(=o)c3c(nc4ccc(i)cc4f)n(c)c(=o)c(c)c32)c1,-2.0,1502,a549,,,,0.9999933363649672,,ACH-000681,trametinib,-0.429871507653309,0.00977,MTS010,secondary,0.7423278971422634,,,,0.7423278971422634,Trametinib (GSK1120212)
A549,Iniparib (BSI-201),10.0,0.9998236169568728,SIDM00903,uM,iniparib,NC(=O)c1ccc(I)c([N+](=O)[O-])c1,nc(=o)c1ccc(i)c([n](=o)[o])c1,1.0,1503,a549,,,,0.9998236169568728,,ACH-000681,iniparib,-0.0546173882652,2.5,HTS,primary,0.9628497630144028,,,,0.9628497630144028,Iniparib (BSI-201)
A549,Tucidinostat (Chidamide),0.1,0.999983447626715,SIDM00903,uM,tucidinostat,Nc1ccc(F)cc1NC(=O)c1ccc(CNC(=O)C=Cc2cccnc2)cc1,nc1ccc(f)cc1nc(=o)c1ccc(cnc(=o)c=cc2cccnc2)cc1,-1.0,1504,a549,,,,0.999983447626715,,ACH-000681,tucidinostat,,,,,,,,,,Tucidinostat (Chidamide)
A549,Bisindolylmaleimide IX (Ro 31-8220 Mesylate),10.0,0.331635046737722,SIDM00903,uM,bisindolylmaleimideix,CS(=O)(=O)O.Cn1cc(C2=C(c3cn(CCCSC(=N)N)c4ccccc34)C(=O)NC2=O)c2ccccc21,cn1cc(c2=c(c3cn(cccsc(=n)n)c4ccccc34)c(=o)nc2=o)c2ccccc21,1.0,1505,a549,,,,0.331635046737722,,ACH-000681,bisindolylmaleimideix,0.164317144754,2.5,HTS,primary,1.1206355341784848,,,,1.1206355341784848,Bisindolylmaleimide IX (Ro 31-8220 Mesylate)
K562,Busulfan ,10.0,1.0,SIDM00791,uM,busulfan,CS(=O)(=O)OCCCCOS(C)(=O)=O,cs(=o)(=o)occccos(c)(=o)=o,1.0,1506,k562,,,,1.0,,ACH-000006,busulfan,,,,,,,,,,Busulfan 
K562,UNC0379,1.0,0.9996410898046212,SIDM00791,uM,unc0379,COc1cc2nc(N3CCCC3)nc(NCCCCCN3CCCC3)c2cc1OC,coc1cc2nc(n3cccc3)nc(ncccccn3cccc3)c2cc1oc,0.0,1507,k562,,,,0.9996410898046212,,ACH-000006,unc0379,,,,,,,,,,UNC0379
K562,Tubastatin A HCl,0.1,1.0,SIDM00791,uM,tubastatina,CN1CCc2c(c3ccccc3n2Cc2ccc(C(=O)NO)cc2)C1.Cl,cn1ccc2c(c3ccccc3n2cc2ccc(c(=o)no)cc2)c1,-1.0,1508,k562,,,,1.0,,ACH-000006,tubastatina,,,,,,,,,,Tubastatin A HCl
K562,UNC0379,0.01,0.999999999904338,SIDM00791,uM,unc0379,COc1cc2nc(N3CCCC3)nc(NCCCCCN3CCCC3)c2cc1OC,coc1cc2nc(n3cccc3)nc(ncccccn3cccc3)c2cc1oc,-2.0,1509,k562,,,,0.999999999904338,,ACH-000006,unc0379,,,,,,,,,,UNC0379
K562,SRT3025 HCl,0.01,0.998457873509669,SIDM00791,uM,srt3025,COCCCc1sc(-c2ccccc2)nc1C(=O)Nc1ccccc1-c1nc2cc(CN3CCCC3)cnc2s1.Cl,cocccc1sc(c2ccccc2)nc1c(=o)nc1ccccc1c1nc2cc(cn3cccc3)cnc2s1,-2.0,1510,k562,,,,0.998457873509669,,ACH-000006,srt3025,,,,,,,,,,SRT3025 HCl
K562,BMS-911543,10.0,1.0,SIDM00791,uM,bms911543,CCn1c(C(=O)N(C2CC2)C2CC2)cc2c3c(ncn3C)c(Nc3cc(C)n(C)n3)nc21,ccn1c(c(=o)n(c2cc2)c2cc2)cc2c3c(ncn3c)c(nc3cc(c)n(c)n3)nc21,1.0,1511,k562,,,,1.0,,ACH-000006,bms911543,,,,,,,,,,BMS-911543
K562,Pirarubicin,0.01,0.9877253767412092,SIDM00791,uM,pirarubicin,COc1cccc2c1C(=O)c1c(O)c3c(c(O)c1C2=O)C[C@@](O)(C(=O)CO)C[C@@H]3O[C@H]1C[C@H](N)[C@H](O[C@@H]2CCCCO2)[C@H](C)O1,coc1cccc2c1c(=o)c1c(o)c3c(c(o)c1c2=o)c[c](o)(c(=o)co)c[ch]3o[ch]1c[ch](n)[ch](o[ch]2cccco2)[ch](c)o1,-2.0,1512,k562,,,,0.9877253767412092,,ACH-000006,pirarubicin,,,,,,,,,,Pirarubicin
K562,Maraviroc,1.0,1.0,SIDM00791,uM,maraviroc,Cc1nnc(C(C)C)n1C1CC2CCC(C1)N2CCC(NC(=O)C1CCC(F)(F)CC1)c1ccccc1,cc1nnc(c(c)c)n1c1cc2ccc(c1)n2ccc(nc(=o)c1ccc(f)(f)cc1)c1ccccc1,0.0,1513,k562,,,,1.0,,ACH-000006,maraviroc,,,,,,,,,,Maraviroc
K562,Disulfiram ,0.1,0.999999032923658,SIDM00791,uM,disulfiram,CCN(CC)C(=S)SSC(=S)N(CC)CC,ccn(cc)c(=s)ssc(=s)n(cc)cc,-1.0,1514,k562,,,,0.999999032923658,,ACH-000006,disulfiram,,,,,,,,,,Disulfiram 
K562,Glesatinib?(MGCD265),0.01,0.9999999999998992,SIDM00791,uM,glesatinib,COCCNCc1ccc(-c2cc3nccc(Oc4ccc(NC(=S)NC(=O)Cc5ccc(F)cc5)cc4F)c3s2)nc1,coccncc1ccc(c2cc3nccc(oc4ccc(nc(=s)nc(=o)cc5ccc(f)cc5)cc4f)c3s2)nc1,-2.0,1515,k562,,,,0.9999999999998992,,ACH-000006,glesatinib,,,,,,,,,,Glesatinib?(MGCD265)
K562,JNJ-26854165 (Serdemetan),0.1,0.999979101049598,SIDM00791,uM,jnj26854165,c1ccc2c(CCNc3ccc(Nc4ccncc4)cc3)c[nH]c2c1,c1ccc2c(ccnc3ccc(nc4ccncc4)cc3)c[nh]c2c1,-1.0,1516,k562,,,,0.999979101049598,,ACH-000006,jnj26854165,,,,,,,,,,JNJ-26854165 (Serdemetan)
K562,S3I-201,10.0,1.0,SIDM00791,uM,s3i201,Cc1ccc(S(=O)(=O)OCC(=O)Nc2ccc(C(=O)O)c(O)c2)cc1,cc1ccc(s(=o)(=o)occ(=o)nc2ccc(c(=o)o)c(o)c2)cc1,1.0,1517,k562,,,,1.0,,ACH-000006,s3i201,,,,,,,,,,S3I-201
K562,Momelotinib (CYT387),0.01,0.9998839081159392,SIDM00791,uM,momelotinib,N#CCNC(=O)c1ccc(-c2ccnc(Nc3ccc(N4CCOCC4)cc3)n2)cc1,n#ccnc(=o)c1ccc(c2ccnc(nc3ccc(n4ccocc4)cc3)n2)cc1,-2.0,1518,k562,0.0081,1.19,-2.0915149811213505,0.9998839081159392,1.19,ACH-000006,momelotinib,,,,,,,,,1.19,Momelotinib (CYT387)
K562,"Roscovitine (Seliciclib,CYC202)",1.0,1.0,SIDM00791,uM,roscovitine,CCC(CO)Nc1nc(NCc2ccccc2)c2ncn(C(C)C)c2n1,ccc(co)nc1nc(ncc2ccccc2)c2ncn(c(c)c)c2n1,0.0,1519,k562,,,,1.0,,ACH-000006,roscovitine,,,,,,,,,,"Roscovitine (Seliciclib,CYC202)"
K562,Linifanib (ABT-869),0.1,1.0,SIDM00791,uM,linifanib,Cc1ccc(F)c(NC(=O)Nc2ccc(-c3cccc4[nH]nc(N)c34)cc2)c1,cc1ccc(f)c(nc(=o)nc2ccc(c3cccc4[nh]nc(n)c34)cc2)c1,-1.0,1520,k562,0.13,1.058,-0.8860566476931632,1.0,1.058,ACH-000006,linifanib,,,,,,,,,1.058,Linifanib (ABT-869)
K562,TGX-221,10.0,1.0,SIDM00791,uM,tgx221,Cc1cc(C(C)Nc2ccccc2)c2nc(N3CCOCC3)cc(=O)n2c1,cc1cc(c(c)nc2ccccc2)c2nc(n3ccocc3)cc(=o)n2c1,1.0,1521,k562,8.3,1.098,0.919078092376074,1.0,1.098,ACH-000006,tgx221,,,,,,,,,1.098,TGX-221
K562,Carmofur,0.01,1.0,SIDM00791,uM,carmofur,CCCCCCNC(=O)n1cc(F)c(=O)[nH]c1=O,ccccccnc(=o)n1cc(f)c(=o)[nh]c1=o,-2.0,1522,k562,,,,1.0,,ACH-000006,carmofur,,,,,,,,,,Carmofur
K562,AMG-900,0.01,0.999998469880366,SIDM00791,uM,amg900,Cc1csc(-c2nnc(Nc3ccc(Oc4ncccc4-c4ccnc(N)n4)cc3)c3ccccc23)c1,cc1csc(c2nnc(nc3ccc(oc4ncccc4c4ccnc(n)n4)cc3)c3ccccc23)c1,-2.0,1523,k562,,,,0.999998469880366,,ACH-000006,amg900,,,,,,,,,,AMG-900
K562,Trichostatin A (TSA),0.01,0.999296895064178,SIDM00791,uM,trichostatina,CC(C=CC(=O)NO)=C[C@@H](C)C(=O)c1ccc(N(C)C)cc1,cc(c=cc(=o)no)=c[ch](c)c(=o)c1ccc(n(c)c)cc1,-2.0,1524,k562,,,,0.999296895064178,,ACH-000006,trichostatina,,,,,,,,,,Trichostatin A (TSA)
K562,Navitoclax (ABT-263),0.01,0.999999999995336,SIDM00791,uM,navitoclax,CC1(C)CCC(c2ccc(Cl)cc2)=C(CN2CCN(c3ccc(C(=O)NS(=O)(=O)c4ccc(N[C@H](CCN5CCOCC5)CSc5ccccc5)c(S(=O)(=O)C(F)(F)F)c4)cc3)CC2)C1,cc1(c)ccc(c2ccc(cl)cc2)=c(cn2ccn(c3ccc(c(=o)ns(=o)(=o)c4ccc(n[ch](ccn5ccocc5)csc5ccccc5)c(s(=o)(=o)c(f)(f)f)c4)cc3)cc2)c1,-2.0,1525,k562,0.0081,0.9349,-2.0915149811213505,0.999999999995336,0.9349,ACH-000006,navitoclax,,,,,,,,,0.9349,Navitoclax (ABT-263)
K562,Thalidomide,10.0,1.0,SIDM00791,uM,thalidomide,O=C1CCC(N2C(=O)c3ccccc3C2=O)C(=O)N1,o=c1ccc(n2c(=o)c3ccccc3c2=o)c(=o)n1,1.0,1526,k562,8.3,0.9308,0.919078092376074,1.0,0.9308,ACH-000006,thalidomide,,,,,,,,,0.9308,Thalidomide
K562,Alisertib (MLN8237),1.0,0.999756292652057,SIDM00791,uM,alisertib,COc1cc(Nc2ncc3c(n2)-c2ccc(Cl)cc2C(c2c(F)cccc2OC)=NC3)ccc1C(=O)O,coc1cc(nc2ncc3c(n2)c2ccc(cl)cc2c(c2c(f)cccc2oc)=nc3)ccc1c(=o)o,0.0,1527,k562,1.0,0.9572,0.0,0.999756292652057,0.9572,ACH-000006,alisertib,,,,,,,,,0.9572,Alisertib (MLN8237)
K562,"Fluorouracil (5-Fluoracil, 5-FU)",0.01,1.0,SIDM00791,uM,fluorouracil,O=c1[nH]cc(F)c(=O)[nH]1,o=c1[nh]cc(f)c(=o)[nh]1,-2.0,1528,k562,0.0081,0.9209,-2.0915149811213505,1.0,0.9209,ACH-000006,fluorouracil,,,,,,,,,0.9209,"Fluorouracil (5-Fluoracil, 5-FU)"
K562,PF-573228,1.0,1.0,SIDM00791,uM,pf573228,CS(=O)(=O)c1cccc(CNc2nc(Nc3ccc4c(c3)CCC(=O)N4)ncc2C(F)(F)F)c1,cs(=o)(=o)c1cccc(cnc2nc(nc3ccc4c(c3)ccc(=o)n4)ncc2c(f)(f)f)c1,0.0,1529,k562,1.0,1.092,0.0,1.0,1.092,ACH-000006,pf573228,,,,,,,,,1.092,PF-573228
K562,PCI-34051,0.1,1.0,SIDM00791,uM,pci34051,COc1ccc(Cn2ccc3ccc(C(=O)NO)cc32)cc1,coc1ccc(cn2ccc3ccc(c(=o)no)cc32)cc1,-1.0,1530,k562,,,,1.0,,ACH-000006,pci34051,,,,,,,,,,PCI-34051
K562,Clevudine ,0.1,1.0,SIDM00791,uM,clevudine,Cc1cn([C@H]2O[C@@H](CO)[C@H](O)[C@H]2F)c(=O)[nH]c1=O,cc1cn([ch]2o[ch](co)[ch](o)[ch]2f)c(=o)[nh]c1=o,-1.0,1531,k562,,,,1.0,,ACH-000006,clevudine,,,,,,,,,,Clevudine 
K562,ZM 447439,0.01,1.0,SIDM00791,uM,zm447439,COc1cc2c(Nc3ccc(NC(=O)c4ccccc4)cc3)ncnc2cc1OCCCN1CCOCC1,coc1cc2c(nc3ccc(nc(=o)c4ccccc4)cc3)ncnc2cc1occcn1ccocc1,-2.0,1532,k562,,,,1.0,,ACH-000006,zm447439,,,,,,,,,,ZM 447439
K562,Ofloxacin,0.1,1.0,SIDM00791,uM,ofloxacin,CC1COc2c(N3CCN(C)CC3)c(F)cc3c(=O)c(C(=O)O)cn1c23,cc1coc2c(n3ccn(c)cc3)c(f)cc3c(=o)c(c(=o)o)cn1c23,-1.0,1533,k562,,,,1.0,,ACH-000006,ofloxacin,,,,,,,,,,Ofloxacin
K562,Obatoclax Mesylate (GX15-070),0.01,1.0,SIDM00791,uM,obatoclax,COC1=CC(c2cc3ccccc3[nH]2)=N/C1=C\c1[nH]c(C)cc1C.CS(=O)(=O)O,coc1=cc(c2cc3ccccc3[nh]2)=nc1=cc1[nh]c(c)cc1c,-2.0,1534,k562,0.0081,1.073,-2.0915149811213505,1.0,1.073,ACH-000006,obatoclax,,,,,,,,,1.073,Obatoclax Mesylate (GX15-070)
K562,UNC0631,0.01,0.998527784014843,SIDM00791,uM,unc0631,COc1cc2c(NC3CCN(CC4CCCCC4)CC3)nc(N3CCCN(C(C)C)CC3)nc2cc1OCCCN1CCCCC1,coc1cc2c(nc3ccn(cc4ccccc4)cc3)nc(n3cccn(c(c)c)cc3)nc2cc1occcn1ccccc1,-2.0,1535,k562,,,,0.998527784014843,,ACH-000006,unc0631,,,,,,,,,,UNC0631
K562,Anacardic Acid,1.0,0.971611461183103,SIDM00791,uM,anacardicacid,CCCCCCCCCCCCCCCc1cccc(O)c1C(=O)O,cccccccccccccccc1cccc(o)c1c(=o)o,0.0,1536,k562,,,,0.971611461183103,,ACH-000006,anacardicacid,,,,,,,,,,Anacardic Acid
K562,SNS-314,0.01,0.9999890815430492,SIDM00791,uM,sns314,CS(=O)(=O)O.O=C(Nc1cccc(Cl)c1)Nc1ncc(CCNc2ncnc3ccsc23)s1,o=c(nc1cccc(cl)c1)nc1ncc(ccnc2ncnc3ccsc23)s1,-2.0,1537,k562,,,,0.9999890815430492,,ACH-000006,sns314,,,,,,,,,,SNS-314
K562,WHI-P154,0.01,0.999999986900756,SIDM00791,uM,whip154,COc1cc2ncnc(Nc3ccc(O)c(Br)c3)c2cc1OC,coc1cc2ncnc(nc3ccc(o)c(br)c3)c2cc1oc,-2.0,1538,k562,,,,0.999999986900756,,ACH-000006,whip154,,,,,,,,,,WHI-P154
K562,Bosutinib (SKI-606),0.01,0.923899501402696,SIDM00791,uM,bosutinib,COc1cc(Nc2c(C#N)cnc3cc(OCCCN4CCN(C)CC4)c(OC)cc23)c(Cl)cc1Cl,coc1cc(nc2c(c#n)cnc3cc(occcn4ccn(c)cc4)c(oc)cc23)c(cl)cc1cl,-2.0,1539,k562,0.0081,1.095,-2.0915149811213505,0.923899501402696,1.095,ACH-000006,bosutinib,,,,,,,,,1.095,Bosutinib (SKI-606)
K562,ENMD-2076 L-(+)-Tartaric acid ,10.0,0.716288894509097,SIDM00791,uM,enmd2076ltartaricacid,Cc1cc(Nc2cc(N3CCN(C)CC3)nc(C=Cc3ccccc3)n2)n[nH]1,cc1cc(nc2cc(n3ccn(c)cc3)nc(c=cc3ccccc3)n2)n[nh]1,1.0,1540,k562,,,,0.716288894509097,,ACH-000006,enmd2076ltartaricacid,,,,,,,,,,ENMD-2076 L-(+)-Tartaric acid 
K562,Lapatinib (GW-572016) Ditosylate,1.0,0.754284564416632,SIDM00791,uM,lapatinibditosylate,CS(=O)(=O)CCNCc1ccc(-c2ccc3ncnc(Nc4ccc(OCc5cccc(F)c5)c(Cl)c4)c3c2)o1.Cc1ccc(S(=O)(=O)O)cc1.Cc1ccc(S(=O)(=O)O)cc1,cs(=o)(=o)ccncc1ccc(c2ccc3ncnc(nc4ccc(occ5cccc(f)c5)c(cl)c4)c3c2)o1,0.0,1541,k562,,,,0.754284564416632,,ACH-000006,lapatinibditosylate,,,,,,,,,,Lapatinib (GW-572016) Ditosylate
K562,Lomustine ,0.01,1.0,SIDM00791,uM,lomustine,O=NN(CCCl)C(=O)NC1CCCCC1,o=nn(cccl)c(=o)nc1ccccc1,-2.0,1542,k562,,,,1.0,,ACH-000006,lomustine,,,,,,,,,,Lomustine 
K562,Linifanib (ABT-869),10.0,1.0,SIDM00791,uM,linifanib,Cc1ccc(F)c(NC(=O)Nc2ccc(-c3cccc4[nH]nc(N)c34)cc2)c1,cc1ccc(f)c(nc(=o)nc2ccc(c3cccc4[nh]nc(n)c34)cc2)c1,1.0,1543,k562,8.3,0.114,0.919078092376074,1.0,0.114,ACH-000006,linifanib,,,,,,,,,0.114,Linifanib (ABT-869)
K562,NVP-BSK805 2HCl,1.0,0.987234023752795,SIDM00791,uM,nvpbsk8052hcl,Cl.Cl.Fc1cc(-c2cccc3ncc(-c4cnn(C5CCNCC5)c4)nc23)cc(F)c1CN1CCOCC1,fc1cc(c2cccc3ncc(c4cnn(c5ccncc5)c4)nc23)cc(f)c1cn1ccocc1,0.0,1544,k562,,,,0.987234023752795,,ACH-000006,nvpbsk8052hcl,,,,,,,,,,NVP-BSK805 2HCl
K562,Resveratrol,10.0,1.0,SIDM00791,uM,resveratrol,Oc1ccc(C=Cc2cc(O)cc(O)c2)cc1,oc1ccc(c=cc2cc(o)cc(o)c2)cc1,1.0,1545,k562,,,,1.0,,ACH-000006,resveratrol,,,,,,,,,,Resveratrol
K562,Aminoglutethimide ,0.01,1.0,SIDM00791,uM,aminoglutethimide,CCC1(c2ccc(N)cc2)CCC(=O)NC1=O,ccc1(c2ccc(n)cc2)ccc(=o)nc1=o,-2.0,1546,k562,,,,1.0,,ACH-000006,aminoglutethimide,,,,,,,,,,Aminoglutethimide 
K562,"Roscovitine (Seliciclib,CYC202)",10.0,1.0,SIDM00791,uM,roscovitine,CCC(CO)Nc1nc(NCc2ccccc2)c2ncn(C(C)C)c2n1,ccc(co)nc1nc(ncc2ccccc2)c2ncn(c(c)c)c2n1,1.0,1547,k562,,,,1.0,,ACH-000006,roscovitine,,,,,,,,,,"Roscovitine (Seliciclib,CYC202)"
K562,Veliparib (ABT-888),1.0,0.997990181849134,SIDM00791,uM,veliparib,C[C@]1(c2nc3c(C(N)=O)cccc3[nH]2)CCCN1,c[c]1(c2nc3c(c(n)=o)cccc3[nh]2)cccn1,0.0,1548,k562,1.0,1.031,0.0,0.997990181849134,1.031,ACH-000006,veliparib,,,,,,,,,1.031,Veliparib (ABT-888)
K562,CYC116,0.01,0.999999999806318,SIDM00791,uM,cyc116,Cc1nc(N)sc1-c1ccnc(Nc2ccc(N3CCOCC3)cc2)n1,cc1nc(n)sc1c1ccnc(nc2ccc(n3ccocc3)cc2)n1,-2.0,1549,k562,,,,0.999999999806318,,ACH-000006,cyc116,,,,,,,,,,CYC116
K562,Anacardic Acid,10.0,0.9446979779016372,SIDM00791,uM,anacardicacid,CCCCCCCCCCCCCCCc1cccc(O)c1C(=O)O,cccccccccccccccc1cccc(o)c1c(=o)o,1.0,1550,k562,,,,0.9446979779016372,,ACH-000006,anacardicacid,,,,,,,,,,Anacardic Acid
K562,2-Methoxyestradiol (2-MeOE2),0.01,0.999999958430011,SIDM00791,uM,2methoxyestradiol,COc1cc2c(cc1O)CC[C@@H]1[C@@H]2CC[C@]2(C)[C@@H](O)CC[C@@H]12,coc1cc2c(cc1o)cc[ch]1[ch]2cc[c]2(c)[ch](o)cc[ch]12,-2.0,1551,k562,,,,0.999999958430011,,ACH-000006,2methoxyestradiol,,,,,,,,,,2-Methoxyestradiol (2-MeOE2)
K562,Mesna ,10.0,1.0,SIDM00791,uM,mesna,O=S(=O)([O-])CCS.[Na+],o=s(=o)([o])ccs,1.0,1552,k562,,,,1.0,,ACH-000006,mesna,,,,,,,,,,Mesna 
K562,Ivosidenib (AG-120),0.1,0.999998438012432,SIDM00791,uM,ivosidenib,N#Cc1ccnc(N2C(=O)CCC2C(=O)N(c2cncc(F)c2)C(C(=O)NC2CC(F)(F)C2)c2ccccc2Cl)c1,n#cc1ccnc(n2c(=o)ccc2c(=o)n(c2cncc(f)c2)c(c(=o)nc2cc(f)(f)c2)c2ccccc2cl)c1,-1.0,1553,k562,,,,0.999998438012432,,ACH-000006,ivosidenib,,,,,,,,,,Ivosidenib (AG-120)
K562,G007-LK,1.0,1.0,SIDM00791,uM,g007lk,CS(=O)(=O)c1ccc(-c2nnc(C=Cc3nnc(-c4ccc(C#N)cc4)o3)n2-c2ccccc2Cl)nc1,cs(=o)(=o)c1ccc(c2nnc(c=cc3nnc(c4ccc(c#n)cc4)o3)n2c2ccccc2cl)nc1,0.0,1554,k562,,,,1.0,,ACH-000006,g007lk,,,,,,,,,,G007-LK
K562,Resminostat,0.01,0.9966545471866172,SIDM00791,uM,resminostat,CN(C)Cc1ccc(S(=O)(=O)n2ccc(C=CC(=O)NO)c2)cc1,cn(c)cc1ccc(s(=o)(=o)n2ccc(c=cc(=o)no)c2)cc1,-2.0,1555,k562,,,,0.9966545471866172,,ACH-000006,resminostat,,,,,,,,,,Resminostat
K562,MLN8054,10.0,0.999995564698732,SIDM00791,uM,mln8054,O=C(O)c1ccc(Nc2ncc3c(n2)-c2ccc(Cl)cc2C(c2c(F)cccc2F)=NC3)cc1,o=c(o)c1ccc(nc2ncc3c(n2)c2ccc(cl)cc2c(c2c(f)cccc2f)=nc3)cc1,1.0,1556,k562,,,,0.999995564698732,,ACH-000006,mln8054,,,,,,,,,,MLN8054
K562,ENMD-2076,0.01,0.9999823092404448,SIDM00791,uM,enmd2076,Cc1cc(Nc2cc(N3CCN(C)CC3)nc(C=Cc3ccccc3)n2)n[nH]1,cc1cc(nc2cc(n3ccn(c)cc3)nc(c=cc3ccccc3)n2)n[nh]1,-2.0,1557,k562,,,,0.9999823092404448,,ACH-000006,enmd2076,,,,,,,,,,ENMD-2076
K562,Motesanib Diphosphate (AMG-706),0.1,0.9999987258248728,SIDM00791,uM,motesanibdiphosphate,CC1(C)CNc2cc(NC(=O)c3cccnc3NCc3ccncc3)ccc21.O=P(O)(O)O.O=P(O)(O)O,cc1(c)cnc2cc(nc(=o)c3cccnc3ncc3ccncc3)ccc21,-1.0,1558,k562,,,,0.9999987258248728,,ACH-000006,motesanibdiphosphate,,,,,,,,,,Motesanib Diphosphate (AMG-706)
K562,UNC1999,1.0,1.0,SIDM00791,uM,unc1999,CCCc1cc(C)[nH]c(=O)c1CNC(=O)c1cc(-c2ccc(N3CCN(C(C)C)CC3)nc2)cc2c1cnn2C(C)C,cccc1cc(c)[nh]c(=o)c1cnc(=o)c1cc(c2ccc(n3ccn(c(c)c)cc3)nc2)cc2c1cnn2c(c)c,0.0,1559,k562,,,,1.0,,ACH-000006,unc1999,,,,,,,,,,UNC1999
K562,Vehicle,0.0,1.0,SIDM00791,uM,vehicle,CS(C)=O,cs(c)=o,,1560,k562,,,,1.0,,ACH-000006,vehicle,,,,,,,,,1.0,Vehicle
K562,Valproic acid sodium salt (Sodium valproate),0.01,1.0,SIDM00791,uM,valproicacidsalt,CCCC(CCC)C(=O)[O-].[Na+],cccc(ccc)c(=o)[o],-2.0,1561,k562,,,,1.0,,ACH-000006,valproicacidsalt,,,,,,,,,,Valproic acid sodium salt (Sodium valproate)
K562,Ki16425,0.01,0.99483340118961,SIDM00791,uM,ki16425,Cc1noc(-c2ccc(CSCCC(=O)O)cc2)c1NC(=O)OC(C)c1ccccc1Cl,cc1noc(c2ccc(csccc(=o)o)cc2)c1nc(=o)oc(c)c1ccccc1cl,-2.0,1562,k562,,,,0.99483340118961,,ACH-000006,ki16425,,,,,,,,,,Ki16425
K562,JNJ-7706621,0.01,0.9999999998759672,SIDM00791,uM,jnj7706621,Nc1nc(Nc2ccc(S(N)(=O)=O)cc2)nn1C(=O)c1c(F)cccc1F,nc1nc(nc2ccc(s(n)(=o)=o)cc2)nn1c(=o)c1c(f)cccc1f,-2.0,1563,k562,,,,0.9999999998759672,,ACH-000006,jnj7706621,,,,,,,,,,JNJ-7706621
K562,"Roscovitine (Seliciclib,CYC202)",0.1,1.0,SIDM00791,uM,roscovitine,CCC(CO)Nc1nc(NCc2ccccc2)c2ncn(C(C)C)c2n1,ccc(co)nc1nc(ncc2ccccc2)c2ncn(c(c)c)c2n1,-1.0,1564,k562,,,,1.0,,ACH-000006,roscovitine,,,,,,,,,,"Roscovitine (Seliciclib,CYC202)"
K562,Ofloxacin,1.0,1.0,SIDM00791,uM,ofloxacin,CC1COc2c(N3CCN(C)CC3)c(F)cc3c(=O)c(C(=O)O)cn1c23,cc1coc2c(n3ccn(c)cc3)c(f)cc3c(=o)c(c(=o)o)cn1c23,0.0,1565,k562,,,,1.0,,ACH-000006,ofloxacin,,,,,,,,,,Ofloxacin
K562,GSK-LSD1 2HCl,0.01,1.0,SIDM00791,uM,gsklsd12hcl,Cl.Cl.c1ccc([C@@H]2C[C@H]2NC2CCNCC2)cc1,c1ccc([ch]2c[ch]2nc2ccncc2)cc1,-2.0,1566,k562,,,,1.0,,ACH-000006,gsklsd12hcl,,,,,,,,,,GSK-LSD1 2HCl
K562,Aurora A Inhibitor I,0.01,0.9999999953980028,SIDM00791,uM,auroraainhibitori,CCN1CCN(C(=O)Cc2ccc(Nc3ncc(F)c(Nc4ccc(C(=O)Nc5ccccc5Cl)cc4)n3)cc2)CC1,ccn1ccn(c(=o)cc2ccc(nc3ncc(f)c(nc4ccc(c(=o)nc5ccccc5cl)cc4)n3)cc2)cc1,-2.0,1567,k562,,,,0.9999999953980028,,ACH-000006,auroraainhibitori,,,,,,,,,,Aurora A Inhibitor I
K562,AICAR (Acadesine),1.0,1.0,SIDM00791,uM,aicar,NC(=O)c1ncn([C@@H]2O[C@H](CO)[C@@H](O)[C@H]2O)c1N,nc(=o)c1ncn([ch]2o[ch](co)[ch](o)[ch]2o)c1n,0.0,1568,k562,,,,1.0,,ACH-000006,aicar,,,,,,,,,,AICAR (Acadesine)
K562,Droxinostat,10.0,1.0,SIDM00791,uM,droxinostat,Cc1cc(Cl)ccc1OCCCC(=O)NO,cc1cc(cl)ccc1occcc(=o)no,1.0,1569,k562,,,,1.0,,ACH-000006,droxinostat,,,,,,,,,,Droxinostat
K562,PHA-680632,0.1,0.93333483147822,SIDM00791,uM,pha680632,CCc1cccc(CC)c1NC(=O)N1Cc2[nH]nc(NC(=O)c3ccc(N4CCN(C)CC4)cc3)c2C1,ccc1cccc(cc)c1nc(=o)n1cc2[nh]nc(nc(=o)c3ccc(n4ccn(c)cc4)cc3)c2c1,-1.0,1570,k562,,,,0.93333483147822,,ACH-000006,pha680632,,,,,,,,,,PHA-680632
K562,ABT-737,10.0,0.712612297558112,SIDM00791,uM,abt737,CN(C)CCC(CSc1ccccc1)Nc1ccc(S(=O)(=O)NC(=O)c2ccc(N3CCN(Cc4ccccc4-c4ccc(Cl)cc4)CC3)cc2)cc1[N+](=O)[O-],cn(c)ccc(csc1ccccc1)nc1ccc(s(=o)(=o)nc(=o)c2ccc(n3ccn(cc4ccccc4c4ccc(cl)cc4)cc3)cc2)cc1[n](=o)[o],1.0,1571,k562,9.2,0.7489,0.9637878273455552,0.712612297558112,0.7489,ACH-000006,abt737,,,,,,,,,0.7489,ABT-737
K562,S3I-201,0.01,1.0,SIDM00791,uM,s3i201,Cc1ccc(S(=O)(=O)OCC(=O)Nc2ccc(C(=O)O)c(O)c2)cc1,cc1ccc(s(=o)(=o)occ(=o)nc2ccc(c(=o)o)c(o)c2)cc1,-2.0,1572,k562,,,,1.0,,ACH-000006,s3i201,,,,,,,,,,S3I-201
K562,Sodium Phenylbutyrate,10.0,0.9999990574202172,SIDM00791,uM,sodiumphenylbutyrate,O=C(CCCc1ccccc1)O[Na],o=c(cccc1ccccc1)o[na],1.0,1573,k562,,,,0.9999990574202172,,ACH-000006,sodiumphenylbutyrate,,,,,,,,,,Sodium Phenylbutyrate
K562,"Tozasertib (VX-680, MK-0457)",0.1,0.552795841636516,SIDM00791,uM,tozasertib,Cc1cc(Nc2cc(N3CCN(C)CC3)nc(Sc3ccc(NC(=O)C4CC4)cc3)n2)n[nH]1,cc1cc(nc2cc(n3ccn(c)cc3)nc(sc3ccc(nc(=o)c4cc4)cc3)n2)n[nh]1,-1.0,1574,k562,,,,0.552795841636516,,ACH-000006,tozasertib,,,,,,,,,,"Tozasertib (VX-680, MK-0457)"
K562,CEP-33779,1.0,1.0,SIDM00791,uM,cep33779,CN1CCN(c2cccc(Nc3nc4c(-c5ccc(S(C)(=O)=O)cc5)cccn4n3)c2)CC1,cn1ccn(c2cccc(nc3nc4c(c5ccc(s(c)(=o)=o)cc5)cccn4n3)c2)cc1,0.0,1575,k562,,,,1.0,,ACH-000006,cep33779,,,,,,,,,,CEP-33779
K562,Obatoclax Mesylate (GX15-070),0.1,0.999999999967004,SIDM00791,uM,obatoclax,COC1=CC(c2cc3ccccc3[nH]2)=N/C1=C\c1[nH]c(C)cc1C.CS(=O)(=O)O,coc1=cc(c2cc3ccccc3[nh]2)=nc1=cc1[nh]c(c)cc1c,-1.0,1576,k562,0.13,1.055,-0.8860566476931632,0.999999999967004,1.055,ACH-000006,obatoclax,,,,,,,,,1.055,Obatoclax Mesylate (GX15-070)
K562,Tofacitinib (CP-690550) Citrate,1.0,1.0,SIDM00791,uM,tofacitinib,C[C@@H]1CCN(C(=O)CC#N)C[C@@H]1N(C)c1ncnc2[nH]ccc12.O=C(O)CC(O)(CC(=O)O)C(=O)O,c[ch]1ccn(c(=o)cc#n)c[ch]1n(c)c1ncnc2[nh]ccc12,0.0,1577,k562,,,,1.0,,ACH-000006,tofacitinib,,,,,,,,,,Tofacitinib (CP-690550) Citrate
K562,Fulvestrant,10.0,1.0,SIDM00791,uM,fulvestrant,CC12CCC3c4ccc(O)cc4CC(CCCCCCCCCS(=O)CCCC(F)(F)C(F)(F)F)C3C1CCC2O,cc12ccc3c4ccc(o)cc4cc(cccccccccs(=o)cccc(f)(f)c(f)(f)f)c3c1ccc2o,1.0,1578,k562,,,,1.0,,ACH-000006,fulvestrant,,,,,,,,,,Fulvestrant
K562,Danusertib (PHA-739358),0.1,0.655515385748135,SIDM00791,uM,danusertib,CO[C@@H](C(=O)N1Cc2[nH]nc(NC(=O)c3ccc(N4CCN(C)CC4)cc3)c2C1)c1ccccc1,co[ch](c(=o)n1cc2[nh]nc(nc(=o)c3ccc(n4ccn(c)cc4)cc3)c2c1)c1ccccc1,-1.0,1579,k562,,,,0.655515385748135,,ACH-000006,danusertib,,,,,,,,,,Danusertib (PHA-739358)
K562,CUDC-907,0.01,0.936378311929554,SIDM00791,uM,cudc907,COc1ccc(-c2nc(N3CCOCC3)c3sc(CN(C)c4ncc(C(=O)NO)cn4)cc3n2)cn1,coc1ccc(c2nc(n3ccocc3)c3sc(cn(c)c4ncc(c(=o)no)cn4)cc3n2)cn1,-2.0,1580,k562,,,,0.936378311929554,,ACH-000006,cudc907,,,,,,,,,,CUDC-907
K562,Celecoxib,0.01,0.999996117099078,SIDM00791,uM,celecoxib,Cc1ccc(-c2cc(C(F)(F)F)nn2-c2ccc(S(N)(=O)=O)cc2)cc1,cc1ccc(c2cc(c(f)(f)f)nn2c2ccc(s(n)(=o)=o)cc2)cc1,-2.0,1581,k562,,,,0.999996117099078,,ACH-000006,celecoxib,,,,,,,,,,Celecoxib
K562,Vandetanib (ZD6474),0.01,0.999999999923629,SIDM00791,uM,vandetanib,COc1cc2c(Nc3ccc(Br)cc3F)ncnc2cc1OCC1CCN(C)CC1,coc1cc2c(nc3ccc(br)cc3f)ncnc2cc1occ1ccn(c)cc1,-2.0,1582,k562,0.0081,0.9554,-2.0915149811213505,0.999999999923629,0.9554,ACH-000006,vandetanib,,,,,,,,,0.9554,Vandetanib (ZD6474)
K562,Disulfiram ,10.0,0.9999975462918028,SIDM00791,uM,disulfiram,CCN(CC)C(=S)SSC(=S)N(CC)CC,ccn(cc)c(=s)ssc(=s)n(cc)cc,1.0,1583,k562,,,,0.9999975462918028,,ACH-000006,disulfiram,,,,,,,,,,Disulfiram 
K562,Alvespimycin (17-DMAG) HCl,0.01,0.934995121357082,SIDM00791,uM,alvespimycin,COC1/C=C\C=C(/C)C(=O)NC2=CC(=O)C(NCCN(C)C)=C(CC(C)CC(OC)C(O)C(C)/C=C(\C)C1OC(N)=O)C2=O.Cl,coc1c=cc=c(c)c(=o)nc2=cc(=o)c(nccn(c)c)=c(cc(c)cc(oc)c(o)c(c)c=c(c)c1oc(n)=o)c2=o,-2.0,1584,k562,,,,0.934995121357082,,ACH-000006,alvespimycin,,,,,,,,,,Alvespimycin (17-DMAG) HCl
K562,Amisulpride,0.1,1.0,SIDM00791,uM,amisulpride,CCN1CCCC1CNC(=O)c1cc(S(=O)(=O)CC)c(N)cc1OC,ccn1cccc1cnc(=o)c1cc(s(=o)(=o)cc)c(n)cc1oc,-1.0,1585,k562,,,,1.0,,ACH-000006,amisulpride,,,,,,,,,,Amisulpride
K562,"Fluorouracil (5-Fluoracil, 5-FU)",1.0,1.0,SIDM00791,uM,fluorouracil,O=c1[nH]cc(F)c(=O)[nH]1,o=c1[nh]cc(f)c(=o)[nh]1,0.0,1586,k562,1.0,1.014,0.0,1.0,1.014,ACH-000006,fluorouracil,,,,,,,,,1.014,"Fluorouracil (5-Fluoracil, 5-FU)"
K562,TGX-221,1.0,1.0,SIDM00791,uM,tgx221,Cc1cc(C(C)Nc2ccccc2)c2nc(N3CCOCC3)cc(=O)n2c1,cc1cc(c(c)nc2ccccc2)c2nc(n3ccocc3)cc(=o)n2c1,0.0,1587,k562,1.0,1.119,0.0,1.0,1.119,ACH-000006,tgx221,,,,,,,,,1.119,TGX-221
K562,Avagacestat (BMS-708163),0.01,0.99893243283039,SIDM00791,uM,avagacestat,NC(=O)C(CCC(F)(F)F)N(Cc1ccc(-c2ncon2)cc1F)S(=O)(=O)c1ccc(Cl)cc1,nc(=o)c(ccc(f)(f)f)n(cc1ccc(c2ncon2)cc1f)s(=o)(=o)c1ccc(cl)cc1,-2.0,1588,k562,,,,0.99893243283039,,ACH-000006,avagacestat,,,,,,,,,,Avagacestat (BMS-708163)
K562,Pelitinib (EKB-569),0.01,0.99999999890764,SIDM00791,uM,pelitinib,CCOc1cc2ncc(C#N)c(Nc3ccc(F)c(Cl)c3)c2cc1NC(=O)/C=C/CN(C)C,ccoc1cc2ncc(c#n)c(nc3ccc(f)c(cl)c3)c2cc1nc(=o)c=ccn(c)c,-2.0,1589,k562,,,,0.99999999890764,,ACH-000006,pelitinib,,,,,,,,,,Pelitinib (EKB-569)
K562,Maraviroc,0.1,1.0,SIDM00791,uM,maraviroc,Cc1nnc(C(C)C)n1C1CC2CCC(C1)N2CCC(NC(=O)C1CCC(F)(F)CC1)c1ccccc1,cc1nnc(c(c)c)n1c1cc2ccc(c1)n2ccc(nc(=o)c1ccc(f)(f)cc1)c1ccccc1,-1.0,1590,k562,,,,1.0,,ACH-000006,maraviroc,,,,,,,,,,Maraviroc
K562,PJ34,0.1,0.9999292048872,SIDM00791,uM,pj34,CN(C)CC(=O)Nc1ccc2[nH]c(=O)c3ccccc3c2c1,cn(c)cc(=o)nc1ccc2[nh]c(=o)c3ccccc3c2c1,-1.0,1591,k562,,,,0.9999292048872,,ACH-000006,pj34,,,,,,,,,,PJ34
K562,Mercaptopurine (6-MP),10.0,0.625733534558786,SIDM00791,uM,mercaptopurine,S=c1nc[nH]c2nc[nH]c12,s=c1nc[nh]c2nc[nh]c12,1.0,1592,k562,,,,0.625733534558786,,ACH-000006,mercaptopurine,,,,,,,,,,Mercaptopurine (6-MP)
K562,"Fluorouracil (5-Fluoracil, 5-FU)",10.0,1.0,SIDM00791,uM,fluorouracil,O=c1[nH]cc(F)c(=O)[nH]1,o=c1[nh]cc(f)c(=o)[nh]1,1.0,1593,k562,8.3,0.9947,0.919078092376074,1.0,0.9947,ACH-000006,fluorouracil,,,,,,,,,0.9947,"Fluorouracil (5-Fluoracil, 5-FU)"
K562,Glesatinib?(MGCD265),0.1,0.999999978599481,SIDM00791,uM,glesatinib,COCCNCc1ccc(-c2cc3nccc(Oc4ccc(NC(=S)NC(=O)Cc5ccc(F)cc5)cc4F)c3s2)nc1,coccncc1ccc(c2cc3nccc(oc4ccc(nc(=s)nc(=o)cc5ccc(f)cc5)cc4f)c3s2)nc1,-1.0,1594,k562,,,,0.999999978599481,,ACH-000006,glesatinib,,,,,,,,,,Glesatinib?(MGCD265)
K562,Entinostat (MS-275),0.1,0.999999295494305,SIDM00791,uM,entinostat,Nc1ccccc1NC(=O)c1ccc(CNC(=O)OCc2cccnc2)cc1,nc1ccccc1nc(=o)c1ccc(cnc(=o)occ2cccnc2)cc1,-1.0,1595,k562,0.13,0.8775,-0.8860566476931632,0.999999295494305,0.8775,ACH-000006,entinostat,,,,,,,,,0.8775,Entinostat (MS-275)
K562,Tie2 kinase inhibitor,1.0,1.0,SIDM00791,uM,tie2kinaseinhibitor,COc1ccc2cc(-c3[nH]c(-c4ccc(S(C)=O)cc4)nc3-c3ccncc3)ccc2c1,coc1ccc2cc(c3[nh]c(c4ccc(s(c)=o)cc4)nc3c3ccncc3)ccc2c1,0.0,1596,k562,,,,1.0,,ACH-000006,tie2kinaseinhibitor,,,,,,,,,,Tie2 kinase inhibitor
K562,Tubastatin A HCl,1.0,1.0,SIDM00791,uM,tubastatina,CN1CCc2c(c3ccccc3n2Cc2ccc(C(=O)NO)cc2)C1.Cl,cn1ccc2c(c3ccccc3n2cc2ccc(c(=o)no)cc2)c1,0.0,1597,k562,,,,1.0,,ACH-000006,tubastatina,,,,,,,,,,Tubastatin A HCl
K562,SB431542,10.0,1.0,SIDM00791,uM,sb431542,NC(=O)c1ccc(-c2nc(-c3ccc4c(c3)OCO4)c(-c3ccccn3)[nH]2)cc1,nc(=o)c1ccc(c2nc(c3ccc4c(c3)oco4)c(c3ccccn3)[nh]2)cc1,1.0,1598,k562,8.3,0.9164,0.919078092376074,1.0,0.9164,ACH-000006,sb431542,,,,,,,,,0.9164,SB431542
K562,Tranylcypromine (2-PCPA) HCl,0.01,1.0,SIDM00791,uM,tranylcypromine,*.Cl.N[C@@H]1C[C@H]1c1ccccc1,n[ch]1c[ch]1c1ccccc1,-2.0,1599,k562,,,,1.0,,ACH-000006,tranylcypromine,,,,,,,,,,Tranylcypromine (2-PCPA) HCl
K562,Roxadustat (FG-4592),0.1,1.0,SIDM00791,uM,roxadustat,Cc1nc(C(=O)NCC(=O)O)c(O)c2ccc(Oc3ccccc3)cc12,cc1nc(c(=o)ncc(=o)o)c(o)c2ccc(oc3ccccc3)cc12,-1.0,1600,k562,,,,1.0,,ACH-000006,roxadustat,,,,,,,,,,Roxadustat (FG-4592)
K562,Ofloxacin,0.01,1.0,SIDM00791,uM,ofloxacin,CC1COc2c(N3CCN(C)CC3)c(F)cc3c(=O)c(C(=O)O)cn1c23,cc1coc2c(n3ccn(c)cc3)c(f)cc3c(=o)c(c(=o)o)cn1c23,-2.0,1601,k562,,,,1.0,,ACH-000006,ofloxacin,,,,,,,,,,Ofloxacin
K562,Resveratrol,1.0,1.0,SIDM00791,uM,resveratrol,Oc1ccc(C=Cc2cc(O)cc(O)c2)cc1,oc1ccc(c=cc2cc(o)cc(o)c2)cc1,0.0,1602,k562,,,,1.0,,ACH-000006,resveratrol,,,,,,,,,,Resveratrol
K562,Alisertib (MLN8237),0.1,0.999862204951672,SIDM00791,uM,alisertib,COc1cc(Nc2ncc3c(n2)-c2ccc(Cl)cc2C(c2c(F)cccc2OC)=NC3)ccc1C(=O)O,coc1cc(nc2ncc3c(n2)c2ccc(cl)cc2c(c2c(f)cccc2oc)=nc3)ccc1c(=o)o,-1.0,1603,k562,0.13,0.4412,-0.8860566476931632,0.999862204951672,0.4412,ACH-000006,alisertib,,,,,,,,,0.4412,Alisertib (MLN8237)
K562,Ki8751,1.0,0.999953941381797,SIDM00791,uM,ki8751,COc1cc2nccc(Oc3ccc(NC(=O)Nc4ccc(F)cc4F)c(F)c3)c2cc1OC,coc1cc2nccc(oc3ccc(nc(=o)nc4ccc(f)cc4f)c(f)c3)c2cc1oc,0.0,1604,k562,1.0,0.8257,0.0,0.999953941381797,0.8257,ACH-000006,ki8751,,,,,,,,,0.8257,Ki8751
K562,PJ34,10.0,0.847884153882659,SIDM00791,uM,pj34,CN(C)CC(=O)Nc1ccc2[nH]c(=O)c3ccccc3c2c1,cn(c)cc(=o)nc1ccc2[nh]c(=o)c3ccccc3c2c1,1.0,1605,k562,,,,0.847884153882659,,ACH-000006,pj34,,,,,,,,,,PJ34
K562,Nintedanib (BIBF 1120),0.1,0.8847510152556759,SIDM00791,uM,nintedanib,COC(=O)c1ccc2c(c1)NC(=O)/C2=C(\Nc1ccc(N(C)C(=O)CN2CCN(C)CC2)cc1)c1ccccc1,coc(=o)c1ccc2c(c1)nc(=o)c2=c(nc1ccc(n(c)c(=o)cn2ccn(c)cc2)cc1)c1ccccc1,-1.0,1606,k562,0.13,0.9523,-0.8860566476931632,0.8847510152556759,0.9523,ACH-000006,nintedanib,,,,,,,,,0.9523,Nintedanib (BIBF 1120)
K562,Entacapone,0.1,1.0,SIDM00791,uM,entacapone,CCN(CC)C(=O)C(C#N)=Cc1cc(O)c(O)c([N+](=O)[O-])c1,ccn(cc)c(=o)c(c#n)=cc1cc(o)c(o)c([n](=o)[o])c1,-1.0,1607,k562,,,,1.0,,ACH-000006,entacapone,,,,,,,,,,Entacapone
K562,Valproic acid sodium salt (Sodium valproate),0.1,1.0,SIDM00791,uM,valproicacidsalt,CCCC(CCC)C(=O)[O-].[Na+],cccc(ccc)c(=o)[o],-1.0,1608,k562,,,,1.0,,ACH-000006,valproicacidsalt,,,,,,,,,,Valproic acid sodium salt (Sodium valproate)
K562,Toremifene Citrate,0.01,0.9999999999999928,SIDM00791,uM,toremifene,CN(C)CCOc1ccc(/C(=C(/CCCl)c2ccccc2)c2ccccc2)cc1.O=C(O)CC(O)(CC(=O)O)C(=O)O,cn(c)ccoc1ccc(c(=c(cccl)c2ccccc2)c2ccccc2)cc1,-2.0,1609,k562,,,,0.9999999999999928,,ACH-000006,toremifene,,,,,,,,,,Toremifene Citrate
K562,Selisistat (EX 527),0.1,1.0,SIDM00791,uM,selisistat,NC(=O)C1CCCc2c1[nH]c1ccc(Cl)cc21,nc(=o)c1cccc2c1[nh]c1ccc(cl)cc21,-1.0,1610,k562,,,,1.0,,ACH-000006,selisistat,,,,,,,,,,Selisistat (EX 527)
K562,ITSA-1 (ITSA1),10.0,0.999995723359424,SIDM00791,uM,itsa1,O=C(c1ccc(Cl)cc1Cl)n1nnc2ccccc21,o=c(c1ccc(cl)cc1cl)n1nnc2ccccc21,1.0,1611,k562,,,,0.999995723359424,,ACH-000006,itsa1,,,,,,,,,,ITSA-1 (ITSA1)
K562,Thalidomide,1.0,1.0,SIDM00791,uM,thalidomide,O=C1CCC(N2C(=O)c3ccccc3C2=O)C(=O)N1,o=c1ccc(n2c(=o)c3ccccc3c2=o)c(=o)n1,0.0,1612,k562,1.0,0.913,0.0,1.0,0.913,ACH-000006,thalidomide,,,,,,,,,0.913,Thalidomide
K562,SGI-1776 free base,1.0,0.922293035540748,SIDM00791,uM,sgi1776freebase,CN1CCC(CNc2ccc3ncc(-c4cccc(OC(F)(F)F)c4)n3n2)CC1,cn1ccc(cnc2ccc3ncc(c4cccc(oc(f)(f)f)c4)n3n2)cc1,0.0,1613,k562,,,,0.922293035540748,,ACH-000006,sgi1776freebase,,,,,,,,,,SGI-1776 free base
K562,JNJ-26854165 (Serdemetan),10.0,0.9999469743264772,SIDM00791,uM,jnj26854165,c1ccc2c(CCNc3ccc(Nc4ccncc4)cc3)c[nH]c2c1,c1ccc2c(ccnc3ccc(nc4ccncc4)cc3)c[nh]c2c1,1.0,1614,k562,,,,0.9999469743264772,,ACH-000006,jnj26854165,,,,,,,,,,JNJ-26854165 (Serdemetan)
K562,Entacapone,1.0,1.0,SIDM00791,uM,entacapone,CCN(CC)C(=O)C(C#N)=Cc1cc(O)c(O)c([N+](=O)[O-])c1,ccn(cc)c(=o)c(c#n)=cc1cc(o)c(o)c([n](=o)[o])c1,0.0,1615,k562,,,,1.0,,ACH-000006,entacapone,,,,,,,,,,Entacapone
K562,Navitoclax (ABT-263),1.0,0.8959667924685649,SIDM00791,uM,navitoclax,CC1(C)CCC(c2ccc(Cl)cc2)=C(CN2CCN(c3ccc(C(=O)NS(=O)(=O)c4ccc(N[C@H](CCN5CCOCC5)CSc5ccccc5)c(S(=O)(=O)C(F)(F)F)c4)cc3)CC2)C1,cc1(c)ccc(c2ccc(cl)cc2)=c(cn2ccn(c3ccc(c(=o)ns(=o)(=o)c4ccc(n[ch](ccn5ccocc5)csc5ccccc5)c(s(=o)(=o)c(f)(f)f)c4)cc3)cc2)c1,0.0,1616,k562,1.0,0.9358,0.0,0.8959667924685649,0.9358,ACH-000006,navitoclax,,,,,,,,,0.9358,Navitoclax (ABT-263)
K562,FLLL32,10.0,0.4709402517483479,SIDM00791,uM,flll32,COc1ccc(C=CC(=O)C2(C(=O)C=Cc3ccc(OC)c(OC)c3)CCCCC2)cc1OC,coc1ccc(c=cc(=o)c2(c(=o)c=cc3ccc(oc)c(oc)c3)ccccc2)cc1oc,1.0,1617,k562,,,,0.4709402517483479,,ACH-000006,flll32,,,,,,,,,,FLLL32
K562,Azacitidine ,0.01,1.0,SIDM00791,uM,azacitidine,Nc1ncn([C@@H]2O[C@H](CO)[C@@H](O)[C@H]2O)c(=O)n1,nc1ncn([ch]2o[ch](co)[ch](o)[ch]2o)c(=o)n1,-2.0,1618,k562,0.0081,1.002,-2.0915149811213505,1.0,1.002,ACH-000006,azacitidine,,,,,,,,,1.002,Azacitidine 
K562,Carmofur,1.0,1.0,SIDM00791,uM,carmofur,CCCCCCNC(=O)n1cc(F)c(=O)[nH]c1=O,ccccccnc(=o)n1cc(f)c(=o)[nh]c1=o,0.0,1619,k562,,,,1.0,,ACH-000006,carmofur,,,,,,,,,,Carmofur
K562,"Baricitinib (LY3009104, INCB028050)",10.0,1.0,SIDM00791,uM,baricitinib,CCS(=O)(=O)N1CC(CC#N)(n2cc(-c3ncnc4[nH]ccc34)cn2)C1,ccs(=o)(=o)n1cc(cc#n)(n2cc(c3ncnc4[nh]ccc34)cn2)c1,1.0,1620,k562,,,,1.0,,ACH-000006,baricitinib,,,,,,,,,,"Baricitinib (LY3009104, INCB028050)"
K562,Avagacestat (BMS-708163),0.1,0.982390772193771,SIDM00791,uM,avagacestat,NC(=O)C(CCC(F)(F)F)N(Cc1ccc(-c2ncon2)cc1F)S(=O)(=O)c1ccc(Cl)cc1,nc(=o)c(ccc(f)(f)f)n(cc1ccc(c2ncon2)cc1f)s(=o)(=o)c1ccc(cl)cc1,-1.0,1621,k562,,,,0.982390772193771,,ACH-000006,avagacestat,,,,,,,,,,Avagacestat (BMS-708163)
K562,Navitoclax (ABT-263),0.1,0.9999992538884152,SIDM00791,uM,navitoclax,CC1(C)CCC(c2ccc(Cl)cc2)=C(CN2CCN(c3ccc(C(=O)NS(=O)(=O)c4ccc(N[C@H](CCN5CCOCC5)CSc5ccccc5)c(S(=O)(=O)C(F)(F)F)c4)cc3)CC2)C1,cc1(c)ccc(c2ccc(cl)cc2)=c(cn2ccn(c3ccc(c(=o)ns(=o)(=o)c4ccc(n[ch](ccn5ccocc5)csc5ccccc5)c(s(=o)(=o)c(f)(f)f)c4)cc3)cc2)c1,-1.0,1622,k562,0.13,1.024,-0.8860566476931632,0.9999992538884152,1.024,ACH-000006,navitoclax,,,,,,,,,1.024,Navitoclax (ABT-263)
K562,Barasertib (AZD1152-HQPA),1.0,0.999992601689557,SIDM00791,uM,barasertib,CCN(CCO)CCCOc1ccc2c(Nc3cc(CC(=O)Nc4cccc(F)c4)n[nH]3)ncnc2c1,ccn(cco)cccoc1ccc2c(nc3cc(cc(=o)nc4cccc(f)c4)n[nh]3)ncnc2c1,0.0,1623,k562,1.0,1.092,0.0,0.999992601689557,1.092,ACH-000006,barasertib,,,,,,,,,1.092,Barasertib (AZD1152-HQPA)
K562,A-366,10.0,1.0,SIDM00791,uM,a366,COc1cc2c(cc1OCCCN1CCCC1)N=C(N)C21CCC1,coc1cc2c(cc1occcn1cccc1)n=c(n)c21ccc1,1.0,1624,k562,,,,1.0,,ACH-000006,a366,,,,,,,,,,A-366
K562,INO-1001 (3-Aminobenzamide),1.0,0.999993803857472,SIDM00791,uM,ino1001,NC(=O)c1cccc(N)c1,nc(=o)c1cccc(n)c1,0.0,1625,k562,,,,0.999993803857472,,ACH-000006,ino1001,,,,,,,,,,INO-1001 (3-Aminobenzamide)
K562,Avagacestat (BMS-708163),1.0,0.8775798626715959,SIDM00791,uM,avagacestat,NC(=O)C(CCC(F)(F)F)N(Cc1ccc(-c2ncon2)cc1F)S(=O)(=O)c1ccc(Cl)cc1,nc(=o)c(ccc(f)(f)f)n(cc1ccc(c2ncon2)cc1f)s(=o)(=o)c1ccc(cl)cc1,0.0,1626,k562,,,,0.8775798626715959,,ACH-000006,avagacestat,,,,,,,,,,Avagacestat (BMS-708163)
K562,S3I-201,1.0,1.0,SIDM00791,uM,s3i201,Cc1ccc(S(=O)(=O)OCC(=O)Nc2ccc(C(=O)O)c(O)c2)cc1,cc1ccc(s(=o)(=o)occ(=o)nc2ccc(c(=o)o)c(o)c2)cc1,0.0,1627,k562,,,,1.0,,ACH-000006,s3i201,,,,,,,,,,S3I-201
K562,Tazemetostat (EPZ-6438),0.01,1.0,SIDM00791,uM,tazemetostat,CCN(c1cc(-c2ccc(CN3CCOCC3)cc2)cc(C(=O)NCc2c(C)cc(C)[nH]c2=O)c1C)C1CCOCC1,ccn(c1cc(c2ccc(cn3ccocc3)cc2)cc(c(=o)ncc2c(c)cc(c)[nh]c2=o)c1c)c1ccocc1,-2.0,1628,k562,,,,1.0,,ACH-000006,tazemetostat,,,,,,,,,,Tazemetostat (EPZ-6438)
K562,Belinostat (PXD101),10.0,0.366157786991561,SIDM00791,uM,belinostat,O=C(C=Cc1cccc(S(=O)(=O)Nc2ccccc2)c1)NO,o=c(c=cc1cccc(s(=o)(=o)nc2ccccc2)c1)no,1.0,1629,k562,8.3,0.01867,0.919078092376074,0.366157786991561,0.01867,ACH-000006,belinostat,,,,,,,,,0.01867,Belinostat (PXD101)
K562,JNJ-7706621,0.1,0.999996783340146,SIDM00791,uM,jnj7706621,Nc1nc(Nc2ccc(S(N)(=O)=O)cc2)nn1C(=O)c1c(F)cccc1F,nc1nc(nc2ccc(s(n)(=o)=o)cc2)nn1c(=o)c1c(f)cccc1f,-1.0,1630,k562,,,,0.999996783340146,,ACH-000006,jnj7706621,,,,,,,,,,JNJ-7706621
K562,Aurora A Inhibitor I,0.1,0.999997919803192,SIDM00791,uM,auroraainhibitori,CCN1CCN(C(=O)Cc2ccc(Nc3ncc(F)c(Nc4ccc(C(=O)Nc5ccccc5Cl)cc4)n3)cc2)CC1,ccn1ccn(c(=o)cc2ccc(nc3ncc(f)c(nc4ccc(c(=o)nc5ccccc5cl)cc4)n3)cc2)cc1,-1.0,1631,k562,,,,0.999997919803192,,ACH-000006,auroraainhibitori,,,,,,,,,,Aurora A Inhibitor I
K562,Tofacitinib (CP-690550) Citrate,0.01,1.0,SIDM00791,uM,tofacitinib,C[C@@H]1CCN(C(=O)CC#N)C[C@@H]1N(C)c1ncnc2[nH]ccc12.O=C(O)CC(O)(CC(=O)O)C(=O)O,c[ch]1ccn(c(=o)cc#n)c[ch]1n(c)c1ncnc2[nh]ccc12,-2.0,1632,k562,,,,1.0,,ACH-000006,tofacitinib,,,,,,,,,,Tofacitinib (CP-690550) Citrate
K562,Andarine,10.0,0.999959215790598,SIDM00791,uM,andarine,CC(=O)Nc1ccc(OCC(C)(O)C(=O)Nc2ccc([N+](=O)[O-])c(C(F)(F)F)c2)cc1,cc(=o)nc1ccc(occ(c)(o)c(=o)nc2ccc([n](=o)[o])c(c(f)(f)f)c2)cc1,1.0,1633,k562,,,,0.999959215790598,,ACH-000006,andarine,,,,,,,,,,Andarine
K562,GSK J1,0.1,1.0,SIDM00791,uM,gskj1,O=C(O)CCNc1cc(N2CCc3ccccc3CC2)nc(-c2ccccn2)n1,o=c(o)ccnc1cc(n2ccc3ccccc3cc2)nc(c2ccccn2)n1,-1.0,1634,k562,,,,1.0,,ACH-000006,gskj1,,,,,,,,,,GSK J1
K562,PJ34,1.0,0.996544672485218,SIDM00791,uM,pj34,CN(C)CC(=O)Nc1ccc2[nH]c(=O)c3ccccc3c2c1,cn(c)cc(=o)nc1ccc2[nh]c(=o)c3ccccc3c2c1,0.0,1635,k562,,,,0.996544672485218,,ACH-000006,pj34,,,,,,,,,,PJ34
K562,Tacedinaline (CI994),10.0,0.6727173564932901,SIDM00791,uM,tacedinaline,CC(=O)Nc1ccc(C(=O)Nc2ccccc2N)cc1,cc(=o)nc1ccc(c(=o)nc2ccccc2n)cc1,1.0,1636,k562,8.3,0.6655,0.919078092376074,0.6727173564932901,0.6655,ACH-000006,tacedinaline,,,,,,,,,0.6655,Tacedinaline (CI994)
K562,Flavopiridol HCl,0.1,0.6470505064047509,SIDM00791,uM,flavopiridol,CN1CCC(c2c(O)cc(O)c3c(=O)cc(-c4ccccc4Cl)oc23)C(O)C1.Cl,cn1ccc(c2c(o)cc(o)c3c(=o)cc(c4ccccc4cl)oc23)c(o)c1,-1.0,1637,k562,,,,0.6470505064047509,,ACH-000006,flavopiridol,,,,,,,,,,Flavopiridol HCl
K562,Crizotinib (PF-02341066),0.01,0.9996484929118729,SIDM00791,uM,crizotinib,CC(Oc1cc(-c2cnn(C3CCNCC3)c2)cnc1N)c1c(Cl)ccc(F)c1Cl,cc(oc1cc(c2cnn(c3ccncc3)c2)cnc1n)c1c(cl)ccc(f)c1cl,-2.0,1638,k562,0.0081,0.9604,-2.0915149811213505,0.9996484929118729,0.9604,ACH-000006,crizotinib,,,,,,,,,0.9604,Crizotinib (PF-02341066)
K562,Lenalidomide (CC-5013),10.0,0.99999238087954,SIDM00791,uM,lenalidomide,Nc1cccc2c1CN(C1CCC(=O)NC1=O)C2=O,nc1cccc2c1cn(c1ccc(=o)nc1=o)c2=o,1.0,1639,k562,,,,0.99999238087954,,ACH-000006,lenalidomide,,,,,,,,,,Lenalidomide (CC-5013)
K562,Meprednisone,10.0,1.0,SIDM00791,uM,meprednisone,CC1CC2C3CCC4=CC(=O)C=CC4(C)C3C(=O)CC2(C)C1(O)C(=O)CO,cc1cc2c3ccc4=cc(=o)c=cc4(c)c3c(=o)cc2(c)c1(o)c(=o)co,1.0,1640,k562,,,,1.0,,ACH-000006,meprednisone,,,,,,,,,,Meprednisone
K562,(+)-JQ1,0.01,0.993396124747149,SIDM00791,uM,jq1,Cc1sc2c(c1C)C(c1ccc(Cl)cc1)=N[C@@H](CC(=O)OC(C)(C)C)c1nnc(C)n1-2,cc1sc2c(c1c)c(c1ccc(cl)cc1)=n[ch](cc(=o)oc(c)(c)c)c1nnc(c)n12,-2.0,1641,k562,0.0081,0.8806,-2.0915149811213505,0.993396124747149,0.8806,ACH-000006,jq1,,,,,,,,,0.8806,(+)-JQ1
K562,Tacedinaline (CI994),0.01,0.999999999999974,SIDM00791,uM,tacedinaline,CC(=O)Nc1ccc(C(=O)Nc2ccccc2N)cc1,cc(=o)nc1ccc(c(=o)nc2ccccc2n)cc1,-2.0,1642,k562,0.0081,1.02,-2.0915149811213505,0.999999999999974,1.02,ACH-000006,tacedinaline,,,,,,,,,1.02,Tacedinaline (CI994)
K562,Cimetidine ,0.01,1.0,SIDM00791,uM,cimetidine,CNC(=NC#N)NCCSCc1nc[nH]c1C,cnc(=nc#n)nccscc1nc[nh]c1c,-2.0,1643,k562,,,,1.0,,ACH-000006,cimetidine,,,,,,,,,,Cimetidine 
K562,ITSA-1 (ITSA1),1.0,0.999997018906745,SIDM00791,uM,itsa1,O=C(c1ccc(Cl)cc1Cl)n1nnc2ccccc21,o=c(c1ccc(cl)cc1cl)n1nnc2ccccc21,0.0,1644,k562,,,,0.999997018906745,,ACH-000006,itsa1,,,,,,,,,,ITSA-1 (ITSA1)
K562,Triamcinolone Acetonide,10.0,1.0,SIDM00791,uM,triamcinoloneacetonide,CC1(C)OC2CC3C4CCC5=CC(=O)C=CC5(C)C4(F)C(O)CC3(C)C2(C(=O)CO)O1,cc1(c)oc2cc3c4ccc5=cc(=o)c=cc5(c)c4(f)c(o)cc3(c)c2(c(=o)co)o1,1.0,1645,k562,,,,1.0,,ACH-000006,triamcinoloneacetonide,,,,,,,,,,Triamcinolone Acetonide
K562,Sirtinol,0.1,1.0,SIDM00791,uM,sirtinol,CC(NC(=O)c1ccccc1N=Cc1c(O)ccc2ccccc12)c1ccccc1,cc(nc(=o)c1ccccc1n=cc1c(o)ccc2ccccc12)c1ccccc1,-1.0,1646,k562,,,,1.0,,ACH-000006,sirtinol,,,,,,,,,,Sirtinol
K562,GSK-LSD1 2HCl,0.1,1.0,SIDM00791,uM,gsklsd12hcl,Cl.Cl.c1ccc([C@@H]2C[C@H]2NC2CCNCC2)cc1,c1ccc([ch]2c[ch]2nc2ccncc2)cc1,-1.0,1647,k562,,,,1.0,,ACH-000006,gsklsd12hcl,,,,,,,,,,GSK-LSD1 2HCl
K562,Pirarubicin,10.0,0.853044537403089,SIDM00791,uM,pirarubicin,COc1cccc2c1C(=O)c1c(O)c3c(c(O)c1C2=O)C[C@@](O)(C(=O)CO)C[C@@H]3O[C@H]1C[C@H](N)[C@H](O[C@@H]2CCCCO2)[C@H](C)O1,coc1cccc2c1c(=o)c1c(o)c3c(c(o)c1c2=o)c[c](o)(c(=o)co)c[ch]3o[ch]1c[ch](n)[ch](o[ch]2cccco2)[ch](c)o1,1.0,1648,k562,,,,0.853044537403089,,ACH-000006,pirarubicin,,,,,,,,,,Pirarubicin
K562,Resveratrol,0.1,1.0,SIDM00791,uM,resveratrol,Oc1ccc(C=Cc2cc(O)cc(O)c2)cc1,oc1ccc(c=cc2cc(o)cc(o)c2)cc1,-1.0,1649,k562,,,,1.0,,ACH-000006,resveratrol,,,,,,,,,,Resveratrol
K562,Nintedanib (BIBF 1120),1.0,0.564767726060995,SIDM00791,uM,nintedanib,COC(=O)c1ccc2c(c1)NC(=O)/C2=C(\Nc1ccc(N(C)C(=O)CN2CCN(C)CC2)cc1)c1ccccc1,coc(=o)c1ccc2c(c1)nc(=o)c2=c(nc1ccc(n(c)c(=o)cn2ccn(c)cc2)cc1)c1ccccc1,0.0,1650,k562,1.0,0.8765,0.0,0.564767726060995,0.8765,ACH-000006,nintedanib,,,,,,,,,0.8765,Nintedanib (BIBF 1120)
K562,Valproic acid sodium salt (Sodium valproate),1.0,1.0,SIDM00791,uM,valproicacidsalt,CCCC(CCC)C(=O)[O-].[Na+],cccc(ccc)c(=o)[o],0.0,1651,k562,,,,1.0,,ACH-000006,valproicacidsalt,,,,,,,,,,Valproic acid sodium salt (Sodium valproate)
K562,Hesperadin,10.0,0.9299924000187528,SIDM00791,uM,hesperadin,CCS(=O)(=O)Nc1ccc2c(c1)C(=C(Nc1ccc(CN3CCCCC3)cc1)c1ccccc1)C(=O)N2,ccs(=o)(=o)nc1ccc2c(c1)c(=c(nc1ccc(cn3ccccc3)cc1)c1ccccc1)c(=o)n2,1.0,1652,k562,,,,0.9299924000187528,,ACH-000006,hesperadin,,,,,,,,,,Hesperadin
K562,AC480 (BMS-599626),0.01,0.999999999999476,SIDM00791,uM,ac480,Cc1c(NC(=O)OCC2COCCN2)cn2ncnc(Nc3ccc4c(cnn4Cc4cccc(F)c4)c3)c12,cc1c(nc(=o)occ2coccn2)cn2ncnc(nc3ccc4c(cnn4cc4cccc(f)c4)c3)c12,-2.0,1653,k562,,,,0.999999999999476,,ACH-000006,ac480,,,,,,,,,,AC480 (BMS-599626)
K562,Ellagic acid,1.0,1.0,SIDM00791,uM,ellagicacid,O=c1oc2c(O)c(O)cc3c(=O)oc4c(O)c(O)cc1c4c23,o=c1oc2c(o)c(o)cc3c(=o)oc4c(o)c(o)cc1c4c23,0.0,1654,k562,,,,1.0,,ACH-000006,ellagicacid,,,,,,,,,,Ellagic acid
K562,WP1066,1.0,1.0,SIDM00791,uM,wp1066,C[C@H](NC(=O)C(C#N)=Cc1cccc(Br)n1)c1ccccc1,c[ch](nc(=o)c(c#n)=cc1cccc(br)n1)c1ccccc1,0.0,1655,k562,,,,1.0,,ACH-000006,wp1066,,,,,,,,,,WP1066
K562,ITSA-1 (ITSA1),0.01,0.999999610001394,SIDM00791,uM,itsa1,O=C(c1ccc(Cl)cc1Cl)n1nnc2ccccc21,o=c(c1ccc(cl)cc1cl)n1nnc2ccccc21,-2.0,1656,k562,,,,0.999999610001394,,ACH-000006,itsa1,,,,,,,,,,ITSA-1 (ITSA1)
K562,Givinostat (ITF2357),10.0,0.392597847397229,SIDM00791,uM,givinostat,CCN(CC)Cc1ccc2cc(COC(=O)Nc3ccc(C(=O)NO)cc3)ccc2c1.Cl.O,ccn(cc)cc1ccc2cc(coc(=o)nc3ccc(c(=o)no)cc3)ccc2c1,1.0,1657,k562,,,,0.392597847397229,,ACH-000006,givinostat,,,,,,,,,,Givinostat (ITF2357)
K562,Cediranib (AZD2171),1.0,0.999956338976962,SIDM00791,uM,cediranib,COc1cc2c(Oc3ccc4[nH]c(C)cc4c3F)ncnc2cc1OCCCN1CCCC1,coc1cc2c(oc3ccc4[nh]c(c)cc4c3f)ncnc2cc1occcn1cccc1,0.0,1658,k562,1.0,0.972,0.0,0.999956338976962,0.972,ACH-000006,cediranib,,,,,,,,,0.972,Cediranib (AZD2171)
K562,Sirtinol,1.0,1.0,SIDM00791,uM,sirtinol,CC(NC(=O)c1ccccc1N=Cc1c(O)ccc2ccccc12)c1ccccc1,cc(nc(=o)c1ccccc1n=cc1c(o)ccc2ccccc12)c1ccccc1,0.0,1659,k562,,,,1.0,,ACH-000006,sirtinol,,,,,,,,,,Sirtinol
K562,MK-0752,1.0,1.0,SIDM00791,uM,mk0752,O=C(O)CCC1CCC(c2cc(F)ccc2F)(S(=O)(=O)c2ccc(Cl)cc2)CC1,o=c(o)ccc1ccc(c2cc(f)ccc2f)(s(=o)(=o)c2ccc(cl)cc2)cc1,0.0,1660,k562,1.0,1.105,0.0,1.0,1.105,ACH-000006,mk0752,,,,,,,,,1.105,MK-0752
K562,Streptozotocin (STZ),0.1,1.0,SIDM00791,uM,streptozotocin,CN(N=O)C(=O)NC1C(O)OC(CO)C(O)C1O,cn(n=o)c(=o)nc1c(o)oc(co)c(o)c1o,-1.0,1661,k562,,,,1.0,,ACH-000006,streptozotocin,,,,,,,,,,Streptozotocin (STZ)
K562,Roxadustat (FG-4592),0.01,1.0,SIDM00791,uM,roxadustat,Cc1nc(C(=O)NCC(=O)O)c(O)c2ccc(Oc3ccccc3)cc12,cc1nc(c(=o)ncc(=o)o)c(o)c2ccc(oc3ccccc3)cc12,-2.0,1662,k562,,,,1.0,,ACH-000006,roxadustat,,,,,,,,,,Roxadustat (FG-4592)
K562,Tanespimycin (17-AAG),0.1,0.768363025208984,SIDM00791,uM,tanespimycin,C=CCNC1=C2CC(C)CC(OC)C(O)C(C)/C=C(\C)C(OC(N)=O)C(OC)/C=C\C=C(/C)C(=O)NC(=CC1=O)C2=O,c=ccnc1=c2cc(c)cc(oc)c(o)c(c)c=c(c)c(oc(n)=o)c(oc)c=cc=c(c)c(=o)nc(=cc1=o)c2=o,-1.0,1663,k562,0.13,0.5895,-0.8860566476931632,0.768363025208984,0.5895,ACH-000006,tanespimycin,,,,,,,,,0.5895,Tanespimycin (17-AAG)
K562,Momelotinib (CYT387),0.1,0.996715344155971,SIDM00791,uM,momelotinib,N#CCNC(=O)c1ccc(-c2ccnc(Nc3ccc(N4CCOCC4)cc3)n2)cc1,n#ccnc(=o)c1ccc(c2ccnc(nc3ccc(n4ccocc4)cc3)n2)cc1,-1.0,1664,k562,0.13,1.192,-0.8860566476931632,0.996715344155971,1.192,ACH-000006,momelotinib,,,,,,,,,1.192,Momelotinib (CYT387)
K562,SRT1720 HCl,0.01,1.0,SIDM00791,uM,srt1720,Cl.O=C(Nc1ccccc1-c1cn2c(CN3CCNCC3)csc2n1)c1cnc2ccccc2n1,o=c(nc1ccccc1c1cn2c(cn3ccncc3)csc2n1)c1cnc2ccccc2n1,-2.0,1665,k562,,,,1.0,,ACH-000006,srt1720,,,,,,,,,,SRT1720 HCl
K562,CYC116,1.0,0.999795770658962,SIDM00791,uM,cyc116,Cc1nc(N)sc1-c1ccnc(Nc2ccc(N3CCOCC3)cc2)n1,cc1nc(n)sc1c1ccnc(nc2ccc(n3ccocc3)cc2)n1,0.0,1666,k562,,,,0.999795770658962,,ACH-000006,cyc116,,,,,,,,,,CYC116
K562,Alendronate sodium trihydrate,10.0,0.8992010359785331,SIDM00791,uM,alendronatetrihydrate,NCCCC(O)(P(=O)(O)O)P(=O)(O)O[Na].O.O.O,ncccc(o)(p(=o)(o)o)p(=o)(o)o[na],1.0,1667,k562,,,,0.8992010359785331,,ACH-000006,alendronatetrihydrate,,,,,,,,,,Alendronate sodium trihydrate
K562,Panobinostat (LBH589),0.01,0.712280223397457,SIDM00791,uM,panobinostat,Cc1[nH]c2ccccc2c1CCNCc1ccc(C=CC(=O)NO)cc1,cc1[nh]c2ccccc2c1ccncc1ccc(c=cc(=o)no)cc1,-2.0,1668,k562,,,,0.712280223397457,,ACH-000006,panobinostat,,,,,,,,,,Panobinostat (LBH589)
K562,Prednisone ,1.0,0.982842180581936,SIDM00791,uM,prednisone,CC12C=CC(=O)C=C1CCC1C2C(=O)CC2(C)C1CCC2(O)C(=O)CO,cc12c=cc(=o)c=c1ccc1c2c(=o)cc2(c)c1ccc2(o)c(=o)co,0.0,1669,k562,,,,0.982842180581936,,ACH-000006,prednisone,,,,,,,,,,Prednisone 
K562,KW-2449,0.01,0.993314278544214,SIDM00791,uM,kw2449,O=C(c1ccc(C=Cc2n[nH]c3ccccc23)cc1)N1CCNCC1,o=c(c1ccc(c=cc2n[nh]c3ccccc23)cc1)n1ccncc1,-2.0,1670,k562,0.0081,1.002,-2.0915149811213505,0.993314278544214,1.002,ACH-000006,kw2449,,,,,,,,,1.002,KW-2449
K562,"Rucaparib (AG-014699,PF-01367338) phosphate",0.01,1.0,SIDM00791,uM,rucaparib,CNCc1ccc(-c2[nH]c3cc(F)cc4c3c2CCNC4=O)cc1.O=P(O)(O)O,cncc1ccc(c2[nh]c3cc(f)cc4c3c2ccnc4=o)cc1,-2.0,1671,k562,,,,1.0,,ACH-000006,rucaparib,,,,,,,,,,"Rucaparib (AG-014699,PF-01367338) phosphate"
K562,MLN8054,0.1,0.9999982519213708,SIDM00791,uM,mln8054,O=C(O)c1ccc(Nc2ncc3c(n2)-c2ccc(Cl)cc2C(c2c(F)cccc2F)=NC3)cc1,o=c(o)c1ccc(nc2ncc3c(n2)c2ccc(cl)cc2c(c2c(f)cccc2f)=nc3)cc1,-1.0,1672,k562,,,,0.9999982519213708,,ACH-000006,mln8054,,,,,,,,,,MLN8054
K562,TAK-901,0.1,0.802105868081409,SIDM00791,uM,tak901,CCS(=O)(=O)c1cccc(-c2cc(C(=O)NC3CCN(C)CC3)c(C)c3[nH]c4ncc(C)cc4c23)c1,ccs(=o)(=o)c1cccc(c2cc(c(=o)nc3ccn(c)cc3)c(c)c3[nh]c4ncc(c)cc4c23)c1,-1.0,1673,k562,,,,0.802105868081409,,ACH-000006,tak901,,,,,,,,,,TAK-901
K562,Thiotepa,0.01,1.0,SIDM00791,uM,thiotepa,S=P(N1CC1)(N1CC1)N1CC1,s=p(n1cc1)(n1cc1)n1cc1,-2.0,1674,k562,,,,1.0,,ACH-000006,thiotepa,,,,,,,,,,Thiotepa
K562,Divalproex Sodium,0.01,1.0,SIDM00791,uM,divalproex,CCCC(CCC)C(=O)O.CCCC(CCC)C(=O)[O-].[Na+],cccc(ccc)c(=o)[o],-2.0,1675,k562,,,,1.0,,ACH-000006,divalproex,,,,,,,,,,Divalproex Sodium
K562,Streptozotocin (STZ),10.0,1.0,SIDM00791,uM,streptozotocin,CN(N=O)C(=O)NC1C(O)OC(CO)C(O)C1O,cn(n=o)c(=o)nc1c(o)oc(co)c(o)c1o,1.0,1676,k562,,,,1.0,,ACH-000006,streptozotocin,,,,,,,,,,Streptozotocin (STZ)
K562,SB431542,1.0,1.0,SIDM00791,uM,sb431542,NC(=O)c1ccc(-c2nc(-c3ccc4c(c3)OCO4)c(-c3ccccn3)[nH]2)cc1,nc(=o)c1ccc(c2nc(c3ccc4c(c3)oco4)c(c3ccccn3)[nh]2)cc1,0.0,1677,k562,1.0,1.008,0.0,1.0,1.008,ACH-000006,sb431542,,,,,,,,,1.008,SB431542
K562,Ramelteon,10.0,1.0,SIDM00791,uM,ramelteon,CCC(=O)NCCC1CCc2ccc3c(c21)CCO3,ccc(=o)nccc1ccc2ccc3c(c21)cco3,1.0,1678,k562,,,,1.0,,ACH-000006,ramelteon,,,,,,,,,,Ramelteon
K562,A-366,0.1,1.0,SIDM00791,uM,a366,COc1cc2c(cc1OCCCN1CCCC1)N=C(N)C21CCC1,coc1cc2c(cc1occcn1cccc1)n=c(n)c21ccc1,-1.0,1679,k562,,,,1.0,,ACH-000006,a366,,,,,,,,,,A-366
K562,Valproic acid sodium salt (Sodium valproate),10.0,1.0,SIDM00791,uM,valproicacidsalt,CCCC(CCC)C(=O)[O-].[Na+],cccc(ccc)c(=o)[o],1.0,1680,k562,,,,1.0,,ACH-000006,valproicacidsalt,,,,,,,,,,Valproic acid sodium salt (Sodium valproate)
K562,AG-490 (Tyrphostin B42),10.0,1.0,SIDM00791,uM,ag490,N#CC(=Cc1ccc(O)c(O)c1)C(=O)NCc1ccccc1,n#cc(=cc1ccc(o)c(o)c1)c(=o)ncc1ccccc1,1.0,1681,k562,,,,1.0,,ACH-000006,ag490,,,,,,,,,,AG-490 (Tyrphostin B42)
K562,WHI-P154,1.0,0.99925449239169,SIDM00791,uM,whip154,COc1cc2ncnc(Nc3ccc(O)c(Br)c3)c2cc1OC,coc1cc2ncnc(nc3ccc(o)c(br)c3)c2cc1oc,0.0,1682,k562,,,,0.99925449239169,,ACH-000006,whip154,,,,,,,,,,WHI-P154
K562,Entinostat (MS-275),0.01,0.999999999988632,SIDM00791,uM,entinostat,Nc1ccccc1NC(=O)c1ccc(CNC(=O)OCc2cccnc2)cc1,nc1ccccc1nc(=o)c1ccc(cnc(=o)occ2cccnc2)cc1,-2.0,1683,k562,0.0081,0.9823,-2.0915149811213505,0.999999999988632,0.9823,ACH-000006,entinostat,,,,,,,,,0.9823,Entinostat (MS-275)
K562,JNJ-26854165 (Serdemetan),1.0,0.999963037673581,SIDM00791,uM,jnj26854165,c1ccc2c(CCNc3ccc(Nc4ccncc4)cc3)c[nH]c2c1,c1ccc2c(ccnc3ccc(nc4ccncc4)cc3)c[nh]c2c1,0.0,1684,k562,,,,0.999963037673581,,ACH-000006,jnj26854165,,,,,,,,,,JNJ-26854165 (Serdemetan)
K562,WP1066,10.0,1.0,SIDM00791,uM,wp1066,C[C@H](NC(=O)C(C#N)=Cc1cccc(Br)n1)c1ccccc1,c[ch](nc(=o)c(c#n)=cc1cccc(br)n1)c1ccccc1,1.0,1685,k562,,,,1.0,,ACH-000006,wp1066,,,,,,,,,,WP1066
K562,Azacitidine ,10.0,1.0,SIDM00791,uM,azacitidine,Nc1ncn([C@@H]2O[C@H](CO)[C@@H](O)[C@H]2O)c(=O)n1,nc1ncn([ch]2o[ch](co)[ch](o)[ch]2o)c(=o)n1,1.0,1686,k562,8.3,1.031,0.919078092376074,1.0,1.031,ACH-000006,azacitidine,,,,,,,,,1.031,Azacitidine 
K562,Dacinostat (LAQ824),0.1,0.9180069415071872,SIDM00791,uM,dacinostat,O=C(C=Cc1ccc(CN(CCO)CCc2c[nH]c3ccccc23)cc1)NO,o=c(c=cc1ccc(cn(cco)ccc2c[nh]c3ccccc23)cc1)no,-1.0,1687,k562,,,,0.9180069415071872,,ACH-000006,dacinostat,,,,,,,,,,Dacinostat (LAQ824)
K562,A-366,0.01,1.0,SIDM00791,uM,a366,COc1cc2c(cc1OCCCN1CCCC1)N=C(N)C21CCC1,coc1cc2c(cc1occcn1cccc1)n=c(n)c21ccc1,-2.0,1688,k562,,,,1.0,,ACH-000006,a366,,,,,,,,,,A-366
K562,AG-490 (Tyrphostin B42),0.1,1.0,SIDM00791,uM,ag490,N#CC(=Cc1ccc(O)c(O)c1)C(=O)NCc1ccccc1,n#cc(=cc1ccc(o)c(o)c1)c(=o)ncc1ccccc1,-1.0,1689,k562,,,,1.0,,ACH-000006,ag490,,,,,,,,,,AG-490 (Tyrphostin B42)
K562,Disulfiram ,1.0,0.9999982896077232,SIDM00791,uM,disulfiram,CCN(CC)C(=S)SSC(=S)N(CC)CC,ccn(cc)c(=s)ssc(=s)n(cc)cc,0.0,1690,k562,,,,0.9999982896077232,,ACH-000006,disulfiram,,,,,,,,,,Disulfiram 
K562,"Baricitinib (LY3009104, INCB028050)",0.01,1.0,SIDM00791,uM,baricitinib,CCS(=O)(=O)N1CC(CC#N)(n2cc(-c3ncnc4[nH]ccc34)cn2)C1,ccs(=o)(=o)n1cc(cc#n)(n2cc(c3ncnc4[nh]ccc34)cn2)c1,-2.0,1691,k562,,,,1.0,,ACH-000006,baricitinib,,,,,,,,,,"Baricitinib (LY3009104, INCB028050)"
K562,Tazemetostat (EPZ-6438),10.0,1.0,SIDM00791,uM,tazemetostat,CCN(c1cc(-c2ccc(CN3CCOCC3)cc2)cc(C(=O)NCc2c(C)cc(C)[nH]c2=O)c1C)C1CCOCC1,ccn(c1cc(c2ccc(cn3ccocc3)cc2)cc(c(=o)ncc2c(c)cc(c)[nh]c2=o)c1c)c1ccocc1,1.0,1692,k562,,,,1.0,,ACH-000006,tazemetostat,,,,,,,,,,Tazemetostat (EPZ-6438)
K562,Gandotinib (LY2784544),0.01,0.999999525666528,SIDM00791,uM,gandotinib,Cc1cc(Nc2cc(CN3CCOCC3)c3nc(C)c(Cc4ccc(Cl)cc4F)n3n2)[nH]n1,cc1cc(nc2cc(cn3ccocc3)c3nc(c)c(cc4ccc(cl)cc4f)n3n2)[nh]n1,-2.0,1693,k562,,,,0.999999525666528,,ACH-000006,gandotinib,,,,,,,,,,Gandotinib (LY2784544)
K562,PD173074,0.1,0.9999948079120592,SIDM00791,uM,pd173074,CCN(CC)CCCCNc1ncc2cc(-c3cc(OC)cc(OC)c3)c(NC(=O)NC(C)(C)C)nc2n1,ccn(cc)ccccnc1ncc2cc(c3cc(oc)cc(oc)c3)c(nc(=o)nc(c)(c)c)nc2n1,-1.0,1694,k562,,,,0.9999948079120592,,ACH-000006,pd173074,,,,,,,,,,PD173074
K562,AMG-900,1.0,0.999988303985512,SIDM00791,uM,amg900,Cc1csc(-c2nnc(Nc3ccc(Oc4ncccc4-c4ccnc(N)n4)cc3)c3ccccc23)c1,cc1csc(c2nnc(nc3ccc(oc4ncccc4c4ccnc(n)n4)cc3)c3ccccc23)c1,0.0,1695,k562,,,,0.999988303985512,,ACH-000006,amg900,,,,,,,,,,AMG-900
K562,ENMD-2076 L-(+)-Tartaric acid ,1.0,0.79930806008028,SIDM00791,uM,enmd2076ltartaricacid,Cc1cc(Nc2cc(N3CCN(C)CC3)nc(C=Cc3ccccc3)n2)n[nH]1,cc1cc(nc2cc(n3ccn(c)cc3)nc(c=cc3ccccc3)n2)n[nh]1,0.0,1696,k562,,,,0.79930806008028,,ACH-000006,enmd2076ltartaricacid,,,,,,,,,,ENMD-2076 L-(+)-Tartaric acid 
K562,PD98059,0.1,1.0,SIDM00791,uM,pd98059,COc1cccc(-c2cc(=O)c3ccccc3o2)c1N,coc1cccc(c2cc(=o)c3ccccc3o2)c1n,-1.0,1697,k562,,,,1.0,,ACH-000006,pd98059,,,,,,,,,,PD98059
K562,Trametinib (GSK1120212),10.0,0.9999243292381832,SIDM00791,uM,trametinib,CC(=O)Nc1cccc(-n2c(=O)n(C3CC3)c(=O)c3c(Nc4ccc(I)cc4F)n(C)c(=O)c(C)c32)c1,cc(=o)nc1cccc(n2c(=o)n(c3cc3)c(=o)c3c(nc4ccc(i)cc4f)n(c)c(=o)c(c)c32)c1,1.0,1698,k562,8.3,0.4498,0.919078092376074,0.9999243292381832,0.4498,ACH-000006,trametinib,,,,,,,,,0.4498,Trametinib (GSK1120212)
K562,WHI-P154,10.0,0.8473484411364641,SIDM00791,uM,whip154,COc1cc2ncnc(Nc3ccc(O)c(Br)c3)c2cc1OC,coc1cc2ncnc(nc3ccc(o)c(br)c3)c2cc1oc,1.0,1699,k562,,,,0.8473484411364641,,ACH-000006,whip154,,,,,,,,,,WHI-P154
K562,ABT-737,0.01,0.999999262595232,SIDM00791,uM,abt737,CN(C)CCC(CSc1ccccc1)Nc1ccc(S(=O)(=O)NC(=O)c2ccc(N3CCN(Cc4ccccc4-c4ccc(Cl)cc4)CC3)cc2)cc1[N+](=O)[O-],cn(c)ccc(csc1ccccc1)nc1ccc(s(=o)(=o)nc(=o)c2ccc(n3ccn(cc4ccccc4c4ccc(cl)cc4)cc3)cc2)cc1[n](=o)[o],-2.0,1700,k562,0.009,0.92,-2.0457574905606752,0.999999262595232,0.92,ACH-000006,abt737,,,,,,,,,0.92,ABT-737
K562,Busulfan ,0.01,1.0,SIDM00791,uM,busulfan,CS(=O)(=O)OCCCCOS(C)(=O)=O,cs(=o)(=o)occccos(c)(=o)=o,-2.0,1701,k562,,,,1.0,,ACH-000006,busulfan,,,,,,,,,,Busulfan 
K562,Tie2 kinase inhibitor,10.0,1.0,SIDM00791,uM,tie2kinaseinhibitor,COc1ccc2cc(-c3[nH]c(-c4ccc(S(C)=O)cc4)nc3-c3ccncc3)ccc2c1,coc1ccc2cc(c3[nh]c(c4ccc(s(c)=o)cc4)nc3c3ccncc3)ccc2c1,1.0,1702,k562,,,,1.0,,ACH-000006,tie2kinaseinhibitor,,,,,,,,,,Tie2 kinase inhibitor
K562,Ki8751,0.01,0.999999999997592,SIDM00791,uM,ki8751,COc1cc2nccc(Oc3ccc(NC(=O)Nc4ccc(F)cc4F)c(F)c3)c2cc1OC,coc1cc2nccc(oc3ccc(nc(=o)nc4ccc(f)cc4f)c(f)c3)c2cc1oc,-2.0,1703,k562,0.0081,0.9509,-2.0915149811213505,0.999999999997592,0.9509,ACH-000006,ki8751,,,,,,,,,0.9509,Ki8751
K562,BRD4770,1.0,0.999723977769836,SIDM00791,uM,brd4770,COC(=O)c1ccc2c(c1)nc(NC(=O)c1ccccc1)n2CCCc1ccccc1,coc(=o)c1ccc2c(c1)nc(nc(=o)c1ccccc1)n2cccc1ccccc1,0.0,1704,k562,,,,0.999723977769836,,ACH-000006,brd4770,,,,,,,,,,BRD4770
K562,SGI-1776 free base,0.01,0.999999999960954,SIDM00791,uM,sgi1776freebase,CN1CCC(CNc2ccc3ncc(-c4cccc(OC(F)(F)F)c4)n3n2)CC1,cn1ccc(cnc2ccc3ncc(c4cccc(oc(f)(f)f)c4)n3n2)cc1,-2.0,1705,k562,,,,0.999999999960954,,ACH-000006,sgi1776freebase,,,,,,,,,,SGI-1776 free base
K562,EED226,10.0,1.0,SIDM00791,uM,eed226,CS(=O)(=O)c1ccc(-c2cnc(NCc3ccco3)n3cnnc23)cc1,cs(=o)(=o)c1ccc(c2cnc(ncc3ccco3)n3cnnc23)cc1,1.0,1706,k562,,,,1.0,,ACH-000006,eed226,,,,,,,,,,EED226
K562,Ramelteon,0.01,1.0,SIDM00791,uM,ramelteon,CCC(=O)NCCC1CCc2ccc3c(c21)CCO3,ccc(=o)nccc1ccc2ccc3c(c21)cco3,-2.0,1707,k562,,,,1.0,,ACH-000006,ramelteon,,,,,,,,,,Ramelteon
K562,Lomustine ,1.0,1.0,SIDM00791,uM,lomustine,O=NN(CCCl)C(=O)NC1CCCCC1,o=nn(cccl)c(=o)nc1ccccc1,0.0,1708,k562,,,,1.0,,ACH-000006,lomustine,,,,,,,,,,Lomustine 
K562,AICAR (Acadesine),10.0,1.0,SIDM00791,uM,aicar,NC(=O)c1ncn([C@@H]2O[C@H](CO)[C@@H](O)[C@H]2O)c1N,nc(=o)c1ncn([ch]2o[ch](co)[ch](o)[ch]2o)c1n,1.0,1709,k562,,,,1.0,,ACH-000006,aicar,,,,,,,,,,AICAR (Acadesine)
K562,Tranylcypromine (2-PCPA) HCl,1.0,1.0,SIDM00791,uM,tranylcypromine,*.Cl.N[C@@H]1C[C@H]1c1ccccc1,n[ch]1c[ch]1c1ccccc1,0.0,1710,k562,,,,1.0,,ACH-000006,tranylcypromine,,,,,,,,,,Tranylcypromine (2-PCPA) HCl
K562,KW-2449,0.1,0.954495813527011,SIDM00791,uM,kw2449,O=C(c1ccc(C=Cc2n[nH]c3ccccc23)cc1)N1CCNCC1,o=c(c1ccc(c=cc2n[nh]c3ccccc23)cc1)n1ccncc1,-1.0,1711,k562,0.13,1.08,-0.8860566476931632,0.954495813527011,1.08,ACH-000006,kw2449,,,,,,,,,1.08,KW-2449
K562,AMG-900,0.1,0.9999933869329491,SIDM00791,uM,amg900,Cc1csc(-c2nnc(Nc3ccc(Oc4ncccc4-c4ccnc(N)n4)cc3)c3ccccc23)c1,cc1csc(c2nnc(nc3ccc(oc4ncccc4c4ccnc(n)n4)cc3)c3ccccc23)c1,-1.0,1712,k562,,,,0.9999933869329491,,ACH-000006,amg900,,,,,,,,,,AMG-900
K562,Cyclocytidine HCl,10.0,1.0,SIDM00791,uM,cyclocytidine,Cl.N=c1ccn2c(n1)OC1C(O)C(CO)OC12,n=c1ccn2c(n1)oc1c(o)c(co)oc12,1.0,1713,k562,,,,1.0,,ACH-000006,cyclocytidine,,,,,,,,,,Cyclocytidine HCl
K562,EED226,1.0,1.0,SIDM00791,uM,eed226,CS(=O)(=O)c1ccc(-c2cnc(NCc3ccco3)n3cnnc23)cc1,cs(=o)(=o)c1ccc(c2cnc(ncc3ccco3)n3cnnc23)cc1,0.0,1714,k562,,,,1.0,,ACH-000006,eed226,,,,,,,,,,EED226
K562,CEP-33779,0.01,1.0,SIDM00791,uM,cep33779,CN1CCN(c2cccc(Nc3nc4c(-c5ccc(S(C)(=O)=O)cc5)cccn4n3)c2)CC1,cn1ccn(c2cccc(nc3nc4c(c5ccc(s(c)(=o)=o)cc5)cccn4n3)c2)cc1,-2.0,1715,k562,,,,1.0,,ACH-000006,cep33779,,,,,,,,,,CEP-33779
K562,CYC116,0.1,0.9999997871969748,SIDM00791,uM,cyc116,Cc1nc(N)sc1-c1ccnc(Nc2ccc(N3CCOCC3)cc2)n1,cc1nc(n)sc1c1ccnc(nc2ccc(n3ccocc3)cc2)n1,-1.0,1716,k562,,,,0.9999997871969748,,ACH-000006,cyc116,,,,,,,,,,CYC116
K562,"Baricitinib (LY3009104, INCB028050)",0.1,1.0,SIDM00791,uM,baricitinib,CCS(=O)(=O)N1CC(CC#N)(n2cc(-c3ncnc4[nH]ccc34)cn2)C1,ccs(=o)(=o)n1cc(cc#n)(n2cc(c3ncnc4[nh]ccc34)cn2)c1,-1.0,1717,k562,,,,1.0,,ACH-000006,baricitinib,,,,,,,,,,"Baricitinib (LY3009104, INCB028050)"
K562,"Baricitinib (LY3009104, INCB028050)",1.0,1.0,SIDM00791,uM,baricitinib,CCS(=O)(=O)N1CC(CC#N)(n2cc(-c3ncnc4[nH]ccc34)cn2)C1,ccs(=o)(=o)n1cc(cc#n)(n2cc(c3ncnc4[nh]ccc34)cn2)c1,0.0,1718,k562,,,,1.0,,ACH-000006,baricitinib,,,,,,,,,,"Baricitinib (LY3009104, INCB028050)"
K562,(+)-JQ1,10.0,0.656404238969677,SIDM00791,uM,jq1,Cc1sc2c(c1C)C(c1ccc(Cl)cc1)=N[C@@H](CC(=O)OC(C)(C)C)c1nnc(C)n1-2,cc1sc2c(c1c)c(c1ccc(cl)cc1)=n[ch](cc(=o)oc(c)(c)c)c1nnc(c)n12,1.0,1719,k562,8.3,0.4081,0.919078092376074,0.656404238969677,0.4081,ACH-000006,jq1,,,,,,,,,0.4081,(+)-JQ1
K562,Aminoglutethimide ,10.0,1.0,SIDM00791,uM,aminoglutethimide,CCC1(c2ccc(N)cc2)CCC(=O)NC1=O,ccc1(c2ccc(n)cc2)ccc(=o)nc1=o,1.0,1720,k562,,,,1.0,,ACH-000006,aminoglutethimide,,,,,,,,,,Aminoglutethimide 
K562,FLLL32,0.1,0.999999999997022,SIDM00791,uM,flll32,COc1ccc(C=CC(=O)C2(C(=O)C=Cc3ccc(OC)c(OC)c3)CCCCC2)cc1OC,coc1ccc(c=cc(=o)c2(c(=o)c=cc3ccc(oc)c(oc)c3)ccccc2)cc1oc,-1.0,1721,k562,,,,0.999999999997022,,ACH-000006,flll32,,,,,,,,,,FLLL32
K562,Costunolide,0.1,0.9999999989632192,SIDM00791,uM,costunolide,C=C1C(=O)OC2/C=C(\C)CC/C=C(\C)CCC12,c=c1c(=o)oc2c=c(c)ccc=c(c)ccc12,-1.0,1722,k562,,,,0.9999999989632192,,ACH-000006,costunolide,,,,,,,,,,Costunolide
K562,AG-490 (Tyrphostin B42),0.01,1.0,SIDM00791,uM,ag490,N#CC(=Cc1ccc(O)c(O)c1)C(=O)NCc1ccccc1,n#cc(=cc1ccc(o)c(o)c1)c(=o)ncc1ccccc1,-2.0,1723,k562,,,,1.0,,ACH-000006,ag490,,,,,,,,,,AG-490 (Tyrphostin B42)
K562,Selisistat (EX 527),1.0,1.0,SIDM00791,uM,selisistat,NC(=O)C1CCCc2c1[nH]c1ccc(Cl)cc21,nc(=o)c1cccc2c1[nh]c1ccc(cl)cc21,0.0,1724,k562,,,,1.0,,ACH-000006,selisistat,,,,,,,,,,Selisistat (EX 527)
K562,SRT1720 HCl,1.0,0.9999918015409592,SIDM00791,uM,srt1720,Cl.O=C(Nc1ccccc1-c1cn2c(CN3CCNCC3)csc2n1)c1cnc2ccccc2n1,o=c(nc1ccccc1c1cn2c(cn3ccncc3)csc2n1)c1cnc2ccccc2n1,0.0,1725,k562,,,,0.9999918015409592,,ACH-000006,srt1720,,,,,,,,,,SRT1720 HCl
K562,Mercaptopurine (6-MP),1.0,0.7335788276026372,SIDM00791,uM,mercaptopurine,S=c1nc[nH]c2nc[nH]c12,s=c1nc[nh]c2nc[nh]c12,0.0,1726,k562,,,,0.7335788276026372,,ACH-000006,mercaptopurine,,,,,,,,,,Mercaptopurine (6-MP)
K562,"Cerdulatinib (PRT062070, PRT2070)",0.1,1.0,SIDM00791,uM,cerdulatinib,CCS(=O)(=O)N1CCN(c2ccc(Nc3ncc(C(N)=O)c(NC4CC4)n3)cc2)CC1.Cl,ccs(=o)(=o)n1ccn(c2ccc(nc3ncc(c(n)=o)c(nc4cc4)n3)cc2)cc1,-1.0,1727,k562,,,,1.0,,ACH-000006,cerdulatinib,,,,,,,,,,"Cerdulatinib (PRT062070, PRT2070)"
K562,Droxinostat,0.01,1.0,SIDM00791,uM,droxinostat,Cc1cc(Cl)ccc1OCCCC(=O)NO,cc1cc(cl)ccc1occcc(=o)no,-2.0,1728,k562,,,,1.0,,ACH-000006,droxinostat,,,,,,,,,,Droxinostat
K562,SRT2104 (GSK2245840),10.0,1.0,SIDM00791,uM,srt2104,Cc1nc(-c2cccnc2)sc1C(=O)Nc1ccccc1-c1cn2c(CN3CCOCC3)csc2n1,cc1nc(c2cccnc2)sc1c(=o)nc1ccccc1c1cn2c(cn3ccocc3)csc2n1,1.0,1729,k562,,,,1.0,,ACH-000006,srt2104,,,,,,,,,,SRT2104 (GSK2245840)
K562,Tanespimycin (17-AAG),1.0,0.488678509821409,SIDM00791,uM,tanespimycin,C=CCNC1=C2CC(C)CC(OC)C(O)C(C)/C=C(\C)C(OC(N)=O)C(OC)/C=C\C=C(/C)C(=O)NC(=CC1=O)C2=O,c=ccnc1=c2cc(c)cc(oc)c(o)c(c)c=c(c)c(oc(n)=o)c(oc)c=cc=c(c)c(=o)nc(=cc1=o)c2=o,0.0,1730,k562,1.0,0.2338,0.0,0.488678509821409,0.2338,ACH-000006,tanespimycin,,,,,,,,,0.2338,Tanespimycin (17-AAG)
K562,"Fluorouracil (5-Fluoracil, 5-FU)",0.1,1.0,SIDM00791,uM,fluorouracil,O=c1[nH]cc(F)c(=O)[nH]1,o=c1[nh]cc(f)c(=o)[nh]1,-1.0,1731,k562,0.13,0.9611,-0.8860566476931632,1.0,0.9611,ACH-000006,fluorouracil,,,,,,,,,0.9611,"Fluorouracil (5-Fluoracil, 5-FU)"
K562,Givinostat (ITF2357),0.1,0.860469647879612,SIDM00791,uM,givinostat,CCN(CC)Cc1ccc2cc(COC(=O)Nc3ccc(C(=O)NO)cc3)ccc2c1.Cl.O,ccn(cc)cc1ccc2cc(coc(=o)nc3ccc(c(=o)no)cc3)ccc2c1,-1.0,1732,k562,,,,0.860469647879612,,ACH-000006,givinostat,,,,,,,,,,Givinostat (ITF2357)
K562,CEP-33779,10.0,1.0,SIDM00791,uM,cep33779,CN1CCN(c2cccc(Nc3nc4c(-c5ccc(S(C)(=O)=O)cc5)cccn4n3)c2)CC1,cn1ccn(c2cccc(nc3nc4c(c5ccc(s(c)(=o)=o)cc5)cccn4n3)c2)cc1,1.0,1733,k562,,,,1.0,,ACH-000006,cep33779,,,,,,,,,,CEP-33779
K562,Motesanib Diphosphate (AMG-706),10.0,0.999996767107368,SIDM00791,uM,motesanibdiphosphate,CC1(C)CNc2cc(NC(=O)c3cccnc3NCc3ccncc3)ccc21.O=P(O)(O)O.O=P(O)(O)O,cc1(c)cnc2cc(nc(=o)c3cccnc3ncc3ccncc3)ccc21,1.0,1734,k562,,,,0.999996767107368,,ACH-000006,motesanibdiphosphate,,,,,,,,,,Motesanib Diphosphate (AMG-706)
K562,Divalproex Sodium,0.1,1.0,SIDM00791,uM,divalproex,CCCC(CCC)C(=O)O.CCCC(CCC)C(=O)[O-].[Na+],cccc(ccc)c(=o)[o],-1.0,1735,k562,,,,1.0,,ACH-000006,divalproex,,,,,,,,,,Divalproex Sodium
K562,Bisindolylmaleimide IX (Ro 31-8220 Mesylate),1.0,0.999918875388652,SIDM00791,uM,bisindolylmaleimideix,CS(=O)(=O)O.Cn1cc(C2=C(c3cn(CCCSC(=N)N)c4ccccc34)C(=O)NC2=O)c2ccccc21,cn1cc(c2=c(c3cn(cccsc(=n)n)c4ccccc34)c(=o)nc2=o)c2ccccc21,0.0,1736,k562,,,,0.999918875388652,,ACH-000006,bisindolylmaleimideix,,,,,,,,,,Bisindolylmaleimide IX (Ro 31-8220 Mesylate)
K562,Lenalidomide (CC-5013),0.1,0.9999969970874872,SIDM00791,uM,lenalidomide,Nc1cccc2c1CN(C1CCC(=O)NC1=O)C2=O,nc1cccc2c1cn(c1ccc(=o)nc1=o)c2=o,-1.0,1737,k562,,,,0.9999969970874872,,ACH-000006,lenalidomide,,,,,,,,,,Lenalidomide (CC-5013)
K562,Panobinostat (LBH589),1.0,0.365343446651887,SIDM00791,uM,panobinostat,Cc1[nH]c2ccccc2c1CCNCc1ccc(C=CC(=O)NO)cc1,cc1[nh]c2ccccc2c1ccncc1ccc(c=cc(=o)no)cc1,0.0,1738,k562,,,,0.365343446651887,,ACH-000006,panobinostat,,,,,,,,,,Panobinostat (LBH589)
K562,NVP-BSK805 2HCl,10.0,0.6430752291233349,SIDM00791,uM,nvpbsk8052hcl,Cl.Cl.Fc1cc(-c2cccc3ncc(-c4cnn(C5CCNCC5)c4)nc23)cc(F)c1CN1CCOCC1,fc1cc(c2cccc3ncc(c4cnn(c5ccncc5)c4)nc23)cc(f)c1cn1ccocc1,1.0,1739,k562,,,,0.6430752291233349,,ACH-000006,nvpbsk8052hcl,,,,,,,,,,NVP-BSK805 2HCl
K562,"Roscovitine (Seliciclib,CYC202)",0.01,1.0,SIDM00791,uM,roscovitine,CCC(CO)Nc1nc(NCc2ccccc2)c2ncn(C(C)C)c2n1,ccc(co)nc1nc(ncc2ccccc2)c2ncn(c(c)c)c2n1,-2.0,1740,k562,,,,1.0,,ACH-000006,roscovitine,,,,,,,,,,"Roscovitine (Seliciclib,CYC202)"
K562,(+)-JQ1,0.1,0.836591576491538,SIDM00791,uM,jq1,Cc1sc2c(c1C)C(c1ccc(Cl)cc1)=N[C@@H](CC(=O)OC(C)(C)C)c1nnc(C)n1-2,cc1sc2c(c1c)c(c1ccc(cl)cc1)=n[ch](cc(=o)oc(c)(c)c)c1nnc(c)n12,-1.0,1741,k562,0.13,0.7655,-0.8860566476931632,0.836591576491538,0.7655,ACH-000006,jq1,,,,,,,,,0.7655,(+)-JQ1
K562,Sorafenib Tosylate,0.1,0.999999999977709,SIDM00791,uM,sorafenibtosylate,CNC(=O)c1cc(Oc2ccc(NC(=O)Nc3ccc(Cl)c(C(F)(F)F)c3)cc2)ccn1.Cc1ccc(S(=O)(=O)O)cc1,cnc(=o)c1cc(oc2ccc(nc(=o)nc3ccc(cl)c(c(f)(f)f)c3)cc2)ccn1,-1.0,1742,k562,,,,0.999999999977709,,ACH-000006,sorafenibtosylate,,,,,,,,,,Sorafenib Tosylate
K562,TAK-901,0.01,0.970249960885647,SIDM00791,uM,tak901,CCS(=O)(=O)c1cccc(-c2cc(C(=O)NC3CCN(C)CC3)c(C)c3[nH]c4ncc(C)cc4c23)c1,ccs(=o)(=o)c1cccc(c2cc(c(=o)nc3ccn(c)cc3)c(c)c3[nh]c4ncc(c)cc4c23)c1,-2.0,1743,k562,,,,0.970249960885647,,ACH-000006,tak901,,,,,,,,,,TAK-901
K562,SRT1720 HCl,0.1,0.999999999991268,SIDM00791,uM,srt1720,Cl.O=C(Nc1ccccc1-c1cn2c(CN3CCNCC3)csc2n1)c1cnc2ccccc2n1,o=c(nc1ccccc1c1cn2c(cn3ccncc3)csc2n1)c1cnc2ccccc2n1,-1.0,1744,k562,,,,0.999999999991268,,ACH-000006,srt1720,,,,,,,,,,SRT1720 HCl
K562,AR-42,1.0,0.421452219056144,SIDM00791,uM,ar42,CC(C)[C@H](C(=O)Nc1ccc(C(=O)NO)cc1)c1ccccc1,cc(c)[ch](c(=o)nc1ccc(c(=o)no)cc1)c1ccccc1,0.0,1745,k562,,,,0.421452219056144,,ACH-000006,ar42,,,,,,,,,,AR-42
K562,2-Methoxyestradiol (2-MeOE2),0.1,0.999836755617906,SIDM00791,uM,2methoxyestradiol,COc1cc2c(cc1O)CC[C@@H]1[C@@H]2CC[C@]2(C)[C@@H](O)CC[C@@H]12,coc1cc2c(cc1o)cc[ch]1[ch]2cc[c]2(c)[ch](o)cc[ch]12,-1.0,1746,k562,,,,0.999836755617906,,ACH-000006,2methoxyestradiol,,,,,,,,,,2-Methoxyestradiol (2-MeOE2)
K562,SNS-314,0.1,0.999952811214406,SIDM00791,uM,sns314,CS(=O)(=O)O.O=C(Nc1cccc(Cl)c1)Nc1ncc(CCNc2ncnc3ccsc23)s1,o=c(nc1cccc(cl)c1)nc1ncc(ccnc2ncnc3ccsc23)s1,-1.0,1747,k562,,,,0.999952811214406,,ACH-000006,sns314,,,,,,,,,,SNS-314
K562,Danusertib (PHA-739358),10.0,0.6407889717961149,SIDM00791,uM,danusertib,CO[C@@H](C(=O)N1Cc2[nH]nc(NC(=O)c3ccc(N4CCN(C)CC4)cc3)c2C1)c1ccccc1,co[ch](c(=o)n1cc2[nh]nc(nc(=o)c3ccc(n4ccn(c)cc4)cc3)c2c1)c1ccccc1,1.0,1748,k562,,,,0.6407889717961149,,ACH-000006,danusertib,,,,,,,,,,Danusertib (PHA-739358)
K562,Pracinostat (SB939),10.0,0.497911319249959,SIDM00791,uM,pracinostat,CCCCc1nc2cc(C=CC(=O)NO)ccc2n1CCN(CC)CC,ccccc1nc2cc(c=cc(=o)no)ccc2n1ccn(cc)cc,1.0,1749,k562,,,,0.497911319249959,,ACH-000006,pracinostat,,,,,,,,,,Pracinostat (SB939)
K562,Epothilone A,0.01,1.0,SIDM00791,uM,epothilonea,C/C(=C\c1csc(C)n1)C1CC2OC2CCCC(C)C(O)C(C)C(=O)C(C)(C)C(O)CC(=O)O1,cc(=cc1csc(c)n1)c1cc2oc2cccc(c)c(o)c(c)c(=o)c(c)(c)c(o)cc(=o)o1,-2.0,1750,k562,,,,1.0,,ACH-000006,epothilonea,,,,,,,,,,Epothilone A
K562,MC1568,10.0,1.0,SIDM00791,uM,mc1568,Cn1cc(C=CC(=O)c2cccc(F)c2)cc1C=CC(=O)NO,cn1cc(c=cc(=o)c2cccc(f)c2)cc1c=cc(=o)no,1.0,1751,k562,,,,1.0,,ACH-000006,mc1568,,,,,,,,,,MC1568
K562,RG108,0.1,0.999204308577662,SIDM00791,uM,rg108,O=C(O)[C@H](Cc1c[nH]c2ccccc12)N1C(=O)c2ccccc2C1=O,o=c(o)[ch](cc1c[nh]c2ccccc12)n1c(=o)c2ccccc2c1=o,-1.0,1752,k562,0.13,1.086,-0.8860566476931632,0.999204308577662,1.086,ACH-000006,rg108,,,,,,,,,1.086,RG108
K562,IOX2,10.0,1.0,SIDM00791,uM,iox2,O=C(O)CNC(=O)c1c(O)c2ccccc2n(Cc2ccccc2)c1=O,o=c(o)cnc(=o)c1c(o)c2ccccc2n(cc2ccccc2)c1=o,1.0,1753,k562,,,,1.0,,ACH-000006,iox2,,,,,,,,,,IOX2
K562,CUDC-907,0.1,0.722878159701529,SIDM00791,uM,cudc907,COc1ccc(-c2nc(N3CCOCC3)c3sc(CN(C)c4ncc(C(=O)NO)cn4)cc3n2)cn1,coc1ccc(c2nc(n3ccocc3)c3sc(cn(c)c4ncc(c(=o)no)cn4)cc3n2)cn1,-1.0,1754,k562,,,,0.722878159701529,,ACH-000006,cudc907,,,,,,,,,,CUDC-907
K562,ENMD-2076 L-(+)-Tartaric acid ,0.1,0.900209439053033,SIDM00791,uM,enmd2076ltartaricacid,Cc1cc(Nc2cc(N3CCN(C)CC3)nc(C=Cc3ccccc3)n2)n[nH]1,cc1cc(nc2cc(n3ccn(c)cc3)nc(c=cc3ccccc3)n2)n[nh]1,-1.0,1755,k562,,,,0.900209439053033,,ACH-000006,enmd2076ltartaricacid,,,,,,,,,,ENMD-2076 L-(+)-Tartaric acid 
K562,PD98059,1.0,1.0,SIDM00791,uM,pd98059,COc1cccc(-c2cc(=O)c3ccccc3o2)c1N,coc1cccc(c2cc(=o)c3ccccc3o2)c1n,0.0,1756,k562,,,,1.0,,ACH-000006,pd98059,,,,,,,,,,PD98059
K562,IOX2,0.1,1.0,SIDM00791,uM,iox2,O=C(O)CNC(=O)c1c(O)c2ccccc2n(Cc2ccccc2)c1=O,o=c(o)cnc(=o)c1c(o)c2ccccc2n(cc2ccccc2)c1=o,-1.0,1757,k562,,,,1.0,,ACH-000006,iox2,,,,,,,,,,IOX2
K562,GSK-LSD1 2HCl,1.0,1.0,SIDM00791,uM,gsklsd12hcl,Cl.Cl.c1ccc([C@@H]2C[C@H]2NC2CCNCC2)cc1,c1ccc([ch]2c[ch]2nc2ccncc2)cc1,0.0,1758,k562,,,,1.0,,ACH-000006,gsklsd12hcl,,,,,,,,,,GSK-LSD1 2HCl
K562,UNC1999,10.0,1.0,SIDM00791,uM,unc1999,CCCc1cc(C)[nH]c(=O)c1CNC(=O)c1cc(-c2ccc(N3CCN(C(C)C)CC3)nc2)cc2c1cnn2C(C)C,cccc1cc(c)[nh]c(=o)c1cnc(=o)c1cc(c2ccc(n3ccn(c(c)c)cc3)nc2)cc2c1cnn2c(c)c,1.0,1759,k562,,,,1.0,,ACH-000006,unc1999,,,,,,,,,,UNC1999
K562,GSK1070916,1.0,1.0,SIDM00791,uM,gsk1070916,CCn1cc(-c2ccnc3[nH]c(-c4cccc(CN(C)C)c4)cc23)c(-c2ccc(NC(=O)N(C)C)cc2)n1,ccn1cc(c2ccnc3[nh]c(c4cccc(cn(c)c)c4)cc23)c(c2ccc(nc(=o)n(c)c)cc2)n1,0.0,1760,k562,,,,1.0,,ACH-000006,gsk1070916,,,,,,,,,,GSK1070916
K562,Ruxolitinib (INCB018424),1.0,1.0,SIDM00791,uM,ruxolitinib,N#CC[C@H](C1CCCC1)n1cc(-c2ncnc3[nH]ccc23)cn1,n#cc[ch](c1cccc1)n1cc(c2ncnc3[nh]ccc23)cn1,0.0,1761,k562,1.0,0.9992,0.0,1.0,0.9992,ACH-000006,ruxolitinib,,,,,,,,,0.9992,Ruxolitinib (INCB018424)
K562,Busulfan ,0.1,1.0,SIDM00791,uM,busulfan,CS(=O)(=O)OCCCCOS(C)(=O)=O,cs(=o)(=o)occccos(c)(=o)=o,-1.0,1762,k562,,,,1.0,,ACH-000006,busulfan,,,,,,,,,,Busulfan 
K562,AG-14361,1.0,1.0,SIDM00791,uM,ag14361,CN(C)Cc1ccc(-c2nc3cccc4c3n2CCNC4=O)cc1,cn(c)cc1ccc(c2nc3cccc4c3n2ccnc4=o)cc1,0.0,1763,k562,,,,1.0,,ACH-000006,ag14361,,,,,,,,,,AG-14361
K562,Iniparib (BSI-201),0.1,1.0,SIDM00791,uM,iniparib,NC(=O)c1ccc(I)c([N+](=O)[O-])c1,nc(=o)c1ccc(i)c([n](=o)[o])c1,-1.0,1764,k562,,,,1.0,,ACH-000006,iniparib,,,,,,,,,,Iniparib (BSI-201)
K562,SL-327,0.01,1.0,SIDM00791,uM,sl327,N#C/C(=C(/N)Sc1ccc(N)cc1)c1ccccc1C(F)(F)F,n#cc(=c(n)sc1ccc(n)cc1)c1ccccc1c(f)(f)f,-2.0,1765,k562,,,,1.0,,ACH-000006,sl327,,,,,,,,,,SL-327
K562,Linifanib (ABT-869),0.01,1.0,SIDM00791,uM,linifanib,Cc1ccc(F)c(NC(=O)Nc2ccc(-c3cccc4[nH]nc(N)c34)cc2)c1,cc1ccc(f)c(nc(=o)nc2ccc(c3cccc4[nh]nc(n)c34)cc2)c1,-2.0,1766,k562,0.0081,1.016,-2.0915149811213505,1.0,1.016,ACH-000006,linifanib,,,,,,,,,1.016,Linifanib (ABT-869)
K562,Thiotepa,1.0,1.0,SIDM00791,uM,thiotepa,S=P(N1CC1)(N1CC1)N1CC1,s=p(n1cc1)(n1cc1)n1cc1,0.0,1767,k562,,,,1.0,,ACH-000006,thiotepa,,,,,,,,,,Thiotepa
K562,G007-LK,10.0,1.0,SIDM00791,uM,g007lk,CS(=O)(=O)c1ccc(-c2nnc(C=Cc3nnc(-c4ccc(C#N)cc4)o3)n2-c2ccccc2Cl)nc1,cs(=o)(=o)c1ccc(c2nnc(c=cc3nnc(c4ccc(c#n)cc4)o3)n2c2ccccc2cl)nc1,1.0,1768,k562,,,,1.0,,ACH-000006,g007lk,,,,,,,,,,G007-LK
K562,Clevudine ,1.0,1.0,SIDM00791,uM,clevudine,Cc1cn([C@H]2O[C@@H](CO)[C@H](O)[C@H]2F)c(=O)[nH]c1=O,cc1cn([ch]2o[ch](co)[ch](o)[ch]2f)c(=o)[nh]c1=o,0.0,1769,k562,,,,1.0,,ACH-000006,clevudine,,,,,,,,,,Clevudine 
K562,Flavopiridol HCl,0.01,0.9962108481079928,SIDM00791,uM,flavopiridol,CN1CCC(c2c(O)cc(O)c3c(=O)cc(-c4ccccc4Cl)oc23)C(O)C1.Cl,cn1ccc(c2c(o)cc(o)c3c(=o)cc(c4ccccc4cl)oc23)c(o)c1,-2.0,1770,k562,,,,0.9962108481079928,,ACH-000006,flavopiridol,,,,,,,,,,Flavopiridol HCl
K562,"Tozasertib (VX-680, MK-0457)",0.01,0.967434528499998,SIDM00791,uM,tozasertib,Cc1cc(Nc2cc(N3CCN(C)CC3)nc(Sc3ccc(NC(=O)C4CC4)cc3)n2)n[nH]1,cc1cc(nc2cc(n3ccn(c)cc3)nc(sc3ccc(nc(=o)c4cc4)cc3)n2)n[nh]1,-2.0,1771,k562,,,,0.967434528499998,,ACH-000006,tozasertib,,,,,,,,,,"Tozasertib (VX-680, MK-0457)"
K562,FLLL32,0.01,1.0,SIDM00791,uM,flll32,COc1ccc(C=CC(=O)C2(C(=O)C=Cc3ccc(OC)c(OC)c3)CCCCC2)cc1OC,coc1ccc(c=cc(=o)c2(c(=o)c=cc3ccc(oc)c(oc)c3)ccccc2)cc1oc,-2.0,1772,k562,,,,1.0,,ACH-000006,flll32,,,,,,,,,,FLLL32
K562,Nilotinib (AMN-107),0.01,0.9676142560618242,SIDM00791,uM,nilotinib,Cc1cn(-c2cc(NC(=O)c3ccc(C)c(Nc4nccc(-c5cccnc5)n4)c3)cc(C(F)(F)F)c2)cn1,cc1cn(c2cc(nc(=o)c3ccc(c)c(nc4nccc(c5cccnc5)n4)c3)cc(c(f)(f)f)c2)cn1,-2.0,1773,k562,0.0081,0.4245,-2.0915149811213505,0.9676142560618242,0.4245,ACH-000006,nilotinib,,,,,,,,,0.4245,Nilotinib (AMN-107)
K562,Zileuton,10.0,1.0,SIDM00791,uM,zileuton,CC(c1cc2ccccc2s1)N(O)C(N)=O,cc(c1cc2ccccc2s1)n(o)c(n)=o,1.0,1774,k562,,,,1.0,,ACH-000006,zileuton,,,,,,,,,,Zileuton
K562,TG101209,0.01,0.999981476679084,SIDM00791,uM,tg101209,Cc1cnc(Nc2ccc(N3CCN(C)CC3)cc2)nc1Nc1cccc(S(=O)(=O)NC(C)(C)C)c1,cc1cnc(nc2ccc(n3ccn(c)cc3)cc2)nc1nc1cccc(s(=o)(=o)nc(c)(c)c)c1,-2.0,1775,k562,,,,0.999981476679084,,ACH-000006,tg101209,,,,,,,,,,TG101209
K562,CYC116,10.0,0.838918987527296,SIDM00791,uM,cyc116,Cc1nc(N)sc1-c1ccnc(Nc2ccc(N3CCOCC3)cc2)n1,cc1nc(n)sc1c1ccnc(nc2ccc(n3ccocc3)cc2)n1,1.0,1776,k562,,,,0.838918987527296,,ACH-000006,cyc116,,,,,,,,,,CYC116
K562,Glesatinib?(MGCD265),1.0,0.995604924551976,SIDM00791,uM,glesatinib,COCCNCc1ccc(-c2cc3nccc(Oc4ccc(NC(=S)NC(=O)Cc5ccc(F)cc5)cc4F)c3s2)nc1,coccncc1ccc(c2cc3nccc(oc4ccc(nc(=s)nc(=o)cc5ccc(f)cc5)cc4f)c3s2)nc1,0.0,1777,k562,,,,0.995604924551976,,ACH-000006,glesatinib,,,,,,,,,,Glesatinib?(MGCD265)
K562,TMP195,10.0,0.999982826196937,SIDM00791,uM,tmp195,CC(C)(CNC(=O)c1cccc(-c2noc(C(F)(F)F)n2)c1)c1coc(-c2ccccc2)n1,cc(c)(cnc(=o)c1cccc(c2noc(c(f)(f)f)n2)c1)c1coc(c2ccccc2)n1,1.0,1778,k562,,,,0.999982826196937,,ACH-000006,tmp195,,,,,,,,,,TMP195
K562,MK-0752,0.01,1.0,SIDM00791,uM,mk0752,O=C(O)CCC1CCC(c2cc(F)ccc2F)(S(=O)(=O)c2ccc(Cl)cc2)CC1,o=c(o)ccc1ccc(c2cc(f)ccc2f)(s(=o)(=o)c2ccc(cl)cc2)cc1,-2.0,1779,k562,0.0081,1.147,-2.0915149811213505,1.0,1.147,ACH-000006,mk0752,,,,,,,,,1.147,MK-0752
K562,S3I-201,0.1,1.0,SIDM00791,uM,s3i201,Cc1ccc(S(=O)(=O)OCC(=O)Nc2ccc(C(=O)O)c(O)c2)cc1,cc1ccc(s(=o)(=o)occ(=o)nc2ccc(c(=o)o)c(o)c2)cc1,-1.0,1780,k562,,,,1.0,,ACH-000006,s3i201,,,,,,,,,,S3I-201
K562,BMS-265246,10.0,0.885801619451436,SIDM00791,uM,bms265246,CCCCOc1c(C(=O)c2c(F)cc(C)cc2F)cnc2[nH]ncc12,ccccoc1c(c(=o)c2c(f)cc(c)cc2f)cnc2[nh]ncc12,1.0,1781,k562,,,,0.885801619451436,,ACH-000006,bms265246,,,,,,,,,,BMS-265246
K562,M344,1.0,0.6227042279781021,SIDM00791,uM,m344,CN(C)c1ccc(C(=O)NCCCCCCC(=O)NO)cc1,cn(c)c1ccc(c(=o)nccccccc(=o)no)cc1,0.0,1782,k562,,,,0.6227042279781021,,ACH-000006,m344,,,,,,,,,,M344
K562,Cyclocytidine HCl,0.1,1.0,SIDM00791,uM,cyclocytidine,Cl.N=c1ccn2c(n1)OC1C(O)C(CO)OC12,n=c1ccn2c(n1)oc1c(o)c(co)oc12,-1.0,1783,k562,,,,1.0,,ACH-000006,cyclocytidine,,,,,,,,,,Cyclocytidine HCl
K562,Selisistat (EX 527),0.01,1.0,SIDM00791,uM,selisistat,NC(=O)C1CCCc2c1[nH]c1ccc(Cl)cc21,nc(=o)c1cccc2c1[nh]c1ccc(cl)cc21,-2.0,1784,k562,,,,1.0,,ACH-000006,selisistat,,,,,,,,,,Selisistat (EX 527)
K562,Tofacitinib (CP-690550) Citrate,0.1,1.0,SIDM00791,uM,tofacitinib,C[C@@H]1CCN(C(=O)CC#N)C[C@@H]1N(C)c1ncnc2[nH]ccc12.O=C(O)CC(O)(CC(=O)O)C(=O)O,c[ch]1ccn(c(=o)cc#n)c[ch]1n(c)c1ncnc2[nh]ccc12,-1.0,1785,k562,,,,1.0,,ACH-000006,tofacitinib,,,,,,,,,,Tofacitinib (CP-690550) Citrate
K562,TGX-221,0.1,1.0,SIDM00791,uM,tgx221,Cc1cc(C(C)Nc2ccccc2)c2nc(N3CCOCC3)cc(=O)n2c1,cc1cc(c(c)nc2ccccc2)c2nc(n3ccocc3)cc(=o)n2c1,-1.0,1786,k562,0.13,1.131,-0.8860566476931632,1.0,1.131,ACH-000006,tgx221,,,,,,,,,1.131,TGX-221
K562,MLN8054,0.01,0.99999959553269,SIDM00791,uM,mln8054,O=C(O)c1ccc(Nc2ncc3c(n2)-c2ccc(Cl)cc2C(c2c(F)cccc2F)=NC3)cc1,o=c(o)c1ccc(nc2ncc3c(n2)c2ccc(cl)cc2c(c2c(f)cccc2f)=nc3)cc1,-2.0,1787,k562,,,,0.99999959553269,,ACH-000006,mln8054,,,,,,,,,,MLN8054
K562,SL-327,1.0,1.0,SIDM00791,uM,sl327,N#C/C(=C(/N)Sc1ccc(N)cc1)c1ccccc1C(F)(F)F,n#cc(=c(n)sc1ccc(n)cc1)c1ccccc1c(f)(f)f,0.0,1788,k562,,,,1.0,,ACH-000006,sl327,,,,,,,,,,SL-327
K562,RG108,10.0,0.997576866223286,SIDM00791,uM,rg108,O=C(O)[C@H](Cc1c[nH]c2ccccc12)N1C(=O)c2ccccc2C1=O,o=c(o)[ch](cc1c[nh]c2ccccc12)n1c(=o)c2ccccc2c1=o,1.0,1789,k562,8.3,1.043,0.919078092376074,0.997576866223286,1.043,ACH-000006,rg108,,,,,,,,,1.043,RG108
K562,Fasudil (HA-1077) HCl,0.01,1.0,SIDM00791,uM,fasudil,Cl.O=S(=O)(c1cccc2cnccc12)N1CCCNCC1,o=s(=o)(c1cccc2cnccc12)n1cccncc1,-2.0,1790,k562,,,,1.0,,ACH-000006,fasudil,,,,,,,,,,Fasudil (HA-1077) HCl
K562,Celecoxib,10.0,0.999957420941882,SIDM00791,uM,celecoxib,Cc1ccc(-c2cc(C(F)(F)F)nn2-c2ccc(S(N)(=O)=O)cc2)cc1,cc1ccc(c2cc(c(f)(f)f)nn2c2ccc(s(n)(=o)=o)cc2)cc1,1.0,1791,k562,,,,0.999957420941882,,ACH-000006,celecoxib,,,,,,,,,,Celecoxib
K562,Rigosertib (ON-01910),0.01,0.999972591102928,SIDM00791,uM,rigosertib,COc1cc(OC)c(/C=C/S(=O)(=O)Cc2ccc(OC)c(NCC(=O)[O-])c2)c(OC)c1.[Na+],coc1cc(oc)c(c=cs(=o)(=o)cc2ccc(oc)c(ncc(=o)[o])c2)c(oc)c1,-2.0,1792,k562,0.016,0.9517,-1.7958800173440752,0.999972591102928,0.9517,ACH-000006,rigosertib,,,,,,,,,0.9517,Rigosertib (ON-01910)
K562,UNC0379,0.1,0.9999998041459572,SIDM00791,uM,unc0379,COc1cc2nc(N3CCCC3)nc(NCCCCCN3CCCC3)c2cc1OC,coc1cc2nc(n3cccc3)nc(ncccccn3cccc3)c2cc1oc,-1.0,1793,k562,,,,0.9999998041459572,,ACH-000006,unc0379,,,,,,,,,,UNC0379
K562,"Fedratinib (SAR302503, TG101348)",0.01,0.9827680778047758,SIDM00791,uM,fedratinib,Cc1cnc(Nc2ccc(OCCN3CCCC3)cc2)nc1Nc1cccc(S(=O)(=O)NC(C)(C)C)c1,cc1cnc(nc2ccc(occn3cccc3)cc2)nc1nc1cccc(s(=o)(=o)nc(c)(c)c)c1,-2.0,1794,k562,,,,0.9827680778047758,,ACH-000006,fedratinib,,,,,,,,,,"Fedratinib (SAR302503, TG101348)"
K562,Hesperadin,0.01,0.992824484677066,SIDM00791,uM,hesperadin,CCS(=O)(=O)Nc1ccc2c(c1)C(=C(Nc1ccc(CN3CCCCC3)cc1)c1ccccc1)C(=O)N2,ccs(=o)(=o)nc1ccc2c(c1)c(=c(nc1ccc(cn3ccccc3)cc1)c1ccccc1)c(=o)n2,-2.0,1795,k562,,,,0.992824484677066,,ACH-000006,hesperadin,,,,,,,,,,Hesperadin
K562,Vandetanib (ZD6474),10.0,0.348246556651252,SIDM00791,uM,vandetanib,COc1cc2c(Nc3ccc(Br)cc3F)ncnc2cc1OCC1CCN(C)CC1,coc1cc2c(nc3ccc(br)cc3f)ncnc2cc1occ1ccn(c)cc1,1.0,1796,k562,8.3,0.04973,0.919078092376074,0.348246556651252,0.04973,ACH-000006,vandetanib,,,,,,,,,0.04973,Vandetanib (ZD6474)
K562,PCI-34051,1.0,1.0,SIDM00791,uM,pci34051,COc1ccc(Cn2ccc3ccc(C(=O)NO)cc32)cc1,coc1ccc(cn2ccc3ccc(c(=o)no)cc32)cc1,0.0,1797,k562,,,,1.0,,ACH-000006,pci34051,,,,,,,,,,PCI-34051
K562,Toremifene Citrate,1.0,0.999980649988708,SIDM00791,uM,toremifene,CN(C)CCOc1ccc(/C(=C(/CCCl)c2ccccc2)c2ccccc2)cc1.O=C(O)CC(O)(CC(=O)O)C(=O)O,cn(c)ccoc1ccc(c(=c(cccl)c2ccccc2)c2ccccc2)cc1,0.0,1798,k562,,,,0.999980649988708,,ACH-000006,toremifene,,,,,,,,,,Toremifene Citrate
K562,YM155 (Sepantronium Bromide),0.01,0.935796098845114,SIDM00791,uM,ym155,COCCn1c2c([n+](Cc3cnccn3)c1C)C(=O)c1ccccc1C2=O.[Br-],coccn1c2c([n](cc3cnccn3)c1c)c(=o)c1ccccc1c2=o,-2.0,1799,k562,0.008,0.1827,-2.0969100130080562,0.935796098845114,0.1827,ACH-000006,ym155,,,,,,,,,0.1827,YM155 (Sepantronium Bromide)
K562,PF-3845,10.0,0.999990570720203,SIDM00791,uM,pf3845,O=C(Nc1cccnc1)N1CCC(Cc2cccc(Oc3ccc(C(F)(F)F)cn3)c2)CC1,o=c(nc1cccnc1)n1ccc(cc2cccc(oc3ccc(c(f)(f)f)cn3)c2)cc1,1.0,1800,k562,,,,0.999990570720203,,ACH-000006,pf3845,,,,,,,,,,PF-3845
K562,TG101209,1.0,0.789392524236279,SIDM00791,uM,tg101209,Cc1cnc(Nc2ccc(N3CCN(C)CC3)cc2)nc1Nc1cccc(S(=O)(=O)NC(C)(C)C)c1,cc1cnc(nc2ccc(n3ccn(c)cc3)cc2)nc1nc1cccc(s(=o)(=o)nc(c)(c)c)c1,0.0,1801,k562,,,,0.789392524236279,,ACH-000006,tg101209,,,,,,,,,,TG101209
K562,"Temsirolimus (CCI-779, NSC 683864)",1.0,0.896323222279515,SIDM00791,uM,temsirolimus,COC1CC2CCC(C)C(O)(O2)C(=O)C(=O)N2CCCCC2C(=O)OC(C(C)CC2CCC(OC(=O)C(C)(CO)CO)C(OC)C2)CC(=O)C(C)/C=C(\C)C(O)C(OC)C(=O)C(C)CC(C)/C=C/C=C/C=C/1C,coc1cc2ccc(c)c(o)(o2)c(=o)c(=o)n2ccccc2c(=o)oc(c(c)cc2ccc(oc(=o)c(c)(co)co)c(oc)c2)cc(=o)c(c)c=c(c)c(o)c(oc)c(=o)c(c)cc(c)c=cc=cc=c1c,0.0,1802,k562,,,,0.896323222279515,,ACH-000006,temsirolimus,,,,,,,,,,"Temsirolimus (CCI-779, NSC 683864)"
K562,Tazemetostat (EPZ-6438),0.1,1.0,SIDM00791,uM,tazemetostat,CCN(c1cc(-c2ccc(CN3CCOCC3)cc2)cc(C(=O)NCc2c(C)cc(C)[nH]c2=O)c1C)C1CCOCC1,ccn(c1cc(c2ccc(cn3ccocc3)cc2)cc(c(=o)ncc2c(c)cc(c)[nh]c2=o)c1c)c1ccocc1,-1.0,1803,k562,,,,1.0,,ACH-000006,tazemetostat,,,,,,,,,,Tazemetostat (EPZ-6438)
K562,Lenalidomide (CC-5013),1.0,0.999994688983506,SIDM00791,uM,lenalidomide,Nc1cccc2c1CN(C1CCC(=O)NC1=O)C2=O,nc1cccc2c1cn(c1ccc(=o)nc1=o)c2=o,0.0,1804,k562,,,,0.999994688983506,,ACH-000006,lenalidomide,,,,,,,,,,Lenalidomide (CC-5013)
K562,SNS-314,10.0,0.9998802705596008,SIDM00791,uM,sns314,CS(=O)(=O)O.O=C(Nc1cccc(Cl)c1)Nc1ncc(CCNc2ncnc3ccsc23)s1,o=c(nc1cccc(cl)c1)nc1ncc(ccnc2ncnc3ccsc23)s1,1.0,1805,k562,,,,0.9998802705596008,,ACH-000006,sns314,,,,,,,,,,SNS-314
K562,GSK1070916,0.1,1.0,SIDM00791,uM,gsk1070916,CCn1cc(-c2ccnc3[nH]c(-c4cccc(CN(C)C)c4)cc23)c(-c2ccc(NC(=O)N(C)C)cc2)n1,ccn1cc(c2ccnc3[nh]c(c4cccc(cn(c)c)c4)cc23)c(c2ccc(nc(=o)n(c)c)cc2)n1,-1.0,1806,k562,,,,1.0,,ACH-000006,gsk1070916,,,,,,,,,,GSK1070916
K562,PF-3845,0.1,0.999996283651885,SIDM00791,uM,pf3845,O=C(Nc1cccnc1)N1CCC(Cc2cccc(Oc3ccc(C(F)(F)F)cn3)c2)CC1,o=c(nc1cccnc1)n1ccc(cc2cccc(oc3ccc(c(f)(f)f)cn3)c2)cc1,-1.0,1807,k562,,,,0.999996283651885,,ACH-000006,pf3845,,,,,,,,,,PF-3845
K562,Thalidomide,0.1,1.0,SIDM00791,uM,thalidomide,O=C1CCC(N2C(=O)c3ccccc3C2=O)C(=O)N1,o=c1ccc(n2c(=o)c3ccccc3c2=o)c(=o)n1,-1.0,1808,k562,0.13,0.9768,-0.8860566476931632,1.0,0.9768,ACH-000006,thalidomide,,,,,,,,,0.9768,Thalidomide
K562,TGX-221,0.01,1.0,SIDM00791,uM,tgx221,Cc1cc(C(C)Nc2ccccc2)c2nc(N3CCOCC3)cc(=O)n2c1,cc1cc(c(c)nc2ccccc2)c2nc(n3ccocc3)cc(=o)n2c1,-2.0,1809,k562,0.0081,1.14,-2.0915149811213505,1.0,1.14,ACH-000006,tgx221,,,,,,,,,1.14,TGX-221
K562,MK-0752,0.1,1.0,SIDM00791,uM,mk0752,O=C(O)CCC1CCC(c2cc(F)ccc2F)(S(=O)(=O)c2ccc(Cl)cc2)CC1,o=c(o)ccc1ccc(c2cc(f)ccc2f)(s(=o)(=o)c2ccc(cl)cc2)cc1,-1.0,1810,k562,0.13,1.106,-0.8860566476931632,1.0,1.106,ACH-000006,mk0752,,,,,,,,,1.106,MK-0752
K562,Quisinostat (JNJ-26481585) 2HCl,0.01,1.0,SIDM00791,uM,quisinostat2hcl,Cl.Cl.Cn1cc(CNCC2CCN(c3ncc(C(=O)NO)cn3)CC2)c2ccccc21,cn1cc(cncc2ccn(c3ncc(c(=o)no)cn3)cc2)c2ccccc21,-2.0,1811,k562,,,,1.0,,ACH-000006,quisinostat2hcl,,,,,,,,,,Quisinostat (JNJ-26481585) 2HCl
K562,Momelotinib (CYT387),1.0,0.9498876258437728,SIDM00791,uM,momelotinib,N#CCNC(=O)c1ccc(-c2ccnc(Nc3ccc(N4CCOCC4)cc3)n2)cc1,n#ccnc(=o)c1ccc(c2ccnc(nc3ccc(n4ccocc4)cc3)n2)cc1,0.0,1812,k562,1.0,1.062,0.0,0.9498876258437728,1.062,ACH-000006,momelotinib,,,,,,,,,1.062,Momelotinib (CYT387)
K562,Gandotinib (LY2784544),1.0,0.9999963742631508,SIDM00791,uM,gandotinib,Cc1cc(Nc2cc(CN3CCOCC3)c3nc(C)c(Cc4ccc(Cl)cc4F)n3n2)[nH]n1,cc1cc(nc2cc(cn3ccocc3)c3nc(c)c(cc4ccc(cl)cc4f)n3n2)[nh]n1,0.0,1813,k562,,,,0.9999963742631508,,ACH-000006,gandotinib,,,,,,,,,,Gandotinib (LY2784544)
K562,Andarine,1.0,0.9999715707216148,SIDM00791,uM,andarine,CC(=O)Nc1ccc(OCC(C)(O)C(=O)Nc2ccc([N+](=O)[O-])c(C(F)(F)F)c2)cc1,cc(=o)nc1ccc(occ(c)(o)c(=o)nc2ccc([n](=o)[o])c(c(f)(f)f)c2)cc1,0.0,1814,k562,,,,0.9999715707216148,,ACH-000006,andarine,,,,,,,,,,Andarine
K562,PFI-1 (PF-6405761),1.0,0.993300336822424,SIDM00791,uM,pfi1,COc1ccccc1S(=O)(=O)Nc1ccc2c(c1)CN(C)C(=O)N2,coc1ccccc1s(=o)(=o)nc1ccc2c(c1)cn(c)c(=o)n2,0.0,1815,k562,,,,0.993300336822424,,ACH-000006,pfi1,,,,,,,,,,PFI-1 (PF-6405761)
K562,SGI-1776 free base,0.1,0.99999812808909,SIDM00791,uM,sgi1776freebase,CN1CCC(CNc2ccc3ncc(-c4cccc(OC(F)(F)F)c4)n3n2)CC1,cn1ccc(cnc2ccc3ncc(c4cccc(oc(f)(f)f)c4)n3n2)cc1,-1.0,1816,k562,,,,0.99999812808909,,ACH-000006,sgi1776freebase,,,,,,,,,,SGI-1776 free base
K562,ENMD-2076 L-(+)-Tartaric acid ,0.01,0.982224858266535,SIDM00791,uM,enmd2076ltartaricacid,Cc1cc(Nc2cc(N3CCN(C)CC3)nc(C=Cc3ccccc3)n2)n[nH]1,cc1cc(nc2cc(n3ccn(c)cc3)nc(c=cc3ccccc3)n2)n[nh]1,-2.0,1817,k562,,,,0.982224858266535,,ACH-000006,enmd2076ltartaricacid,,,,,,,,,,ENMD-2076 L-(+)-Tartaric acid 
K562,AT9283,0.1,0.7540460006257729,SIDM00791,uM,at9283,O=C(Nc1c[nH]nc1-c1nc2cc(CN3CCOCC3)ccc2[nH]1)NC1CC1,o=c(nc1c[nh]nc1c1nc2cc(cn3ccocc3)ccc2[nh]1)nc1cc1,-1.0,1818,k562,,,,0.7540460006257729,,ACH-000006,at9283,,,,,,,,,,AT9283
K562,AT9283,0.01,0.962462400599107,SIDM00791,uM,at9283,O=C(Nc1c[nH]nc1-c1nc2cc(CN3CCOCC3)ccc2[nH]1)NC1CC1,o=c(nc1c[nh]nc1c1nc2cc(cn3ccocc3)ccc2[nh]1)nc1cc1,-2.0,1819,k562,,,,0.962462400599107,,ACH-000006,at9283,,,,,,,,,,AT9283
K562,PF-3845,0.01,0.9999991401180128,SIDM00791,uM,pf3845,O=C(Nc1cccnc1)N1CCC(Cc2cccc(Oc3ccc(C(F)(F)F)cn3)c2)CC1,o=c(nc1cccnc1)n1ccc(cc2cccc(oc3ccc(c(f)(f)f)cn3)c2)cc1,-2.0,1820,k562,,,,0.9999991401180128,,ACH-000006,pf3845,,,,,,,,,,PF-3845
K562,Mesna ,0.01,1.0,SIDM00791,uM,mesna,O=S(=O)([O-])CCS.[Na+],o=s(=o)([o])ccs,-2.0,1821,k562,,,,1.0,,ACH-000006,mesna,,,,,,,,,,Mesna 
K562,BMS-754807,0.1,0.999997077131428,SIDM00791,uM,bms754807,CC1(C(=O)Nc2ccc(F)nc2)CCCN1c1nc(Nc2cc(C3CC3)[nH]n2)c2cccn2n1,cc1(c(=o)nc2ccc(f)nc2)cccn1c1nc(nc2cc(c3cc3)[nh]n2)c2cccn2n1,-1.0,1822,k562,0.13,1.105,-0.8860566476931632,0.999997077131428,1.105,ACH-000006,bms754807,,,,,,,,,1.105,BMS-754807
K562,GSK J1,0.01,1.0,SIDM00791,uM,gskj1,O=C(O)CCNc1cc(N2CCc3ccccc3CC2)nc(-c2ccccn2)n1,o=c(o)ccnc1cc(n2ccc3ccccc3cc2)nc(c2ccccn2)n1,-2.0,1823,k562,,,,1.0,,ACH-000006,gskj1,,,,,,,,,,GSK J1
K562,Panobinostat (LBH589),0.1,0.365458879585698,SIDM00791,uM,panobinostat,Cc1[nH]c2ccccc2c1CCNCc1ccc(C=CC(=O)NO)cc1,cc1[nh]c2ccccc2c1ccncc1ccc(c=cc(=o)no)cc1,-1.0,1824,k562,,,,0.365458879585698,,ACH-000006,panobinostat,,,,,,,,,,Panobinostat (LBH589)
K562,Belinostat (PXD101),1.0,0.944303966006953,SIDM00791,uM,belinostat,O=C(C=Cc1cccc(S(=O)(=O)Nc2ccccc2)c1)NO,o=c(c=cc1cccc(s(=o)(=o)nc2ccccc2)c1)no,0.0,1825,k562,1.0,0.4829,0.0,0.944303966006953,0.4829,ACH-000006,belinostat,,,,,,,,,0.4829,Belinostat (PXD101)
K562,Toremifene Citrate,0.1,0.999999999627724,SIDM00791,uM,toremifene,CN(C)CCOc1ccc(/C(=C(/CCCl)c2ccccc2)c2ccccc2)cc1.O=C(O)CC(O)(CC(=O)O)C(=O)O,cn(c)ccoc1ccc(c(=c(cccl)c2ccccc2)c2ccccc2)cc1,-1.0,1826,k562,,,,0.999999999627724,,ACH-000006,toremifene,,,,,,,,,,Toremifene Citrate
K562,MC1568,0.01,1.0,SIDM00791,uM,mc1568,Cn1cc(C=CC(=O)c2cccc(F)c2)cc1C=CC(=O)NO,cn1cc(c=cc(=o)c2cccc(f)c2)cc1c=cc(=o)no,-2.0,1827,k562,,,,1.0,,ACH-000006,mc1568,,,,,,,,,,MC1568
K562,Tubastatin A HCl,0.01,1.0,SIDM00791,uM,tubastatina,CN1CCc2c(c3ccccc3n2Cc2ccc(C(=O)NO)cc2)C1.Cl,cn1ccc2c(c3ccccc3n2cc2ccc(c(=o)no)cc2)c1,-2.0,1828,k562,,,,1.0,,ACH-000006,tubastatina,,,,,,,,,,Tubastatin A HCl
K562,SRT3025 HCl,1.0,0.9809090598597828,SIDM00791,uM,srt3025,COCCCc1sc(-c2ccccc2)nc1C(=O)Nc1ccccc1-c1nc2cc(CN3CCCC3)cnc2s1.Cl,cocccc1sc(c2ccccc2)nc1c(=o)nc1ccccc1c1nc2cc(cn3cccc3)cnc2s1,0.0,1829,k562,,,,0.9809090598597828,,ACH-000006,srt3025,,,,,,,,,,SRT3025 HCl
K562,"Luminespib (AUY-922, NVP-AUY922)",0.01,0.956733524207614,SIDM00791,uM,luminespib,CCNC(=O)c1noc(-c2cc(C(C)C)c(O)cc2O)c1-c1ccc(CN2CCOCC2)cc1,ccnc(=o)c1noc(c2cc(c(c)c)c(o)cc2o)c1c1ccc(cn2ccocc2)cc1,-2.0,1830,k562,,,,0.956733524207614,,ACH-000006,luminespib,,,,,,,,,,"Luminespib (AUY-922, NVP-AUY922)"
K562,Pelitinib (EKB-569),1.0,0.968836334647556,SIDM00791,uM,pelitinib,CCOc1cc2ncc(C#N)c(Nc3ccc(F)c(Cl)c3)c2cc1NC(=O)/C=C/CN(C)C,ccoc1cc2ncc(c#n)c(nc3ccc(f)c(cl)c3)c2cc1nc(=o)c=ccn(c)c,0.0,1831,k562,,,,0.968836334647556,,ACH-000006,pelitinib,,,,,,,,,,Pelitinib (EKB-569)
K562,Mesna ,1.0,1.0,SIDM00791,uM,mesna,O=S(=O)([O-])CCS.[Na+],o=s(=o)([o])ccs,0.0,1832,k562,,,,1.0,,ACH-000006,mesna,,,,,,,,,,Mesna 
K562,BRD4770,10.0,0.910286548214853,SIDM00791,uM,brd4770,COC(=O)c1ccc2c(c1)nc(NC(=O)c1ccccc1)n2CCCc1ccccc1,coc(=o)c1ccc2c(c1)nc(nc(=o)c1ccccc1)n2cccc1ccccc1,1.0,1833,k562,,,,0.910286548214853,,ACH-000006,brd4770,,,,,,,,,,BRD4770
K562,AZD1480,1.0,0.821449221154209,SIDM00791,uM,azd1480,Cc1cc(Nc2nc(N[C@@H](C)c3ncc(F)cn3)ncc2Cl)n[nH]1,cc1cc(nc2nc(n[ch](c)c3ncc(f)cn3)ncc2cl)n[nh]1,0.0,1834,k562,1.0,1.064,0.0,0.821449221154209,1.064,ACH-000006,azd1480,,,,,,,,,1.064,AZD1480
K562,ENMD-2076,0.1,0.825555659055253,SIDM00791,uM,enmd2076,Cc1cc(Nc2cc(N3CCN(C)CC3)nc(C=Cc3ccccc3)n2)n[nH]1,cc1cc(nc2cc(n3ccn(c)cc3)nc(c=cc3ccccc3)n2)n[nh]1,-1.0,1835,k562,,,,0.825555659055253,,ACH-000006,enmd2076,,,,,,,,,,ENMD-2076
K562,Quisinostat (JNJ-26481585) 2HCl,10.0,1.0,SIDM00791,uM,quisinostat2hcl,Cl.Cl.Cn1cc(CNCC2CCN(c3ncc(C(=O)NO)cn3)CC2)c2ccccc21,cn1cc(cncc2ccn(c3ncc(c(=o)no)cn3)cc2)c2ccccc21,1.0,1836,k562,,,,1.0,,ACH-000006,quisinostat2hcl,,,,,,,,,,Quisinostat (JNJ-26481585) 2HCl
K562,Triamcinolone Acetonide,1.0,1.0,SIDM00791,uM,triamcinoloneacetonide,CC1(C)OC2CC3C4CCC5=CC(=O)C=CC5(C)C4(F)C(O)CC3(C)C2(C(=O)CO)O1,cc1(c)oc2cc3c4ccc5=cc(=o)c=cc5(c)c4(f)c(o)cc3(c)c2(c(=o)co)o1,0.0,1837,k562,,,,1.0,,ACH-000006,triamcinoloneacetonide,,,,,,,,,,Triamcinolone Acetonide
K562,Prednisone ,0.01,0.997971519148138,SIDM00791,uM,prednisone,CC12C=CC(=O)C=C1CCC1C2C(=O)CC2(C)C1CCC2(O)C(=O)CO,cc12c=cc(=o)c=c1ccc1c2c(=o)cc2(c)c1ccc2(o)c(=o)co,-2.0,1838,k562,,,,0.997971519148138,,ACH-000006,prednisone,,,,,,,,,,Prednisone 
K562,Sodium Phenylbutyrate,1.0,0.9999993429613308,SIDM00791,uM,sodiumphenylbutyrate,O=C(CCCc1ccccc1)O[Na],o=c(cccc1ccccc1)o[na],0.0,1839,k562,,,,0.9999993429613308,,ACH-000006,sodiumphenylbutyrate,,,,,,,,,,Sodium Phenylbutyrate
K562,Triamcinolone Acetonide,0.01,1.0,SIDM00791,uM,triamcinoloneacetonide,CC1(C)OC2CC3C4CCC5=CC(=O)C=CC5(C)C4(F)C(O)CC3(C)C2(C(=O)CO)O1,cc1(c)oc2cc3c4ccc5=cc(=o)c=cc5(c)c4(f)c(o)cc3(c)c2(c(=o)co)o1,-2.0,1840,k562,,,,1.0,,ACH-000006,triamcinoloneacetonide,,,,,,,,,,Triamcinolone Acetonide
K562,Ivosidenib (AG-120),1.0,0.9999972374347572,SIDM00791,uM,ivosidenib,N#Cc1ccnc(N2C(=O)CCC2C(=O)N(c2cncc(F)c2)C(C(=O)NC2CC(F)(F)C2)c2ccccc2Cl)c1,n#cc1ccnc(n2c(=o)ccc2c(=o)n(c2cncc(f)c2)c(c(=o)nc2cc(f)(f)c2)c2ccccc2cl)c1,0.0,1841,k562,,,,0.9999972374347572,,ACH-000006,ivosidenib,,,,,,,,,,Ivosidenib (AG-120)
K562,PF-3845,1.0,0.999993427185891,SIDM00791,uM,pf3845,O=C(Nc1cccnc1)N1CCC(Cc2cccc(Oc3ccc(C(F)(F)F)cn3)c2)CC1,o=c(nc1cccnc1)n1ccc(cc2cccc(oc3ccc(c(f)(f)f)cn3)c2)cc1,0.0,1842,k562,,,,0.999993427185891,,ACH-000006,pf3845,,,,,,,,,,PF-3845
K562,Meprednisone,0.1,1.0,SIDM00791,uM,meprednisone,CC1CC2C3CCC4=CC(=O)C=CC4(C)C3C(=O)CC2(C)C1(O)C(=O)CO,cc1cc2c3ccc4=cc(=o)c=cc4(c)c3c(=o)cc2(c)c1(o)c(=o)co,-1.0,1843,k562,,,,1.0,,ACH-000006,meprednisone,,,,,,,,,,Meprednisone
K562,BMS-536924,0.01,0.999998413997357,SIDM00791,uM,bms536924,Cc1cc(N2CCOCC2)cc2[nH]c(-c3c(NCC(O)c4cccc(Cl)c4)cc[nH]c3=O)nc12,cc1cc(n2ccocc2)cc2[nh]c(c3c(ncc(o)c4cccc(cl)c4)cc[nh]c3=o)nc12,-2.0,1844,k562,0.009,1.199,-2.0457574905606752,0.999998413997357,1.199,ACH-000006,bms536924,,,,,,,,,1.199,BMS-536924
K562,Carmofur,0.1,1.0,SIDM00791,uM,carmofur,CCCCCCNC(=O)n1cc(F)c(=O)[nH]c1=O,ccccccnc(=o)n1cc(f)c(=o)[nh]c1=o,-1.0,1845,k562,,,,1.0,,ACH-000006,carmofur,,,,,,,,,,Carmofur
K562,ZM 447439,0.1,1.0,SIDM00791,uM,zm447439,COc1cc2c(Nc3ccc(NC(=O)c4ccccc4)cc3)ncnc2cc1OCCCN1CCOCC1,coc1cc2c(nc3ccc(nc(=o)c4ccccc4)cc3)ncnc2cc1occcn1ccocc1,-1.0,1846,k562,,,,1.0,,ACH-000006,zm447439,,,,,,,,,,ZM 447439
K562,PCI-34051,10.0,1.0,SIDM00791,uM,pci34051,COc1ccc(Cn2ccc3ccc(C(=O)NO)cc32)cc1,coc1ccc(cn2ccc3ccc(c(=o)no)cc32)cc1,1.0,1847,k562,,,,1.0,,ACH-000006,pci34051,,,,,,,,,,PCI-34051
K562,NVP-BSK805 2HCl,0.1,0.999992772812169,SIDM00791,uM,nvpbsk8052hcl,Cl.Cl.Fc1cc(-c2cccc3ncc(-c4cnn(C5CCNCC5)c4)nc23)cc(F)c1CN1CCOCC1,fc1cc(c2cccc3ncc(c4cnn(c5ccncc5)c4)nc23)cc(f)c1cn1ccocc1,-1.0,1848,k562,,,,0.999992772812169,,ACH-000006,nvpbsk8052hcl,,,,,,,,,,NVP-BSK805 2HCl
K562,Enzastaurin (LY317615),0.1,0.999834745699472,SIDM00791,uM,enzastaurin,Cn1cc(C2=C(c3cn(C4CCN(Cc5ccccn5)CC4)c4ccccc34)C(=O)NC2=O)c2ccccc21,cn1cc(c2=c(c3cn(c4ccn(cc5ccccn5)cc4)c4ccccc34)c(=o)nc2=o)c2ccccc21,-1.0,1849,k562,,,,0.999834745699472,,ACH-000006,enzastaurin,,,,,,,,,,Enzastaurin (LY317615)
K562,Pirarubicin,1.0,0.8954176857444909,SIDM00791,uM,pirarubicin,COc1cccc2c1C(=O)c1c(O)c3c(c(O)c1C2=O)C[C@@](O)(C(=O)CO)C[C@@H]3O[C@H]1C[C@H](N)[C@H](O[C@@H]2CCCCO2)[C@H](C)O1,coc1cccc2c1c(=o)c1c(o)c3c(c(o)c1c2=o)c[c](o)(c(=o)co)c[ch]3o[ch]1c[ch](n)[ch](o[ch]2cccco2)[ch](c)o1,0.0,1850,k562,,,,0.8954176857444909,,ACH-000006,pirarubicin,,,,,,,,,,Pirarubicin
K562,Trametinib (GSK1120212),0.1,0.999970175997182,SIDM00791,uM,trametinib,CC(=O)Nc1cccc(-n2c(=O)n(C3CC3)c(=O)c3c(Nc4ccc(I)cc4F)n(C)c(=O)c(C)c32)c1,cc(=o)nc1cccc(n2c(=o)n(c3cc3)c(=o)c3c(nc4ccc(i)cc4f)n(c)c(=o)c(c)c32)c1,-1.0,1851,k562,0.13,0.7877,-0.8860566476931632,0.999970175997182,0.7877,ACH-000006,trametinib,,,,,,,,,0.7877,Trametinib (GSK1120212)
K562,Lapatinib (GW-572016) Ditosylate,0.01,0.999000949620392,SIDM00791,uM,lapatinibditosylate,CS(=O)(=O)CCNCc1ccc(-c2ccc3ncnc(Nc4ccc(OCc5cccc(F)c5)c(Cl)c4)c3c2)o1.Cc1ccc(S(=O)(=O)O)cc1.Cc1ccc(S(=O)(=O)O)cc1,cs(=o)(=o)ccncc1ccc(c2ccc3ncnc(nc4ccc(occ5cccc(f)c5)c(cl)c4)c3c2)o1,-2.0,1852,k562,,,,0.999000949620392,,ACH-000006,lapatinibditosylate,,,,,,,,,,Lapatinib (GW-572016) Ditosylate
K562,Capecitabine ,1.0,1.0,SIDM00791,uM,capecitabine,CCCCCOC(=O)Nc1nc(=O)n(C2OC(C)C(O)C2O)cc1F,cccccoc(=o)nc1nc(=o)n(c2oc(c)c(o)c2o)cc1f,0.0,1853,k562,,,,1.0,,ACH-000006,capecitabine,,,,,,,,,,Capecitabine 
K562,YM155 (Sepantronium Bromide),1.0,0.3868157394521671,SIDM00791,uM,ym155,COCCn1c2c([n+](Cc3cnccn3)c1C)C(=O)c1ccccc1C2=O.[Br-],coccn1c2c([n](cc3cnccn3)c1c)c(=o)c1ccccc1c2=o,0.0,1854,k562,1.0,0.0219,0.0,0.3868157394521671,0.0219,ACH-000006,ym155,,,,,,,,,0.0219,YM155 (Sepantronium Bromide)
K562,Alendronate sodium trihydrate,0.01,0.9997195621254092,SIDM00791,uM,alendronatetrihydrate,NCCCC(O)(P(=O)(O)O)P(=O)(O)O[Na].O.O.O,ncccc(o)(p(=o)(o)o)p(=o)(o)o[na],-2.0,1855,k562,,,,0.9997195621254092,,ACH-000006,alendronatetrihydrate,,,,,,,,,,Alendronate sodium trihydrate
K562,Zileuton,1.0,1.0,SIDM00791,uM,zileuton,CC(c1cc2ccccc2s1)N(O)C(N)=O,cc(c1cc2ccccc2s1)n(o)c(n)=o,0.0,1856,k562,,,,1.0,,ACH-000006,zileuton,,,,,,,,,,Zileuton
K562,Capecitabine ,10.0,1.0,SIDM00791,uM,capecitabine,CCCCCOC(=O)Nc1nc(=O)n(C2OC(C)C(O)C2O)cc1F,cccccoc(=o)nc1nc(=o)n(c2oc(c)c(o)c2o)cc1f,1.0,1857,k562,,,,1.0,,ACH-000006,capecitabine,,,,,,,,,,Capecitabine 
K562,PF-573228,10.0,1.0,SIDM00791,uM,pf573228,CS(=O)(=O)c1cccc(CNc2nc(Nc3ccc4c(c3)CCC(=O)N4)ncc2C(F)(F)F)c1,cs(=o)(=o)c1cccc(cnc2nc(nc3ccc4c(c3)ccc(=o)n4)ncc2c(f)(f)f)c1,1.0,1858,k562,8.3,0.7661,0.919078092376074,1.0,0.7661,ACH-000006,pf573228,,,,,,,,,0.7661,PF-573228
K562,Curcumin,0.01,1.0,SIDM00791,uM,curcumin,COc1cc(C=CC(=O)C=C(O)C=Cc2ccc(O)c(OC)c2)ccc1O,coc1cc(c=cc(=o)c=c(o)c=cc2ccc(o)c(oc)c2)ccc1o,-2.0,1859,k562,0.01,0.9721,-2.0,1.0,0.9721,ACH-000006,curcumin,,,,,,,,,0.9721,Curcumin
K562,Maraviroc,10.0,1.0,SIDM00791,uM,maraviroc,Cc1nnc(C(C)C)n1C1CC2CCC(C1)N2CCC(NC(=O)C1CCC(F)(F)CC1)c1ccccc1,cc1nnc(c(c)c)n1c1cc2ccc(c1)n2ccc(nc(=o)c1ccc(f)(f)cc1)c1ccccc1,1.0,1860,k562,,,,1.0,,ACH-000006,maraviroc,,,,,,,,,,Maraviroc
K562,G007-LK,0.01,1.0,SIDM00791,uM,g007lk,CS(=O)(=O)c1ccc(-c2nnc(C=Cc3nnc(-c4ccc(C#N)cc4)o3)n2-c2ccccc2Cl)nc1,cs(=o)(=o)c1ccc(c2nnc(c=cc3nnc(c4ccc(c#n)cc4)o3)n2c2ccccc2cl)nc1,-2.0,1861,k562,,,,1.0,,ACH-000006,g007lk,,,,,,,,,,G007-LK
K562,Glesatinib?(MGCD265),10.0,0.472341268086321,SIDM00791,uM,glesatinib,COCCNCc1ccc(-c2cc3nccc(Oc4ccc(NC(=S)NC(=O)Cc5ccc(F)cc5)cc4F)c3s2)nc1,coccncc1ccc(c2cc3nccc(oc4ccc(nc(=s)nc(=o)cc5ccc(f)cc5)cc4f)c3s2)nc1,1.0,1862,k562,,,,0.472341268086321,,ACH-000006,glesatinib,,,,,,,,,,Glesatinib?(MGCD265)
K562,BMS-536924,1.0,0.995520312823593,SIDM00791,uM,bms536924,Cc1cc(N2CCOCC2)cc2[nH]c(-c3c(NCC(O)c4cccc(Cl)c4)cc[nH]c3=O)nc12,cc1cc(n2ccocc2)cc2[nh]c(c3c(ncc(o)c4cccc(cl)c4)cc[nh]c3=o)nc12,0.0,1863,k562,1.2,1.167,0.07918124604762482,0.995520312823593,1.167,ACH-000006,bms536924,,,,,,,,,1.167,BMS-536924
K562,BRD4770,0.01,0.9999999981074068,SIDM00791,uM,brd4770,COC(=O)c1ccc2c(c1)nc(NC(=O)c1ccccc1)n2CCCc1ccccc1,coc(=o)c1ccc2c(c1)nc(nc(=o)c1ccccc1)n2cccc1ccccc1,-2.0,1864,k562,,,,0.9999999981074068,,ACH-000006,brd4770,,,,,,,,,,BRD4770
K562,Nilotinib (AMN-107),1.0,0.4351799884509829,SIDM00791,uM,nilotinib,Cc1cn(-c2cc(NC(=O)c3ccc(C)c(Nc4nccc(-c5cccnc5)n4)c3)cc(C(F)(F)F)c2)cn1,cc1cn(c2cc(nc(=o)c3ccc(c)c(nc4nccc(c5cccnc5)n4)c3)cc(c(f)(f)f)c2)cn1,0.0,1865,k562,1.0,0.1938,0.0,0.4351799884509829,0.1938,ACH-000006,nilotinib,,,,,,,,,0.1938,Nilotinib (AMN-107)
K562,TAK-901,1.0,0.546191631646098,SIDM00791,uM,tak901,CCS(=O)(=O)c1cccc(-c2cc(C(=O)NC3CCN(C)CC3)c(C)c3[nH]c4ncc(C)cc4c23)c1,ccs(=o)(=o)c1cccc(c2cc(c(=o)nc3ccn(c)cc3)c(c)c3[nh]c4ncc(c)cc4c23)c1,0.0,1866,k562,,,,0.546191631646098,,ACH-000006,tak901,,,,,,,,,,TAK-901
K562,Entacapone,10.0,1.0,SIDM00791,uM,entacapone,CCN(CC)C(=O)C(C#N)=Cc1cc(O)c(O)c([N+](=O)[O-])c1,ccn(cc)c(=o)c(c#n)=cc1cc(o)c(o)c([n](=o)[o])c1,1.0,1867,k562,,,,1.0,,ACH-000006,entacapone,,,,,,,,,,Entacapone
K562,Ruxolitinib (INCB018424),0.01,1.0,SIDM00791,uM,ruxolitinib,N#CC[C@H](C1CCCC1)n1cc(-c2ncnc3[nH]ccc23)cn1,n#cc[ch](c1cccc1)n1cc(c2ncnc3[nh]ccc23)cn1,-2.0,1868,k562,0.0081,0.9756,-2.0915149811213505,1.0,0.9756,ACH-000006,ruxolitinib,,,,,,,,,0.9756,Ruxolitinib (INCB018424)
K562,Barasertib (AZD1152-HQPA),0.1,0.999995816906426,SIDM00791,uM,barasertib,CCN(CCO)CCCOc1ccc2c(Nc3cc(CC(=O)Nc4cccc(F)c4)n[nH]3)ncnc2c1,ccn(cco)cccoc1ccc2c(nc3cc(cc(=o)nc4cccc(f)c4)n[nh]3)ncnc2c1,-1.0,1869,k562,0.13,1.029,-0.8860566476931632,0.999995816906426,1.029,ACH-000006,barasertib,,,,,,,,,1.029,Barasertib (AZD1152-HQPA)
K562,Altretamine,1.0,0.999538956721484,SIDM00791,uM,altretamine,CN(C)c1nc(N(C)C)nc(N(C)C)n1,cn(c)c1nc(n(c)c)nc(n(c)c)n1,0.0,1870,k562,,,,0.999538956721484,,ACH-000006,altretamine,,,,,,,,,,Altretamine
K562,Aminoglutethimide ,1.0,1.0,SIDM00791,uM,aminoglutethimide,CCC1(c2ccc(N)cc2)CCC(=O)NC1=O,ccc1(c2ccc(n)cc2)ccc(=o)nc1=o,0.0,1871,k562,,,,1.0,,ACH-000006,aminoglutethimide,,,,,,,,,,Aminoglutethimide 
K562,SRT2104 (GSK2245840),0.01,1.0,SIDM00791,uM,srt2104,Cc1nc(-c2cccnc2)sc1C(=O)Nc1ccccc1-c1cn2c(CN3CCOCC3)csc2n1,cc1nc(c2cccnc2)sc1c(=o)nc1ccccc1c1cn2c(cn3ccocc3)csc2n1,-2.0,1872,k562,,,,1.0,,ACH-000006,srt2104,,,,,,,,,,SRT2104 (GSK2245840)
K562,AG-14361,0.1,1.0,SIDM00791,uM,ag14361,CN(C)Cc1ccc(-c2nc3cccc4c3n2CCNC4=O)cc1,cn(c)cc1ccc(c2nc3cccc4c3n2ccnc4=o)cc1,-1.0,1873,k562,,,,1.0,,ACH-000006,ag14361,,,,,,,,,,AG-14361
K562,UNC1999,0.01,1.0,SIDM00791,uM,unc1999,CCCc1cc(C)[nH]c(=O)c1CNC(=O)c1cc(-c2ccc(N3CCN(C(C)C)CC3)nc2)cc2c1cnn2C(C)C,cccc1cc(c)[nh]c(=o)c1cnc(=o)c1cc(c2ccc(n3ccn(c(c)c)cc3)nc2)cc2c1cnn2c(c)c,-2.0,1874,k562,,,,1.0,,ACH-000006,unc1999,,,,,,,,,,UNC1999
K562,Cimetidine ,10.0,1.0,SIDM00791,uM,cimetidine,CNC(=NC#N)NCCSCc1nc[nH]c1C,cnc(=nc#n)nccscc1nc[nh]c1c,1.0,1875,k562,,,,1.0,,ACH-000006,cimetidine,,,,,,,,,,Cimetidine 
K562,Lomustine ,0.1,1.0,SIDM00791,uM,lomustine,O=NN(CCCl)C(=O)NC1CCCCC1,o=nn(cccl)c(=o)nc1ccccc1,-1.0,1876,k562,,,,1.0,,ACH-000006,lomustine,,,,,,,,,,Lomustine 
K562,AZ 960,0.1,0.9974993930432678,SIDM00791,uM,az960,Cc1cc(Nc2nc(N[C@@H](C)c3ccc(F)cc3)c(C#N)cc2F)n[nH]1,cc1cc(nc2nc(n[ch](c)c3ccc(f)cc3)c(c#n)cc2f)n[nh]1,-1.0,1877,k562,,,,0.9974993930432678,,ACH-000006,az960,,,,,,,,,,AZ 960
K562,TMP195,0.1,0.999993231314815,SIDM00791,uM,tmp195,CC(C)(CNC(=O)c1cccc(-c2noc(C(F)(F)F)n2)c1)c1coc(-c2ccccc2)n1,cc(c)(cnc(=o)c1cccc(c2noc(c(f)(f)f)n2)c1)c1coc(c2ccccc2)n1,-1.0,1878,k562,,,,0.999993231314815,,ACH-000006,tmp195,,,,,,,,,,TMP195
K562,PFI-1 (PF-6405761),0.1,0.9999960040989828,SIDM00791,uM,pfi1,COc1ccccc1S(=O)(=O)Nc1ccc2c(c1)CN(C)C(=O)N2,coc1ccccc1s(=o)(=o)nc1ccc2c(c1)cn(c)c(=o)n2,-1.0,1879,k562,,,,0.9999960040989828,,ACH-000006,pfi1,,,,,,,,,,PFI-1 (PF-6405761)
K562,Cediranib (AZD2171),0.1,0.999999999994755,SIDM00791,uM,cediranib,COc1cc2c(Oc3ccc4[nH]c(C)cc4c3F)ncnc2cc1OCCCN1CCCC1,coc1cc2c(oc3ccc4[nh]c(c)cc4c3f)ncnc2cc1occcn1cccc1,-1.0,1880,k562,0.13,1.036,-0.8860566476931632,0.999999999994755,1.036,ACH-000006,cediranib,,,,,,,,,1.036,Cediranib (AZD2171)
K562,Nilotinib (AMN-107),0.1,0.523189764056443,SIDM00791,uM,nilotinib,Cc1cn(-c2cc(NC(=O)c3ccc(C)c(Nc4nccc(-c5cccnc5)n4)c3)cc(C(F)(F)F)c2)cn1,cc1cn(c2cc(nc(=o)c3ccc(c)c(nc4nccc(c5cccnc5)n4)c3)cc(c(f)(f)f)c2)cn1,-1.0,1881,k562,0.13,0.1954,-0.8860566476931632,0.523189764056443,0.1954,ACH-000006,nilotinib,,,,,,,,,0.1954,Nilotinib (AMN-107)
K562,Anacardic Acid,0.01,0.998556996413038,SIDM00791,uM,anacardicacid,CCCCCCCCCCCCCCCc1cccc(O)c1C(=O)O,cccccccccccccccc1cccc(o)c1c(=o)o,-2.0,1882,k562,,,,0.998556996413038,,ACH-000006,anacardicacid,,,,,,,,,,Anacardic Acid
K562,AC480 (BMS-599626),1.0,0.999960441157759,SIDM00791,uM,ac480,Cc1c(NC(=O)OCC2COCCN2)cn2ncnc(Nc3ccc4c(cnn4Cc4cccc(F)c4)c3)c12,cc1c(nc(=o)occ2coccn2)cn2ncnc(nc3ccc4c(cnn4cc4cccc(f)c4)c3)c12,0.0,1883,k562,,,,0.999960441157759,,ACH-000006,ac480,,,,,,,,,,AC480 (BMS-599626)
K562,"Luminespib (AUY-922, NVP-AUY922)",10.0,0.3670590844235829,SIDM00791,uM,luminespib,CCNC(=O)c1noc(-c2cc(C(C)C)c(O)cc2O)c1-c1ccc(CN2CCOCC2)cc1,ccnc(=o)c1noc(c2cc(c(c)c)c(o)cc2o)c1c1ccc(cn2ccocc2)cc1,1.0,1884,k562,,,,0.3670590844235829,,ACH-000006,luminespib,,,,,,,,,,"Luminespib (AUY-922, NVP-AUY922)"
K562,Pracinostat (SB939),0.01,0.998054319313924,SIDM00791,uM,pracinostat,CCCCc1nc2cc(C=CC(=O)NO)ccc2n1CCN(CC)CC,ccccc1nc2cc(c=cc(=o)no)ccc2n1ccn(cc)cc,-2.0,1885,k562,,,,0.998054319313924,,ACH-000006,pracinostat,,,,,,,,,,Pracinostat (SB939)
K562,Altretamine,0.01,0.999999997346251,SIDM00791,uM,altretamine,CN(C)c1nc(N(C)C)nc(N(C)C)n1,cn(c)c1nc(n(c)c)nc(n(c)c)n1,-2.0,1886,k562,,,,0.999999997346251,,ACH-000006,altretamine,,,,,,,,,,Altretamine
K562,Celecoxib,1.0,0.999970319661185,SIDM00791,uM,celecoxib,Cc1ccc(-c2cc(C(F)(F)F)nn2-c2ccc(S(N)(=O)=O)cc2)cc1,cc1ccc(c2cc(c(f)(f)f)nn2c2ccc(s(n)(=o)=o)cc2)cc1,0.0,1887,k562,,,,0.999970319661185,,ACH-000006,celecoxib,,,,,,,,,,Celecoxib
K562,AICAR (Acadesine),0.1,1.0,SIDM00791,uM,aicar,NC(=O)c1ncn([C@@H]2O[C@H](CO)[C@@H](O)[C@H]2O)c1N,nc(=o)c1ncn([ch]2o[ch](co)[ch](o)[ch]2o)c1n,-1.0,1888,k562,,,,1.0,,ACH-000006,aicar,,,,,,,,,,AICAR (Acadesine)
K562,KW-2449,1.0,0.884668612962604,SIDM00791,uM,kw2449,O=C(c1ccc(C=Cc2n[nH]c3ccccc23)cc1)N1CCNCC1,o=c(c1ccc(c=cc2n[nh]c3ccccc23)cc1)n1ccncc1,0.0,1889,k562,1.0,1.042,0.0,0.884668612962604,1.042,ACH-000006,kw2449,,,,,,,,,1.042,KW-2449
K562,Bisindolylmaleimide IX (Ro 31-8220 Mesylate),10.0,0.104517963110319,SIDM00791,uM,bisindolylmaleimideix,CS(=O)(=O)O.Cn1cc(C2=C(c3cn(CCCSC(=N)N)c4ccccc34)C(=O)NC2=O)c2ccccc21,cn1cc(c2=c(c3cn(cccsc(=n)n)c4ccccc34)c(=o)nc2=o)c2ccccc21,1.0,1890,k562,,,,0.104517963110319,,ACH-000006,bisindolylmaleimideix,,,,,,,,,,Bisindolylmaleimide IX (Ro 31-8220 Mesylate)
K562,IOX2,1.0,1.0,SIDM00791,uM,iox2,O=C(O)CNC(=O)c1c(O)c2ccccc2n(Cc2ccccc2)c1=O,o=c(o)cnc(=o)c1c(o)c2ccccc2n(cc2ccccc2)c1=o,0.0,1891,k562,,,,1.0,,ACH-000006,iox2,,,,,,,,,,IOX2
K562,GSK-LSD1 2HCl,10.0,1.0,SIDM00791,uM,gsklsd12hcl,Cl.Cl.c1ccc([C@@H]2C[C@H]2NC2CCNCC2)cc1,c1ccc([ch]2c[ch]2nc2ccncc2)cc1,1.0,1892,k562,,,,1.0,,ACH-000006,gsklsd12hcl,,,,,,,,,,GSK-LSD1 2HCl
K562,Altretamine,10.0,0.832913558898121,SIDM00791,uM,altretamine,CN(C)c1nc(N(C)C)nc(N(C)C)n1,cn(c)c1nc(n(c)c)nc(n(c)c)n1,1.0,1893,k562,,,,0.832913558898121,,ACH-000006,altretamine,,,,,,,,,,Altretamine
K562,Cediranib (AZD2171),0.01,1.0,SIDM00791,uM,cediranib,COc1cc2c(Oc3ccc4[nH]c(C)cc4c3F)ncnc2cc1OCCCN1CCCC1,coc1cc2c(oc3ccc4[nh]c(c)cc4c3f)ncnc2cc1occcn1cccc1,-2.0,1894,k562,0.0081,1.008,-2.0915149811213505,1.0,1.008,ACH-000006,cediranib,,,,,,,,,1.008,Cediranib (AZD2171)
K562,BMS-536924,0.1,0.999898433644856,SIDM00791,uM,bms536924,Cc1cc(N2CCOCC2)cc2[nH]c(-c3c(NCC(O)c4cccc(Cl)c4)cc[nH]c3=O)nc12,cc1cc(n2ccocc2)cc2[nh]c(c3c(ncc(o)c4cccc(cl)c4)cc[nh]c3=o)nc12,-1.0,1895,k562,0.072,1.146,-1.1426675035687315,0.999898433644856,1.146,ACH-000006,bms536924,,,,,,,,,1.146,BMS-536924
K562,(+)-JQ1,1.0,0.668082052214064,SIDM00791,uM,jq1,Cc1sc2c(c1C)C(c1ccc(Cl)cc1)=N[C@@H](CC(=O)OC(C)(C)C)c1nnc(C)n1-2,cc1sc2c(c1c)c(c1ccc(cl)cc1)=n[ch](cc(=o)oc(c)(c)c)c1nnc(c)n12,0.0,1896,k562,1.0,0.5366,0.0,0.668082052214064,0.5366,ACH-000006,jq1,,,,,,,,,0.5366,(+)-JQ1
K562,BMS-265246,0.01,0.999999910540428,SIDM00791,uM,bms265246,CCCCOc1c(C(=O)c2c(F)cc(C)cc2F)cnc2[nH]ncc12,ccccoc1c(c(=o)c2c(f)cc(c)cc2f)cnc2[nh]ncc12,-2.0,1897,k562,,,,0.999999910540428,,ACH-000006,bms265246,,,,,,,,,,BMS-265246
K562,Fulvestrant,0.1,1.0,SIDM00791,uM,fulvestrant,CC12CCC3c4ccc(O)cc4CC(CCCCCCCCCS(=O)CCCC(F)(F)C(F)(F)F)C3C1CCC2O,cc12ccc3c4ccc(o)cc4cc(cccccccccs(=o)cccc(f)(f)c(f)(f)f)c3c1ccc2o,-1.0,1898,k562,,,,1.0,,ACH-000006,fulvestrant,,,,,,,,,,Fulvestrant
K562,Ki16425,1.0,0.939243735918624,SIDM00791,uM,ki16425,Cc1noc(-c2ccc(CSCCC(=O)O)cc2)c1NC(=O)OC(C)c1ccccc1Cl,cc1noc(c2ccc(csccc(=o)o)cc2)c1nc(=o)oc(c)c1ccccc1cl,0.0,1899,k562,,,,0.939243735918624,,ACH-000006,ki16425,,,,,,,,,,Ki16425
K562,Gandotinib (LY2784544),10.0,0.999994798561463,SIDM00791,uM,gandotinib,Cc1cc(Nc2cc(CN3CCOCC3)c3nc(C)c(Cc4ccc(Cl)cc4F)n3n2)[nH]n1,cc1cc(nc2cc(cn3ccocc3)c3nc(c)c(cc4ccc(cl)cc4f)n3n2)[nh]n1,1.0,1900,k562,,,,0.999994798561463,,ACH-000006,gandotinib,,,,,,,,,,Gandotinib (LY2784544)
K562,PD173074,1.0,0.9992269254001008,SIDM00791,uM,pd173074,CCN(CC)CCCCNc1ncc2cc(-c3cc(OC)cc(OC)c3)c(NC(=O)NC(C)(C)C)nc2n1,ccn(cc)ccccnc1ncc2cc(c3cc(oc)cc(oc)c3)c(nc(=o)nc(c)(c)c)nc2n1,0.0,1901,k562,,,,0.9992269254001008,,ACH-000006,pd173074,,,,,,,,,,PD173074
K562,Barasertib (AZD1152-HQPA),0.01,0.9999990321232852,SIDM00791,uM,barasertib,CCN(CCO)CCCOc1ccc2c(Nc3cc(CC(=O)Nc4cccc(F)c4)n[nH]3)ncnc2c1,ccn(cco)cccoc1ccc2c(nc3cc(cc(=o)nc4cccc(f)c4)n[nh]3)ncnc2c1,-2.0,1902,k562,0.0081,1.022,-2.0915149811213505,0.9999990321232852,1.022,ACH-000006,barasertib,,,,,,,,,1.022,Barasertib (AZD1152-HQPA)
K562,Trametinib (GSK1120212),1.0,0.999947252617971,SIDM00791,uM,trametinib,CC(=O)Nc1cccc(-n2c(=O)n(C3CC3)c(=O)c3c(Nc4ccc(I)cc4F)n(C)c(=O)c(C)c32)c1,cc(=o)nc1cccc(n2c(=o)n(c3cc3)c(=o)c3c(nc4ccc(i)cc4f)n(c)c(=o)c(c)c32)c1,0.0,1903,k562,1.0,0.5588,0.0,0.999947252617971,0.5588,ACH-000006,trametinib,,,,,,,,,0.5588,Trametinib (GSK1120212)
K562,AG-14361,0.01,1.0,SIDM00791,uM,ag14361,CN(C)Cc1ccc(-c2nc3cccc4c3n2CCNC4=O)cc1,cn(c)cc1ccc(c2nc3cccc4c3n2ccnc4=o)cc1,-2.0,1904,k562,,,,1.0,,ACH-000006,ag14361,,,,,,,,,,AG-14361
K562,Decitabine,10.0,0.954882161697034,SIDM00791,uM,decitabine,Nc1ncn([C@H]2C[C@H](O)[C@@H](CO)O2)c(=O)n1,nc1ncn([ch]2c[ch](o)[ch](co)o2)c(=o)n1,1.0,1905,k562,8.3,0.4704,0.919078092376074,0.954882161697034,0.4704,ACH-000006,decitabine,,,,,,,,,0.4704,Decitabine
K562,Iniparib (BSI-201),1.0,1.0,SIDM00791,uM,iniparib,NC(=O)c1ccc(I)c([N+](=O)[O-])c1,nc(=o)c1ccc(i)c([n](=o)[o])c1,0.0,1906,k562,,,,1.0,,ACH-000006,iniparib,,,,,,,,,,Iniparib (BSI-201)
K562,Entinostat (MS-275),1.0,0.961274619168542,SIDM00791,uM,entinostat,Nc1ccccc1NC(=O)c1ccc(CNC(=O)OCc2cccnc2)cc1,nc1ccccc1nc(=o)c1ccc(cnc(=o)occ2cccnc2)cc1,0.0,1907,k562,1.0,0.858,0.0,0.961274619168542,0.858,ACH-000006,entinostat,,,,,,,,,0.858,Entinostat (MS-275)
K562,Droxinostat,1.0,1.0,SIDM00791,uM,droxinostat,Cc1cc(Cl)ccc1OCCCC(=O)NO,cc1cc(cl)ccc1occcc(=o)no,0.0,1908,k562,,,,1.0,,ACH-000006,droxinostat,,,,,,,,,,Droxinostat
K562,"Cerdulatinib (PRT062070, PRT2070)",10.0,1.0,SIDM00791,uM,cerdulatinib,CCS(=O)(=O)N1CCN(c2ccc(Nc3ncc(C(N)=O)c(NC4CC4)n3)cc2)CC1.Cl,ccs(=o)(=o)n1ccn(c2ccc(nc3ncc(c(n)=o)c(nc4cc4)n3)cc2)cc1,1.0,1909,k562,,,,1.0,,ACH-000006,cerdulatinib,,,,,,,,,,"Cerdulatinib (PRT062070, PRT2070)"
K562,SNS-314,1.0,0.999916540886458,SIDM00791,uM,sns314,CS(=O)(=O)O.O=C(Nc1cccc(Cl)c1)Nc1ncc(CCNc2ncnc3ccsc23)s1,o=c(nc1cccc(cl)c1)nc1ncc(ccnc2ncnc3ccsc23)s1,0.0,1910,k562,,,,0.999916540886458,,ACH-000006,sns314,,,,,,,,,,SNS-314
K562,Alisertib (MLN8237),0.01,0.999968117232124,SIDM00791,uM,alisertib,COc1cc(Nc2ncc3c(n2)-c2ccc(Cl)cc2C(c2c(F)cccc2OC)=NC3)ccc1C(=O)O,coc1cc(nc2ncc3c(n2)c2ccc(cl)cc2c(c2c(f)cccc2oc)=nc3)ccc1c(=o)o,-2.0,1911,k562,0.0081,0.9755,-2.0915149811213505,0.999968117232124,0.9755,ACH-000006,alisertib,,,,,,,,,0.9755,Alisertib (MLN8237)
K562,Linifanib (ABT-869),1.0,1.0,SIDM00791,uM,linifanib,Cc1ccc(F)c(NC(=O)Nc2ccc(-c3cccc4[nH]nc(N)c34)cc2)c1,cc1ccc(f)c(nc(=o)nc2ccc(c3cccc4[nh]nc(n)c34)cc2)c1,0.0,1912,k562,1.0,1.057,0.0,1.0,1.057,ACH-000006,linifanib,,,,,,,,,1.057,Linifanib (ABT-869)
K562,Ruxolitinib (INCB018424),10.0,1.0,SIDM00791,uM,ruxolitinib,N#CC[C@H](C1CCCC1)n1cc(-c2ncnc3[nH]ccc23)cn1,n#cc[ch](c1cccc1)n1cc(c2ncnc3[nh]ccc23)cn1,1.0,1913,k562,8.3,0.7942,0.919078092376074,1.0,0.7942,ACH-000006,ruxolitinib,,,,,,,,,0.7942,Ruxolitinib (INCB018424)
K562,Lenalidomide (CC-5013),0.01,0.99999930519147,SIDM00791,uM,lenalidomide,Nc1cccc2c1CN(C1CCC(=O)NC1=O)C2=O,nc1cccc2c1cn(c1ccc(=o)nc1=o)c2=o,-2.0,1914,k562,,,,0.99999930519147,,ACH-000006,lenalidomide,,,,,,,,,,Lenalidomide (CC-5013)
K562,SRT2104 (GSK2245840),0.1,1.0,SIDM00791,uM,srt2104,Cc1nc(-c2cccnc2)sc1C(=O)Nc1ccccc1-c1cn2c(CN3CCOCC3)csc2n1,cc1nc(c2cccnc2)sc1c(=o)nc1ccccc1c1cn2c(cn3ccocc3)csc2n1,-1.0,1915,k562,,,,1.0,,ACH-000006,srt2104,,,,,,,,,,SRT2104 (GSK2245840)
K562,Lomustine ,10.0,1.0,SIDM00791,uM,lomustine,O=NN(CCCl)C(=O)NC1CCCCC1,o=nn(cccl)c(=o)nc1ccccc1,1.0,1916,k562,,,,1.0,,ACH-000006,lomustine,,,,,,,,,,Lomustine 
K562,Veliparib (ABT-888),0.01,0.9997642577508812,SIDM00791,uM,veliparib,C[C@]1(c2nc3c(C(N)=O)cccc3[nH]2)CCCN1,c[c]1(c2nc3c(c(n)=o)cccc3[nh]2)cccn1,-2.0,1917,k562,0.0081,1.06,-2.0915149811213505,0.9997642577508812,1.06,ACH-000006,veliparib,,,,,,,,,1.06,Veliparib (ABT-888)
K562,PD173074,10.0,0.8881448749480949,SIDM00791,uM,pd173074,CCN(CC)CCCCNc1ncc2cc(-c3cc(OC)cc(OC)c3)c(NC(=O)NC(C)(C)C)nc2n1,ccn(cc)ccccnc1ncc2cc(c3cc(oc)cc(oc)c3)c(nc(=o)nc(c)(c)c)nc2n1,1.0,1918,k562,,,,0.8881448749480949,,ACH-000006,pd173074,,,,,,,,,,PD173074
K562,Ofloxacin,10.0,1.0,SIDM00791,uM,ofloxacin,CC1COc2c(N3CCN(C)CC3)c(F)cc3c(=O)c(C(=O)O)cn1c23,cc1coc2c(n3ccn(c)cc3)c(f)cc3c(=o)c(c(=o)o)cn1c23,1.0,1919,k562,,,,1.0,,ACH-000006,ofloxacin,,,,,,,,,,Ofloxacin
K562,AZ 960,1.0,0.693345946434941,SIDM00791,uM,az960,Cc1cc(Nc2nc(N[C@@H](C)c3ccc(F)cc3)c(C#N)cc2F)n[nH]1,cc1cc(nc2nc(n[ch](c)c3ccc(f)cc3)c(c#n)cc2f)n[nh]1,0.0,1920,k562,,,,0.693345946434941,,ACH-000006,az960,,,,,,,,,,AZ 960
K562,INO-1001 (3-Aminobenzamide),0.01,0.9999991893957232,SIDM00791,uM,ino1001,NC(=O)c1cccc(N)c1,nc(=o)c1cccc(n)c1,-2.0,1921,k562,,,,0.9999991893957232,,ACH-000006,ino1001,,,,,,,,,,INO-1001 (3-Aminobenzamide)
K562,Clevudine ,10.0,1.0,SIDM00791,uM,clevudine,Cc1cn([C@H]2O[C@@H](CO)[C@H](O)[C@H]2F)c(=O)[nH]c1=O,cc1cn([ch]2o[ch](co)[ch](o)[ch]2f)c(=o)[nh]c1=o,1.0,1922,k562,,,,1.0,,ACH-000006,clevudine,,,,,,,,,,Clevudine 
K562,PD98059,0.01,1.0,SIDM00791,uM,pd98059,COc1cccc(-c2cc(=O)c3ccccc3o2)c1N,coc1cccc(c2cc(=o)c3ccccc3o2)c1n,-2.0,1923,k562,,,,1.0,,ACH-000006,pd98059,,,,,,,,,,PD98059
K562,Pracinostat (SB939),0.1,0.8086441178133761,SIDM00791,uM,pracinostat,CCCCc1nc2cc(C=CC(=O)NO)ccc2n1CCN(CC)CC,ccccc1nc2cc(c=cc(=o)no)ccc2n1ccn(cc)cc,-1.0,1924,k562,,,,0.8086441178133761,,ACH-000006,pracinostat,,,,,,,,,,Pracinostat (SB939)
K562,Tanespimycin (17-AAG),0.01,0.9663646064911948,SIDM00791,uM,tanespimycin,C=CCNC1=C2CC(C)CC(OC)C(O)C(C)/C=C(\C)C(OC(N)=O)C(OC)/C=C\C=C(/C)C(=O)NC(=CC1=O)C2=O,c=ccnc1=c2cc(c)cc(oc)c(o)c(c)c=c(c)c(oc(n)=o)c(oc)c=cc=c(c)c(=o)nc(=cc1=o)c2=o,-2.0,1925,k562,0.0081,0.9511,-2.0915149811213505,0.9663646064911948,0.9511,ACH-000006,tanespimycin,,,,,,,,,0.9511,Tanespimycin (17-AAG)
K562,AC480 (BMS-599626),10.0,0.710370789580675,SIDM00791,uM,ac480,Cc1c(NC(=O)OCC2COCCN2)cn2ncnc(Nc3ccc4c(cnn4Cc4cccc(F)c4)c3)c12,cc1c(nc(=o)occ2coccn2)cn2ncnc(nc3ccc4c(cnn4cc4cccc(f)c4)c3)c12,1.0,1926,k562,,,,0.710370789580675,,ACH-000006,ac480,,,,,,,,,,AC480 (BMS-599626)
K562,"Temsirolimus (CCI-779, NSC 683864)",10.0,0.8574299798720769,SIDM00791,uM,temsirolimus,COC1CC2CCC(C)C(O)(O2)C(=O)C(=O)N2CCCCC2C(=O)OC(C(C)CC2CCC(OC(=O)C(C)(CO)CO)C(OC)C2)CC(=O)C(C)/C=C(\C)C(O)C(OC)C(=O)C(C)CC(C)/C=C/C=C/C=C/1C,coc1cc2ccc(c)c(o)(o2)c(=o)c(=o)n2ccccc2c(=o)oc(c(c)cc2ccc(oc(=o)c(c)(co)co)c(oc)c2)cc(=o)c(c)c=c(c)c(o)c(oc)c(=o)c(c)cc(c)c=cc=cc=c1c,1.0,1927,k562,,,,0.8574299798720769,,ACH-000006,temsirolimus,,,,,,,,,,"Temsirolimus (CCI-779, NSC 683864)"
K562,Tucidinostat (Chidamide),0.01,0.969072710975438,SIDM00791,uM,tucidinostat,Nc1ccc(F)cc1NC(=O)c1ccc(CNC(=O)C=Cc2cccnc2)cc1,nc1ccc(f)cc1nc(=o)c1ccc(cnc(=o)c=cc2cccnc2)cc1,-2.0,1928,k562,,,,0.969072710975438,,ACH-000006,tucidinostat,,,,,,,,,,Tucidinostat (Chidamide)
K562,Veliparib (ABT-888),10.0,0.996959857017553,SIDM00791,uM,veliparib,C[C@]1(c2nc3c(C(N)=O)cccc3[nH]2)CCCN1,c[c]1(c2nc3c(c(n)=o)cccc3[nh]2)cccn1,1.0,1929,k562,8.3,1.037,0.919078092376074,0.996959857017553,1.037,ACH-000006,veliparib,,,,,,,,,1.037,Veliparib (ABT-888)
K562,Tazemetostat (EPZ-6438),1.0,1.0,SIDM00791,uM,tazemetostat,CCN(c1cc(-c2ccc(CN3CCOCC3)cc2)cc(C(=O)NCc2c(C)cc(C)[nH]c2=O)c1C)C1CCOCC1,ccn(c1cc(c2ccc(cn3ccocc3)cc2)cc(c(=o)ncc2c(c)cc(c)[nh]c2=o)c1c)c1ccocc1,0.0,1930,k562,,,,1.0,,ACH-000006,tazemetostat,,,,,,,,,,Tazemetostat (EPZ-6438)
K562,FLLL32,1.0,0.99991892566073,SIDM00791,uM,flll32,COc1ccc(C=CC(=O)C2(C(=O)C=Cc3ccc(OC)c(OC)c3)CCCCC2)cc1OC,coc1ccc(c=cc(=o)c2(c(=o)c=cc3ccc(oc)c(oc)c3)ccccc2)cc1oc,0.0,1931,k562,,,,0.99991892566073,,ACH-000006,flll32,,,,,,,,,,FLLL32
K562,BMS-265246,1.0,0.9987120701265708,SIDM00791,uM,bms265246,CCCCOc1c(C(=O)c2c(F)cc(C)cc2F)cnc2[nH]ncc12,ccccoc1c(c(=o)c2c(f)cc(c)cc2f)cnc2[nh]ncc12,0.0,1932,k562,,,,0.9987120701265708,,ACH-000006,bms265246,,,,,,,,,,BMS-265246
K562,Selisistat (EX 527),10.0,1.0,SIDM00791,uM,selisistat,NC(=O)C1CCCc2c1[nH]c1ccc(Cl)cc21,nc(=o)c1cccc2c1[nh]c1ccc(cl)cc21,1.0,1933,k562,,,,1.0,,ACH-000006,selisistat,,,,,,,,,,Selisistat (EX 527)
K562,2-Methoxyestradiol (2-MeOE2),10.0,0.390196636164115,SIDM00791,uM,2methoxyestradiol,COc1cc2c(cc1O)CC[C@@H]1[C@@H]2CC[C@]2(C)[C@@H](O)CC[C@@H]12,coc1cc2c(cc1o)cc[ch]1[ch]2cc[c]2(c)[ch](o)cc[ch]12,1.0,1934,k562,,,,0.390196636164115,,ACH-000006,2methoxyestradiol,,,,,,,,,,2-Methoxyestradiol (2-MeOE2)
K562,Sorafenib Tosylate,1.0,0.999472988812326,SIDM00791,uM,sorafenibtosylate,CNC(=O)c1cc(Oc2ccc(NC(=O)Nc3ccc(Cl)c(C(F)(F)F)c3)cc2)ccn1.Cc1ccc(S(=O)(=O)O)cc1,cnc(=o)c1cc(oc2ccc(nc(=o)nc3ccc(cl)c(c(f)(f)f)c3)cc2)ccn1,0.0,1935,k562,,,,0.999472988812326,,ACH-000006,sorafenibtosylate,,,,,,,,,,Sorafenib Tosylate
K562,XAV-939,10.0,0.999979030934199,SIDM00791,uM,xav939,Oc1nc(-c2ccc(C(F)(F)F)cc2)nc2c1CSCC2,oc1nc(c2ccc(c(f)(f)f)cc2)nc2c1cscc2,1.0,1936,k562,,,,0.999979030934199,,ACH-000006,xav939,,,,,,,,,,XAV-939
K562,Tubastatin A HCl,10.0,1.0,SIDM00791,uM,tubastatina,CN1CCc2c(c3ccccc3n2Cc2ccc(C(=O)NO)cc2)C1.Cl,cn1ccc2c(c3ccccc3n2cc2ccc(c(=o)no)cc2)c1,1.0,1937,k562,,,,1.0,,ACH-000006,tubastatina,,,,,,,,,,Tubastatin A HCl
K562,Momelotinib (CYT387),10.0,0.7040127036214058,SIDM00791,uM,momelotinib,N#CCNC(=O)c1ccc(-c2ccnc(Nc3ccc(N4CCOCC4)cc3)n2)cc1,n#ccnc(=o)c1ccc(c2ccnc(nc3ccc(n4ccocc4)cc3)n2)cc1,1.0,1938,k562,8.3,0.5149,0.919078092376074,0.7040127036214058,0.5149,ACH-000006,momelotinib,,,,,,,,,0.5149,Momelotinib (CYT387)
K562,AICAR (Acadesine),0.01,1.0,SIDM00791,uM,aicar,NC(=O)c1ncn([C@@H]2O[C@H](CO)[C@@H](O)[C@H]2O)c1N,nc(=o)c1ncn([ch]2o[ch](co)[ch](o)[ch]2o)c1n,-2.0,1939,k562,,,,1.0,,ACH-000006,aicar,,,,,,,,,,AICAR (Acadesine)
K562,Decitabine,0.01,0.996208431946281,SIDM00791,uM,decitabine,Nc1ncn([C@H]2C[C@H](O)[C@@H](CO)O2)c(=O)n1,nc1ncn([ch]2c[ch](o)[ch](co)o2)c(=o)n1,-2.0,1940,k562,0.0081,0.8825,-2.0915149811213505,0.996208431946281,0.8825,ACH-000006,decitabine,,,,,,,,,0.8825,Decitabine
K562,Tranylcypromine (2-PCPA) HCl,10.0,1.0,SIDM00791,uM,tranylcypromine,*.Cl.N[C@@H]1C[C@H]1c1ccccc1,n[ch]1c[ch]1c1ccccc1,1.0,1941,k562,,,,1.0,,ACH-000006,tranylcypromine,,,,,,,,,,Tranylcypromine (2-PCPA) HCl
K562,Enzastaurin (LY317615),10.0,0.999580709437256,SIDM00791,uM,enzastaurin,Cn1cc(C2=C(c3cn(C4CCN(Cc5ccccn5)CC4)c4ccccc34)C(=O)NC2=O)c2ccccc21,cn1cc(c2=c(c3cn(c4ccn(cc5ccccn5)cc4)c4ccccc34)c(=o)nc2=o)c2ccccc21,1.0,1942,k562,,,,0.999580709437256,,ACH-000006,enzastaurin,,,,,,,,,,Enzastaurin (LY317615)
K562,"Fedratinib (SAR302503, TG101348)",0.1,0.875637764060956,SIDM00791,uM,fedratinib,Cc1cnc(Nc2ccc(OCCN3CCCC3)cc2)nc1Nc1cccc(S(=O)(=O)NC(C)(C)C)c1,cc1cnc(nc2ccc(occn3cccc3)cc2)nc1nc1cccc(s(=o)(=o)nc(c)(c)c)c1,-1.0,1943,k562,,,,0.875637764060956,,ACH-000006,fedratinib,,,,,,,,,,"Fedratinib (SAR302503, TG101348)"
K562,BMS-911543,0.1,1.0,SIDM00791,uM,bms911543,CCn1c(C(=O)N(C2CC2)C2CC2)cc2c3c(ncn3C)c(Nc3cc(C)n(C)n3)nc21,ccn1c(c(=o)n(c2cc2)c2cc2)cc2c3c(ncn3c)c(nc3cc(c)n(c)n3)nc21,-1.0,1944,k562,,,,1.0,,ACH-000006,bms911543,,,,,,,,,,BMS-911543
K562,UNC1999,0.1,1.0,SIDM00791,uM,unc1999,CCCc1cc(C)[nH]c(=O)c1CNC(=O)c1cc(-c2ccc(N3CCN(C(C)C)CC3)nc2)cc2c1cnn2C(C)C,cccc1cc(c)[nh]c(=o)c1cnc(=o)c1cc(c2ccc(n3ccn(c(c)c)cc3)nc2)cc2c1cnn2c(c)c,-1.0,1945,k562,,,,1.0,,ACH-000006,unc1999,,,,,,,,,,UNC1999
K562,UNC0631,10.0,0.9495130291845808,SIDM00791,uM,unc0631,COc1cc2c(NC3CCN(CC4CCCCC4)CC3)nc(N3CCCN(C(C)C)CC3)nc2cc1OCCCN1CCCCC1,coc1cc2c(nc3ccn(cc4ccccc4)cc3)nc(n3cccn(c(c)c)cc3)nc2cc1occcn1ccccc1,1.0,1946,k562,,,,0.9495130291845808,,ACH-000006,unc0631,,,,,,,,,,UNC0631
K562,Epothilone A,0.1,1.0,SIDM00791,uM,epothilonea,C/C(=C\c1csc(C)n1)C1CC2OC2CCCC(C)C(O)C(C)C(=O)C(C)(C)C(O)CC(=O)O1,cc(=cc1csc(c)n1)c1cc2oc2cccc(c)c(o)c(c)c(=o)c(c)(c)c(o)cc(=o)o1,-1.0,1947,k562,,,,1.0,,ACH-000006,epothilonea,,,,,,,,,,Epothilone A
K562,SRT2104 (GSK2245840),1.0,1.0,SIDM00791,uM,srt2104,Cc1nc(-c2cccnc2)sc1C(=O)Nc1ccccc1-c1cn2c(CN3CCOCC3)csc2n1,cc1nc(c2cccnc2)sc1c(=o)nc1ccccc1c1cn2c(cn3ccocc3)csc2n1,0.0,1948,k562,,,,1.0,,ACH-000006,srt2104,,,,,,,,,,SRT2104 (GSK2245840)
K562,Bisindolylmaleimide IX (Ro 31-8220 Mesylate),0.1,0.999999999999517,SIDM00791,uM,bisindolylmaleimideix,CS(=O)(=O)O.Cn1cc(C2=C(c3cn(CCCSC(=N)N)c4ccccc34)C(=O)NC2=O)c2ccccc21,cn1cc(c2=c(c3cn(cccsc(=n)n)c4ccccc34)c(=o)nc2=o)c2ccccc21,-1.0,1949,k562,,,,0.999999999999517,,ACH-000006,bisindolylmaleimideix,,,,,,,,,,Bisindolylmaleimide IX (Ro 31-8220 Mesylate)
K562,ZM 447439,10.0,1.0,SIDM00791,uM,zm447439,COc1cc2c(Nc3ccc(NC(=O)c4ccccc4)cc3)ncnc2cc1OCCCN1CCOCC1,coc1cc2c(nc3ccc(nc(=o)c4ccccc4)cc3)ncnc2cc1occcn1ccocc1,1.0,1950,k562,,,,1.0,,ACH-000006,zm447439,,,,,,,,,,ZM 447439
K562,Sirtinol,0.01,1.0,SIDM00791,uM,sirtinol,CC(NC(=O)c1ccccc1N=Cc1c(O)ccc2ccccc12)c1ccccc1,cc(nc(=o)c1ccccc1n=cc1c(o)ccc2ccccc12)c1ccccc1,-2.0,1951,k562,,,,1.0,,ACH-000006,sirtinol,,,,,,,,,,Sirtinol
K562,Pelitinib (EKB-569),0.1,0.9999937563759692,SIDM00791,uM,pelitinib,CCOc1cc2ncc(C#N)c(Nc3ccc(F)c(Cl)c3)c2cc1NC(=O)/C=C/CN(C)C,ccoc1cc2ncc(c#n)c(nc3ccc(f)c(cl)c3)c2cc1nc(=o)c=ccn(c)c,-1.0,1952,k562,,,,0.9999937563759692,,ACH-000006,pelitinib,,,,,,,,,,Pelitinib (EKB-569)
K562,Givinostat (ITF2357),1.0,0.614237329852283,SIDM00791,uM,givinostat,CCN(CC)Cc1ccc2cc(COC(=O)Nc3ccc(C(=O)NO)cc3)ccc2c1.Cl.O,ccn(cc)cc1ccc2cc(coc(=o)nc3ccc(c(=o)no)cc3)ccc2c1,0.0,1953,k562,,,,0.614237329852283,,ACH-000006,givinostat,,,,,,,,,,Givinostat (ITF2357)
K562,Fasudil (HA-1077) HCl,1.0,1.0,SIDM00791,uM,fasudil,Cl.O=S(=O)(c1cccc2cnccc12)N1CCCNCC1,o=s(=o)(c1cccc2cnccc12)n1cccncc1,0.0,1954,k562,,,,1.0,,ACH-000006,fasudil,,,,,,,,,,Fasudil (HA-1077) HCl
K562,Thiotepa,0.1,1.0,SIDM00791,uM,thiotepa,S=P(N1CC1)(N1CC1)N1CC1,s=p(n1cc1)(n1cc1)n1cc1,-1.0,1955,k562,,,,1.0,,ACH-000006,thiotepa,,,,,,,,,,Thiotepa
K562,BMS-754807,10.0,0.771919532962582,SIDM00791,uM,bms754807,CC1(C(=O)Nc2ccc(F)nc2)CCCN1c1nc(Nc2cc(C3CC3)[nH]n2)c2cccn2n1,cc1(c(=o)nc2ccc(f)nc2)cccn1c1nc(nc2cc(c3cc3)[nh]n2)c2cccn2n1,1.0,1956,k562,8.3,0.8886,0.919078092376074,0.771919532962582,0.8886,ACH-000006,bms754807,,,,,,,,,0.8886,BMS-754807
K562,Mocetinostat (MGCD0103),1.0,0.7660912093084079,SIDM00791,uM,mocetinostat,Nc1ccccc1NC(=O)c1ccc(CNc2nccc(-c3cccnc3)n2)cc1,nc1ccccc1nc(=o)c1ccc(cnc2nccc(c3cccnc3)n2)cc1,0.0,1957,k562,,,,0.7660912093084079,,ACH-000006,mocetinostat,,,,,,,,,,Mocetinostat (MGCD0103)
K562,Busulfan ,1.0,1.0,SIDM00791,uM,busulfan,CS(=O)(=O)OCCCCOS(C)(=O)=O,cs(=o)(=o)occccos(c)(=o)=o,0.0,1958,k562,,,,1.0,,ACH-000006,busulfan,,,,,,,,,,Busulfan 
K562,Belinostat (PXD101),0.01,0.9999998655644472,SIDM00791,uM,belinostat,O=C(C=Cc1cccc(S(=O)(=O)Nc2ccccc2)c1)NO,o=c(c=cc1cccc(s(=o)(=o)nc2ccccc2)c1)no,-2.0,1959,k562,0.0081,1.003,-2.0915149811213505,0.9999998655644472,1.003,ACH-000006,belinostat,,,,,,,,,1.003,Belinostat (PXD101)
K562,Alvespimycin (17-DMAG) HCl,1.0,0.3683660251044071,SIDM00791,uM,alvespimycin,COC1/C=C\C=C(/C)C(=O)NC2=CC(=O)C(NCCN(C)C)=C(CC(C)CC(OC)C(O)C(C)/C=C(\C)C1OC(N)=O)C2=O.Cl,coc1c=cc=c(c)c(=o)nc2=cc(=o)c(nccn(c)c)=c(cc(c)cc(oc)c(o)c(c)c=c(c)c1oc(n)=o)c2=o,0.0,1960,k562,,,,0.3683660251044071,,ACH-000006,alvespimycin,,,,,,,,,,Alvespimycin (17-DMAG) HCl
K562,Cyclocytidine HCl,1.0,1.0,SIDM00791,uM,cyclocytidine,Cl.N=c1ccn2c(n1)OC1C(O)C(CO)OC12,n=c1ccn2c(n1)oc1c(o)c(co)oc12,0.0,1961,k562,,,,1.0,,ACH-000006,cyclocytidine,,,,,,,,,,Cyclocytidine HCl
K562,CUDC-101,0.1,0.952138938244871,SIDM00791,uM,cudc101,C#Cc1cccc(Nc2ncnc3cc(OC)c(OCCCCCCC(=O)NO)cc23)c1,c#cc1cccc(nc2ncnc3cc(oc)c(occccccc(=o)no)cc23)c1,-1.0,1962,k562,,,,0.952138938244871,,ACH-000006,cudc101,,,,,,,,,,CUDC-101
K562,Mercaptopurine (6-MP),0.1,0.9911866127529928,SIDM00791,uM,mercaptopurine,S=c1nc[nH]c2nc[nH]c12,s=c1nc[nh]c2nc[nh]c12,-1.0,1963,k562,,,,0.9911866127529928,,ACH-000006,mercaptopurine,,,,,,,,,,Mercaptopurine (6-MP)
K562,CUDC-101,0.01,0.996497164291181,SIDM00791,uM,cudc101,C#Cc1cccc(Nc2ncnc3cc(OC)c(OCCCCCCC(=O)NO)cc23)c1,c#cc1cccc(nc2ncnc3cc(oc)c(occccccc(=o)no)cc23)c1,-2.0,1964,k562,,,,0.996497164291181,,ACH-000006,cudc101,,,,,,,,,,CUDC-101
K562,"Temsirolimus (CCI-779, NSC 683864)",0.01,0.986279600037048,SIDM00791,uM,temsirolimus,COC1CC2CCC(C)C(O)(O2)C(=O)C(=O)N2CCCCC2C(=O)OC(C(C)CC2CCC(OC(=O)C(C)(CO)CO)C(OC)C2)CC(=O)C(C)/C=C(\C)C(O)C(OC)C(=O)C(C)CC(C)/C=C/C=C/C=C/1C,coc1cc2ccc(c)c(o)(o2)c(=o)c(=o)n2ccccc2c(=o)oc(c(c)cc2ccc(oc(=o)c(c)(co)co)c(oc)c2)cc(=o)c(c)c=c(c)c(o)c(oc)c(=o)c(c)cc(c)c=cc=cc=c1c,-2.0,1965,k562,,,,0.986279600037048,,ACH-000006,temsirolimus,,,,,,,,,,"Temsirolimus (CCI-779, NSC 683864)"
K562,Altretamine,0.1,0.999998788365852,SIDM00791,uM,altretamine,CN(C)c1nc(N(C)C)nc(N(C)C)n1,cn(c)c1nc(n(c)c)nc(n(c)c)n1,-1.0,1966,k562,,,,0.999998788365852,,ACH-000006,altretamine,,,,,,,,,,Altretamine
K562,Ellagic acid,10.0,1.0,SIDM00791,uM,ellagicacid,O=c1oc2c(O)c(O)cc3c(=O)oc4c(O)c(O)cc1c4c23,o=c1oc2c(o)c(o)cc3c(=o)oc4c(o)c(o)cc1c4c23,1.0,1967,k562,,,,1.0,,ACH-000006,ellagicacid,,,,,,,,,,Ellagic acid
K562,PHA-680632,1.0,0.772813022697355,SIDM00791,uM,pha680632,CCc1cccc(CC)c1NC(=O)N1Cc2[nH]nc(NC(=O)c3ccc(N4CCN(C)CC4)cc3)c2C1,ccc1cccc(cc)c1nc(=o)n1cc2[nh]nc(nc(=o)c3ccc(n4ccn(c)cc4)cc3)c2c1,0.0,1968,k562,,,,0.772813022697355,,ACH-000006,pha680632,,,,,,,,,,PHA-680632
K562,Bisindolylmaleimide IX (Ro 31-8220 Mesylate),0.01,1.0,SIDM00791,uM,bisindolylmaleimideix,CS(=O)(=O)O.Cn1cc(C2=C(c3cn(CCCSC(=N)N)c4ccccc34)C(=O)NC2=O)c2ccccc21,cn1cc(c2=c(c3cn(cccsc(=n)n)c4ccccc34)c(=o)nc2=o)c2ccccc21,-2.0,1969,k562,,,,1.0,,ACH-000006,bisindolylmaleimideix,,,,,,,,,,Bisindolylmaleimide IX (Ro 31-8220 Mesylate)
K562,Danusertib (PHA-739358),1.0,0.6410991446462111,SIDM00791,uM,danusertib,CO[C@@H](C(=O)N1Cc2[nH]nc(NC(=O)c3ccc(N4CCN(C)CC4)cc3)c2C1)c1ccccc1,co[ch](c(=o)n1cc2[nh]nc(nc(=o)c3ccc(n4ccn(c)cc4)cc3)c2c1)c1ccccc1,0.0,1970,k562,,,,0.6410991446462111,,ACH-000006,danusertib,,,,,,,,,,Danusertib (PHA-739358)
K562,MK-5108 (VX-689),1.0,0.976110025903996,SIDM00791,uM,mk5108,O=C(O)[C@]1(Cc2cccc(Nc3nccs3)n2)CC[C@@H](Oc2cccc(Cl)c2F)CC1,o=c(o)[c]1(cc2cccc(nc3nccs3)n2)cc[ch](oc2cccc(cl)c2f)cc1,0.0,1971,k562,,,,0.976110025903996,,ACH-000006,mk5108,,,,,,,,,,MK-5108 (VX-689)
K562,AG-14361,10.0,1.0,SIDM00791,uM,ag14361,CN(C)Cc1ccc(-c2nc3cccc4c3n2CCNC4=O)cc1,cn(c)cc1ccc(c2nc3cccc4c3n2ccnc4=o)cc1,1.0,1972,k562,,,,1.0,,ACH-000006,ag14361,,,,,,,,,,AG-14361
K562,Disulfiram ,0.01,0.999999776239603,SIDM00791,uM,disulfiram,CCN(CC)C(=S)SSC(=S)N(CC)CC,ccn(cc)c(=s)ssc(=s)n(cc)cc,-2.0,1973,k562,,,,0.999999776239603,,ACH-000006,disulfiram,,,,,,,,,,Disulfiram 
K562,Tacedinaline (CI994),1.0,0.999912712193329,SIDM00791,uM,tacedinaline,CC(=O)Nc1ccc(C(=O)Nc2ccccc2N)cc1,cc(=o)nc1ccc(c(=o)nc2ccccc2n)cc1,0.0,1974,k562,1.0,0.9251,0.0,0.999912712193329,0.9251,ACH-000006,tacedinaline,,,,,,,,,0.9251,Tacedinaline (CI994)
K562,Curcumin,10.0,1.0,SIDM00791,uM,curcumin,COc1cc(C=CC(=O)C=C(O)C=Cc2ccc(O)c(OC)c2)ccc1O,coc1cc(c=cc(=o)c=c(o)c=cc2ccc(o)c(oc)c2)ccc1o,1.0,1975,k562,10.0,0.9471,1.0,1.0,0.9471,ACH-000006,curcumin,,,,,,,,,0.9471,Curcumin
K562,Regorafenib (BAY 73-4506),1.0,0.999925680713612,SIDM00791,uM,regorafenib,CNC(=O)c1cc(Oc2ccc(NC(=O)Nc3ccc(Cl)c(C(F)(F)F)c3)c(F)c2)ccn1,cnc(=o)c1cc(oc2ccc(nc(=o)nc3ccc(cl)c(c(f)(f)f)c3)c(f)c2)ccn1,0.0,1976,k562,1.0,1.059,0.0,0.999925680713612,1.059,ACH-000006,regorafenib,,,,,,,,,1.059,Regorafenib (BAY 73-4506)
K562,Anacardic Acid,0.1,0.989781516568202,SIDM00791,uM,anacardicacid,CCCCCCCCCCCCCCCc1cccc(O)c1C(=O)O,cccccccccccccccc1cccc(o)c1c(=o)o,-1.0,1977,k562,,,,0.989781516568202,,ACH-000006,anacardicacid,,,,,,,,,,Anacardic Acid
K562,Ramelteon,0.1,1.0,SIDM00791,uM,ramelteon,CCC(=O)NCCC1CCc2ccc3c(c21)CCO3,ccc(=o)nccc1ccc2ccc3c(c21)cco3,-1.0,1978,k562,,,,1.0,,ACH-000006,ramelteon,,,,,,,,,,Ramelteon
K562,TMP195,0.01,0.999998433873726,SIDM00791,uM,tmp195,CC(C)(CNC(=O)c1cccc(-c2noc(C(F)(F)F)n2)c1)c1coc(-c2ccccc2)n1,cc(c)(cnc(=o)c1cccc(c2noc(c(f)(f)f)n2)c1)c1coc(c2ccccc2)n1,-2.0,1979,k562,,,,0.999998433873726,,ACH-000006,tmp195,,,,,,,,,,TMP195
K562,Alvespimycin (17-DMAG) HCl,0.1,0.455936881452937,SIDM00791,uM,alvespimycin,COC1/C=C\C=C(/C)C(=O)NC2=CC(=O)C(NCCN(C)C)=C(CC(C)CC(OC)C(O)C(C)/C=C(\C)C1OC(N)=O)C2=O.Cl,coc1c=cc=c(c)c(=o)nc2=cc(=o)c(nccn(c)c)=c(cc(c)cc(oc)c(o)c(c)c=c(c)c1oc(n)=o)c2=o,-1.0,1980,k562,,,,0.455936881452937,,ACH-000006,alvespimycin,,,,,,,,,,Alvespimycin (17-DMAG) HCl
K562,Enzastaurin (LY317615),1.0,0.9997077274238778,SIDM00791,uM,enzastaurin,Cn1cc(C2=C(c3cn(C4CCN(Cc5ccccn5)CC4)c4ccccc34)C(=O)NC2=O)c2ccccc21,cn1cc(c2=c(c3cn(c4ccn(cc5ccccn5)cc4)c4ccccc34)c(=o)nc2=o)c2ccccc21,0.0,1981,k562,,,,0.9997077274238778,,ACH-000006,enzastaurin,,,,,,,,,,Enzastaurin (LY317615)
K562,Azacitidine ,0.1,1.0,SIDM00791,uM,azacitidine,Nc1ncn([C@@H]2O[C@H](CO)[C@@H](O)[C@H]2O)c(=O)n1,nc1ncn([ch]2o[ch](co)[ch](o)[ch]2o)c(=o)n1,-1.0,1982,k562,0.13,1.009,-0.8860566476931632,1.0,1.009,ACH-000006,azacitidine,,,,,,,,,1.009,Azacitidine 
K562,Ivosidenib (AG-120),10.0,0.999996036857087,SIDM00791,uM,ivosidenib,N#Cc1ccnc(N2C(=O)CCC2C(=O)N(c2cncc(F)c2)C(C(=O)NC2CC(F)(F)C2)c2ccccc2Cl)c1,n#cc1ccnc(n2c(=o)ccc2c(=o)n(c2cncc(f)c2)c(c(=o)nc2cc(f)(f)c2)c2ccccc2cl)c1,1.0,1983,k562,,,,0.999996036857087,,ACH-000006,ivosidenib,,,,,,,,,,Ivosidenib (AG-120)
K562,Barasertib (AZD1152-HQPA),10.0,0.9999893864726808,SIDM00791,uM,barasertib,CCN(CCO)CCCOc1ccc2c(Nc3cc(CC(=O)Nc4cccc(F)c4)n[nH]3)ncnc2c1,ccn(cco)cccoc1ccc2c(nc3cc(cc(=o)nc4cccc(f)c4)n[nh]3)ncnc2c1,1.0,1984,k562,8.3,0.8702,0.919078092376074,0.9999893864726808,0.8702,ACH-000006,barasertib,,,,,,,,,0.8702,Barasertib (AZD1152-HQPA)
K562,BMS-754807,1.0,0.999100814563713,SIDM00791,uM,bms754807,CC1(C(=O)Nc2ccc(F)nc2)CCCN1c1nc(Nc2cc(C3CC3)[nH]n2)c2cccn2n1,cc1(c(=o)nc2ccc(f)nc2)cccn1c1nc(nc2cc(c3cc3)[nh]n2)c2cccn2n1,0.0,1985,k562,1.0,1.069,0.0,0.999100814563713,1.069,ACH-000006,bms754807,,,,,,,,,1.069,BMS-754807
K562,PFI-1 (PF-6405761),0.01,0.999999997905712,SIDM00791,uM,pfi1,COc1ccccc1S(=O)(=O)Nc1ccc2c(c1)CN(C)C(=O)N2,coc1ccccc1s(=o)(=o)nc1ccc2c(c1)cn(c)c(=o)n2,-2.0,1986,k562,,,,0.999999997905712,,ACH-000006,pfi1,,,,,,,,,,PFI-1 (PF-6405761)
K562,UNC0379,10.0,0.766681147786063,SIDM00791,uM,unc0379,COc1cc2nc(N3CCCC3)nc(NCCCCCN3CCCC3)c2cc1OC,coc1cc2nc(n3cccc3)nc(ncccccn3cccc3)c2cc1oc,1.0,1987,k562,,,,0.766681147786063,,ACH-000006,unc0379,,,,,,,,,,UNC0379
K562,Triamcinolone Acetonide,0.1,1.0,SIDM00791,uM,triamcinoloneacetonide,CC1(C)OC2CC3C4CCC5=CC(=O)C=CC5(C)C4(F)C(O)CC3(C)C2(C(=O)CO)O1,cc1(c)oc2cc3c4ccc5=cc(=o)c=cc5(c)c4(f)c(o)cc3(c)c2(c(=o)co)o1,-1.0,1988,k562,,,,1.0,,ACH-000006,triamcinoloneacetonide,,,,,,,,,,Triamcinolone Acetonide
K562,AMG-900,10.0,0.9999832210380648,SIDM00791,uM,amg900,Cc1csc(-c2nnc(Nc3ccc(Oc4ncccc4-c4ccnc(N)n4)cc3)c3ccccc23)c1,cc1csc(c2nnc(nc3ccc(oc4ncccc4c4ccnc(n)n4)cc3)c3ccccc23)c1,1.0,1989,k562,,,,0.9999832210380648,,ACH-000006,amg900,,,,,,,,,,AMG-900
K562,Meprednisone,1.0,1.0,SIDM00791,uM,meprednisone,CC1CC2C3CCC4=CC(=O)C=CC4(C)C3C(=O)CC2(C)C1(O)C(=O)CO,cc1cc2c3ccc4=cc(=o)c=cc4(c)c3c(=o)cc2(c)c1(o)c(=o)co,0.0,1990,k562,,,,1.0,,ACH-000006,meprednisone,,,,,,,,,,Meprednisone
K562,INO-1001 (3-Aminobenzamide),10.0,0.9999911110883628,SIDM00791,uM,ino1001,NC(=O)c1cccc(N)c1,nc(=o)c1cccc(n)c1,1.0,1991,k562,,,,0.9999911110883628,,ACH-000006,ino1001,,,,,,,,,,INO-1001 (3-Aminobenzamide)
K562,Nintedanib (BIBF 1120),0.01,0.989254010749052,SIDM00791,uM,nintedanib,COC(=O)c1ccc2c(c1)NC(=O)/C2=C(\Nc1ccc(N(C)C(=O)CN2CCN(C)CC2)cc1)c1ccccc1,coc(=o)c1ccc2c(c1)nc(=o)c2=c(nc1ccc(n(c)c(=o)cn2ccn(c)cc2)cc1)c1ccccc1,-2.0,1992,k562,0.0081,0.9456,-2.0915149811213505,0.989254010749052,0.9456,ACH-000006,nintedanib,,,,,,,,,0.9456,Nintedanib (BIBF 1120)
K562,Enzastaurin (LY317615),0.01,0.999961763827764,SIDM00791,uM,enzastaurin,Cn1cc(C2=C(c3cn(C4CCN(Cc5ccccn5)CC4)c4ccccc34)C(=O)NC2=O)c2ccccc21,cn1cc(c2=c(c3cn(c4ccn(cc5ccccn5)cc4)c4ccccc34)c(=o)nc2=o)c2ccccc21,-2.0,1993,k562,,,,0.999961763827764,,ACH-000006,enzastaurin,,,,,,,,,,Enzastaurin (LY317615)
K562,Givinostat (ITF2357),0.01,0.98313329863844,SIDM00791,uM,givinostat,CCN(CC)Cc1ccc2cc(COC(=O)Nc3ccc(C(=O)NO)cc3)ccc2c1.Cl.O,ccn(cc)cc1ccc2cc(coc(=o)nc3ccc(c(=o)no)cc3)ccc2c1,-2.0,1994,k562,,,,0.98313329863844,,ACH-000006,givinostat,,,,,,,,,,Givinostat (ITF2357)
K562,Danusertib (PHA-739358),0.01,0.909558146418903,SIDM00791,uM,danusertib,CO[C@@H](C(=O)N1Cc2[nH]nc(NC(=O)c3ccc(N4CCN(C)CC4)cc3)c2C1)c1ccccc1,co[ch](c(=o)n1cc2[nh]nc(nc(=o)c3ccc(n4ccn(c)cc4)cc3)c2c1)c1ccccc1,-2.0,1995,k562,,,,0.909558146418903,,ACH-000006,danusertib,,,,,,,,,,Danusertib (PHA-739358)
K562,Amisulpride,0.01,1.0,SIDM00791,uM,amisulpride,CCN1CCCC1CNC(=O)c1cc(S(=O)(=O)CC)c(N)cc1OC,ccn1cccc1cnc(=o)c1cc(s(=o)(=o)cc)c(n)cc1oc,-2.0,1996,k562,,,,1.0,,ACH-000006,amisulpride,,,,,,,,,,Amisulpride
K562,Sodium Phenylbutyrate,0.1,0.999999628502445,SIDM00791,uM,sodiumphenylbutyrate,O=C(CCCc1ccccc1)O[Na],o=c(cccc1ccccc1)o[na],-1.0,1997,k562,,,,0.999999628502445,,ACH-000006,sodiumphenylbutyrate,,,,,,,,,,Sodium Phenylbutyrate
K562,Lapatinib (GW-572016) Ditosylate,10.0,0.691923729738991,SIDM00791,uM,lapatinibditosylate,CS(=O)(=O)CCNCc1ccc(-c2ccc3ncnc(Nc4ccc(OCc5cccc(F)c5)c(Cl)c4)c3c2)o1.Cc1ccc(S(=O)(=O)O)cc1.Cc1ccc(S(=O)(=O)O)cc1,cs(=o)(=o)ccncc1ccc(c2ccc3ncnc(nc4ccc(occ5cccc(f)c5)c(cl)c4)c3c2)o1,1.0,1998,k562,,,,0.691923729738991,,ACH-000006,lapatinibditosylate,,,,,,,,,,Lapatinib (GW-572016) Ditosylate
K562,Cediranib (AZD2171),10.0,0.3389301013183761,SIDM00791,uM,cediranib,COc1cc2c(Oc3ccc4[nH]c(C)cc4c3F)ncnc2cc1OCCCN1CCCC1,coc1cc2c(oc3ccc4[nh]c(c)cc4c3f)ncnc2cc1occcn1cccc1,1.0,1999,k562,8.3,0.03719,0.919078092376074,0.3389301013183761,0.03719,ACH-000006,cediranib,,,,,,,,,0.03719,Cediranib (AZD2171)
K562,AZ 960,10.0,0.638228175264492,SIDM00791,uM,az960,Cc1cc(Nc2nc(N[C@@H](C)c3ccc(F)cc3)c(C#N)cc2F)n[nH]1,cc1cc(nc2nc(n[ch](c)c3ccc(f)cc3)c(c#n)cc2f)n[nh]1,1.0,2000,k562,,,,0.638228175264492,,ACH-000006,az960,,,,,,,,,,AZ 960
K562,Aurora A Inhibitor I,1.0,0.999217094928363,SIDM00791,uM,auroraainhibitori,CCN1CCN(C(=O)Cc2ccc(Nc3ncc(F)c(Nc4ccc(C(=O)Nc5ccccc5Cl)cc4)n3)cc2)CC1,ccn1ccn(c(=o)cc2ccc(nc3ncc(f)c(nc4ccc(c(=o)nc5ccccc5cl)cc4)n3)cc2)cc1,0.0,2001,k562,,,,0.999217094928363,,ACH-000006,auroraainhibitori,,,,,,,,,,Aurora A Inhibitor I
K562,PJ34,0.01,0.9999989894380088,SIDM00791,uM,pj34,CN(C)CC(=O)Nc1ccc2[nH]c(=O)c3ccccc3c2c1,cn(c)cc(=o)nc1ccc2[nh]c(=o)c3ccccc3c2c1,-2.0,2002,k562,,,,0.9999989894380088,,ACH-000006,pj34,,,,,,,,,,PJ34
K562,RG108,0.01,0.999831555242871,SIDM00791,uM,rg108,O=C(O)[C@H](Cc1c[nH]c2ccccc12)N1C(=O)c2ccccc2C1=O,o=c(o)[ch](cc1c[nh]c2ccccc12)n1c(=o)c2ccccc2c1=o,-2.0,2003,k562,0.0081,1.116,-2.0915149811213505,0.999831555242871,1.116,ACH-000006,rg108,,,,,,,,,1.116,RG108
K562,Crizotinib (PF-02341066),10.0,0.3863108259391389,SIDM00791,uM,crizotinib,CC(Oc1cc(-c2cnn(C3CCNCC3)c2)cnc1N)c1c(Cl)ccc(F)c1Cl,cc(oc1cc(c2cnn(c3ccncc3)c2)cnc1n)c1c(cl)ccc(f)c1cl,1.0,2004,k562,8.3,0.04359,0.919078092376074,0.3863108259391389,0.04359,ACH-000006,crizotinib,,,,,,,,,0.04359,Crizotinib (PF-02341066)
K562,SB431542,0.01,1.0,SIDM00791,uM,sb431542,NC(=O)c1ccc(-c2nc(-c3ccc4c(c3)OCO4)c(-c3ccccn3)[nH]2)cc1,nc(=o)c1ccc(c2nc(c3ccc4c(c3)oco4)c(c3ccccn3)[nh]2)cc1,-2.0,2005,k562,0.0081,0.9534,-2.0915149811213505,1.0,0.9534,ACH-000006,sb431542,,,,,,,,,0.9534,SB431542
K562,SL-327,0.1,1.0,SIDM00791,uM,sl327,N#C/C(=C(/N)Sc1ccc(N)cc1)c1ccccc1C(F)(F)F,n#cc(=c(n)sc1ccc(n)cc1)c1ccccc1c(f)(f)f,-1.0,2006,k562,,,,1.0,,ACH-000006,sl327,,,,,,,,,,SL-327
K562,MC1568,0.1,1.0,SIDM00791,uM,mc1568,Cn1cc(C=CC(=O)c2cccc(F)c2)cc1C=CC(=O)NO,cn1cc(c=cc(=o)c2cccc(f)c2)cc1c=cc(=o)no,-1.0,2007,k562,,,,1.0,,ACH-000006,mc1568,,,,,,,,,,MC1568
K562,EED226,0.01,1.0,SIDM00791,uM,eed226,CS(=O)(=O)c1ccc(-c2cnc(NCc3ccco3)n3cnnc23)cc1,cs(=o)(=o)c1ccc(c2cnc(ncc3ccco3)n3cnnc23)cc1,-2.0,2008,k562,,,,1.0,,ACH-000006,eed226,,,,,,,,,,EED226
K562,Carmofur,10.0,1.0,SIDM00791,uM,carmofur,CCCCCCNC(=O)n1cc(F)c(=O)[nH]c1=O,ccccccnc(=o)n1cc(f)c(=o)[nh]c1=o,1.0,2009,k562,,,,1.0,,ACH-000006,carmofur,,,,,,,,,,Carmofur
K562,MC1568,1.0,1.0,SIDM00791,uM,mc1568,Cn1cc(C=CC(=O)c2cccc(F)c2)cc1C=CC(=O)NO,cn1cc(c=cc(=o)c2cccc(f)c2)cc1c=cc(=o)no,0.0,2010,k562,,,,1.0,,ACH-000006,mc1568,,,,,,,,,,MC1568
K562,Entinostat (MS-275),10.0,0.512709997866134,SIDM00791,uM,entinostat,Nc1ccccc1NC(=O)c1ccc(CNC(=O)OCc2cccnc2)cc1,nc1ccccc1nc(=o)c1ccc(cnc(=o)occ2cccnc2)cc1,1.0,2011,k562,8.3,0.05614,0.919078092376074,0.512709997866134,0.05614,ACH-000006,entinostat,,,,,,,,,0.05614,Entinostat (MS-275)
K562,Zileuton,0.1,1.0,SIDM00791,uM,zileuton,CC(c1cc2ccccc2s1)N(O)C(N)=O,cc(c1cc2ccccc2s1)n(o)c(n)=o,-1.0,2012,k562,,,,1.0,,ACH-000006,zileuton,,,,,,,,,,Zileuton
K562,Entacapone,0.01,1.0,SIDM00791,uM,entacapone,CCN(CC)C(=O)C(C#N)=Cc1cc(O)c(O)c([N+](=O)[O-])c1,ccn(cc)c(=o)c(c#n)=cc1cc(o)c(o)c([n](=o)[o])c1,-2.0,2013,k562,,,,1.0,,ACH-000006,entacapone,,,,,,,,,,Entacapone
K562,KW-2449,10.0,0.803245604018129,SIDM00791,uM,kw2449,O=C(c1ccc(C=Cc2n[nH]c3ccccc23)cc1)N1CCNCC1,o=c(c1ccc(c=cc2n[nh]c3ccccc23)cc1)n1ccncc1,1.0,2014,k562,8.3,0.1005,0.919078092376074,0.803245604018129,0.1005,ACH-000006,kw2449,,,,,,,,,0.1005,KW-2449
K562,Alvespimycin (17-DMAG) HCl,10.0,0.365470467961635,SIDM00791,uM,alvespimycin,COC1/C=C\C=C(/C)C(=O)NC2=CC(=O)C(NCCN(C)C)=C(CC(C)CC(OC)C(O)C(C)/C=C(\C)C1OC(N)=O)C2=O.Cl,coc1c=cc=c(c)c(=o)nc2=cc(=o)c(nccn(c)c)=c(cc(c)cc(oc)c(o)c(c)c=c(c)c1oc(n)=o)c2=o,1.0,2015,k562,,,,0.365470467961635,,ACH-000006,alvespimycin,,,,,,,,,,Alvespimycin (17-DMAG) HCl
K562,BMS-754807,0.01,0.999999992188832,SIDM00791,uM,bms754807,CC1(C(=O)Nc2ccc(F)nc2)CCCN1c1nc(Nc2cc(C3CC3)[nH]n2)c2cccn2n1,cc1(c(=o)nc2ccc(f)nc2)cccn1c1nc(nc2cc(c3cc3)[nh]n2)c2cccn2n1,-2.0,2016,k562,0.0081,1.114,-2.0915149811213505,0.999999992188832,1.114,ACH-000006,bms754807,,,,,,,,,1.114,BMS-754807
K562,Droxinostat,0.1,1.0,SIDM00791,uM,droxinostat,Cc1cc(Cl)ccc1OCCCC(=O)NO,cc1cc(cl)ccc1occcc(=o)no,-1.0,2017,k562,,,,1.0,,ACH-000006,droxinostat,,,,,,,,,,Droxinostat
K562,Roxadustat (FG-4592),1.0,1.0,SIDM00791,uM,roxadustat,Cc1nc(C(=O)NCC(=O)O)c(O)c2ccc(Oc3ccccc3)cc12,cc1nc(c(=o)ncc(=o)o)c(o)c2ccc(oc3ccccc3)cc12,0.0,2018,k562,,,,1.0,,ACH-000006,roxadustat,,,,,,,,,,Roxadustat (FG-4592)
K562,Aminoglutethimide ,0.1,1.0,SIDM00791,uM,aminoglutethimide,CCC1(c2ccc(N)cc2)CCC(=O)NC1=O,ccc1(c2ccc(n)cc2)ccc(=o)nc1=o,-1.0,2019,k562,,,,1.0,,ACH-000006,aminoglutethimide,,,,,,,,,,Aminoglutethimide 
K562,AZD1480,10.0,0.453444126082032,SIDM00791,uM,azd1480,Cc1cc(Nc2nc(N[C@@H](C)c3ncc(F)cn3)ncc2Cl)n[nH]1,cc1cc(nc2nc(n[ch](c)c3ncc(f)cn3)ncc2cl)n[nh]1,1.0,2020,k562,8.3,0.8955,0.919078092376074,0.453444126082032,0.8955,ACH-000006,azd1480,,,,,,,,,0.8955,AZD1480
K562,"Cerdulatinib (PRT062070, PRT2070)",1.0,1.0,SIDM00791,uM,cerdulatinib,CCS(=O)(=O)N1CCN(c2ccc(Nc3ncc(C(N)=O)c(NC4CC4)n3)cc2)CC1.Cl,ccs(=o)(=o)n1ccn(c2ccc(nc3ncc(c(n)=o)c(nc4cc4)n3)cc2)cc1,0.0,2021,k562,,,,1.0,,ACH-000006,cerdulatinib,,,,,,,,,,"Cerdulatinib (PRT062070, PRT2070)"
K562,Tucidinostat (Chidamide),1.0,0.864687454153647,SIDM00791,uM,tucidinostat,Nc1ccc(F)cc1NC(=O)c1ccc(CNC(=O)C=Cc2cccnc2)cc1,nc1ccc(f)cc1nc(=o)c1ccc(cnc(=o)c=cc2cccnc2)cc1,0.0,2022,k562,,,,0.864687454153647,,ACH-000006,tucidinostat,,,,,,,,,,Tucidinostat (Chidamide)
K562,SB431542,0.1,1.0,SIDM00791,uM,sb431542,NC(=O)c1ccc(-c2nc(-c3ccc4c(c3)OCO4)c(-c3ccccn3)[nH]2)cc1,nc(=o)c1ccc(c2nc(c3ccc4c(c3)oco4)c(c3ccccn3)[nh]2)cc1,-1.0,2023,k562,0.13,0.9293,-0.8860566476931632,1.0,0.9293,ACH-000006,sb431542,,,,,,,,,0.9293,SB431542
K562,Regorafenib (BAY 73-4506),0.1,0.999999999999998,SIDM00791,uM,regorafenib,CNC(=O)c1cc(Oc2ccc(NC(=O)Nc3ccc(Cl)c(C(F)(F)F)c3)c(F)c2)ccn1,cnc(=o)c1cc(oc2ccc(nc(=o)nc3ccc(cl)c(c(f)(f)f)c3)c(f)c2)ccn1,-1.0,2024,k562,0.13,0.949,-0.8860566476931632,0.999999999999998,0.949,ACH-000006,regorafenib,,,,,,,,,0.949,Regorafenib (BAY 73-4506)
K562,Resveratrol,0.01,1.0,SIDM00791,uM,resveratrol,Oc1ccc(C=Cc2cc(O)cc(O)c2)cc1,oc1ccc(c=cc2cc(o)cc(o)c2)cc1,-2.0,2025,k562,,,,1.0,,ACH-000006,resveratrol,,,,,,,,,,Resveratrol
K562,Thiotepa,10.0,1.0,SIDM00791,uM,thiotepa,S=P(N1CC1)(N1CC1)N1CC1,s=p(n1cc1)(n1cc1)n1cc1,1.0,2026,k562,,,,1.0,,ACH-000006,thiotepa,,,,,,,,,,Thiotepa
K562,Cyclocytidine HCl,0.01,1.0,SIDM00791,uM,cyclocytidine,Cl.N=c1ccn2c(n1)OC1C(O)C(CO)OC12,n=c1ccn2c(n1)oc1c(o)c(co)oc12,-2.0,2027,k562,,,,1.0,,ACH-000006,cyclocytidine,,,,,,,,,,Cyclocytidine HCl
K562,Cimetidine ,0.1,1.0,SIDM00791,uM,cimetidine,CNC(=NC#N)NCCSCc1nc[nH]c1C,cnc(=nc#n)nccscc1nc[nh]c1c,-1.0,2028,k562,,,,1.0,,ACH-000006,cimetidine,,,,,,,,,,Cimetidine 
K562,AR-42,0.01,0.9762423773145592,SIDM00791,uM,ar42,CC(C)[C@H](C(=O)Nc1ccc(C(=O)NO)cc1)c1ccccc1,cc(c)[ch](c(=o)nc1ccc(c(=o)no)cc1)c1ccccc1,-2.0,2029,k562,,,,0.9762423773145592,,ACH-000006,ar42,,,,,,,,,,AR-42
K562,Regorafenib (BAY 73-4506),0.01,1.0,SIDM00791,uM,regorafenib,CNC(=O)c1cc(Oc2ccc(NC(=O)Nc3ccc(Cl)c(C(F)(F)F)c3)c(F)c2)ccn1,cnc(=o)c1cc(oc2ccc(nc(=o)nc3ccc(cl)c(c(f)(f)f)c3)c(f)c2)ccn1,-2.0,2030,k562,0.0081,1.025,-2.0915149811213505,1.0,1.025,ACH-000006,regorafenib,,,,,,,,,1.025,Regorafenib (BAY 73-4506)
K562,Fasudil (HA-1077) HCl,0.1,1.0,SIDM00791,uM,fasudil,Cl.O=S(=O)(c1cccc2cnccc12)N1CCCNCC1,o=s(=o)(c1cccc2cnccc12)n1cccncc1,-1.0,2031,k562,,,,1.0,,ACH-000006,fasudil,,,,,,,,,,Fasudil (HA-1077) HCl
K562,Andarine,0.1,0.99998392572307,SIDM00791,uM,andarine,CC(=O)Nc1ccc(OCC(C)(O)C(=O)Nc2ccc([N+](=O)[O-])c(C(F)(F)F)c2)cc1,cc(=o)nc1ccc(occ(c)(o)c(=o)nc2ccc([n](=o)[o])c(c(f)(f)f)c2)cc1,-1.0,2032,k562,,,,0.99998392572307,,ACH-000006,andarine,,,,,,,,,,Andarine
K562,Costunolide,0.01,0.999999999949996,SIDM00791,uM,costunolide,C=C1C(=O)OC2/C=C(\C)CC/C=C(\C)CCC12,c=c1c(=o)oc2c=c(c)ccc=c(c)ccc12,-2.0,2033,k562,,,,0.999999999949996,,ACH-000006,costunolide,,,,,,,,,,Costunolide
K562,BMS-911543,1.0,1.0,SIDM00791,uM,bms911543,CCn1c(C(=O)N(C2CC2)C2CC2)cc2c3c(ncn3C)c(Nc3cc(C)n(C)n3)nc21,ccn1c(c(=o)n(c2cc2)c2cc2)cc2c3c(ncn3c)c(nc3cc(c)n(c)n3)nc21,0.0,2034,k562,,,,1.0,,ACH-000006,bms911543,,,,,,,,,,BMS-911543
K562,"Rucaparib (AG-014699,PF-01367338) phosphate",1.0,1.0,SIDM00791,uM,rucaparib,CNCc1ccc(-c2[nH]c3cc(F)cc4c3c2CCNC4=O)cc1.O=P(O)(O)O,cncc1ccc(c2[nh]c3cc(f)cc4c3c2ccnc4=o)cc1,0.0,2035,k562,,,,1.0,,ACH-000006,rucaparib,,,,,,,,,,"Rucaparib (AG-014699,PF-01367338) phosphate"
K562,Pirarubicin,0.1,0.94255298997268,SIDM00791,uM,pirarubicin,COc1cccc2c1C(=O)c1c(O)c3c(c(O)c1C2=O)C[C@@](O)(C(=O)CO)C[C@@H]3O[C@H]1C[C@H](N)[C@H](O[C@@H]2CCCCO2)[C@H](C)O1,coc1cccc2c1c(=o)c1c(o)c3c(c(o)c1c2=o)c[c](o)(c(=o)co)c[ch]3o[ch]1c[ch](n)[ch](o[ch]2cccco2)[ch](c)o1,-1.0,2036,k562,,,,0.94255298997268,,ACH-000006,pirarubicin,,,,,,,,,,Pirarubicin
K562,Ki8751,0.1,0.999999989013504,SIDM00791,uM,ki8751,COc1cc2nccc(Oc3ccc(NC(=O)Nc4ccc(F)cc4F)c(F)c3)c2cc1OC,coc1cc2nccc(oc3ccc(nc(=o)nc4ccc(f)cc4f)c(f)c3)c2cc1oc,-1.0,2037,k562,0.13,0.9128,-0.8860566476931632,0.999999989013504,0.9128,ACH-000006,ki8751,,,,,,,,,0.9128,Ki8751
K562,ABT-737,0.1,0.9970402017669592,SIDM00791,uM,abt737,CN(C)CCC(CSc1ccccc1)Nc1ccc(S(=O)(=O)NC(=O)c2ccc(N3CCN(Cc4ccccc4-c4ccc(Cl)cc4)CC3)cc2)cc1[N+](=O)[O-],cn(c)ccc(csc1ccccc1)nc1ccc(s(=o)(=o)nc(=o)c2ccc(n3ccn(cc4ccccc4c4ccc(cl)cc4)cc3)cc2)cc1[n](=o)[o],-1.0,2038,k562,0.072,0.9533,-1.1426675035687315,0.9970402017669592,0.9533,ACH-000006,abt737,,,,,,,,,0.9533,ABT-737
K562,"Patupilone (EPO906, Epothilone B)",1.0,0.998545895409646,SIDM00791,uM,patupilone,C/C(=C\c1csc(C)n1)C1CC2OC2(C)CCCC(C)C(O)C(C)C(=O)C(C)(C)C(O)CC(=O)O1,cc(=cc1csc(c)n1)c1cc2oc2(c)cccc(c)c(o)c(c)c(=o)c(c)(c)c(o)cc(=o)o1,0.0,2039,k562,,,,0.998545895409646,,ACH-000006,patupilone,,,,,,,,,,"Patupilone (EPO906, Epothilone B)"
K562,Ramelteon,1.0,1.0,SIDM00791,uM,ramelteon,CCC(=O)NCCC1CCc2ccc3c(c21)CCO3,ccc(=o)nccc1ccc2ccc3c(c21)cco3,0.0,2040,k562,,,,1.0,,ACH-000006,ramelteon,,,,,,,,,,Ramelteon
K562,"Rucaparib (AG-014699,PF-01367338) phosphate",0.1,1.0,SIDM00791,uM,rucaparib,CNCc1ccc(-c2[nH]c3cc(F)cc4c3c2CCNC4=O)cc1.O=P(O)(O)O,cncc1ccc(c2[nh]c3cc(f)cc4c3c2ccnc4=o)cc1,-1.0,2041,k562,,,,1.0,,ACH-000006,rucaparib,,,,,,,,,,"Rucaparib (AG-014699,PF-01367338) phosphate"
K562,RG108,1.0,0.9984593356749608,SIDM00791,uM,rg108,O=C(O)[C@H](Cc1c[nH]c2ccccc12)N1C(=O)c2ccccc2C1=O,o=c(o)[ch](cc1c[nh]c2ccccc12)n1c(=o)c2ccccc2c1=o,0.0,2042,k562,1.0,1.105,0.0,0.9984593356749608,1.105,ACH-000006,rg108,,,,,,,,,1.105,RG108
K562,Dasatinib,10.0,1.0,SIDM00791,uM,dasatinib,Cc1nc(Nc2ncc(C(=O)Nc3c(C)cccc3Cl)s2)cc(N2CCN(CCO)CC2)n1,cc1nc(nc2ncc(c(=o)nc3c(c)cccc3cl)s2)cc(n2ccn(cco)cc2)n1,1.0,2043,k562,8.3,0.1101,0.919078092376074,1.0,0.1101,ACH-000006,dasatinib,,,,,,,,,0.1101,Dasatinib
K562,Crizotinib (PF-02341066),0.1,0.9703584579179272,SIDM00791,uM,crizotinib,CC(Oc1cc(-c2cnn(C3CCNCC3)c2)cnc1N)c1c(Cl)ccc(F)c1Cl,cc(oc1cc(c2cnn(c3ccncc3)c2)cnc1n)c1c(cl)ccc(f)c1cl,-1.0,2044,k562,0.13,1.017,-0.8860566476931632,0.9703584579179272,1.017,ACH-000006,crizotinib,,,,,,,,,1.017,Crizotinib (PF-02341066)
K562,"Tozasertib (VX-680, MK-0457)",10.0,0.5515467425345429,SIDM00791,uM,tozasertib,Cc1cc(Nc2cc(N3CCN(C)CC3)nc(Sc3ccc(NC(=O)C4CC4)cc3)n2)n[nH]1,cc1cc(nc2cc(n3ccn(c)cc3)nc(sc3ccc(nc(=o)c4cc4)cc3)n2)n[nh]1,1.0,2045,k562,,,,0.5515467425345429,,ACH-000006,tozasertib,,,,,,,,,,"Tozasertib (VX-680, MK-0457)"
K562,Motesanib Diphosphate (AMG-706),1.0,0.999997746466116,SIDM00791,uM,motesanibdiphosphate,CC1(C)CNc2cc(NC(=O)c3cccnc3NCc3ccncc3)ccc21.O=P(O)(O)O.O=P(O)(O)O,cc1(c)cnc2cc(nc(=o)c3cccnc3ncc3ccncc3)ccc21,0.0,2046,k562,,,,0.999997746466116,,ACH-000006,motesanibdiphosphate,,,,,,,,,,Motesanib Diphosphate (AMG-706)
K562,Dacinostat (LAQ824),0.01,0.97935278596859,SIDM00791,uM,dacinostat,O=C(C=Cc1ccc(CN(CCO)CCc2c[nH]c3ccccc23)cc1)NO,o=c(c=cc1ccc(cn(cco)ccc2c[nh]c3ccccc23)cc1)no,-2.0,2047,k562,,,,0.97935278596859,,ACH-000006,dacinostat,,,,,,,,,,Dacinostat (LAQ824)
K562,Streptozotocin (STZ),1.0,1.0,SIDM00791,uM,streptozotocin,CN(N=O)C(=O)NC1C(O)OC(CO)C(O)C1O,cn(n=o)c(=o)nc1c(o)oc(co)c(o)c1o,0.0,2048,k562,,,,1.0,,ACH-000006,streptozotocin,,,,,,,,,,Streptozotocin (STZ)
K562,CUDC-907,1.0,0.518513221612514,SIDM00791,uM,cudc907,COc1ccc(-c2nc(N3CCOCC3)c3sc(CN(C)c4ncc(C(=O)NO)cn4)cc3n2)cn1,coc1ccc(c2nc(n3ccocc3)c3sc(cn(c)c4ncc(c(=o)no)cn4)cc3n2)cn1,0.0,2049,k562,,,,0.518513221612514,,ACH-000006,cudc907,,,,,,,,,,CUDC-907
K562,Abexinostat (PCI-24781),0.1,0.7781417291983391,SIDM00791,uM,abexinostat,CN(C)Cc1c(C(=O)NCCOc2ccc(C(=O)NO)cc2)oc2ccccc12,cn(c)cc1c(c(=o)nccoc2ccc(c(=o)no)cc2)oc2ccccc12,-1.0,2050,k562,,,,0.7781417291983391,,ACH-000006,abexinostat,,,,,,,,,,Abexinostat (PCI-24781)
K562,EED226,0.1,1.0,SIDM00791,uM,eed226,CS(=O)(=O)c1ccc(-c2cnc(NCc3ccco3)n3cnnc23)cc1,cs(=o)(=o)c1ccc(c2cnc(ncc3ccco3)n3cnnc23)cc1,-1.0,2051,k562,,,,1.0,,ACH-000006,eed226,,,,,,,,,,EED226
K562,Dasatinib,0.01,1.0,SIDM00791,uM,dasatinib,Cc1nc(Nc2ncc(C(=O)Nc3c(C)cccc3Cl)s2)cc(N2CCN(CCO)CC2)n1,cc1nc(nc2ncc(c(=o)nc3c(c)cccc3cl)s2)cc(n2ccn(cco)cc2)n1,-2.0,2052,k562,0.0081,0.1829,-2.0915149811213505,1.0,0.1829,ACH-000006,dasatinib,,,,,,,,,0.1829,Dasatinib
K562,PCI-34051,0.01,1.0,SIDM00791,uM,pci34051,COc1ccc(Cn2ccc3ccc(C(=O)NO)cc32)cc1,coc1ccc(cn2ccc3ccc(c(=o)no)cc32)cc1,-2.0,2053,k562,,,,1.0,,ACH-000006,pci34051,,,,,,,,,,PCI-34051
K562,PF-573228,0.01,1.0,SIDM00791,uM,pf573228,CS(=O)(=O)c1cccc(CNc2nc(Nc3ccc4c(c3)CCC(=O)N4)ncc2C(F)(F)F)c1,cs(=o)(=o)c1cccc(cnc2nc(nc3ccc4c(c3)ccc(=o)n4)ncc2c(f)(f)f)c1,-2.0,2054,k562,0.0081,1.125,-2.0915149811213505,1.0,1.125,ACH-000006,pf573228,,,,,,,,,1.125,PF-573228
K562,AZ 960,0.01,0.999997267000246,SIDM00791,uM,az960,Cc1cc(Nc2nc(N[C@@H](C)c3ccc(F)cc3)c(C#N)cc2F)n[nH]1,cc1cc(nc2nc(n[ch](c)c3ccc(f)cc3)c(c#n)cc2f)n[nh]1,-2.0,2055,k562,,,,0.999997267000246,,ACH-000006,az960,,,,,,,,,,AZ 960
K562,TMP195,1.0,0.9999880287558708,SIDM00791,uM,tmp195,CC(C)(CNC(=O)c1cccc(-c2noc(C(F)(F)F)n2)c1)c1coc(-c2ccccc2)n1,cc(c)(cnc(=o)c1cccc(c2noc(c(f)(f)f)n2)c1)c1coc(c2ccccc2)n1,0.0,2056,k562,,,,0.9999880287558708,,ACH-000006,tmp195,,,,,,,,,,TMP195
K562,Sodium Phenylbutyrate,0.01,0.99999991404356,SIDM00791,uM,sodiumphenylbutyrate,O=C(CCCc1ccccc1)O[Na],o=c(cccc1ccccc1)o[na],-2.0,2057,k562,,,,0.99999991404356,,ACH-000006,sodiumphenylbutyrate,,,,,,,,,,Sodium Phenylbutyrate
K562,BRD4770,0.1,0.999999206098824,SIDM00791,uM,brd4770,COC(=O)c1ccc2c(c1)nc(NC(=O)c1ccccc1)n2CCCc1ccccc1,coc(=o)c1ccc2c(c1)nc(nc(=o)c1ccccc1)n2cccc1ccccc1,-1.0,2058,k562,,,,0.999999206098824,,ACH-000006,brd4770,,,,,,,,,,BRD4770
K562,"Cerdulatinib (PRT062070, PRT2070)",0.01,1.0,SIDM00791,uM,cerdulatinib,CCS(=O)(=O)N1CCN(c2ccc(Nc3ncc(C(N)=O)c(NC4CC4)n3)cc2)CC1.Cl,ccs(=o)(=o)n1ccn(c2ccc(nc3ncc(c(n)=o)c(nc4cc4)n3)cc2)cc1,-2.0,2059,k562,,,,1.0,,ACH-000006,cerdulatinib,,,,,,,,,,"Cerdulatinib (PRT062070, PRT2070)"
K562,M344,0.1,0.8921873266062992,SIDM00791,uM,m344,CN(C)c1ccc(C(=O)NCCCCCCC(=O)NO)cc1,cn(c)c1ccc(c(=o)nccccccc(=o)no)cc1,-1.0,2060,k562,,,,0.8921873266062992,,ACH-000006,m344,,,,,,,,,,M344
K562,Prednisone ,0.1,0.990514234772432,SIDM00791,uM,prednisone,CC12C=CC(=O)C=C1CCC1C2C(=O)CC2(C)C1CCC2(O)C(=O)CO,cc12c=cc(=o)c=c1ccc1c2c(=o)cc2(c)c1ccc2(o)c(=o)co,-1.0,2061,k562,,,,0.990514234772432,,ACH-000006,prednisone,,,,,,,,,,Prednisone 
K562,ENMD-2076,1.0,0.7048151466123441,SIDM00791,uM,enmd2076,Cc1cc(Nc2cc(N3CCN(C)CC3)nc(C=Cc3ccccc3)n2)n[nH]1,cc1cc(nc2cc(n3ccn(c)cc3)nc(c=cc3ccccc3)n2)n[nh]1,0.0,2062,k562,,,,0.7048151466123441,,ACH-000006,enmd2076,,,,,,,,,,ENMD-2076
K562,Fulvestrant,0.01,1.0,SIDM00791,uM,fulvestrant,CC12CCC3c4ccc(O)cc4CC(CCCCCCCCCS(=O)CCCC(F)(F)C(F)(F)F)C3C1CCC2O,cc12ccc3c4ccc(o)cc4cc(cccccccccs(=o)cccc(f)(f)c(f)(f)f)c3c1ccc2o,-2.0,2063,k562,,,,1.0,,ACH-000006,fulvestrant,,,,,,,,,,Fulvestrant
K562,Filgotinib (GLPG0634),10.0,1.0,SIDM00791,uM,filgotinib,O=C(Nc1nc2cccc(-c3ccc(CN4CCS(=O)(=O)CC4)cc3)n2n1)C1CC1,o=c(nc1nc2cccc(c3ccc(cn4ccs(=o)(=o)cc4)cc3)n2n1)c1cc1,1.0,2064,k562,,,,1.0,,ACH-000006,filgotinib,,,,,,,,,,Filgotinib (GLPG0634)
K562,Decitabine,1.0,0.96831818597998,SIDM00791,uM,decitabine,Nc1ncn([C@H]2C[C@H](O)[C@@H](CO)O2)c(=O)n1,nc1ncn([ch]2c[ch](o)[ch](co)o2)c(=o)n1,0.0,2065,k562,1.0,0.8086,0.0,0.96831818597998,0.8086,ACH-000006,decitabine,,,,,,,,,0.8086,Decitabine
K562,CEP-33779,0.1,1.0,SIDM00791,uM,cep33779,CN1CCN(c2cccc(Nc3nc4c(-c5ccc(S(C)(=O)=O)cc5)cccn4n3)c2)CC1,cn1ccn(c2cccc(nc3nc4c(c5ccc(s(c)(=o)=o)cc5)cccn4n3)c2)cc1,-1.0,2066,k562,,,,1.0,,ACH-000006,cep33779,,,,,,,,,,CEP-33779
K562,ABT-737,1.0,0.719858399237272,SIDM00791,uM,abt737,CN(C)CCC(CSc1ccccc1)Nc1ccc(S(=O)(=O)NC(=O)c2ccc(N3CCN(Cc4ccccc4-c4ccc(Cl)cc4)CC3)cc2)cc1[N+](=O)[O-],cn(c)ccc(csc1ccccc1)nc1ccc(s(=o)(=o)nc(=o)c2ccc(n3ccn(cc4ccccc4c4ccc(cl)cc4)cc3)cc2)cc1[n](=o)[o],0.0,2067,k562,1.2,0.9617,0.07918124604762482,0.719858399237272,0.9617,ACH-000006,abt737,,,,,,,,,0.9617,ABT-737
K562,Avagacestat (BMS-708163),10.0,0.6585063514728821,SIDM00791,uM,avagacestat,NC(=O)C(CCC(F)(F)F)N(Cc1ccc(-c2ncon2)cc1F)S(=O)(=O)c1ccc(Cl)cc1,nc(=o)c(ccc(f)(f)f)n(cc1ccc(c2ncon2)cc1f)s(=o)(=o)c1ccc(cl)cc1,1.0,2068,k562,,,,0.6585063514728821,,ACH-000006,avagacestat,,,,,,,,,,Avagacestat (BMS-708163)
K562,Filgotinib (GLPG0634),1.0,1.0,SIDM00791,uM,filgotinib,O=C(Nc1nc2cccc(-c3ccc(CN4CCS(=O)(=O)CC4)cc3)n2n1)C1CC1,o=c(nc1nc2cccc(c3ccc(cn4ccs(=o)(=o)cc4)cc3)n2n1)c1cc1,0.0,2069,k562,,,,1.0,,ACH-000006,filgotinib,,,,,,,,,,Filgotinib (GLPG0634)
K562,Hesperadin,0.1,0.969887029500122,SIDM00791,uM,hesperadin,CCS(=O)(=O)Nc1ccc2c(c1)C(=C(Nc1ccc(CN3CCCCC3)cc1)c1ccccc1)C(=O)N2,ccs(=o)(=o)nc1ccc2c(c1)c(=c(nc1ccc(cn3ccccc3)cc1)c1ccccc1)c(=o)n2,-1.0,2070,k562,,,,0.969887029500122,,ACH-000006,hesperadin,,,,,,,,,,Hesperadin
K562,Quercetin,0.01,0.998500256345177,SIDM00791,uM,quercetin,O=c1c(O)c(-c2ccc(O)c(O)c2)oc2cc(O)cc(O)c12,o=c1c(o)c(c2ccc(o)c(o)c2)oc2cc(o)cc(o)c12,-2.0,2071,k562,,,,0.998500256345177,,ACH-000006,quercetin,,,,,,,,,,Quercetin
K562,Filgotinib (GLPG0634),0.01,1.0,SIDM00791,uM,filgotinib,O=C(Nc1nc2cccc(-c3ccc(CN4CCS(=O)(=O)CC4)cc3)n2n1)C1CC1,o=c(nc1nc2cccc(c3ccc(cn4ccs(=o)(=o)cc4)cc3)n2n1)c1cc1,-2.0,2072,k562,,,,1.0,,ACH-000006,filgotinib,,,,,,,,,,Filgotinib (GLPG0634)
K562,WHI-P154,0.1,0.999996511324452,SIDM00791,uM,whip154,COc1cc2ncnc(Nc3ccc(O)c(Br)c3)c2cc1OC,coc1cc2ncnc(nc3ccc(o)c(br)c3)c2cc1oc,-1.0,2073,k562,,,,0.999996511324452,,ACH-000006,whip154,,,,,,,,,,WHI-P154
K562,Tranylcypromine (2-PCPA) HCl,0.1,1.0,SIDM00791,uM,tranylcypromine,*.Cl.N[C@@H]1C[C@H]1c1ccccc1,n[ch]1c[ch]1c1ccccc1,-1.0,2074,k562,,,,1.0,,ACH-000006,tranylcypromine,,,,,,,,,,Tranylcypromine (2-PCPA) HCl
K562,YM155 (Sepantronium Bromide),0.1,0.6475839136941489,SIDM00791,uM,ym155,COCCn1c2c([n+](Cc3cnccn3)c1C)C(=O)c1ccccc1C2=O.[Br-],coccn1c2c([n](cc3cnccn3)c1c)c(=o)c1ccccc1c2=o,-1.0,2075,k562,0.13,0.01511,-0.8860566476931632,0.6475839136941489,0.01511,ACH-000006,ym155,,,,,,,,,0.01511,YM155 (Sepantronium Bromide)
K562,Resminostat,0.1,0.962750468060432,SIDM00791,uM,resminostat,CN(C)Cc1ccc(S(=O)(=O)n2ccc(C=CC(=O)NO)c2)cc1,cn(c)cc1ccc(s(=o)(=o)n2ccc(c=cc(=o)no)c2)cc1,-1.0,2076,k562,,,,0.962750468060432,,ACH-000006,resminostat,,,,,,,,,,Resminostat
K562,Tucidinostat (Chidamide),0.1,0.8932805810607171,SIDM00791,uM,tucidinostat,Nc1ccc(F)cc1NC(=O)c1ccc(CNC(=O)C=Cc2cccnc2)cc1,nc1ccc(f)cc1nc(=o)c1ccc(cnc(=o)c=cc2cccnc2)cc1,-1.0,2077,k562,,,,0.8932805810607171,,ACH-000006,tucidinostat,,,,,,,,,,Tucidinostat (Chidamide)
K562,Maraviroc,0.01,1.0,SIDM00791,uM,maraviroc,Cc1nnc(C(C)C)n1C1CC2CCC(C1)N2CCC(NC(=O)C1CCC(F)(F)CC1)c1ccccc1,cc1nnc(c(c)c)n1c1cc2ccc(c1)n2ccc(nc(=o)c1ccc(f)(f)cc1)c1ccccc1,-2.0,2078,k562,,,,1.0,,ACH-000006,maraviroc,,,,,,,,,,Maraviroc
K562,INO-1001 (3-Aminobenzamide),0.1,0.999996496626596,SIDM00791,uM,ino1001,NC(=O)c1cccc(N)c1,nc(=o)c1cccc(n)c1,-1.0,2079,k562,,,,0.999996496626596,,ACH-000006,ino1001,,,,,,,,,,INO-1001 (3-Aminobenzamide)
K562,Aurora A Inhibitor I,10.0,0.747722057424283,SIDM00791,uM,auroraainhibitori,CCN1CCN(C(=O)Cc2ccc(Nc3ncc(F)c(Nc4ccc(C(=O)Nc5ccccc5Cl)cc4)n3)cc2)CC1,ccn1ccn(c(=o)cc2ccc(nc3ncc(f)c(nc4ccc(c(=o)nc5ccccc5cl)cc4)n3)cc2)cc1,1.0,2080,k562,,,,0.747722057424283,,ACH-000006,auroraainhibitori,,,,,,,,,,Aurora A Inhibitor I
K562,Streptozotocin (STZ),0.01,1.0,SIDM00791,uM,streptozotocin,CN(N=O)C(=O)NC1C(O)OC(CO)C(O)C1O,cn(n=o)c(=o)nc1c(o)oc(co)c(o)c1o,-2.0,2081,k562,,,,1.0,,ACH-000006,streptozotocin,,,,,,,,,,Streptozotocin (STZ)
K562,M344,0.01,0.988774808969887,SIDM00791,uM,m344,CN(C)c1ccc(C(=O)NCCCCCCC(=O)NO)cc1,cn(c)c1ccc(c(=o)nccccccc(=o)no)cc1,-2.0,2082,k562,,,,0.988774808969887,,ACH-000006,m344,,,,,,,,,,M344
K562,Tie2 kinase inhibitor,0.1,1.0,SIDM00791,uM,tie2kinaseinhibitor,COc1ccc2cc(-c3[nH]c(-c4ccc(S(C)=O)cc4)nc3-c3ccncc3)ccc2c1,coc1ccc2cc(c3[nh]c(c4ccc(s(c)=o)cc4)nc3c3ccncc3)ccc2c1,-1.0,2083,k562,,,,1.0,,ACH-000006,tie2kinaseinhibitor,,,,,,,,,,Tie2 kinase inhibitor
K562,Divalproex Sodium,1.0,1.0,SIDM00791,uM,divalproex,CCCC(CCC)C(=O)O.CCCC(CCC)C(=O)[O-].[Na+],cccc(ccc)c(=o)[o],0.0,2084,k562,,,,1.0,,ACH-000006,divalproex,,,,,,,,,,Divalproex Sodium
K562,Quisinostat (JNJ-26481585) 2HCl,0.1,1.0,SIDM00791,uM,quisinostat2hcl,Cl.Cl.Cn1cc(CNCC2CCN(c3ncc(C(=O)NO)cn3)CC2)c2ccccc21,cn1cc(cncc2ccn(c3ncc(c(=o)no)cn3)cc2)c2ccccc21,-1.0,2085,k562,,,,1.0,,ACH-000006,quisinostat2hcl,,,,,,,,,,Quisinostat (JNJ-26481585) 2HCl
K562,Ki16425,0.1,0.9713579974802852,SIDM00791,uM,ki16425,Cc1noc(-c2ccc(CSCCC(=O)O)cc2)c1NC(=O)OC(C)c1ccccc1Cl,cc1noc(c2ccc(csccc(=o)o)cc2)c1nc(=o)oc(c)c1ccccc1cl,-1.0,2086,k562,,,,0.9713579974802852,,ACH-000006,ki16425,,,,,,,,,,Ki16425
K562,SL-327,10.0,1.0,SIDM00791,uM,sl327,N#C/C(=C(/N)Sc1ccc(N)cc1)c1ccccc1C(F)(F)F,n#cc(=c(n)sc1ccc(n)cc1)c1ccccc1c(f)(f)f,1.0,2087,k562,,,,1.0,,ACH-000006,sl327,,,,,,,,,,SL-327
K562,XAV-939,1.0,0.999985383213872,SIDM00791,uM,xav939,Oc1nc(-c2ccc(C(F)(F)F)cc2)nc2c1CSCC2,oc1nc(c2ccc(c(f)(f)f)cc2)nc2c1cscc2,0.0,2088,k562,,,,0.999985383213872,,ACH-000006,xav939,,,,,,,,,,XAV-939
K562,Raltitrexed,0.01,0.999999900301364,SIDM00791,uM,raltitrexed,Cc1nc2ccc(CN(C)c3ccc(C(=O)NC(CCC(=O)O)C(=O)O)s3)cc2c(=O)[nH]1,cc1nc2ccc(cn(c)c3ccc(c(=o)nc(ccc(=o)o)c(=o)o)s3)cc2c(=o)[nh]1,-2.0,2089,k562,,,,0.999999900301364,,ACH-000006,raltitrexed,,,,,,,,,,Raltitrexed
K562,Iniparib (BSI-201),0.01,1.0,SIDM00791,uM,iniparib,NC(=O)c1ccc(I)c([N+](=O)[O-])c1,nc(=o)c1ccc(i)c([n](=o)[o])c1,-2.0,2090,k562,,,,1.0,,ACH-000006,iniparib,,,,,,,,,,Iniparib (BSI-201)
K562,Costunolide,10.0,0.999999864203258,SIDM00791,uM,costunolide,C=C1C(=O)OC2/C=C(\C)CC/C=C(\C)CCC12,c=c1c(=o)oc2c=c(c)ccc=c(c)ccc12,1.0,2091,k562,,,,0.999999864203258,,ACH-000006,costunolide,,,,,,,,,,Costunolide
K562,UNC0631,1.0,0.9746931330111128,SIDM00791,uM,unc0631,COc1cc2c(NC3CCN(CC4CCCCC4)CC3)nc(N3CCCN(C(C)C)CC3)nc2cc1OCCCN1CCCCC1,coc1cc2c(nc3ccn(cc4ccccc4)cc3)nc(n3cccn(c(c)c)cc3)nc2cc1occcn1ccccc1,0.0,2092,k562,,,,0.9746931330111128,,ACH-000006,unc0631,,,,,,,,,,UNC0631
K562,ITSA-1 (ITSA1),0.1,0.9999983144540692,SIDM00791,uM,itsa1,O=C(c1ccc(Cl)cc1Cl)n1nnc2ccccc21,o=c(c1ccc(cl)cc1cl)n1nnc2ccccc21,-1.0,2093,k562,,,,0.9999983144540692,,ACH-000006,itsa1,,,,,,,,,,ITSA-1 (ITSA1)
K562,Mesna ,0.1,1.0,SIDM00791,uM,mesna,O=S(=O)([O-])CCS.[Na+],o=s(=o)([o])ccs,-1.0,2094,k562,,,,1.0,,ACH-000006,mesna,,,,,,,,,,Mesna 
K562,Daphnetin,10.0,0.9169414891720328,SIDM00791,uM,daphnetin,O=c1ccc2ccc(O)c(O)c2o1,o=c1ccc2ccc(o)c(o)c2o1,1.0,2095,k562,,,,0.9169414891720328,,ACH-000006,daphnetin,,,,,,,,,,Daphnetin
K562,Dacinostat (LAQ824),1.0,0.867730858615146,SIDM00791,uM,dacinostat,O=C(C=Cc1ccc(CN(CCO)CCc2c[nH]c3ccccc23)cc1)NO,o=c(c=cc1ccc(cn(cco)ccc2c[nh]c3ccccc23)cc1)no,0.0,2096,k562,,,,0.867730858615146,,ACH-000006,dacinostat,,,,,,,,,,Dacinostat (LAQ824)
K562,MK-0752,10.0,1.0,SIDM00791,uM,mk0752,O=C(O)CCC1CCC(c2cc(F)ccc2F)(S(=O)(=O)c2ccc(Cl)cc2)CC1,o=c(o)ccc1ccc(c2cc(f)ccc2f)(s(=o)(=o)c2ccc(cl)cc2)cc1,1.0,2097,k562,8.3,1.112,0.919078092376074,1.0,1.112,ACH-000006,mk0752,,,,,,,,,1.112,MK-0752
K562,Alendronate sodium trihydrate,0.1,0.9024928971684352,SIDM00791,uM,alendronatetrihydrate,NCCCC(O)(P(=O)(O)O)P(=O)(O)O[Na].O.O.O,ncccc(o)(p(=o)(o)o)p(=o)(o)o[na],-1.0,2098,k562,,,,0.9024928971684352,,ACH-000006,alendronatetrihydrate,,,,,,,,,,Alendronate sodium trihydrate
K562,Sorafenib Tosylate,0.01,1.0,SIDM00791,uM,sorafenibtosylate,CNC(=O)c1cc(Oc2ccc(NC(=O)Nc3ccc(Cl)c(C(F)(F)F)c3)cc2)ccn1.Cc1ccc(S(=O)(=O)O)cc1,cnc(=o)c1cc(oc2ccc(nc(=o)nc3ccc(cl)c(c(f)(f)f)c3)cc2)ccn1,-2.0,2099,k562,,,,1.0,,ACH-000006,sorafenibtosylate,,,,,,,,,,Sorafenib Tosylate
K562,Ellagic acid,0.01,1.0,SIDM00791,uM,ellagicacid,O=c1oc2c(O)c(O)cc3c(=O)oc4c(O)c(O)cc1c4c23,o=c1oc2c(o)c(o)cc3c(=o)oc4c(o)c(o)cc1c4c23,-2.0,2100,k562,,,,1.0,,ACH-000006,ellagicacid,,,,,,,,,,Ellagic acid
K562,Divalproex Sodium,10.0,1.0,SIDM00791,uM,divalproex,CCCC(CCC)C(=O)O.CCCC(CCC)C(=O)[O-].[Na+],cccc(ccc)c(=o)[o],1.0,2101,k562,,,,1.0,,ACH-000006,divalproex,,,,,,,,,,Divalproex Sodium
K562,Regorafenib (BAY 73-4506),10.0,0.3992033646134489,SIDM00791,uM,regorafenib,CNC(=O)c1cc(Oc2ccc(NC(=O)Nc3ccc(Cl)c(C(F)(F)F)c3)c(F)c2)ccn1,cnc(=o)c1cc(oc2ccc(nc(=o)nc3ccc(cl)c(c(f)(f)f)c3)c(f)c2)ccn1,1.0,2102,k562,8.3,0.08153,0.919078092376074,0.3992033646134489,0.08153,ACH-000006,regorafenib,,,,,,,,,0.08153,Regorafenib (BAY 73-4506)
K562,S-Ruxolitinib (INCB018424),0.01,0.999997239890105,SIDM00791,uM,ruxolitinib,N#CC[C@@H](C1CCCC1)n1cc(-c2ncnc3[nH]ccc23)cn1,n#cc[ch](c1cccc1)n1cc(c2ncnc3[nh]ccc23)cn1,-2.0,2103,k562,0.0081,0.9756,-2.0915149811213505,0.999997239890105,0.9756,ACH-000006,sruxolitinib,,,,,,,,,0.9756,S-Ruxolitinib (INCB018424)
K562,Hesperadin,1.0,0.948800418555228,SIDM00791,uM,hesperadin,CCS(=O)(=O)Nc1ccc2c(c1)C(=C(Nc1ccc(CN3CCCCC3)cc1)c1ccccc1)C(=O)N2,ccs(=o)(=o)nc1ccc2c(c1)c(=c(nc1ccc(cn3ccccc3)cc1)c1ccccc1)c(=o)n2,0.0,2104,k562,,,,0.948800418555228,,ACH-000006,hesperadin,,,,,,,,,,Hesperadin
K562,S-Ruxolitinib (INCB018424),10.0,0.999969733229225,SIDM00791,uM,ruxolitinib,N#CC[C@@H](C1CCCC1)n1cc(-c2ncnc3[nH]ccc23)cn1,n#cc[ch](c1cccc1)n1cc(c2ncnc3[nh]ccc23)cn1,1.0,2105,k562,8.3,0.7942,0.919078092376074,0.999969733229225,0.7942,ACH-000006,sruxolitinib,,,,,,,,,0.7942,S-Ruxolitinib (INCB018424)
K562,Vandetanib (ZD6474),0.1,0.9999979062975228,SIDM00791,uM,vandetanib,COc1cc2c(Nc3ccc(Br)cc3F)ncnc2cc1OCC1CCN(C)CC1,coc1cc2c(nc3ccc(br)cc3f)ncnc2cc1occ1ccn(c)cc1,-1.0,2106,k562,0.13,0.9732,-0.8860566476931632,0.9999979062975228,0.9732,ACH-000006,vandetanib,,,,,,,,,0.9732,Vandetanib (ZD6474)
K562,Quercetin,1.0,0.988546430013565,SIDM00791,uM,quercetin,O=c1c(O)c(-c2ccc(O)c(O)c2)oc2cc(O)cc(O)c12,o=c1c(o)c(c2ccc(o)c(o)c2)oc2cc(o)cc(o)c12,0.0,2107,k562,,,,0.988546430013565,,ACH-000006,quercetin,,,,,,,,,,Quercetin
K562,Motesanib Diphosphate (AMG-706),0.01,0.999999705183635,SIDM00791,uM,motesanibdiphosphate,CC1(C)CNc2cc(NC(=O)c3cccnc3NCc3ccncc3)ccc21.O=P(O)(O)O.O=P(O)(O)O,cc1(c)cnc2cc(nc(=o)c3cccnc3ncc3ccncc3)ccc21,-2.0,2108,k562,,,,0.999999705183635,,ACH-000006,motesanibdiphosphate,,,,,,,,,,Motesanib Diphosphate (AMG-706)
K562,Decitabine,0.1,0.98256945186425,SIDM00791,uM,decitabine,Nc1ncn([C@H]2C[C@H](O)[C@@H](CO)O2)c(=O)n1,nc1ncn([ch]2c[ch](o)[ch](co)o2)c(=o)n1,-1.0,2109,k562,0.13,0.9261,-0.8860566476931632,0.98256945186425,0.9261,ACH-000006,decitabine,,,,,,,,,0.9261,Decitabine
K562,"Fedratinib (SAR302503, TG101348)",1.0,0.650302457920217,SIDM00791,uM,fedratinib,Cc1cnc(Nc2ccc(OCCN3CCCC3)cc2)nc1Nc1cccc(S(=O)(=O)NC(C)(C)C)c1,cc1cnc(nc2ccc(occn3cccc3)cc2)nc1nc1cccc(s(=o)(=o)nc(c)(c)c)c1,0.0,2110,k562,,,,0.650302457920217,,ACH-000006,fedratinib,,,,,,,,,,"Fedratinib (SAR302503, TG101348)"
K562,Zileuton,0.01,1.0,SIDM00791,uM,zileuton,CC(c1cc2ccccc2s1)N(O)C(N)=O,cc(c1cc2ccccc2s1)n(o)c(n)=o,-2.0,2111,k562,,,,1.0,,ACH-000006,zileuton,,,,,,,,,,Zileuton
K562,Tucidinostat (Chidamide),10.0,0.856970403515811,SIDM00791,uM,tucidinostat,Nc1ccc(F)cc1NC(=O)c1ccc(CNC(=O)C=Cc2cccnc2)cc1,nc1ccc(f)cc1nc(=o)c1ccc(cnc(=o)c=cc2cccnc2)cc1,1.0,2112,k562,,,,0.856970403515811,,ACH-000006,tucidinostat,,,,,,,,,,Tucidinostat (Chidamide)
K562,SRT1720 HCl,10.0,0.126600571645796,SIDM00791,uM,srt1720,Cl.O=C(Nc1ccccc1-c1cn2c(CN3CCNCC3)csc2n1)c1cnc2ccccc2n1,o=c(nc1ccccc1c1cn2c(cn3ccncc3)csc2n1)c1cnc2ccccc2n1,1.0,2113,k562,,,,0.126600571645796,,ACH-000006,srt1720,,,,,,,,,,SRT1720 HCl
K562,Obatoclax Mesylate (GX15-070),1.0,0.999947050124221,SIDM00791,uM,obatoclax,COC1=CC(c2cc3ccccc3[nH]2)=N/C1=C\c1[nH]c(C)cc1C.CS(=O)(=O)O,coc1=cc(c2cc3ccccc3[nh]2)=nc1=cc1[nh]c(c)cc1c,0.0,2114,k562,1.0,1.062,0.0,0.999947050124221,1.062,ACH-000006,obatoclax,,,,,,,,,1.062,Obatoclax Mesylate (GX15-070)
K562,AC480 (BMS-599626),0.1,0.9999999952887758,SIDM00791,uM,ac480,Cc1c(NC(=O)OCC2COCCN2)cn2ncnc(Nc3ccc4c(cnn4Cc4cccc(F)c4)c3)c12,cc1c(nc(=o)occ2coccn2)cn2ncnc(nc3ccc4c(cnn4cc4cccc(f)c4)c3)c12,-1.0,2115,k562,,,,0.9999999952887758,,ACH-000006,ac480,,,,,,,,,,AC480 (BMS-599626)
K562,Amisulpride,1.0,1.0,SIDM00791,uM,amisulpride,CCN1CCCC1CNC(=O)c1cc(S(=O)(=O)CC)c(N)cc1OC,ccn1cccc1cnc(=o)c1cc(s(=o)(=o)cc)c(n)cc1oc,0.0,2116,k562,,,,1.0,,ACH-000006,amisulpride,,,,,,,,,,Amisulpride
K562,Capecitabine ,0.01,1.0,SIDM00791,uM,capecitabine,CCCCCOC(=O)Nc1nc(=O)n(C2OC(C)C(O)C2O)cc1F,cccccoc(=o)nc1nc(=o)n(c2oc(c)c(o)c2o)cc1f,-2.0,2117,k562,,,,1.0,,ACH-000006,capecitabine,,,,,,,,,,Capecitabine 
K562,Iniparib (BSI-201),10.0,1.0,SIDM00791,uM,iniparib,NC(=O)c1ccc(I)c([N+](=O)[O-])c1,nc(=o)c1ccc(i)c([n](=o)[o])c1,1.0,2118,k562,,,,1.0,,ACH-000006,iniparib,,,,,,,,,,Iniparib (BSI-201)
K562,Tanespimycin (17-AAG),10.0,0.297522859388234,SIDM00791,uM,tanespimycin,C=CCNC1=C2CC(C)CC(OC)C(O)C(C)/C=C(\C)C(OC(N)=O)C(OC)/C=C\C=C(/C)C(=O)NC(=CC1=O)C2=O,c=ccnc1=c2cc(c)cc(oc)c(o)c(c)c=c(c)c(oc(n)=o)c(oc)c=cc=c(c)c(=o)nc(=cc1=o)c2=o,1.0,2119,k562,8.3,0.1529,0.919078092376074,0.297522859388234,0.1529,ACH-000006,tanespimycin,,,,,,,,,0.1529,Tanespimycin (17-AAG)
K562,CUDC-101,1.0,0.7343619133062901,SIDM00791,uM,cudc101,C#Cc1cccc(Nc2ncnc3cc(OC)c(OCCCCCCC(=O)NO)cc23)c1,c#cc1cccc(nc2ncnc3cc(oc)c(occccccc(=o)no)cc23)c1,0.0,2120,k562,,,,0.7343619133062901,,ACH-000006,cudc101,,,,,,,,,,CUDC-101
K562,Curcumin,0.1,1.0,SIDM00791,uM,curcumin,COc1cc(C=CC(=O)C=C(O)C=Cc2ccc(O)c(OC)c2)ccc1O,coc1cc(c=cc(=o)c=c(o)c=cc2ccc(o)c(oc)c2)ccc1o,-1.0,2121,k562,0.081,0.9862,-1.0915149811213503,1.0,0.9862,ACH-000006,curcumin,,,,,,,,,0.9862,Curcumin
K562,AZD1480,0.1,0.971323680670617,SIDM00791,uM,azd1480,Cc1cc(Nc2nc(N[C@@H](C)c3ncc(F)cn3)ncc2Cl)n[nH]1,cc1cc(nc2nc(n[ch](c)c3ncc(f)cn3)ncc2cl)n[nh]1,-1.0,2122,k562,0.13,1.047,-0.8860566476931632,0.971323680670617,1.047,ACH-000006,azd1480,,,,,,,,,1.047,AZD1480
K562,WP1066,0.01,1.0,SIDM00791,uM,wp1066,C[C@H](NC(=O)C(C#N)=Cc1cccc(Br)n1)c1ccccc1,c[ch](nc(=o)c(c#n)=cc1cccc(br)n1)c1ccccc1,-2.0,2123,k562,,,,1.0,,ACH-000006,wp1066,,,,,,,,,,WP1066
K562,TG101209,0.1,0.997303051688201,SIDM00791,uM,tg101209,Cc1cnc(Nc2ccc(N3CCN(C)CC3)cc2)nc1Nc1cccc(S(=O)(=O)NC(C)(C)C)c1,cc1cnc(nc2ccc(n3ccn(c)cc3)cc2)nc1nc1cccc(s(=o)(=o)nc(c)(c)c)c1,-1.0,2124,k562,,,,0.997303051688201,,ACH-000006,tg101209,,,,,,,,,,TG101209
K562,XAV-939,0.01,0.999998087773297,SIDM00791,uM,xav939,Oc1nc(-c2ccc(C(F)(F)F)cc2)nc2c1CSCC2,oc1nc(c2ccc(c(f)(f)f)cc2)nc2c1cscc2,-2.0,2125,k562,,,,0.999998087773297,,ACH-000006,xav939,,,,,,,,,,XAV-939
K562,Thalidomide,0.01,1.0,SIDM00791,uM,thalidomide,O=C1CCC(N2C(=O)c3ccccc3C2=O)C(=O)N1,o=c1ccc(n2c(=o)c3ccccc3c2=o)c(=o)n1,-2.0,2126,k562,0.0081,0.9306,-2.0915149811213505,1.0,0.9306,ACH-000006,thalidomide,,,,,,,,,0.9306,Thalidomide
K562,Resminostat,1.0,0.826623769342249,SIDM00791,uM,resminostat,CN(C)Cc1ccc(S(=O)(=O)n2ccc(C=CC(=O)NO)c2)cc1,cn(c)cc1ccc(s(=o)(=o)n2ccc(c=cc(=o)no)c2)cc1,0.0,2127,k562,,,,0.826623769342249,,ACH-000006,resminostat,,,,,,,,,,Resminostat
K562,GSK J1,10.0,1.0,SIDM00791,uM,gskj1,O=C(O)CCNc1cc(N2CCc3ccccc3CC2)nc(-c2ccccn2)n1,o=c(o)ccnc1cc(n2ccc3ccccc3cc2)nc(c2ccccn2)n1,1.0,2128,k562,,,,1.0,,ACH-000006,gskj1,,,,,,,,,,GSK J1
K562,Nilotinib (AMN-107),10.0,0.433521034367967,SIDM00791,uM,nilotinib,Cc1cn(-c2cc(NC(=O)c3ccc(C)c(Nc4nccc(-c5cccnc5)n4)c3)cc(C(F)(F)F)c2)cn1,cc1cn(c2cc(nc(=o)c3ccc(c)c(nc4nccc(c5cccnc5)n4)c3)cc(c(f)(f)f)c2)cn1,1.0,2129,k562,8.3,0.1941,0.919078092376074,0.433521034367967,0.1941,ACH-000006,nilotinib,,,,,,,,,0.1941,Nilotinib (AMN-107)
K562,Sorafenib Tosylate,10.0,0.492096796131825,SIDM00791,uM,sorafenibtosylate,CNC(=O)c1cc(Oc2ccc(NC(=O)Nc3ccc(Cl)c(C(F)(F)F)c3)cc2)ccn1.Cc1ccc(S(=O)(=O)O)cc1,cnc(=o)c1cc(oc2ccc(nc(=o)nc3ccc(cl)c(c(f)(f)f)c3)cc2)ccn1,1.0,2130,k562,,,,0.492096796131825,,ACH-000006,sorafenibtosylate,,,,,,,,,,Sorafenib Tosylate
K562,Alendronate sodium trihydrate,1.0,0.899201377860932,SIDM00791,uM,alendronatetrihydrate,NCCCC(O)(P(=O)(O)O)P(=O)(O)O[Na].O.O.O,ncccc(o)(p(=o)(o)o)p(=o)(o)o[na],0.0,2131,k562,,,,0.899201377860932,,ACH-000006,alendronatetrihydrate,,,,,,,,,,Alendronate sodium trihydrate
K562,Ellagic acid,0.1,1.0,SIDM00791,uM,ellagicacid,O=c1oc2c(O)c(O)cc3c(=O)oc4c(O)c(O)cc1c4c23,o=c1oc2c(o)c(o)cc3c(=o)oc4c(o)c(o)cc1c4c23,-1.0,2132,k562,,,,1.0,,ACH-000006,ellagicacid,,,,,,,,,,Ellagic acid
K562,Pracinostat (SB939),1.0,0.5044845741775379,SIDM00791,uM,pracinostat,CCCCc1nc2cc(C=CC(=O)NO)ccc2n1CCN(CC)CC,ccccc1nc2cc(c=cc(=o)no)ccc2n1ccn(cc)cc,0.0,2133,k562,,,,0.5044845741775379,,ACH-000006,pracinostat,,,,,,,,,,Pracinostat (SB939)
K562,MK-5108 (VX-689),0.1,0.9999561760825352,SIDM00791,uM,mk5108,O=C(O)[C@]1(Cc2cccc(Nc3nccs3)n2)CC[C@@H](Oc2cccc(Cl)c2F)CC1,o=c(o)[c]1(cc2cccc(nc3nccs3)n2)cc[ch](oc2cccc(cl)c2f)cc1,-1.0,2134,k562,,,,0.9999561760825352,,ACH-000006,mk5108,,,,,,,,,,MK-5108 (VX-689)
K562,Clevudine ,0.01,1.0,SIDM00791,uM,clevudine,Cc1cn([C@H]2O[C@@H](CO)[C@H](O)[C@H]2F)c(=O)[nH]c1=O,cc1cn([ch]2o[ch](co)[ch](o)[ch]2f)c(=o)[nh]c1=o,-2.0,2135,k562,,,,1.0,,ACH-000006,clevudine,,,,,,,,,,Clevudine 
K562,"Temsirolimus (CCI-779, NSC 683864)",0.1,0.940262559118073,SIDM00791,uM,temsirolimus,COC1CC2CCC(C)C(O)(O2)C(=O)C(=O)N2CCCCC2C(=O)OC(C(C)CC2CCC(OC(=O)C(C)(CO)CO)C(OC)C2)CC(=O)C(C)/C=C(\C)C(O)C(OC)C(=O)C(C)CC(C)/C=C/C=C/C=C/1C,coc1cc2ccc(c)c(o)(o2)c(=o)c(=o)n2ccccc2c(=o)oc(c(c)cc2ccc(oc(=o)c(c)(co)co)c(oc)c2)cc(=o)c(c)c=c(c)c(o)c(oc)c(=o)c(c)cc(c)c=cc=cc=c1c,-1.0,2136,k562,,,,0.940262559118073,,ACH-000006,temsirolimus,,,,,,,,,,"Temsirolimus (CCI-779, NSC 683864)"
K562,Raltitrexed,1.0,0.999277507874656,SIDM00791,uM,raltitrexed,Cc1nc2ccc(CN(C)c3ccc(C(=O)NC(CCC(=O)O)C(=O)O)s3)cc2c(=O)[nH]1,cc1nc2ccc(cn(c)c3ccc(c(=o)nc(ccc(=o)o)c(=o)o)s3)cc2c(=o)[nh]1,0.0,2137,k562,,,,0.999277507874656,,ACH-000006,raltitrexed,,,,,,,,,,Raltitrexed
K562,S-Ruxolitinib (INCB018424),1.0,0.9999789021161568,SIDM00791,uM,ruxolitinib,N#CC[C@@H](C1CCCC1)n1cc(-c2ncnc3[nH]ccc23)cn1,n#cc[ch](c1cccc1)n1cc(c2ncnc3[nh]ccc23)cn1,0.0,2138,k562,1.0,0.9992,0.0,0.9999789021161568,0.9992,ACH-000006,sruxolitinib,,,,,,,,,0.9992,S-Ruxolitinib (INCB018424)
K562,Mercaptopurine (6-MP),0.01,0.999932873861719,SIDM00791,uM,mercaptopurine,S=c1nc[nH]c2nc[nH]c12,s=c1nc[nh]c2nc[nh]c12,-2.0,2139,k562,,,,0.999932873861719,,ACH-000006,mercaptopurine,,,,,,,,,,Mercaptopurine (6-MP)
K562,Daphnetin,0.1,0.9996662787907952,SIDM00791,uM,daphnetin,O=c1ccc2ccc(O)c(O)c2o1,o=c1ccc2ccc(o)c(o)c2o1,-1.0,2140,k562,,,,0.9996662787907952,,ACH-000006,daphnetin,,,,,,,,,,Daphnetin
K562,Trametinib (GSK1120212),0.01,0.99999309937565,SIDM00791,uM,trametinib,CC(=O)Nc1cccc(-n2c(=O)n(C3CC3)c(=O)c3c(Nc4ccc(I)cc4F)n(C)c(=O)c(C)c32)c1,cc(=o)nc1cccc(n2c(=o)n(c3cc3)c(=o)c3c(nc4ccc(i)cc4f)n(c)c(=o)c(c)c32)c1,-2.0,2141,k562,0.0081,1.057,-2.0915149811213505,0.99999309937565,1.057,ACH-000006,trametinib,,,,,,,,,1.057,Trametinib (GSK1120212)
K562,MK-5108 (VX-689),0.01,0.999999933801082,SIDM00791,uM,mk5108,O=C(O)[C@]1(Cc2cccc(Nc3nccs3)n2)CC[C@@H](Oc2cccc(Cl)c2F)CC1,o=c(o)[c]1(cc2cccc(nc3nccs3)n2)cc[ch](oc2cccc(cl)c2f)cc1,-2.0,2142,k562,,,,0.999999933801082,,ACH-000006,mk5108,,,,,,,,,,MK-5108 (VX-689)
K562,Tofacitinib (CP-690550) Citrate,10.0,1.0,SIDM00791,uM,tofacitinib,C[C@@H]1CCN(C(=O)CC#N)C[C@@H]1N(C)c1ncnc2[nH]ccc12.O=C(O)CC(O)(CC(=O)O)C(=O)O,c[ch]1ccn(c(=o)cc#n)c[ch]1n(c)c1ncnc2[nh]ccc12,1.0,2143,k562,,,,1.0,,ACH-000006,tofacitinib,,,,,,,,,,Tofacitinib (CP-690550) Citrate
K562,XAV-939,0.1,0.9999917354936072,SIDM00791,uM,xav939,Oc1nc(-c2ccc(C(F)(F)F)cc2)nc2c1CSCC2,oc1nc(c2ccc(c(f)(f)f)cc2)nc2c1cscc2,-1.0,2144,k562,,,,0.9999917354936072,,ACH-000006,xav939,,,,,,,,,,XAV-939
K562,Bosutinib (SKI-606),1.0,0.248344119039317,SIDM00791,uM,bosutinib,COc1cc(Nc2c(C#N)cnc3cc(OCCCN4CCN(C)CC4)c(OC)cc23)c(Cl)cc1Cl,coc1cc(nc2c(c#n)cnc3cc(occcn4ccn(c)cc4)c(oc)cc23)c(cl)cc1cl,0.0,2145,k562,1.0,0.8321,0.0,0.248344119039317,0.8321,ACH-000006,bosutinib,,,,,,,,,0.8321,Bosutinib (SKI-606)
K562,AR-42,10.0,0.379825921506937,SIDM00791,uM,ar42,CC(C)[C@H](C(=O)Nc1ccc(C(=O)NO)cc1)c1ccccc1,cc(c)[ch](c(=o)nc1ccc(c(=o)no)cc1)c1ccccc1,1.0,2146,k562,,,,0.379825921506937,,ACH-000006,ar42,,,,,,,,,,AR-42
K562,BMS-536924,10.0,0.812764095006413,SIDM00791,uM,bms536924,Cc1cc(N2CCOCC2)cc2[nH]c(-c3c(NCC(O)c4cccc(Cl)c4)cc[nH]c3=O)nc12,cc1cc(n2ccocc2)cc2[nh]c(c3c(ncc(o)c4cccc(cl)c4)cc[nh]c3=o)nc12,1.0,2147,k562,9.2,0.8936,0.9637878273455552,0.812764095006413,0.8936,ACH-000006,bms536924,,,,,,,,,0.8936,BMS-536924
K562,SRT3025 HCl,10.0,0.966271409279081,SIDM00791,uM,srt3025,COCCCc1sc(-c2ccccc2)nc1C(=O)Nc1ccccc1-c1nc2cc(CN3CCCC3)cnc2s1.Cl,cocccc1sc(c2ccccc2)nc1c(=o)nc1ccccc1c1nc2cc(cn3cccc3)cnc2s1,1.0,2148,k562,,,,0.966271409279081,,ACH-000006,srt3025,,,,,,,,,,SRT3025 HCl
K562,Trichostatin A (TSA),0.1,0.984079362653236,SIDM00791,uM,trichostatina,CC(C=CC(=O)NO)=C[C@@H](C)C(=O)c1ccc(N(C)C)cc1,cc(c=cc(=o)no)=c[ch](c)c(=o)c1ccc(n(c)c)cc1,-1.0,2149,k562,,,,0.984079362653236,,ACH-000006,trichostatina,,,,,,,,,,Trichostatin A (TSA)
K562,Crizotinib (PF-02341066),1.0,0.5295307050040999,SIDM00791,uM,crizotinib,CC(Oc1cc(-c2cnn(C3CCNCC3)c2)cnc1N)c1c(Cl)ccc(F)c1Cl,cc(oc1cc(c2cnn(c3ccncc3)c2)cnc1n)c1c(cl)ccc(f)c1cl,0.0,2150,k562,0.52,0.4121,-0.2839966563652008,0.5295307050040999,0.4121,ACH-000006,crizotinib,,,,,,,,,0.4121,Crizotinib (PF-02341066)
K562,Vandetanib (ZD6474),1.0,0.949523081824939,SIDM00791,uM,vandetanib,COc1cc2c(Nc3ccc(Br)cc3F)ncnc2cc1OCC1CCN(C)CC1,coc1cc2c(nc3ccc(br)cc3f)ncnc2cc1occ1ccn(c)cc1,0.0,2151,k562,1.0,0.8809,0.0,0.949523081824939,0.8809,ACH-000006,vandetanib,,,,,,,,,0.8809,Vandetanib (ZD6474)
K562,MLN8054,1.0,0.999996908310051,SIDM00791,uM,mln8054,O=C(O)c1ccc(Nc2ncc3c(n2)-c2ccc(Cl)cc2C(c2c(F)cccc2F)=NC3)cc1,o=c(o)c1ccc(nc2ncc3c(n2)c2ccc(cl)cc2c(c2c(f)cccc2f)=nc3)cc1,0.0,2152,k562,,,,0.999996908310051,,ACH-000006,mln8054,,,,,,,,,,MLN8054
K562,UNC0631,0.1,0.9904021956590308,SIDM00791,uM,unc0631,COc1cc2c(NC3CCN(CC4CCCCC4)CC3)nc(N3CCCN(C(C)C)CC3)nc2cc1OCCCN1CCCCC1,coc1cc2c(nc3ccn(cc4ccccc4)cc3)nc(n3cccn(c(c)c)cc3)nc2cc1occcn1ccccc1,-1.0,2153,k562,,,,0.9904021956590308,,ACH-000006,unc0631,,,,,,,,,,UNC0631
K562,Raltitrexed,0.1,0.999990066597119,SIDM00791,uM,raltitrexed,Cc1nc2ccc(CN(C)c3ccc(C(=O)NC(CCC(=O)O)C(=O)O)s3)cc2c(=O)[nH]1,cc1nc2ccc(cn(c)c3ccc(c(=o)nc(ccc(=o)o)c(=o)o)s3)cc2c(=o)[nh]1,-1.0,2154,k562,,,,0.999990066597119,,ACH-000006,raltitrexed,,,,,,,,,,Raltitrexed
K562,Abexinostat (PCI-24781),1.0,0.5526229046198531,SIDM00791,uM,abexinostat,CN(C)Cc1c(C(=O)NCCOc2ccc(C(=O)NO)cc2)oc2ccccc12,cn(c)cc1c(c(=o)nccoc2ccc(c(=o)no)cc2)oc2ccccc12,0.0,2155,k562,,,,0.5526229046198531,,ACH-000006,abexinostat,,,,,,,,,,Abexinostat (PCI-24781)
K562,Ivosidenib (AG-120),0.01,0.999999638590108,SIDM00791,uM,ivosidenib,N#Cc1ccnc(N2C(=O)CCC2C(=O)N(c2cncc(F)c2)C(C(=O)NC2CC(F)(F)C2)c2ccccc2Cl)c1,n#cc1ccnc(n2c(=o)ccc2c(=o)n(c2cncc(f)c2)c(c(=o)nc2cc(f)(f)c2)c2ccccc2cl)c1,-2.0,2156,k562,,,,0.999999638590108,,ACH-000006,ivosidenib,,,,,,,,,,Ivosidenib (AG-120)
K562,SRT3025 HCl,0.1,0.991474611747706,SIDM00791,uM,srt3025,COCCCc1sc(-c2ccccc2)nc1C(=O)Nc1ccccc1-c1nc2cc(CN3CCCC3)cnc2s1.Cl,cocccc1sc(c2ccccc2)nc1c(=o)nc1ccccc1c1nc2cc(cn3cccc3)cnc2s1,-1.0,2157,k562,,,,0.991474611747706,,ACH-000006,srt3025,,,,,,,,,,SRT3025 HCl
K562,Andarine,0.01,0.999996280760966,SIDM00791,uM,andarine,CC(=O)Nc1ccc(OCC(C)(O)C(=O)Nc2ccc([N+](=O)[O-])c(C(F)(F)F)c2)cc1,cc(=o)nc1ccc(occ(c)(o)c(=o)nc2ccc([n](=o)[o])c(c(f)(f)f)c2)cc1,-2.0,2158,k562,,,,0.999996280760966,,ACH-000006,andarine,,,,,,,,,,Andarine
K562,"Luminespib (AUY-922, NVP-AUY922)",0.1,0.3719781261564939,SIDM00791,uM,luminespib,CCNC(=O)c1noc(-c2cc(C(C)C)c(O)cc2O)c1-c1ccc(CN2CCOCC2)cc1,ccnc(=o)c1noc(c2cc(c(c)c)c(o)cc2o)c1c1ccc(cn2ccocc2)cc1,-1.0,2159,k562,,,,0.3719781261564939,,ACH-000006,luminespib,,,,,,,,,,"Luminespib (AUY-922, NVP-AUY922)"
K562,AT9283,1.0,0.590163915715146,SIDM00791,uM,at9283,O=C(Nc1c[nH]nc1-c1nc2cc(CN3CCOCC3)ccc2[nH]1)NC1CC1,o=c(nc1c[nh]nc1c1nc2cc(cn3ccocc3)ccc2[nh]1)nc1cc1,0.0,2160,k562,,,,0.590163915715146,,ACH-000006,at9283,,,,,,,,,,AT9283
K562,Cimetidine ,1.0,1.0,SIDM00791,uM,cimetidine,CNC(=NC#N)NCCSCc1nc[nH]c1C,cnc(=nc#n)nccscc1nc[nh]c1c,0.0,2161,k562,,,,1.0,,ACH-000006,cimetidine,,,,,,,,,,Cimetidine 
K562,AZD1480,0.01,0.997996863989665,SIDM00791,uM,azd1480,Cc1cc(Nc2nc(N[C@@H](C)c3ncc(F)cn3)ncc2Cl)n[nH]1,cc1cc(nc2nc(n[ch](c)c3ncc(f)cn3)ncc2cl)n[nh]1,-2.0,2162,k562,0.0081,1.03,-2.0915149811213505,0.997996863989665,1.03,ACH-000006,azd1480,,,,,,,,,1.03,AZD1480
K562,JNJ-7706621,1.0,0.930020481016326,SIDM00791,uM,jnj7706621,Nc1nc(Nc2ccc(S(N)(=O)=O)cc2)nn1C(=O)c1c(F)cccc1F,nc1nc(nc2ccc(s(n)(=o)=o)cc2)nn1c(=o)c1c(f)cccc1f,0.0,2163,k562,,,,0.930020481016326,,ACH-000006,jnj7706621,,,,,,,,,,JNJ-7706621
K562,Ki8751,10.0,0.822683760271479,SIDM00791,uM,ki8751,COc1cc2nccc(Oc3ccc(NC(=O)Nc4ccc(F)cc4F)c(F)c3)c2cc1OC,coc1cc2nccc(oc3ccc(nc(=o)nc4ccc(f)cc4f)c(f)c3)c2cc1oc,1.0,2164,k562,8.3,0.1272,0.919078092376074,0.822683760271479,0.1272,ACH-000006,ki8751,,,,,,,,,0.1272,Ki8751
K562,WP1066,0.1,1.0,SIDM00791,uM,wp1066,C[C@H](NC(=O)C(C#N)=Cc1cccc(Br)n1)c1ccccc1,c[ch](nc(=o)c(c#n)=cc1cccc(br)n1)c1ccccc1,-1.0,2165,k562,,,,1.0,,ACH-000006,wp1066,,,,,,,,,,WP1066
K562,Curcumin,1.0,1.0,SIDM00791,uM,curcumin,COc1cc(C=CC(=O)C=C(O)C=Cc2ccc(O)c(OC)c2)ccc1O,coc1cc(c=cc(=o)c=c(o)c=cc2ccc(o)c(oc)c2)ccc1o,0.0,2166,k562,1.3,0.9608,0.11394335230683678,1.0,0.9608,ACH-000006,curcumin,,,,,,,,,0.9608,Curcumin
K562,Daphnetin,1.0,0.994653563385417,SIDM00791,uM,daphnetin,O=c1ccc2ccc(O)c(O)c2o1,o=c1ccc2ccc(o)c(o)c2o1,0.0,2167,k562,,,,0.994653563385417,,ACH-000006,daphnetin,,,,,,,,,,Daphnetin
K562,AG-490 (Tyrphostin B42),1.0,1.0,SIDM00791,uM,ag490,N#CC(=Cc1ccc(O)c(O)c1)C(=O)NCc1ccccc1,n#cc(=cc1ccc(o)c(o)c1)c(=o)ncc1ccccc1,0.0,2168,k562,,,,1.0,,ACH-000006,ag490,,,,,,,,,,AG-490 (Tyrphostin B42)
K562,Resminostat,10.0,0.5325191414511691,SIDM00791,uM,resminostat,CN(C)Cc1ccc(S(=O)(=O)n2ccc(C=CC(=O)NO)c2)cc1,cn(c)cc1ccc(s(=o)(=o)n2ccc(c=cc(=o)no)c2)cc1,1.0,2169,k562,,,,0.5325191414511691,,ACH-000006,resminostat,,,,,,,,,,Resminostat
K562,"Tozasertib (VX-680, MK-0457)",1.0,0.551547040600474,SIDM00791,uM,tozasertib,Cc1cc(Nc2cc(N3CCN(C)CC3)nc(Sc3ccc(NC(=O)C4CC4)cc3)n2)n[nH]1,cc1cc(nc2cc(n3ccn(c)cc3)nc(sc3ccc(nc(=o)c4cc4)cc3)n2)n[nh]1,0.0,2170,k562,,,,0.551547040600474,,ACH-000006,tozasertib,,,,,,,,,,"Tozasertib (VX-680, MK-0457)"
K562,PF-573228,0.1,1.0,SIDM00791,uM,pf573228,CS(=O)(=O)c1cccc(CNc2nc(Nc3ccc4c(c3)CCC(=O)N4)ncc2C(F)(F)F)c1,cs(=o)(=o)c1cccc(cnc2nc(nc3ccc4c(c3)ccc(=o)n4)ncc2c(f)(f)f)c1,-1.0,2171,k562,0.13,1.148,-0.8860566476931632,1.0,1.148,ACH-000006,pf573228,,,,,,,,,1.148,PF-573228
K562,JNJ-7706621,10.0,0.4131132744130529,SIDM00791,uM,jnj7706621,Nc1nc(Nc2ccc(S(N)(=O)=O)cc2)nn1C(=O)c1c(F)cccc1F,nc1nc(nc2ccc(s(n)(=o)=o)cc2)nn1c(=o)c1c(f)cccc1f,1.0,2172,k562,,,,0.4131132744130529,,ACH-000006,jnj7706621,,,,,,,,,,JNJ-7706621
K562,PHA-680632,0.01,0.992894046239679,SIDM00791,uM,pha680632,CCc1cccc(CC)c1NC(=O)N1Cc2[nH]nc(NC(=O)c3ccc(N4CCN(C)CC4)cc3)c2C1,ccc1cccc(cc)c1nc(=o)n1cc2[nh]nc(nc(=o)c3ccc(n4ccn(c)cc4)cc3)c2c1,-2.0,2173,k562,,,,0.992894046239679,,ACH-000006,pha680632,,,,,,,,,,PHA-680632
K562,Sirtinol,10.0,1.0,SIDM00791,uM,sirtinol,CC(NC(=O)c1ccccc1N=Cc1c(O)ccc2ccccc12)c1ccccc1,cc(nc(=o)c1ccccc1n=cc1c(o)ccc2ccccc12)c1ccccc1,1.0,2174,k562,,,,1.0,,ACH-000006,sirtinol,,,,,,,,,,Sirtinol
K562,PD173074,0.01,0.999999972789555,SIDM00791,uM,pd173074,CCN(CC)CCCCNc1ncc2cc(-c3cc(OC)cc(OC)c3)c(NC(=O)NC(C)(C)C)nc2n1,ccn(cc)ccccnc1ncc2cc(c3cc(oc)cc(oc)c3)c(nc(=o)nc(c)(c)c)nc2n1,-2.0,2175,k562,,,,0.999999972789555,,ACH-000006,pd173074,,,,,,,,,,PD173074
K562,Dasatinib,1.0,1.0,SIDM00791,uM,dasatinib,Cc1nc(Nc2ncc(C(=O)Nc3c(C)cccc3Cl)s2)cc(N2CCN(CCO)CC2)n1,cc1nc(nc2ncc(c(=o)nc3c(c)cccc3cl)s2)cc(n2ccn(cco)cc2)n1,0.0,2176,k562,1.0,0.2364,0.0,1.0,0.2364,ACH-000006,dasatinib,,,,,,,,,0.2364,Dasatinib
K562,Prednisone ,10.0,0.976139316101072,SIDM00791,uM,prednisone,CC12C=CC(=O)C=C1CCC1C2C(=O)CC2(C)C1CCC2(O)C(=O)CO,cc12c=cc(=o)c=c1ccc1c2c(=o)cc2(c)c1ccc2(o)c(=o)co,1.0,2177,k562,,,,0.976139316101072,,ACH-000006,prednisone,,,,,,,,,,Prednisone 
K562,Quisinostat (JNJ-26481585) 2HCl,1.0,1.0,SIDM00791,uM,quisinostat2hcl,Cl.Cl.Cn1cc(CNCC2CCN(c3ncc(C(=O)NO)cn3)CC2)c2ccccc21,cn1cc(cncc2ccn(c3ncc(c(=o)no)cn3)cc2)c2ccccc21,0.0,2178,k562,,,,1.0,,ACH-000006,quisinostat2hcl,,,,,,,,,,Quisinostat (JNJ-26481585) 2HCl
K562,Fulvestrant,1.0,1.0,SIDM00791,uM,fulvestrant,CC12CCC3c4ccc(O)cc4CC(CCCCCCCCCS(=O)CCCC(F)(F)C(F)(F)F)C3C1CCC2O,cc12ccc3c4ccc(o)cc4cc(cccccccccs(=o)cccc(f)(f)c(f)(f)f)c3c1ccc2o,0.0,2179,k562,,,,1.0,,ACH-000006,fulvestrant,,,,,,,,,,Fulvestrant
K562,GSK J1,1.0,1.0,SIDM00791,uM,gskj1,O=C(O)CCNc1cc(N2CCc3ccccc3CC2)nc(-c2ccccn2)n1,o=c(o)ccnc1cc(n2ccc3ccccc3cc2)nc(c2ccccn2)n1,0.0,2180,k562,,,,1.0,,ACH-000006,gskj1,,,,,,,,,,GSK J1
K562,Mocetinostat (MGCD0103),0.01,0.974912240397307,SIDM00791,uM,mocetinostat,Nc1ccccc1NC(=O)c1ccc(CNc2nccc(-c3cccnc3)n2)cc1,nc1ccccc1nc(=o)c1ccc(cnc2nccc(c3cccnc3)n2)cc1,-2.0,2181,k562,,,,0.974912240397307,,ACH-000006,mocetinostat,,,,,,,,,,Mocetinostat (MGCD0103)
K562,GSK1070916,0.01,1.0,SIDM00791,uM,gsk1070916,CCn1cc(-c2ccnc3[nH]c(-c4cccc(CN(C)C)c4)cc23)c(-c2ccc(NC(=O)N(C)C)cc2)n1,ccn1cc(c2ccnc3[nh]c(c4cccc(cn(c)c)c4)cc23)c(c2ccc(nc(=o)n(c)c)cc2)n1,-2.0,2182,k562,,,,1.0,,ACH-000006,gsk1070916,,,,,,,,,,GSK1070916
K562,Toremifene Citrate,10.0,0.498011090384235,SIDM00791,uM,toremifene,CN(C)CCOc1ccc(/C(=C(/CCCl)c2ccccc2)c2ccccc2)cc1.O=C(O)CC(O)(CC(=O)O)C(=O)O,cn(c)ccoc1ccc(c(=c(cccl)c2ccccc2)c2ccccc2)cc1,1.0,2183,k562,,,,0.498011090384235,,ACH-000006,toremifene,,,,,,,,,,Toremifene Citrate
K562,YM155 (Sepantronium Bromide),10.0,0.259640960299788,SIDM00791,uM,ym155,COCCn1c2c([n+](Cc3cnccn3)c1C)C(=O)c1ccccc1C2=O.[Br-],coccn1c2c([n](cc3cnccn3)c1c)c(=o)c1ccccc1c2=o,1.0,2184,k562,1.0,0.0219,0.0,0.259640960299788,0.0219,ACH-000006,ym155,,,,,,,,,0.0219,YM155 (Sepantronium Bromide)
K562,A-366,1.0,1.0,SIDM00791,uM,a366,COc1cc2c(cc1OCCCN1CCCC1)N=C(N)C21CCC1,coc1cc2c(cc1occcn1cccc1)n=c(n)c21ccc1,0.0,2185,k562,,,,1.0,,ACH-000006,a366,,,,,,,,,,A-366
K562,Veliparib (ABT-888),0.1,0.998923516943695,SIDM00791,uM,veliparib,C[C@]1(c2nc3c(C(N)=O)cccc3[nH]2)CCCN1,c[c]1(c2nc3c(c(n)=o)cccc3[nh]2)cccn1,-1.0,2186,k562,0.13,1.038,-0.8860566476931632,0.998923516943695,1.038,ACH-000006,veliparib,,,,,,,,,1.038,Veliparib (ABT-888)
K562,Dacinostat (LAQ824),10.0,0.827694372310214,SIDM00791,uM,dacinostat,O=C(C=Cc1ccc(CN(CCO)CCc2c[nH]c3ccccc23)cc1)NO,o=c(c=cc1ccc(cn(cco)ccc2c[nh]c3ccccc23)cc1)no,1.0,2187,k562,,,,0.827694372310214,,ACH-000006,dacinostat,,,,,,,,,,Dacinostat (LAQ824)
K562,Abexinostat (PCI-24781),10.0,0.457525358251157,SIDM00791,uM,abexinostat,CN(C)Cc1c(C(=O)NCCOc2ccc(C(=O)NO)cc2)oc2ccccc12,cn(c)cc1c(c(=o)nccoc2ccc(c(=o)no)cc2)oc2ccccc12,1.0,2188,k562,,,,0.457525358251157,,ACH-000006,abexinostat,,,,,,,,,,Abexinostat (PCI-24781)
K562,Amisulpride,10.0,1.0,SIDM00791,uM,amisulpride,CCN1CCCC1CNC(=O)c1cc(S(=O)(=O)CC)c(N)cc1OC,ccn1cccc1cnc(=o)c1cc(s(=o)(=o)cc)c(n)cc1oc,1.0,2189,k562,,,,1.0,,ACH-000006,amisulpride,,,,,,,,,,Amisulpride
K562,Bosutinib (SKI-606),0.1,0.575715161426514,SIDM00791,uM,bosutinib,COc1cc(Nc2c(C#N)cnc3cc(OCCCN4CCN(C)CC4)c(OC)cc23)c(Cl)cc1Cl,coc1cc(nc2c(c#n)cnc3cc(occcn4ccn(c)cc4)c(oc)cc23)c(cl)cc1cl,-1.0,2190,k562,0.13,1.087,-0.8860566476931632,0.575715161426514,1.087,ACH-000006,bosutinib,,,,,,,,,1.087,Bosutinib (SKI-606)
K562,Tie2 kinase inhibitor,0.01,1.0,SIDM00791,uM,tie2kinaseinhibitor,COc1ccc2cc(-c3[nH]c(-c4ccc(S(C)=O)cc4)nc3-c3ccncc3)ccc2c1,coc1ccc2cc(c3[nh]c(c4ccc(s(c)=o)cc4)nc3c3ccncc3)ccc2c1,-2.0,2191,k562,,,,1.0,,ACH-000006,tie2kinaseinhibitor,,,,,,,,,,Tie2 kinase inhibitor
K562,Meprednisone,0.01,1.0,SIDM00791,uM,meprednisone,CC1CC2C3CCC4=CC(=O)C=CC4(C)C3C(=O)CC2(C)C1(O)C(=O)CO,cc1cc2c3ccc4=cc(=o)c=cc4(c)c3c(=o)cc2(c)c1(o)c(=o)co,-2.0,2192,k562,,,,1.0,,ACH-000006,meprednisone,,,,,,,,,,Meprednisone
K562,TAK-901,10.0,0.32738149887862,SIDM00791,uM,tak901,CCS(=O)(=O)c1cccc(-c2cc(C(=O)NC3CCN(C)CC3)c(C)c3[nH]c4ncc(C)cc4c23)c1,ccs(=o)(=o)c1cccc(c2cc(c(=o)nc3ccn(c)cc3)c(c)c3[nh]c4ncc(c)cc4c23)c1,1.0,2193,k562,,,,0.32738149887862,,ACH-000006,tak901,,,,,,,,,,TAK-901
K562,PFI-1 (PF-6405761),10.0,0.6125655604869039,SIDM00791,uM,pfi1,COc1ccccc1S(=O)(=O)Nc1ccc2c(c1)CN(C)C(=O)N2,coc1ccccc1s(=o)(=o)nc1ccc2c(c1)cn(c)c(=o)n2,1.0,2194,k562,,,,0.6125655604869039,,ACH-000006,pfi1,,,,,,,,,,PFI-1 (PF-6405761)
K562,Daphnetin,0.01,0.999987620000573,SIDM00791,uM,daphnetin,O=c1ccc2ccc(O)c(O)c2o1,o=c1ccc2ccc(o)c(o)c2o1,-2.0,2195,k562,,,,0.999987620000573,,ACH-000006,daphnetin,,,,,,,,,,Daphnetin
K562,Gandotinib (LY2784544),0.1,0.99999794996484,SIDM00791,uM,gandotinib,Cc1cc(Nc2cc(CN3CCOCC3)c3nc(C)c(Cc4ccc(Cl)cc4F)n3n2)[nH]n1,cc1cc(nc2cc(cn3ccocc3)c3nc(c)c(cc4ccc(cl)cc4f)n3n2)[nh]n1,-1.0,2196,k562,,,,0.99999794996484,,ACH-000006,gandotinib,,,,,,,,,,Gandotinib (LY2784544)
K562,Fasudil (HA-1077) HCl,10.0,1.0,SIDM00791,uM,fasudil,Cl.O=S(=O)(c1cccc2cnccc12)N1CCCNCC1,o=s(=o)(c1cccc2cnccc12)n1cccncc1,1.0,2197,k562,,,,1.0,,ACH-000006,fasudil,,,,,,,,,,Fasudil (HA-1077) HCl
K562,BMS-265246,0.1,0.999987649808985,SIDM00791,uM,bms265246,CCCCOc1c(C(=O)c2c(F)cc(C)cc2F)cnc2[nH]ncc12,ccccoc1c(c(=o)c2c(f)cc(c)cc2f)cnc2[nh]ncc12,-1.0,2198,k562,,,,0.999987649808985,,ACH-000006,bms265246,,,,,,,,,,BMS-265246
K562,Celecoxib,0.1,0.999983218380515,SIDM00791,uM,celecoxib,Cc1ccc(-c2cc(C(F)(F)F)nn2-c2ccc(S(N)(=O)=O)cc2)cc1,cc1ccc(c2cc(c(f)(f)f)nn2c2ccc(s(n)(=o)=o)cc2)cc1,-1.0,2199,k562,,,,0.999983218380515,,ACH-000006,celecoxib,,,,,,,,,,Celecoxib
K562,Rigosertib (ON-01910),1.0,0.219398227823641,SIDM00791,uM,rigosertib,COc1cc(OC)c(/C=C/S(=O)(=O)Cc2ccc(OC)c(NCC(=O)[O-])c2)c(OC)c1.[Na+],coc1cc(oc)c(c=cs(=o)(=o)cc2ccc(oc)c(ncc(=o)[o])c2)c(oc)c1,0.0,2200,k562,1.0,0.1715,0.0,0.219398227823641,0.1715,ACH-000006,rigosertib,,,,,,,,,0.1715,Rigosertib (ON-01910)
K562,Lapatinib (GW-572016) Ditosylate,0.1,0.962561577520986,SIDM00791,uM,lapatinibditosylate,CS(=O)(=O)CCNCc1ccc(-c2ccc3ncnc(Nc4ccc(OCc5cccc(F)c5)c(Cl)c4)c3c2)o1.Cc1ccc(S(=O)(=O)O)cc1.Cc1ccc(S(=O)(=O)O)cc1,cs(=o)(=o)ccncc1ccc(c2ccc3ncnc(nc4ccc(occ5cccc(f)c5)c(cl)c4)c3c2)o1,-1.0,2201,k562,,,,0.962561577520986,,ACH-000006,lapatinibditosylate,,,,,,,,,,Lapatinib (GW-572016) Ditosylate
K562,IOX2,0.01,1.0,SIDM00791,uM,iox2,O=C(O)CNC(=O)c1c(O)c2ccccc2n(Cc2ccccc2)c1=O,o=c(o)cnc(=o)c1c(o)c2ccccc2n(cc2ccccc2)c1=o,-2.0,2202,k562,,,,1.0,,ACH-000006,iox2,,,,,,,,,,IOX2
K562,Abexinostat (PCI-24781),0.01,0.970413425593778,SIDM00791,uM,abexinostat,CN(C)Cc1c(C(=O)NCCOc2ccc(C(=O)NO)cc2)oc2ccccc12,cn(c)cc1c(c(=o)nccoc2ccc(c(=o)no)cc2)oc2ccccc12,-2.0,2203,k562,,,,0.970413425593778,,ACH-000006,abexinostat,,,,,,,,,,Abexinostat (PCI-24781)
K562,Trichostatin A (TSA),10.0,0.4047755413532279,SIDM00791,uM,trichostatina,CC(C=CC(=O)NO)=C[C@@H](C)C(=O)c1ccc(N(C)C)cc1,cc(c=cc(=o)no)=c[ch](c)c(=o)c1ccc(n(c)c)cc1,1.0,2204,k562,,,,0.4047755413532279,,ACH-000006,trichostatina,,,,,,,,,,Trichostatin A (TSA)
K562,BMS-911543,0.01,1.0,SIDM00791,uM,bms911543,CCn1c(C(=O)N(C2CC2)C2CC2)cc2c3c(ncn3C)c(Nc3cc(C)n(C)n3)nc21,ccn1c(c(=o)n(c2cc2)c2cc2)cc2c3c(ncn3c)c(nc3cc(c)n(c)n3)nc21,-2.0,2205,k562,,,,1.0,,ACH-000006,bms911543,,,,,,,,,,BMS-911543
K562,Ruxolitinib (INCB018424),0.1,1.0,SIDM00791,uM,ruxolitinib,N#CC[C@H](C1CCCC1)n1cc(-c2ncnc3[nH]ccc23)cn1,n#cc[ch](c1cccc1)n1cc(c2ncnc3[nh]ccc23)cn1,-1.0,2206,k562,0.13,0.9957,-0.8860566476931632,1.0,0.9957,ACH-000006,ruxolitinib,,,,,,,,,0.9957,Ruxolitinib (INCB018424)
K562,ZM 447439,1.0,1.0,SIDM00791,uM,zm447439,COc1cc2c(Nc3ccc(NC(=O)c4ccccc4)cc3)ncnc2cc1OCCCN1CCOCC1,coc1cc2c(nc3ccc(nc(=o)c4ccccc4)cc3)ncnc2cc1occcn1ccocc1,0.0,2207,k562,,,,1.0,,ACH-000006,zm447439,,,,,,,,,,ZM 447439
K562,Pelitinib (EKB-569),10.0,0.4376407216270239,SIDM00791,uM,pelitinib,CCOc1cc2ncc(C#N)c(Nc3ccc(F)c(Cl)c3)c2cc1NC(=O)/C=C/CN(C)C,ccoc1cc2ncc(c#n)c(nc3ccc(f)c(cl)c3)c2cc1nc(=o)c=ccn(c)c,1.0,2208,k562,,,,0.4376407216270239,,ACH-000006,pelitinib,,,,,,,,,,Pelitinib (EKB-569)
K562,Filgotinib (GLPG0634),0.1,1.0,SIDM00791,uM,filgotinib,O=C(Nc1nc2cccc(-c3ccc(CN4CCS(=O)(=O)CC4)cc3)n2n1)C1CC1,o=c(nc1nc2cccc(c3ccc(cn4ccs(=o)(=o)cc4)cc3)n2n1)c1cc1,-1.0,2209,k562,,,,1.0,,ACH-000006,filgotinib,,,,,,,,,,Filgotinib (GLPG0634)
K562,Navitoclax (ABT-263),10.0,-0.0007106114285366,SIDM00791,uM,navitoclax,CC1(C)CCC(c2ccc(Cl)cc2)=C(CN2CCN(c3ccc(C(=O)NS(=O)(=O)c4ccc(N[C@H](CCN5CCOCC5)CSc5ccccc5)c(S(=O)(=O)C(F)(F)F)c4)cc3)CC2)C1,cc1(c)ccc(c2ccc(cl)cc2)=c(cn2ccn(c3ccc(c(=o)ns(=o)(=o)c4ccc(n[ch](ccn5ccocc5)csc5ccccc5)c(s(=o)(=o)c(f)(f)f)c4)cc3)cc2)c1,1.0,2210,k562,8.3,0.7743,0.919078092376074,-0.0007106114285366,0.7743,ACH-000006,navitoclax,,,,,,,,,0.7743,Navitoclax (ABT-263)
K562,Ki16425,10.0,0.9048765029912208,SIDM00791,uM,ki16425,Cc1noc(-c2ccc(CSCCC(=O)O)cc2)c1NC(=O)OC(C)c1ccccc1Cl,cc1noc(c2ccc(csccc(=o)o)cc2)c1nc(=o)oc(c)c1ccccc1cl,1.0,2211,k562,,,,0.9048765029912208,,ACH-000006,ki16425,,,,,,,,,,Ki16425
K562,MK-5108 (VX-689),10.0,0.3219581673334389,SIDM00791,uM,mk5108,O=C(O)[C@]1(Cc2cccc(Nc3nccs3)n2)CC[C@@H](Oc2cccc(Cl)c2F)CC1,o=c(o)[c]1(cc2cccc(nc3nccs3)n2)cc[ch](oc2cccc(cl)c2f)cc1,1.0,2212,k562,,,,0.3219581673334389,,ACH-000006,mk5108,,,,,,,,,,MK-5108 (VX-689)
K562,Epothilone A,10.0,1.0,SIDM00791,uM,epothilonea,C/C(=C\c1csc(C)n1)C1CC2OC2CCCC(C)C(O)C(C)C(=O)C(C)(C)C(O)CC(=O)O1,cc(=cc1csc(c)n1)c1cc2oc2cccc(c)c(o)c(c)c(=o)c(c)(c)c(o)cc(=o)o1,1.0,2213,k562,,,,1.0,,ACH-000006,epothilonea,,,,,,,,,,Epothilone A
K562,Rigosertib (ON-01910),10.0,0.219342236836779,SIDM00791,uM,rigosertib,COc1cc(OC)c(/C=C/S(=O)(=O)Cc2ccc(OC)c(NCC(=O)[O-])c2)c(OC)c1.[Na+],coc1cc(oc)c(c=cs(=o)(=o)cc2ccc(oc)c(ncc(=o)[o])c2)c(oc)c1,1.0,2214,k562,8.3,0.1077,0.919078092376074,0.219342236836779,0.1077,ACH-000006,rigosertib,,,,,,,,,0.1077,Rigosertib (ON-01910)
K562,"Rucaparib (AG-014699,PF-01367338) phosphate",10.0,1.0,SIDM00791,uM,rucaparib,CNCc1ccc(-c2[nH]c3cc(F)cc4c3c2CCNC4=O)cc1.O=P(O)(O)O,cncc1ccc(c2[nh]c3cc(f)cc4c3c2ccnc4=o)cc1,1.0,2215,k562,,,,1.0,,ACH-000006,rucaparib,,,,,,,,,,"Rucaparib (AG-014699,PF-01367338) phosphate"
K562,"Patupilone (EPO906, Epothilone B)",0.1,0.999177832062176,SIDM00791,uM,patupilone,C/C(=C\c1csc(C)n1)C1CC2OC2(C)CCCC(C)C(O)C(C)C(=O)C(C)(C)C(O)CC(=O)O1,cc(=cc1csc(c)n1)c1cc2oc2(c)cccc(c)c(o)c(c)c(=o)c(c)(c)c(o)cc(=o)o1,-1.0,2216,k562,,,,0.999177832062176,,ACH-000006,patupilone,,,,,,,,,,"Patupilone (EPO906, Epothilone B)"
K562,ENMD-2076,10.0,0.704806236774551,SIDM00791,uM,enmd2076,Cc1cc(Nc2cc(N3CCN(C)CC3)nc(C=Cc3ccccc3)n2)n[nH]1,cc1cc(nc2cc(n3ccn(c)cc3)nc(c=cc3ccccc3)n2)n[nh]1,1.0,2217,k562,,,,0.704806236774551,,ACH-000006,enmd2076,,,,,,,,,,ENMD-2076
K562,"Fedratinib (SAR302503, TG101348)",10.0,0.322337729801872,SIDM00791,uM,fedratinib,Cc1cnc(Nc2ccc(OCCN3CCCC3)cc2)nc1Nc1cccc(S(=O)(=O)NC(C)(C)C)c1,cc1cnc(nc2ccc(occn3cccc3)cc2)nc1nc1cccc(s(=o)(=o)nc(c)(c)c)c1,1.0,2218,k562,,,,0.322337729801872,,ACH-000006,fedratinib,,,,,,,,,,"Fedratinib (SAR302503, TG101348)"
K562,Roxadustat (FG-4592),10.0,1.0,SIDM00791,uM,roxadustat,Cc1nc(C(=O)NCC(=O)O)c(O)c2ccc(Oc3ccccc3)cc12,cc1nc(c(=o)ncc(=o)o)c(o)c2ccc(oc3ccccc3)cc12,1.0,2219,k562,,,,1.0,,ACH-000006,roxadustat,,,,,,,,,,Roxadustat (FG-4592)
K562,Alisertib (MLN8237),10.0,0.999650380344573,SIDM00791,uM,alisertib,COc1cc(Nc2ncc3c(n2)-c2ccc(Cl)cc2C(c2c(F)cccc2OC)=NC3)ccc1C(=O)O,coc1cc(nc2ncc3c(n2)c2ccc(cl)cc2c(c2c(f)cccc2oc)=nc3)ccc1c(=o)o,1.0,2220,k562,8.3,0.268,0.919078092376074,0.999650380344573,0.268,ACH-000006,alisertib,,,,,,,,,0.268,Alisertib (MLN8237)
K562,Nintedanib (BIBF 1120),10.0,0.191857573091755,SIDM00791,uM,nintedanib,COC(=O)c1ccc2c(c1)NC(=O)/C2=C(\Nc1ccc(N(C)C(=O)CN2CCN(C)CC2)cc1)c1ccccc1,coc(=o)c1ccc2c(c1)nc(=o)c2=c(nc1ccc(n(c)c(=o)cn2ccn(c)cc2)cc1)c1ccccc1,1.0,2221,k562,8.3,0.07402,0.919078092376074,0.191857573091755,0.07402,ACH-000006,nintedanib,,,,,,,,,0.07402,Nintedanib (BIBF 1120)
K562,JNJ-26854165 (Serdemetan),0.01,0.999995164438192,SIDM00791,uM,jnj26854165,c1ccc2c(CCNc3ccc(Nc4ccncc4)cc3)c[nH]c2c1,c1ccc2c(ccnc3ccc(nc4ccncc4)cc3)c[nh]c2c1,-2.0,2222,k562,,,,0.999995164438192,,ACH-000006,jnj26854165,,,,,,,,,,JNJ-26854165 (Serdemetan)
K562,Trichostatin A (TSA),1.0,0.831749148049624,SIDM00791,uM,trichostatina,CC(C=CC(=O)NO)=C[C@@H](C)C(=O)c1ccc(N(C)C)cc1,cc(c=cc(=o)no)=c[ch](c)c(=o)c1ccc(n(c)c)cc1,0.0,2223,k562,,,,0.831749148049624,,ACH-000006,trichostatina,,,,,,,,,,Trichostatin A (TSA)
K562,Belinostat (PXD101),0.1,0.999902180845775,SIDM00791,uM,belinostat,O=C(C=Cc1cccc(S(=O)(=O)Nc2ccccc2)c1)NO,o=c(c=cc1cccc(s(=o)(=o)nc2ccccc2)c1)no,-1.0,2224,k562,0.13,1.001,-0.8860566476931632,0.999902180845775,1.001,ACH-000006,belinostat,,,,,,,,,1.001,Belinostat (PXD101)
K562,Capecitabine ,0.1,1.0,SIDM00791,uM,capecitabine,CCCCCOC(=O)Nc1nc(=O)n(C2OC(C)C(O)C2O)cc1F,cccccoc(=o)nc1nc(=o)n(c2oc(c)c(o)c2o)cc1f,-1.0,2225,k562,,,,1.0,,ACH-000006,capecitabine,,,,,,,,,,Capecitabine 
K562,S-Ruxolitinib (INCB018424),0.1,0.9999880710032232,SIDM00791,uM,ruxolitinib,N#CC[C@@H](C1CCCC1)n1cc(-c2ncnc3[nH]ccc23)cn1,n#cc[ch](c1cccc1)n1cc(c2ncnc3[nh]ccc23)cn1,-1.0,2226,k562,0.13,0.9957,-0.8860566476931632,0.9999880710032232,0.9957,ACH-000006,sruxolitinib,,,,,,,,,0.9957,S-Ruxolitinib (INCB018424)
K562,GSK1070916,10.0,1.0,SIDM00791,uM,gsk1070916,CCn1cc(-c2ccnc3[nH]c(-c4cccc(CN(C)C)c4)cc23)c(-c2ccc(NC(=O)N(C)C)cc2)n1,ccn1cc(c2ccnc3[nh]c(c4cccc(cn(c)c)c4)cc23)c(c2ccc(nc(=o)n(c)c)cc2)n1,1.0,2227,k562,,,,1.0,,ACH-000006,gsk1070916,,,,,,,,,,GSK1070916
K562,Rigosertib (ON-01910),0.1,0.6736748337110541,SIDM00791,uM,rigosertib,COc1cc(OC)c(/C=C/S(=O)(=O)Cc2ccc(OC)c(NCC(=O)[O-])c2)c(OC)c1.[Na+],coc1cc(oc)c(c=cs(=o)(=o)cc2ccc(oc)c(ncc(=o)[o])c2)c(oc)c1,-1.0,2228,k562,0.13,0.1727,-0.8860566476931632,0.6736748337110541,0.1727,ACH-000006,rigosertib,,,,,,,,,0.1727,Rigosertib (ON-01910)
K562,Quercetin,10.0,0.9836182117814009,SIDM00791,uM,quercetin,O=c1c(O)c(-c2ccc(O)c(O)c2)oc2cc(O)cc(O)c12,o=c1c(o)c(c2ccc(o)c(o)c2)oc2cc(o)cc(o)c12,1.0,2229,k562,,,,0.9836182117814009,,ACH-000006,quercetin,,,,,,,,,,Quercetin
K562,Quercetin,0.1,0.993515553186122,SIDM00791,uM,quercetin,O=c1c(O)c(-c2ccc(O)c(O)c2)oc2cc(O)cc(O)c12,o=c1c(o)c(c2ccc(o)c(o)c2)oc2cc(o)cc(o)c12,-1.0,2230,k562,,,,0.993515553186122,,ACH-000006,quercetin,,,,,,,,,,Quercetin
K562,PD98059,10.0,1.0,SIDM00791,uM,pd98059,COc1cccc(-c2cc(=O)c3ccccc3o2)c1N,coc1cccc(c2cc(=o)c3ccccc3o2)c1n,1.0,2231,k562,,,,1.0,,ACH-000006,pd98059,,,,,,,,,,PD98059
K562,"Luminespib (AUY-922, NVP-AUY922)",1.0,0.367062281597354,SIDM00791,uM,luminespib,CCNC(=O)c1noc(-c2cc(C(C)C)c(O)cc2O)c1-c1ccc(CN2CCOCC2)cc1,ccnc(=o)c1noc(c2cc(c(c)c)c(o)cc2o)c1c1ccc(cn2ccocc2)cc1,0.0,2232,k562,,,,0.367062281597354,,ACH-000006,luminespib,,,,,,,,,,"Luminespib (AUY-922, NVP-AUY922)"
K562,Obatoclax Mesylate (GX15-070),10.0,0.383878685902754,SIDM00791,uM,obatoclax,COC1=CC(c2cc3ccccc3[nH]2)=N/C1=C\c1[nH]c(C)cc1C.CS(=O)(=O)O,coc1=cc(c2cc3ccccc3[nh]2)=nc1=cc1[nh]c(c)cc1c,1.0,2233,k562,8.3,0.1687,0.919078092376074,0.383878685902754,0.1687,ACH-000006,obatoclax,,,,,,,,,0.1687,Obatoclax Mesylate (GX15-070)
K562,Costunolide,1.0,0.999999987914232,SIDM00791,uM,costunolide,C=C1C(=O)OC2/C=C(\C)CC/C=C(\C)CCC12,c=c1c(=o)oc2c=c(c)ccc=c(c)ccc12,0.0,2234,k562,,,,0.999999987914232,,ACH-000006,costunolide,,,,,,,,,,Costunolide
K562,CUDC-101,10.0,0.322209688397036,SIDM00791,uM,cudc101,C#Cc1cccc(Nc2ncnc3cc(OC)c(OCCCCCCC(=O)NO)cc23)c1,c#cc1cccc(nc2ncnc3cc(oc)c(occccccc(=o)no)cc23)c1,1.0,2235,k562,,,,0.322209688397036,,ACH-000006,cudc101,,,,,,,,,,CUDC-101
K562,AR-42,0.1,0.6985455998346489,SIDM00791,uM,ar42,CC(C)[C@H](C(=O)Nc1ccc(C(=O)NO)cc1)c1ccccc1,cc(c)[ch](c(=o)nc1ccc(c(=o)no)cc1)c1ccccc1,-1.0,2236,k562,,,,0.6985455998346489,,ACH-000006,ar42,,,,,,,,,,AR-42
K562,M344,10.0,0.280239231919145,SIDM00791,uM,m344,CN(C)c1ccc(C(=O)NCCCCCCC(=O)NO)cc1,cn(c)c1ccc(c(=o)nccccccc(=o)no)cc1,1.0,2237,k562,,,,0.280239231919145,,ACH-000006,m344,,,,,,,,,,M344
K562,2-Methoxyestradiol (2-MeOE2),1.0,0.700896981659134,SIDM00791,uM,2methoxyestradiol,COc1cc2c(cc1O)CC[C@@H]1[C@@H]2CC[C@]2(C)[C@@H](O)CC[C@@H]12,coc1cc2c(cc1o)cc[ch]1[ch]2cc[c]2(c)[ch](o)cc[ch]12,0.0,2238,k562,,,,0.700896981659134,,ACH-000006,2methoxyestradiol,,,,,,,,,,2-Methoxyestradiol (2-MeOE2)
K562,Dasatinib,0.1,1.0,SIDM00791,uM,dasatinib,Cc1nc(Nc2ncc(C(=O)Nc3c(C)cccc3Cl)s2)cc(N2CCN(CCO)CC2)n1,cc1nc(nc2ncc(c(=o)nc3c(c)cccc3cl)s2)cc(n2ccn(cco)cc2)n1,-1.0,2239,k562,0.13,0.219,-0.8860566476931632,1.0,0.219,ACH-000006,dasatinib,,,,,,,,,0.219,Dasatinib
K562,PHA-680632,10.0,0.572230699888578,SIDM00791,uM,pha680632,CCc1cccc(CC)c1NC(=O)N1Cc2[nH]nc(NC(=O)c3ccc(N4CCN(C)CC4)cc3)c2C1,ccc1cccc(cc)c1nc(=o)n1cc2[nh]nc(nc(=o)c3ccc(n4ccn(c)cc4)cc3)c2c1,1.0,2240,k562,,,,0.572230699888578,,ACH-000006,pha680632,,,,,,,,,,PHA-680632
K562,Tacedinaline (CI994),0.1,0.999999998453375,SIDM00791,uM,tacedinaline,CC(=O)Nc1ccc(C(=O)Nc2ccccc2N)cc1,cc(=o)nc1ccc(c(=o)nc2ccccc2n)cc1,-1.0,2241,k562,0.13,0.9671,-0.8860566476931632,0.999999998453375,0.9671,ACH-000006,tacedinaline,,,,,,,,,0.9671,Tacedinaline (CI994)
K562,NVP-BSK805 2HCl,0.01,0.999999996463416,SIDM00791,uM,nvpbsk8052hcl,Cl.Cl.Fc1cc(-c2cccc3ncc(-c4cnn(C5CCNCC5)c4)nc23)cc(F)c1CN1CCOCC1,fc1cc(c2cccc3ncc(c4cnn(c5ccncc5)c4)nc23)cc(f)c1cn1ccocc1,-2.0,2242,k562,,,,0.999999996463416,,ACH-000006,nvpbsk8052hcl,,,,,,,,,,NVP-BSK805 2HCl
K562,G007-LK,0.1,1.0,SIDM00791,uM,g007lk,CS(=O)(=O)c1ccc(-c2nnc(C=Cc3nnc(-c4ccc(C#N)cc4)o3)n2-c2ccccc2Cl)nc1,cs(=o)(=o)c1ccc(c2nnc(c=cc3nnc(c4ccc(c#n)cc4)o3)n2c2ccccc2cl)nc1,-1.0,2243,k562,,,,1.0,,ACH-000006,g007lk,,,,,,,,,,G007-LK
K562,CUDC-907,10.0,0.336833016247794,SIDM00791,uM,cudc907,COc1ccc(-c2nc(N3CCOCC3)c3sc(CN(C)c4ncc(C(=O)NO)cn4)cc3n2)cn1,coc1ccc(c2nc(n3ccocc3)c3sc(cn(c)c4ncc(c(=o)no)cn4)cc3n2)cn1,1.0,2244,k562,,,,0.336833016247794,,ACH-000006,cudc907,,,,,,,,,,CUDC-907
K562,"Patupilone (EPO906, Epothilone B)",10.0,0.9979139584182208,SIDM00791,uM,patupilone,C/C(=C\c1csc(C)n1)C1CC2OC2(C)CCCC(C)C(O)C(C)C(=O)C(C)(C)C(O)CC(=O)O1,cc(=cc1csc(c)n1)c1cc2oc2(c)cccc(c)c(o)c(c)c(=o)c(c)(c)c(o)cc(=o)o1,1.0,2245,k562,,,,0.9979139584182208,,ACH-000006,patupilone,,,,,,,,,,"Patupilone (EPO906, Epothilone B)"
K562,Azacitidine ,1.0,1.0,SIDM00791,uM,azacitidine,Nc1ncn([C@@H]2O[C@H](CO)[C@@H](O)[C@H]2O)c(=O)n1,nc1ncn([ch]2o[ch](co)[ch](o)[ch]2o)c(=o)n1,0.0,2246,k562,1.0,1.043,0.0,1.0,1.043,ACH-000006,azacitidine,,,,,,,,,1.043,Azacitidine 
K562,Mocetinostat (MGCD0103),0.1,0.8774555356737621,SIDM00791,uM,mocetinostat,Nc1ccccc1NC(=O)c1ccc(CNc2nccc(-c3cccnc3)n2)cc1,nc1ccccc1nc(=o)c1ccc(cnc2nccc(c3cccnc3)n2)cc1,-1.0,2247,k562,,,,0.8774555356737621,,ACH-000006,mocetinostat,,,,,,,,,,Mocetinostat (MGCD0103)
K562,TG101209,10.0,0.313825154443589,SIDM00791,uM,tg101209,Cc1cnc(Nc2ccc(N3CCN(C)CC3)cc2)nc1Nc1cccc(S(=O)(=O)NC(C)(C)C)c1,cc1cnc(nc2ccc(n3ccn(c)cc3)cc2)nc1nc1cccc(s(=o)(=o)nc(c)(c)c)c1,1.0,2248,k562,,,,0.313825154443589,,ACH-000006,tg101209,,,,,,,,,,TG101209
K562,Raltitrexed,10.0,0.947875118566666,SIDM00791,uM,raltitrexed,Cc1nc2ccc(CN(C)c3ccc(C(=O)NC(CCC(=O)O)C(=O)O)s3)cc2c(=O)[nH]1,cc1nc2ccc(cn(c)c3ccc(c(=o)nc(ccc(=o)o)c(=o)o)s3)cc2c(=o)[nh]1,1.0,2249,k562,,,,0.947875118566666,,ACH-000006,raltitrexed,,,,,,,,,,Raltitrexed
K562,Panobinostat (LBH589),10.0,0.3653434278726671,SIDM00791,uM,panobinostat,Cc1[nH]c2ccccc2c1CCNCc1ccc(C=CC(=O)NO)cc1,cc1[nh]c2ccccc2c1ccncc1ccc(c=cc(=o)no)cc1,1.0,2250,k562,,,,0.3653434278726671,,ACH-000006,panobinostat,,,,,,,,,,Panobinostat (LBH589)
K562,Epothilone A,1.0,1.0,SIDM00791,uM,epothilonea,C/C(=C\c1csc(C)n1)C1CC2OC2CCCC(C)C(O)C(C)C(=O)C(C)(C)C(O)CC(=O)O1,cc(=cc1csc(c)n1)c1cc2oc2cccc(c)c(o)c(c)c(=o)c(c)(c)c(o)cc(=o)o1,0.0,2251,k562,,,,1.0,,ACH-000006,epothilonea,,,,,,,,,,Epothilone A
K562,AT9283,10.0,0.542926836324014,SIDM00791,uM,at9283,O=C(Nc1c[nH]nc1-c1nc2cc(CN3CCOCC3)ccc2[nH]1)NC1CC1,o=c(nc1c[nh]nc1c1nc2cc(cn3ccocc3)ccc2[nh]1)nc1cc1,1.0,2252,k562,,,,0.542926836324014,,ACH-000006,at9283,,,,,,,,,,AT9283
K562,Bosutinib (SKI-606),10.0,0.0828472937016165,SIDM00791,uM,bosutinib,COc1cc(Nc2c(C#N)cnc3cc(OCCCN4CCN(C)CC4)c(OC)cc23)c(Cl)cc1Cl,coc1cc(nc2c(c#n)cnc3cc(occcn4ccn(c)cc4)c(oc)cc23)c(cl)cc1cl,1.0,2253,k562,8.3,0.05274,0.919078092376074,0.0828472937016165,0.05274,ACH-000006,bosutinib,,,,,,,,,0.05274,Bosutinib (SKI-606)
K562,Mocetinostat (MGCD0103),10.0,0.6561332877841329,SIDM00791,uM,mocetinostat,Nc1ccccc1NC(=O)c1ccc(CNc2nccc(-c3cccnc3)n2)cc1,nc1ccccc1nc(=o)c1ccc(cnc2nccc(c3cccnc3)n2)cc1,1.0,2254,k562,,,,0.6561332877841329,,ACH-000006,mocetinostat,,,,,,,,,,Mocetinostat (MGCD0103)
K562,"Patupilone (EPO906, Epothilone B)",0.01,0.99980976831801,SIDM00791,uM,patupilone,C/C(=C\c1csc(C)n1)C1CC2OC2(C)CCCC(C)C(O)C(C)C(=O)C(C)(C)C(O)CC(=O)O1,cc(=cc1csc(c)n1)c1cc2oc2(c)cccc(c)c(o)c(c)c(=o)c(c)(c)c(o)cc(=o)o1,-2.0,2255,k562,,,,0.99980976831801,,ACH-000006,patupilone,,,,,,,,,,"Patupilone (EPO906, Epothilone B)"
K562,SGI-1776 free base,10.0,0.211545057116471,SIDM00791,uM,sgi1776freebase,CN1CCC(CNc2ccc3ncc(-c4cccc(OC(F)(F)F)c4)n3n2)CC1,cn1ccc(cnc2ccc3ncc(c4cccc(oc(f)(f)f)c4)n3n2)cc1,1.0,2256,k562,,,,0.211545057116471,,ACH-000006,sgi1776freebase,,,,,,,,,,SGI-1776 free base
K562,Flavopiridol HCl,1.0,0.0165948703246282,SIDM00791,uM,flavopiridol,CN1CCC(c2c(O)cc(O)c3c(=O)cc(-c4ccccc4Cl)oc23)C(O)C1.Cl,cn1ccc(c2c(o)cc(o)c3c(=o)cc(c4ccccc4cl)oc23)c(o)c1,0.0,2257,k562,,,,0.0165948703246282,,ACH-000006,flavopiridol,,,,,,,,,,Flavopiridol HCl
K562,Flavopiridol HCl,10.0,0.0002012273555822,SIDM00791,uM,flavopiridol,CN1CCC(c2c(O)cc(O)c3c(=O)cc(-c4ccccc4Cl)oc23)C(O)C1.Cl,cn1ccc(c2c(o)cc(o)c3c(=o)cc(c4ccccc4cl)oc23)c(o)c1,1.0,2258,k562,,,,0.0002012273555822,,ACH-000006,flavopiridol,,,,,,,,,,Flavopiridol HCl
